{"type":"FeatureCollection","features":[{"type":"Feature","id":1,"geometry":{"type":"Polygon","coordinates":[[[-87.77846,41.11942],[-87.79298,41.11932],[-87.79777,41.11928],[-87.81247,41.11918],[-87.81679,41.11915],[-87.83159,41.11893],[-87.83582,41.1189],[-87.85059,41.1188],[-87.85564,41.11868],[-87.86919,41.11837],[-87.87508,41.11842],[-87.88778,41.11853],[-87.89403,41.1185],[-87.89432,41.13328],[-87.89474,41.14784],[-87.89492,41.16248],[-87.89505,41.1771],[-87.89531,41.19172],[-87.89544,41.20645],[-87.87685,41.20656],[-87.85754,41.20659],[-87.8381,41.20658],[-87.81873,41.2068],[-87.79946,41.2069],[-87.78015,41.2071],[-87.77964,41.19243],[-87.77943,41.17784],[-87.77906,41.16318],[-87.77865,41.14862],[-87.77832,41.13399],[-87.77846,41.11942]]]},"properties":{"OBJECTID":1,"Join_Count":1,"TARGET_FID":1,"JOIN_FID":3139,"ASSET_NAME":"596","Feeder":"L7064","Feeder_N":"F2082","PV_HC_kW":21047.32,"EV_HC_kW":7040,"BESS_HC":7040,"ORIG_FID":41,"Feeder_Q":0,"SS_N":"S0725","Queue_RD":"03/06/2026","Shape__Length_1":null,"Shape__Area":0.010166962394123402,"Shape__Length":0.40652229624957603}},{"type":"Feature","id":2,"geometry":{"type":"Polygon","coordinates":[[[-88.01685,41.02901],[-88.03665,41.0286],[-88.05595,41.02842],[-88.0751,41.02812],[-88.07572,41.0281],[-88.09462,41.02776],[-88.11438,41.02747],[-88.13297,41.02704],[-88.13293,41.04194],[-88.13335,41.05663],[-88.13361,41.0716],[-88.13383,41.08641],[-88.13415,41.10123],[-88.13439,41.11626],[-88.12584,41.1164],[-88.11611,41.11656],[-88.10634,41.11671],[-88.09651,41.11687],[-88.08733,41.11708],[-88.07712,41.11731],[-88.06816,41.11741],[-88.05756,41.11753],[-88.04874,41.11758],[-88.03834,41.11773],[-88.02969,41.11786],[-88.0181,41.11794],[-88.01797,41.10308],[-88.01781,41.08827],[-88.01765,41.07332],[-88.01738,41.05874],[-88.01701,41.04419],[-88.01685,41.02901]]]},"properties":{"OBJECTID":2,"Join_Count":1,"TARGET_FID":2,"JOIN_FID":2829,"ASSET_NAME":"624","Feeder":"K345","Feeder_N":"F1542","PV_HC_kW":0,"EV_HC_kW":180,"BESS_HC":0,"ORIG_FID":45,"Feeder_Q":0,"SS_N":"S0336","Queue_RD":"03/06/2026","Shape__Length_1":null,"Shape__Area":0.010344609851927089,"Shape__Length":0.4106061913781789}},{"type":"Feature","id":3,"geometry":{"type":"Polygon","coordinates":[[[-89.97846,41.58358],[-89.9762,41.58357],[-89.97555,41.5691],[-89.97553,41.56875],[-89.97554,41.56852],[-89.97555,41.56821],[-89.97552,41.56765],[-89.97516,41.56002],[-89.97491,41.55479],[-89.9749,41.5546],[-89.97488,41.55426],[-89.97486,41.55374],[-89.97475,41.5515],[-89.9742,41.53978],[-89.97419,41.53967],[-89.97417,41.53934],[-89.97349,41.52572],[-89.97348,41.52534],[-89.97347,41.52524],[-89.97344,41.52492],[-89.97295,41.51538],[-89.97292,41.51497],[-89.97271,41.5109],[-89.97269,41.51067],[-89.97253,41.49999],[-89.97276,41.49999],[-89.97261,41.49662],[-89.99168,41.49643],[-90.01065,41.49638],[-90.02982,41.49667],[-90.04851,41.49717],[-90.0492,41.49719],[-90.06768,41.49745],[-90.06838,41.49745],[-90.08505,41.49779],[-90.08451,41.51206],[-90.08451,41.51226],[-90.08451,41.51229],[-90.08452,41.51283],[-90.08501,41.5256],[-90.08502,41.52591],[-90.08504,41.52661],[-90.08504,41.52703],[-90.08537,41.54005],[-90.08539,41.54046],[-90.0854,41.54112],[-90.08574,41.55449],[-90.08575,41.55485],[-90.08576,41.55557],[-90.08577,41.55586],[-90.08582,41.55799],[-90.08607,41.56877],[-90.08607,41.56886],[-90.08609,41.56983],[-90.08642,41.58428],[-90.07468,41.58413],[-90.07369,41.58412],[-90.07001,41.58407],[-90.06964,41.58407],[-90.0655,41.58402],[-90.05602,41.58393],[-90.05563,41.58393],[-90.05142,41.58389],[-90.05123,41.58389],[-90.03622,41.58381],[-90.0349,41.5838],[-90.03281,41.58379],[-90.03238,41.58379],[-90.03054,41.58378],[-90.02164,41.58373],[-90.01693,41.58373],[-90.01421,41.58373],[-90.01394,41.58373],[-90.00481,41.58369],[-90.00011,41.58364],[-89.99779,41.58365],[-89.99497,41.58365],[-89.99471,41.58365],[-89.97846,41.58358]]]},"properties":{"OBJECTID":3,"Join_Count":1,"TARGET_FID":3,"JOIN_FID":2472,"ASSET_NAME":"201","Feeder":"H385","Feeder_N":"F2881","PV_HC_kW":0,"EV_HC_kW":750,"BESS_HC":0,"ORIG_FID":48,"Feeder_Q":0,"SS_N":"S0657","Queue_RD":"03/06/2026","Shape__Length_1":null,"Shape__Area":0.00966894864995993,"Shape__Length":0.3964739420231209}},{"type":"Feature","id":4,"geometry":{"type":"Polygon","coordinates":[[[-87.88657,41.03251],[-87.90599,41.0323],[-87.92541,41.03172],[-87.94443,41.03121],[-87.94487,41.0312],[-87.96423,41.03064],[-87.98335,41.03004],[-87.98371,41.03002],[-88.00222,41.02935],[-88.00262,41.04443],[-88.00282,41.0591],[-88.0031,41.07369],[-88.0033,41.0885],[-88.00357,41.10312],[-88.00376,41.11802],[-87.99101,41.11808],[-87.98469,41.1181],[-87.97139,41.11809],[-87.96556,41.11809],[-87.95213,41.11819],[-87.9463,41.11824],[-87.93272,41.11822],[-87.92676,41.11821],[-87.91344,41.11838],[-87.90731,41.11844],[-87.89403,41.1185],[-87.88778,41.11853],[-87.8875,41.10612],[-87.88714,41.09123],[-87.887,41.07665],[-87.88675,41.06189],[-87.88654,41.04753],[-87.88657,41.03251]]]},"properties":{"OBJECTID":4,"Join_Count":1,"TARGET_FID":4,"JOIN_FID":2829,"ASSET_NAME":"626","Feeder":"K345","Feeder_N":"F1542","PV_HC_kW":0,"EV_HC_kW":180,"BESS_HC":0,"ORIG_FID":49,"Feeder_Q":0,"SS_N":"S0336","Queue_RD":"03/06/2026","Shape__Length_1":null,"Shape__Area":0.010110032895681798,"Shape__Length":0.40639760574513906}},{"type":"Feature","id":5,"geometry":{"type":"Polygon","coordinates":[[[-89.62574,42.02621],[-89.62669,42.0262],[-89.64579,42.02594],[-89.64683,42.02594],[-89.66521,42.02595],[-89.66633,42.02591],[-89.68456,42.02535],[-89.68575,42.02535],[-89.70393,42.02517],[-89.70523,42.02515],[-89.72355,42.02486],[-89.72461,42.02483],[-89.74267,42.02459],[-89.74364,42.03884],[-89.74323,42.05336],[-89.7443,42.06789],[-89.74446,42.08222],[-89.74501,42.09678],[-89.74529,42.11109],[-89.74413,42.1111],[-89.72505,42.11132],[-89.70516,42.11171],[-89.68558,42.1121],[-89.66637,42.11235],[-89.64661,42.1125],[-89.62765,42.1126],[-89.62756,42.09811],[-89.62769,42.08387],[-89.62718,42.0696],[-89.62635,42.05516],[-89.62617,42.04072],[-89.62574,42.02621]]]},"properties":{"OBJECTID":5,"Join_Count":1,"TARGET_FID":5,"JOIN_FID":635,"ASSET_NAME":"244","Feeder":"B631","Feeder_N":"F5404","PV_HC_kW":0,"EV_HC_kW":1540,"BESS_HC":0,"ORIG_FID":56,"Feeder_Q":6298.95,"SS_N":"S0688","Queue_RD":"03/06/2026","Shape__Length_1":null,"Shape__Area":0.010139391155007615,"Shape__Length":0.40761790884824906}},{"type":"Feature","id":6,"geometry":{"type":"Polygon","coordinates":[[[-89.05004,41.53943],[-89.0597,41.5396],[-89.05974,41.53961],[-89.06437,41.53969],[-89.06437,41.53964],[-89.06411,41.5062],[-89.06913,41.50613],[-89.07881,41.50611],[-89.08848,41.50609],[-89.09515,41.50601],[-89.09823,41.50598],[-89.10483,41.5059],[-89.10433,41.45499],[-89.10716,41.45496],[-89.10763,41.45495],[-89.11145,41.45488],[-89.11195,41.50578],[-89.11759,41.50566],[-89.1272,41.50546],[-89.12801,41.50545],[-89.12798,41.49086],[-89.13666,41.49074],[-89.14624,41.49061],[-89.15633,41.49049],[-89.16148,41.49042],[-89.16166,41.50133],[-89.16646,41.50132],[-89.16646,41.51005],[-89.16646,41.51009],[-89.16646,41.51026],[-89.16646,41.51249],[-89.16647,41.52474],[-89.16647,41.52486],[-89.16647,41.52706],[-89.16649,41.535],[-89.16649,41.5353],[-89.16647,41.53919],[-89.16647,41.53928],[-89.16645,41.54153],[-89.16614,41.54152],[-89.14684,41.54103],[-89.14677,41.54103],[-89.12745,41.54061],[-89.12724,41.54061],[-89.12499,41.54061],[-89.11054,41.54048],[-89.10808,41.54046],[-89.10804,41.54046],[-89.08916,41.54013],[-89.08885,41.54012],[-89.08845,41.54011],[-89.07639,41.5399],[-89.06948,41.53978],[-89.06934,41.53978],[-89.06929,41.53978],[-89.05004,41.53943]]]},"properties":{"OBJECTID":6,"Join_Count":1,"TARGET_FID":6,"JOIN_FID":2475,"ASSET_NAME":"320","Feeder":"H394","Feeder_N":"F3871","PV_HC_kW":0,"EV_HC_kW":1480,"BESS_HC":0,"ORIG_FID":57,"Feeder_Q":0,"SS_N":"S0668","Queue_RD":"03/06/2026","Shape__Length_1":null,"Shape__Area":0.004435989284729658,"Shape__Length":0.43398286055319335}},{"type":"Feature","id":7,"geometry":{"type":"Polygon","coordinates":[[[-89.39732,42.28868],[-89.41685,42.28852],[-89.41699,42.28852],[-89.41708,42.28852],[-89.43627,42.28823],[-89.43638,42.28823],[-89.43654,42.28823],[-89.45576,42.28806],[-89.45582,42.28806],[-89.45592,42.28805],[-89.47514,42.28777],[-89.47524,42.28776],[-89.49441,42.28751],[-89.49455,42.28751],[-89.49466,42.28751],[-89.49999,42.28745],[-89.50761,42.28747],[-89.51306,42.28749],[-89.51331,42.28749],[-89.51334,42.28749],[-89.51352,42.30163],[-89.51353,42.30197],[-89.51384,42.3163],[-89.51384,42.31637],[-89.51384,42.31642],[-89.51385,42.31653],[-89.51414,42.33081],[-89.51414,42.331],[-89.51414,42.33109],[-89.51443,42.34513],[-89.51443,42.34522],[-89.51443,42.34541],[-89.51444,42.34579],[-89.51466,42.35975],[-89.51466,42.35985],[-89.51466,42.36037],[-89.51488,42.37428],[-89.51473,42.37428],[-89.50001,42.37451],[-89.4957,42.37455],[-89.49508,42.37456],[-89.49487,42.37456],[-89.4762,42.37474],[-89.47585,42.37475],[-89.47558,42.37475],[-89.45668,42.37489],[-89.45625,42.37489],[-89.43731,42.37504],[-89.43687,42.37505],[-89.43669,42.37505],[-89.41741,42.37517],[-89.41702,42.37517],[-89.39791,42.3752],[-89.3979,42.375],[-89.39783,42.36154],[-89.39783,42.36105],[-89.39783,42.3608],[-89.39783,42.36075],[-89.3978,42.35652],[-89.3978,42.35622],[-89.39776,42.34704],[-89.39776,42.34685],[-89.39775,42.34658],[-89.39775,42.34642],[-89.39764,42.33699],[-89.39758,42.3325],[-89.39758,42.33234],[-89.39757,42.33215],[-89.39758,42.33198],[-89.3976,42.32986],[-89.3977,42.31799],[-89.3977,42.31795],[-89.3977,42.31778],[-89.3977,42.31755],[-89.39759,42.3077],[-89.39755,42.30356],[-89.39754,42.30346],[-89.39754,42.30323],[-89.39754,42.30316],[-89.39744,42.29661],[-89.39732,42.28919],[-89.39732,42.28868]]]},"properties":{"OBJECTID":7,"Join_Count":1,"TARGET_FID":7,"JOIN_FID":2942,"ASSET_NAME":"269","Feeder":"L12163","Feeder_N":"F1738","PV_HC_kW":1315.24,"EV_HC_kW":260,"BESS_HC":260,"ORIG_FID":59,"Feeder_Q":2000,"SS_N":"S0653","Queue_RD":"03/06/2026","Shape__Length_1":null,"Shape__Area":0.010112670841635918,"Shape__Length":0.4063314957078567}},{"type":"Feature","id":8,"geometry":{"type":"Polygon","coordinates":[[[-87.52673,41.29805],[-87.53072,41.29802],[-87.53437,41.29801],[-87.54978,41.29779],[-87.55347,41.29776],[-87.55376,41.31223],[-87.55391,41.32678],[-87.55402,41.3413],[-87.55414,41.35598],[-87.55425,41.37056],[-87.55454,41.38471],[-87.53516,41.38493],[-87.5263,41.38503],[-87.52625,41.3706],[-87.52627,41.35605],[-87.52649,41.34144],[-87.52652,41.32702],[-87.52668,41.31247],[-87.52673,41.29805]]]},"properties":{"OBJECTID":8,"Join_Count":1,"TARGET_FID":8,"JOIN_FID":2065,"ASSET_NAME":"539","Feeder":"F165","Feeder_N":"F2921","PV_HC_kW":0,"EV_HC_kW":330,"BESS_HC":0,"ORIG_FID":61,"Feeder_Q":0,"SS_N":"S0728","Queue_RD":"03/06/2026","Shape__Length_1":null,"Shape__Area":0.0023964595663983346,"Shape__Length":0.22893034567815743}},{"type":"Feature","id":9,"geometry":{"type":"Polygon","coordinates":[[[-88.3553,42.41426],[-88.35538,42.39979],[-88.35538,42.38531],[-88.35488,42.37114],[-88.355,42.35676],[-88.35481,42.34222],[-88.35464,42.32786],[-88.37454,42.32782],[-88.39412,42.32761],[-88.41384,42.32747],[-88.4333,42.32731],[-88.45293,42.32732],[-88.47236,42.32722],[-88.47236,42.34179],[-88.47226,42.35622],[-88.47221,42.37065],[-88.47215,42.38541],[-88.47207,42.39962],[-88.47206,42.40002],[-88.47185,42.41424],[-88.45283,42.41425],[-88.45267,42.41425],[-88.43343,42.4143],[-88.4333,42.41429],[-88.41373,42.41439],[-88.41367,42.4144],[-88.39421,42.41438],[-88.37489,42.41422],[-88.3553,42.41426]]]},"properties":{"OBJECTID":9,"Join_Count":1,"TARGET_FID":9,"JOIN_FID":1866,"ASSET_NAME":"391","Feeder":"E5115","Feeder_N":"F3788","PV_HC_kW":588.38,"EV_HC_kW":3320,"BESS_HC":588.38,"ORIG_FID":67,"Feeder_Q":0,"SS_N":"S0674","Queue_RD":"03/06/2026","Shape__Length_1":null,"Shape__Area":0.010164352987658276,"Shape__Length":0.40770867058773197}},{"type":"Feature","id":10,"geometry":{"type":"Polygon","coordinates":[[[-89.97844,41.75772],[-89.99743,41.75745],[-90.01685,41.75716],[-90.03592,41.7573],[-90.05529,41.75729],[-90.07402,41.75717],[-90.07475,41.75717],[-90.09251,41.75715],[-90.09253,41.77159],[-90.09251,41.78616],[-90.09244,41.80056],[-90.09257,41.81481],[-90.09257,41.8151],[-90.09251,41.82941],[-90.09266,41.84379],[-90.07491,41.84387],[-90.05542,41.84393],[-90.03604,41.84381],[-90.01682,41.84371],[-89.99786,41.84391],[-89.97826,41.84406],[-89.97817,41.83006],[-89.97817,41.82953],[-89.97822,41.8155],[-89.97822,41.81509],[-89.97829,41.80114],[-89.97829,41.80076],[-89.97842,41.78641],[-89.97853,41.77209],[-89.97844,41.75772]]]},"properties":{"OBJECTID":10,"Join_Count":1,"TARGET_FID":10,"JOIN_FID":2460,"ASSET_NAME":"198","Feeder":"H261","Feeder_N":"F3019","PV_HC_kW":0,"EV_HC_kW":700,"BESS_HC":0,"ORIG_FID":72,"Feeder_Q":0,"SS_N":"S0662","Queue_RD":"03/06/2026","Shape__Length_1":null,"Shape__Area":0.009884320433457106,"Shape__Length":0.401462023719678}},{"type":"Feature","id":11,"geometry":{"type":"Polygon","coordinates":[[[-89.63167,42.28736],[-89.63184,42.28736],[-89.65106,42.28694],[-89.6511,42.28694],[-89.66113,42.28671],[-89.67023,42.28649],[-89.67035,42.28649],[-89.67058,42.28649],[-89.67064,42.28649],[-89.67099,42.28648],[-89.6897,42.2862],[-89.68988,42.28619],[-89.69011,42.28619],[-89.70924,42.28578],[-89.70933,42.28577],[-89.70945,42.28577],[-89.70956,42.28577],[-89.72851,42.28547],[-89.7288,42.28547],[-89.72897,42.28546],[-89.72913,42.28546],[-89.74807,42.2851],[-89.74827,42.2851],[-89.74852,42.29937],[-89.74853,42.29962],[-89.74853,42.29982],[-89.74878,42.3137],[-89.74878,42.31403],[-89.74879,42.31428],[-89.74903,42.32841],[-89.74903,42.32848],[-89.74904,42.32859],[-89.74904,42.32875],[-89.74922,42.3429],[-89.74923,42.34303],[-89.74923,42.3434],[-89.74923,42.34347],[-89.74955,42.35736],[-89.74955,42.35751],[-89.74955,42.35758],[-89.74956,42.35796],[-89.74968,42.36946],[-89.7497,42.37178],[-89.7497,42.37191],[-89.73043,42.3722],[-89.72978,42.37221],[-89.72097,42.37225],[-89.71112,42.37252],[-89.71082,42.37252],[-89.7106,42.37253],[-89.71024,42.37254],[-89.69166,42.37295],[-89.69138,42.37296],[-89.69128,42.37296],[-89.69124,42.37296],[-89.69109,42.37297],[-89.67181,42.37351],[-89.67173,42.37352],[-89.67165,42.37352],[-89.67161,42.37352],[-89.67141,42.37352],[-89.65245,42.37384],[-89.65237,42.37384],[-89.65219,42.37385],[-89.6329,42.37421],[-89.6329,42.374],[-89.63284,42.36816],[-89.63274,42.35965],[-89.63274,42.35944],[-89.63274,42.35932],[-89.63274,42.35923],[-89.63268,42.35601],[-89.63253,42.34535],[-89.63252,42.34492],[-89.63252,42.34478],[-89.63252,42.34474],[-89.6324,42.33073],[-89.63239,42.33035],[-89.63239,42.33017],[-89.63239,42.33009],[-89.63218,42.31631],[-89.63216,42.31583],[-89.63216,42.31556],[-89.63216,42.31552],[-89.63186,42.30185],[-89.63186,42.30154],[-89.63185,42.3013],[-89.63184,42.30094],[-89.63167,42.28736]]]},"properties":{"OBJECTID":11,"Join_Count":1,"TARGET_FID":11,"JOIN_FID":640,"ASSET_NAME":"241","Feeder":"B703","Feeder_N":"F5414","PV_HC_kW":174.76,"EV_HC_kW":960,"BESS_HC":174.76,"ORIG_FID":80,"Feeder_Q":33.74,"SS_N":"S0557","Queue_RD":"03/06/2026","Shape__Length_1":null,"Shape__Area":0.010134407384612132,"Shape__Length":0.4071328176782863}},{"type":"Feature","id":12,"geometry":{"type":"Polygon","coordinates":[[[-88.60007,41.57317],[-88.60035,41.57317],[-88.6088,41.57315],[-88.60847,41.56238],[-88.60841,41.56064],[-88.60836,41.55891],[-88.60826,41.55566],[-88.60824,41.55503],[-88.61048,41.555],[-88.61616,41.55492],[-88.61762,41.5549],[-88.63557,41.55465],[-88.63576,41.56183],[-88.63599,41.57026],[-88.68211,41.57015],[-88.6821,41.56896],[-88.68709,41.56894],[-88.68712,41.56996],[-88.71064,41.56998],[-88.71072,41.5725],[-88.71072,41.57273],[-88.71107,41.58685],[-88.71107,41.58688],[-88.71108,41.58705],[-88.71108,41.58708],[-88.71109,41.58718],[-88.71157,41.6015],[-88.71159,41.60164],[-88.71191,41.61583],[-88.71191,41.61588],[-88.71191,41.61594],[-88.71223,41.62502],[-88.71233,41.63026],[-88.71233,41.63051],[-88.71217,41.63051],[-88.69965,41.63061],[-88.69928,41.63064],[-88.69894,41.63062],[-88.69883,41.63062],[-88.67976,41.63086],[-88.67945,41.63086],[-88.66014,41.63102],[-88.66008,41.63102],[-88.66004,41.63102],[-88.64098,41.63112],[-88.64088,41.63113],[-88.62498,41.63125],[-88.62148,41.63124],[-88.62139,41.63124],[-88.60214,41.63143],[-88.60214,41.63118],[-88.60196,41.62499],[-88.60159,41.61684],[-88.60159,41.61679],[-88.60106,41.60229],[-88.60059,41.59039],[-88.60049,41.58783],[-88.60049,41.58776],[-88.60049,41.58765],[-88.60024,41.57878],[-88.60007,41.57322],[-88.60007,41.57317]]]},"properties":{"OBJECTID":12,"Join_Count":1,"TARGET_FID":12,"JOIN_FID":2490,"ASSET_NAME":"371","Feeder":"H535","Feeder_N":"F3885","PV_HC_kW":393.82,"EV_HC_kW":1280,"BESS_HC":393.82,"ORIG_FID":86,"Feeder_Q":0,"SS_N":"S0275","Queue_RD":"03/06/2026","Shape__Length_1":null,"Shape__Area":0.007122824569023578,"Shape__Length":0.37571763864073704}},{"type":"Feature","id":13,"geometry":{"type":"Polygon","coordinates":[[[-88.259,41.63606],[-88.27837,41.6358],[-88.29752,41.63558],[-88.29794,41.63557],[-88.31703,41.63544],[-88.33597,41.6353],[-88.33619,41.6353],[-88.35547,41.63513],[-88.36939,41.635],[-88.36949,41.64959],[-88.3695,41.64982],[-88.36976,41.66431],[-88.37012,41.67883],[-88.37048,41.69322],[-88.37087,41.70775],[-88.37087,41.70786],[-88.37119,41.72264],[-88.36524,41.72278],[-88.35876,41.72287],[-88.33941,41.72324],[-88.33877,41.72318],[-88.31983,41.72358],[-88.31928,41.72358],[-88.31893,41.72358],[-88.30019,41.72387],[-88.28062,41.72406],[-88.26139,41.72436],[-88.26096,41.70875],[-88.26074,41.69439],[-88.26039,41.67971],[-88.26001,41.66515],[-88.25961,41.65058],[-88.259,41.63606]]]},"properties":{"OBJECTID":13,"Join_Count":1,"TARGET_FID":13,"JOIN_FID":3641,"ASSET_NAME":"472","Feeder":"W0608","Feeder_N":"F2224","PV_HC_kW":825,"EV_HC_kW":1390,"BESS_HC":825,"ORIG_FID":96,"Feeder_Q":0,"SS_N":"S0642","Queue_RD":"03/06/2026","Shape__Length_1":null,"Shape__Area":0.009678299231609344,"Shape__Length":0.39621920417987705}},{"type":"Feature","id":14,"geometry":{"type":"Polygon","coordinates":[[[-88.82227,42.15342],[-88.84117,42.15331],[-88.84156,42.1533],[-88.84164,42.1533],[-88.84179,42.1533],[-88.8419,42.1533],[-88.84208,42.1533],[-88.86113,42.15303],[-88.86122,42.15303],[-88.8613,42.15303],[-88.86137,42.15303],[-88.86149,42.15303],[-88.87504,42.15291],[-88.88072,42.15289],[-88.88084,42.15289],[-88.8809,42.15289],[-88.88102,42.15288],[-88.90008,42.1526],[-88.90052,42.1526],[-88.91975,42.1524],[-88.91993,42.1524],[-88.9392,42.15225],[-88.93964,42.15224],[-88.93964,42.15263],[-88.93971,42.16673],[-88.93971,42.16677],[-88.93971,42.16685],[-88.93971,42.16701],[-88.93983,42.18134],[-88.93983,42.18144],[-88.93983,42.1815],[-88.93999,42.19591],[-88.94,42.196],[-88.94026,42.21039],[-88.94027,42.2106],[-88.9405,42.22496],[-88.9405,42.22505],[-88.94073,42.23937],[-88.94013,42.23938],[-88.92026,42.23979],[-88.92012,42.2398],[-88.91993,42.2398],[-88.91932,42.2398],[-88.90953,42.2399],[-88.90054,42.23999],[-88.89977,42.23999],[-88.88084,42.24015],[-88.88026,42.24015],[-88.87501,42.24022],[-88.86137,42.24035],[-88.86118,42.24035],[-88.86053,42.24036],[-88.84161,42.24047],[-88.84109,42.24047],[-88.82211,42.24063],[-88.82211,42.24053],[-88.82218,42.22605],[-88.82218,42.226],[-88.82218,42.22594],[-88.82218,42.22585],[-88.82216,42.21167],[-88.82216,42.21161],[-88.82216,42.21157],[-88.82216,42.21139],[-88.82221,42.19709],[-88.82221,42.19701],[-88.82224,42.18261],[-88.82224,42.1825],[-88.82225,42.18218],[-88.82226,42.16796],[-88.82227,42.16771],[-88.82227,42.15355],[-88.82227,42.15342]]]},"properties":{"OBJECTID":14,"Join_Count":1,"TARGET_FID":14,"JOIN_FID":562,"ASSET_NAME":"338","Feeder":"B205","Feeder_N":"F5260","PV_HC_kW":622.03,"EV_HC_kW":1600,"BESS_HC":622.03,"ORIG_FID":121,"Feeder_Q":0,"SS_N":"S0654","Queue_RD":"03/06/2026","Shape__Length_1":null,"Shape__Area":0.010288548127846298,"Shape__Length":0.41035052634841596}},{"type":"Feature","id":15,"geometry":{"type":"Polygon","coordinates":[[[-88.23754,42.41536],[-88.25724,42.41516],[-88.27672,42.41482],[-88.29614,42.41466],[-88.3157,42.4146],[-88.33543,42.41443],[-88.3553,42.41426],[-88.35506,42.42874],[-88.35509,42.44325],[-88.35504,42.4577],[-88.35508,42.47214],[-88.35512,42.48661],[-88.35514,42.4945],[-88.3353,42.49453],[-88.31568,42.49457],[-88.2966,42.49459],[-88.29659,42.49432],[-88.28679,42.49439],[-88.27698,42.49446],[-88.26881,42.49462],[-88.26881,42.49463],[-88.25724,42.49463],[-88.23779,42.49481],[-88.23778,42.48782],[-88.23769,42.47337],[-88.23773,42.45892],[-88.23769,42.44436],[-88.23763,42.42995],[-88.23754,42.41536]]]},"properties":{"OBJECTID":15,"Join_Count":1,"TARGET_FID":15,"JOIN_FID":3043,"ASSET_NAME":"382","Feeder":"L19347","Feeder_N":"F1888","PV_HC_kW":3546.97,"EV_HC_kW":590,"BESS_HC":590,"ORIG_FID":137,"Feeder_Q":0,"SS_N":"S0690","Queue_RD":"03/06/2026","Shape__Length_1":null,"Shape__Area":0.009370821298489318,"Shape__Length":0.3950901573501311}},{"type":"Feature","id":16,"geometry":{"type":"Polygon","coordinates":[[[-88.71461,41.89278],[-88.73387,41.89279],[-88.73406,41.89279],[-88.74997,41.89279],[-88.75359,41.89278],[-88.75365,41.89278],[-88.75372,41.89277],[-88.7727,41.89282],[-88.77292,41.89282],[-88.77325,41.89282],[-88.79234,41.89265],[-88.79265,41.89265],[-88.81174,41.89257],[-88.81178,41.89257],[-88.81192,41.89257],[-88.81215,41.89257],[-88.82797,41.89241],[-88.82799,41.89255],[-88.8281,41.90699],[-88.82813,41.90703],[-88.82835,41.91755],[-88.82842,41.92155],[-88.82843,41.92167],[-88.82861,41.93607],[-88.8288,41.95052],[-88.8288,41.95055],[-88.8288,41.95085],[-88.82898,41.96495],[-88.82898,41.96501],[-88.82898,41.96526],[-88.82912,41.97957],[-88.82877,41.97957],[-88.81229,41.9796],[-88.81224,41.9796],[-88.81197,41.9796],[-88.79265,41.97968],[-88.7925,41.97968],[-88.773,41.97979],[-88.75377,41.97988],[-88.75351,41.97987],[-88.75332,41.97988],[-88.75002,41.97991],[-88.73404,41.97997],[-88.73382,41.97997],[-88.71459,41.98004],[-88.71458,41.96812],[-88.71458,41.96582],[-88.71458,41.96558],[-88.71462,41.96544],[-88.71461,41.95885],[-88.71464,41.95117],[-88.71464,41.95094],[-88.71464,41.9509],[-88.71463,41.94601],[-88.71459,41.93672],[-88.71459,41.93658],[-88.71459,41.93634],[-88.71463,41.92612],[-88.71464,41.92225],[-88.71464,41.92211],[-88.71464,41.92207],[-88.71464,41.92186],[-88.71464,41.91871],[-88.71465,41.90769],[-88.71464,41.90736],[-88.71461,41.89314],[-88.71461,41.89278]]]},"properties":{"OBJECTID":16,"Join_Count":1,"TARGET_FID":16,"JOIN_FID":654,"ASSET_NAME":"354","Feeder":"B8302","Feeder_N":"F5442","PV_HC_kW":986.18,"EV_HC_kW":920,"BESS_HC":920,"ORIG_FID":151,"Feeder_Q":0,"SS_N":"S0736","Queue_RD":"03/06/2026","Shape__Length_1":null,"Shape__Area":0.009924335860205247,"Shape__Length":0.4023288058548887}},{"type":"Feature","id":17,"geometry":{"type":"Polygon","coordinates":[[[-90.22347,42.5078],[-90.22336,42.50371],[-90.22339,42.5],[-90.22329,42.5],[-90.22321,42.48907],[-90.22321,42.48893],[-90.22321,42.48885],[-90.223,42.47417],[-90.223,42.47413],[-90.22299,42.4741],[-90.22299,42.47406],[-90.22272,42.4599],[-90.22271,42.45954],[-90.22308,42.45954],[-90.24255,42.45972],[-90.24301,42.45972],[-90.24315,42.45972],[-90.25,42.45991],[-90.25315,42.46001],[-90.26302,42.45998],[-90.26328,42.45999],[-90.26337,42.46],[-90.28284,42.46021],[-90.28311,42.46022],[-90.28325,42.46022],[-90.28365,42.46023],[-90.30283,42.46047],[-90.30288,42.46046],[-90.30294,42.46046],[-90.30365,42.46046],[-90.31341,42.4604],[-90.31341,42.46041],[-90.31315,42.46785],[-90.31282,42.47488],[-90.31498,42.4749],[-90.31498,42.47511],[-90.31498,42.4752],[-90.31498,42.4754],[-90.3128,42.47538],[-90.31268,42.48152],[-90.31139,42.4834],[-90.30288,42.48772],[-90.30188,42.48823],[-90.30171,42.49079],[-90.29867,42.49297],[-90.29858,42.50745],[-90.29858,42.50781],[-90.28218,42.50777],[-90.26263,42.50784],[-90.24307,42.50766],[-90.22347,42.5078]]]},"properties":{"OBJECTID":17,"Join_Count":1,"TARGET_FID":17,"JOIN_FID":612,"ASSET_NAME":"155","Feeder":"B448","Feeder_N":"F5360","PV_HC_kW":0,"EV_HC_kW":1110,"BESS_HC":0,"ORIG_FID":165,"Feeder_Q":0,"SS_N":"S0688","Queue_RD":"03/06/2026","Shape__Length_1":null,"Shape__Area":0.003989024717157008,"Shape__Length":0.27374998491917973}},{"type":"Feature","id":18,"geometry":{"type":"Polygon","coordinates":[[[-88.37575,41.80988],[-88.39529,41.8095],[-88.39548,41.8095],[-88.41462,41.80923],[-88.41484,41.80922],[-88.43441,41.80898],[-88.43468,41.80898],[-88.45386,41.80879],[-88.45423,41.80878],[-88.47333,41.80859],[-88.47362,41.80858],[-88.48943,41.80843],[-88.48917,41.82292],[-88.48916,41.82319],[-88.48895,41.83743],[-88.48894,41.83784],[-88.48862,41.85193],[-88.48862,41.85229],[-88.48852,41.8665],[-88.48852,41.86686],[-88.48818,41.88092],[-88.48817,41.8812],[-88.4881,41.89543],[-88.47224,41.89564],[-88.4529,41.8959],[-88.45278,41.8959],[-88.43364,41.89615],[-88.43337,41.89615],[-88.41418,41.89644],[-88.41389,41.89644],[-88.39451,41.89677],[-88.39427,41.89678],[-88.37498,41.89702],[-88.37538,41.88248],[-88.37558,41.86802],[-88.37573,41.85349],[-88.37581,41.83892],[-88.3758,41.82436],[-88.37575,41.80988]]]},"properties":{"OBJECTID":18,"Join_Count":1,"TARGET_FID":18,"JOIN_FID":4185,"ASSET_NAME":"451","Feeder":"W731","Feeder_N":"F0098","PV_HC_kW":260.72,"EV_HC_kW":1990,"BESS_HC":260.72,"ORIG_FID":176,"Feeder_Q":0,"SS_N":"S0621","Queue_RD":"03/06/2026","Shape__Length_1":null,"Shape__Area":0.009854741181015925,"Shape__Length":0.40099694774361394}},{"type":"Feature","id":19,"geometry":{"type":"Polygon","coordinates":[[[-88.70031,40.84397],[-88.71495,40.84379],[-88.71495,40.84388],[-88.71513,40.86934],[-88.72937,40.86917],[-88.7294,40.87214],[-88.73031,40.87214],[-88.7303,40.87275],[-88.73091,40.87274],[-88.73096,40.87431],[-88.7294,40.87431],[-88.72936,40.88003],[-88.71967,40.88025],[-88.71501,40.88028],[-88.71502,40.88364],[-88.71503,40.89479],[-88.71974,40.89475],[-88.72938,40.89453],[-88.73903,40.89431],[-88.74873,40.89414],[-88.75843,40.89397],[-88.76788,40.8938],[-88.77733,40.89362],[-88.78685,40.8936],[-88.79638,40.89357],[-88.80603,40.89357],[-88.81569,40.89356],[-88.81586,40.90084],[-88.81645,40.91542],[-88.81647,40.93005],[-88.79717,40.93026],[-88.77808,40.93044],[-88.75886,40.93073],[-88.73933,40.93097],[-88.71992,40.93103],[-88.70081,40.93132],[-88.70073,40.9165],[-88.70057,40.90231],[-88.70026,40.88755],[-88.70055,40.87316],[-88.70052,40.85848],[-88.70031,40.84397]]]},"properties":{"OBJECTID":19,"Join_Count":1,"TARGET_FID":19,"JOIN_FID":3533,"ASSET_NAME":"678","Feeder":"S225","Feeder_N":"F1757","PV_HC_kW":0,"EV_HC_kW":2170,"BESS_HC":0,"ORIG_FID":178,"Feeder_Q":2000,"SS_N":"S0734","Queue_RD":"03/06/2026","Shape__Length_1":null,"Shape__Area":0.0051338905161628645,"Shape__Length":0.4374626964987661}},{"type":"Feature","id":20,"geometry":{"type":"Polygon","coordinates":[[[-89.40061,41.58486],[-89.40051,41.58486],[-89.39452,41.58486],[-89.39453,41.58462],[-89.39406,41.56787],[-89.39405,41.56756],[-89.39405,41.56753],[-89.39404,41.56735],[-89.39395,41.55914],[-89.39388,41.55353],[-89.39388,41.55301],[-89.39388,41.55292],[-89.39387,41.55272],[-89.39364,41.542],[-89.39389,41.54181],[-89.39819,41.53857],[-89.39811,41.52398],[-89.39344,41.52403],[-89.39338,41.52403],[-89.39338,41.52393],[-89.39342,41.50985],[-89.3935,41.50985],[-89.41377,41.50974],[-89.41378,41.52364],[-89.44364,41.5234],[-89.44346,41.51176],[-89.45704,41.51175],[-89.45702,41.51663],[-89.47135,41.51666],[-89.47127,41.5312],[-89.48075,41.5312],[-89.48682,41.5312],[-89.48688,41.5234],[-89.51176,41.52316],[-89.51177,41.52383],[-89.51177,41.524],[-89.51178,41.52662],[-89.51178,41.52672],[-89.51178,41.53822],[-89.51179,41.53828],[-89.51179,41.53855],[-89.51196,41.5527],[-89.51196,41.5529],[-89.51196,41.55297],[-89.51196,41.55301],[-89.51214,41.56714],[-89.51214,41.5674],[-89.51215,41.56781],[-89.51222,41.58503],[-89.51217,41.58504],[-89.50707,41.58501],[-89.49986,41.58499],[-89.49673,41.58497],[-89.49667,41.58497],[-89.4932,41.58496],[-89.49045,41.58495],[-89.48457,41.58492],[-89.47759,41.58489],[-89.4743,41.58488],[-89.47278,41.58488],[-89.47111,41.58488],[-89.45833,41.5849],[-89.45828,41.5849],[-89.45443,41.5849],[-89.45167,41.5849],[-89.43925,41.58488],[-89.43908,41.58488],[-89.4325,41.58489],[-89.42159,41.58487],[-89.42001,41.58487],[-89.41972,41.58487],[-89.41506,41.58486],[-89.41281,41.58486],[-89.40061,41.58486]]]},"properties":{"OBJECTID":20,"Join_Count":1,"TARGET_FID":20,"JOIN_FID":2476,"ASSET_NAME":"278","Feeder":"H405","Feeder_N":"F3023","PV_HC_kW":0,"EV_HC_kW":480,"BESS_HC":0,"ORIG_FID":179,"Feeder_Q":56.95,"SS_N":"S0657","Queue_RD":"03/06/2026","Shape__Length_1":null,"Shape__Area":0.007596509992936262,"Shape__Length":0.43296463341790786}},{"type":"Feature","id":21,"geometry":{"type":"Polygon","coordinates":[[[-88.60214,41.63143],[-88.62139,41.63124],[-88.62148,41.63124],[-88.62498,41.63125],[-88.64088,41.63113],[-88.64098,41.63112],[-88.66004,41.63102],[-88.66008,41.63102],[-88.66014,41.63102],[-88.67945,41.63086],[-88.67976,41.63086],[-88.69883,41.63062],[-88.69894,41.63062],[-88.69928,41.63064],[-88.69965,41.63061],[-88.71217,41.63051],[-88.71233,41.63051],[-88.71249,41.64486],[-88.71249,41.64497],[-88.71274,41.65831],[-88.71276,41.6594],[-88.71276,41.65961],[-88.71299,41.67409],[-88.71299,41.67417],[-88.71322,41.6886],[-88.71322,41.68874],[-88.71349,41.70319],[-88.71355,41.7099],[-88.71365,41.71839],[-88.71348,41.71839],[-88.70068,41.71848],[-88.70062,41.71849],[-88.69903,41.71851],[-88.68132,41.71882],[-88.68098,41.71882],[-88.67943,41.71887],[-88.66202,41.71893],[-88.6618,41.71893],[-88.66003,41.71896],[-88.64246,41.7192],[-88.64226,41.7192],[-88.64064,41.71926],[-88.62499,41.7194],[-88.6229,41.71936],[-88.62128,41.71937],[-88.62115,41.71937],[-88.61,41.71946],[-88.60364,41.71951],[-88.60339,41.70963],[-88.60324,41.70405],[-88.60324,41.7038],[-88.60292,41.68953],[-88.60292,41.68938],[-88.60267,41.67498],[-88.60267,41.67482],[-88.60236,41.66042],[-88.60236,41.66028],[-88.60223,41.64588],[-88.60223,41.64577],[-88.60218,41.6373],[-88.60214,41.63143]]]},"properties":{"OBJECTID":21,"Join_Count":1,"TARGET_FID":21,"JOIN_FID":2991,"ASSET_NAME":"370","Feeder":"L14651","Feeder_N":"F1826","PV_HC_kW":9039.93,"EV_HC_kW":3940,"BESS_HC":3940,"ORIG_FID":191,"Feeder_Q":3600,"SS_N":"S0671","Queue_RD":"03/06/2026","Shape__Length_1":null,"Shape__Area":0.009704880095569024,"Shape__Length":0.3961838026893886}},{"type":"Feature","id":22,"geometry":{"type":"Polygon","coordinates":[[[-89.17393,42.49748],[-89.17408,42.49351],[-89.17405,42.48409],[-89.17403,42.47911],[-89.17401,42.46947],[-89.174,42.46483],[-89.18433,42.46471],[-89.18433,42.46466],[-89.18635,42.46463],[-89.18635,42.46469],[-89.20313,42.46448],[-89.20574,42.46447],[-89.22281,42.46419],[-89.22514,42.46416],[-89.24256,42.46395],[-89.24483,42.46392],[-89.26219,42.46282],[-89.26471,42.46279],[-89.2842,42.46254],[-89.28421,42.46292],[-89.28463,42.47689],[-89.28463,42.47699],[-89.28463,42.47706],[-89.28464,42.47728],[-89.28474,42.48543],[-89.28481,42.49139],[-89.28482,42.49183],[-89.28482,42.49201],[-89.2849,42.49881],[-89.28487,42.49884],[-89.26582,42.49855],[-89.26457,42.49852],[-89.24999,42.49813],[-89.24497,42.49841],[-89.22531,42.49814],[-89.20559,42.49798],[-89.18597,42.49765],[-89.17393,42.49748]]]},"properties":{"OBJECTID":22,"Join_Count":0,"TARGET_FID":22,"JOIN_FID":-1,"ASSET_NAME":"295","Feeder":null,"Feeder_N":null,"PV_HC_kW":null,"EV_HC_kW":null,"BESS_HC":0,"ORIG_FID":194,"Feeder_Q":null,"SS_N":null,"Queue_RD":null,"Shape__Length_1":null,"Shape__Area":0.00379123097854972,"Shape__Length":0.29029947206966566}},{"type":"Feature","id":23,"geometry":{"type":"Polygon","coordinates":[[[-88.93242,41.19267],[-88.93205,41.1785],[-88.93175,41.16399],[-88.93189,41.14953],[-88.93189,41.14926],[-88.93188,41.13476],[-88.93164,41.12012],[-88.9316,41.10592],[-88.9505,41.10587],[-88.96976,41.10567],[-88.98895,41.1053],[-89.00819,41.10516],[-89.00855,41.10515],[-89.02763,41.10497],[-89.04697,41.10477],[-89.04725,41.11941],[-89.04752,41.13366],[-89.04787,41.14828],[-89.04813,41.16306],[-89.04841,41.17762],[-89.04842,41.17798],[-89.04858,41.19245],[-89.02944,41.19246],[-89.02893,41.19246],[-89.01002,41.19265],[-89.0096,41.19264],[-88.99014,41.1926],[-88.9713,41.1927],[-88.95151,41.19269],[-88.93242,41.19267]]]},"properties":{"OBJECTID":23,"Join_Count":1,"TARGET_FID":23,"JOIN_FID":3113,"ASSET_NAME":"586","Feeder":"L6162","Feeder_N":"F2036","PV_HC_kW":2846.96,"EV_HC_kW":1470,"BESS_HC":1470,"ORIG_FID":196,"Feeder_Q":0,"SS_N":"S0719","Queue_RD":"03/06/2026","Shape__Length_1":null,"Shape__Area":0.010115356429423628,"Shape__Length":0.40600236406177104}},{"type":"Feature","id":24,"geometry":{"type":"Polygon","coordinates":[[[-88.23837,42.32859],[-88.25729,42.32865],[-88.27707,42.32849],[-88.29645,42.32827],[-88.31619,42.32807],[-88.3358,42.32786],[-88.35464,42.32786],[-88.35481,42.34222],[-88.355,42.35676],[-88.35488,42.37114],[-88.35538,42.38531],[-88.35538,42.39979],[-88.3553,42.41426],[-88.33543,42.41443],[-88.3157,42.4146],[-88.29614,42.41466],[-88.27672,42.41482],[-88.25724,42.41516],[-88.23754,42.41536],[-88.23748,42.40133],[-88.23762,42.38677],[-88.23801,42.37197],[-88.23785,42.35749],[-88.2382,42.34313],[-88.2382,42.34303],[-88.23837,42.32859]]]},"properties":{"OBJECTID":24,"Join_Count":1,"TARGET_FID":24,"JOIN_FID":3044,"ASSET_NAME":"392","Feeder":"L19348","Feeder_N":"F1890","PV_HC_kW":23900,"EV_HC_kW":1400,"BESS_HC":1400,"ORIG_FID":229,"Feeder_Q":0,"SS_N":"S0690","Queue_RD":"03/06/2026","Shape__Length_1":null,"Shape__Area":0.01013733945706008,"Shape__Length":0.40723825199328534}},{"type":"Feature","id":25,"geometry":{"type":"Polygon","coordinates":[[[-88.71459,41.98004],[-88.73382,41.97997],[-88.73404,41.97997],[-88.75002,41.97991],[-88.75332,41.97988],[-88.75351,41.97987],[-88.75377,41.97988],[-88.773,41.97979],[-88.7925,41.97968],[-88.79265,41.97968],[-88.81197,41.9796],[-88.81224,41.9796],[-88.81229,41.9796],[-88.82877,41.97957],[-88.82912,41.97957],[-88.82912,41.97975],[-88.82926,41.99411],[-88.82926,41.99435],[-88.82931,42.00003],[-88.82941,42.00857],[-88.82941,42.00861],[-88.82941,42.0087],[-88.82941,42.00899],[-88.82943,42.02319],[-88.82943,42.02325],[-88.82943,42.02333],[-88.82944,42.02372],[-88.82955,42.03773],[-88.82955,42.03779],[-88.82955,42.03786],[-88.82956,42.03797],[-88.82972,42.05238],[-88.82971,42.05244],[-88.82972,42.05253],[-88.82972,42.05255],[-88.82967,42.06606],[-88.82946,42.06606],[-88.82178,42.06612],[-88.81245,42.0662],[-88.80544,42.06625],[-88.80225,42.06626],[-88.79991,42.06627],[-88.79318,42.0663],[-88.78465,42.06633],[-88.78284,42.06633],[-88.78272,42.06633],[-88.77378,42.06634],[-88.76357,42.06635],[-88.76341,42.06635],[-88.76081,42.06636],[-88.75449,42.06637],[-88.75304,42.06637],[-88.74998,42.0664],[-88.7439,42.0664],[-88.73494,42.0664],[-88.72439,42.06641],[-88.7237,42.06641],[-88.72136,42.06641],[-88.7155,42.06643],[-88.7155,42.06639],[-88.71542,42.05308],[-88.71541,42.05298],[-88.71513,42.03845],[-88.71513,42.03833],[-88.71484,42.02394],[-88.71484,42.02388],[-88.71461,42.00927],[-88.71455,42.00001],[-88.71458,41.99502],[-88.71458,41.99477],[-88.71458,41.99461],[-88.7146,41.98023],[-88.71459,41.98004]]]},"properties":{"OBJECTID":25,"Join_Count":1,"TARGET_FID":25,"JOIN_FID":548,"ASSET_NAME":"353","Feeder":"B164","Feeder_N":"F5232","PV_HC_kW":369.62,"EV_HC_kW":130,"BESS_HC":130,"ORIG_FID":233,"Feeder_Q":0,"SS_N":"S0480","Queue_RD":"03/06/2026","Shape__Length_1":null,"Shape__Area":0.009910038280622757,"Shape__Length":0.40158835388418157}},{"type":"Feature","id":26,"geometry":{"type":"Polygon","coordinates":[[[-87.52928,41.7373],[-87.54648,41.73729],[-87.56612,41.73709],[-87.5663,41.75163],[-87.56634,41.76619],[-87.56634,41.77391],[-87.56634,41.77391],[-87.56621,41.77384],[-87.56607,41.77368],[-87.56603,41.77364],[-87.56608,41.77352],[-87.56608,41.77352],[-87.56613,41.77339],[-87.56455,41.77239],[-87.56444,41.77232],[-87.56432,41.77224],[-87.56407,41.77215],[-87.56393,41.77205],[-87.5633,41.77186],[-87.5633,41.77186],[-87.56341,41.77113],[-87.56342,41.77109],[-87.56338,41.77085],[-87.56279,41.76977],[-87.56266,41.76952],[-87.56255,41.76944],[-87.56229,41.76925],[-87.56213,41.76898],[-87.56145,41.76874],[-87.56061,41.76852],[-87.55992,41.76844],[-87.55963,41.76876],[-87.5595,41.76922],[-87.55949,41.76919],[-87.55948,41.76881],[-87.55947,41.76841],[-87.55946,41.76804],[-87.55946,41.76775],[-87.55944,41.7672],[-87.55944,41.76703],[-87.55943,41.76702],[-87.55935,41.76684],[-87.5593,41.76672],[-87.5593,41.76671],[-87.55932,41.76656],[-87.55944,41.76651],[-87.5604,41.76626],[-87.56039,41.76613],[-87.56044,41.76609],[-87.56036,41.76553],[-87.56032,41.76548],[-87.56032,41.76544],[-87.55993,41.76484],[-87.55958,41.76493],[-87.55951,41.76485],[-87.55942,41.76464],[-87.5594,41.76437],[-87.55886,41.76404],[-87.55862,41.76391],[-87.5584,41.76395],[-87.55776,41.76332],[-87.55756,41.76312],[-87.55743,41.76289],[-87.55741,41.76288],[-87.5574,41.76268],[-87.55674,41.7625],[-87.55674,41.76249],[-87.55663,41.76234],[-87.55646,41.76219],[-87.55634,41.762],[-87.55556,41.76182],[-87.55516,41.7617],[-87.55535,41.76161],[-87.55544,41.76157],[-87.55536,41.76145],[-87.55534,41.76142],[-87.55487,41.76103],[-87.55409,41.7603],[-87.55275,41.75948],[-87.55199,41.75919],[-87.55119,41.75895],[-87.55084,41.75884],[-87.55026,41.75868],[-87.54916,41.75855],[-87.54766,41.75852],[-87.54619,41.75865],[-87.5449,41.75901],[-87.54432,41.75925],[-87.54344,41.75972],[-87.54337,41.75976],[-87.54332,41.75979],[-87.54329,41.75976],[-87.54242,41.75895],[-87.54242,41.75894],[-87.54256,41.75862],[-87.54139,41.7577],[-87.541,41.7577],[-87.54044,41.75721],[-87.54044,41.75721],[-87.54185,41.75632],[-87.54231,41.75605],[-87.54365,41.75526],[-87.5438,41.75506],[-87.5438,41.75505],[-87.5441,41.75464],[-87.54423,41.75409],[-87.54421,41.75402],[-87.5442,41.754],[-87.54421,41.75398],[-87.54412,41.75375],[-87.54412,41.75375],[-87.5441,41.7537],[-87.54408,41.75367],[-87.54376,41.75291],[-87.54343,41.75259],[-87.54325,41.75237],[-87.54308,41.75227],[-87.54273,41.75194],[-87.54028,41.75174],[-87.53806,41.75095],[-87.53555,41.74992],[-87.53548,41.74995],[-87.53331,41.74907],[-87.53084,41.74792],[-87.53049,41.74526],[-87.53019,41.74306],[-87.52993,41.7416],[-87.52957,41.74133],[-87.52957,41.74132],[-87.52961,41.74116],[-87.52961,41.74116],[-87.53007,41.74116],[-87.53048,41.74099],[-87.53452,41.74093],[-87.53982,41.74082],[-87.53981,41.74038],[-87.53537,41.74038],[-87.52983,41.74044],[-87.52951,41.7383],[-87.52935,41.73781],[-87.52934,41.73772],[-87.52928,41.7373]]]},"properties":{"OBJECTID":26,"Join_Count":1,"TARGET_FID":26,"JOIN_FID":5328,"ASSET_NAME":"469","Feeder":"Z15052","Feeder_N":"F0607","PV_HC_kW":704.69,"EV_HC_kW":1240,"BESS_HC":704.69,"ORIG_FID":262,"Feeder_Q":0,"SS_N":"S0673","Queue_RD":"03/06/2026","Shape__Length_1":null,"Shape__Area":0.0007671712055525859,"Shape__Length":0.16488337029137826}},{"type":"Feature","id":27,"geometry":{"type":"Polygon","coordinates":[[[-88.94154,41.97886],[-88.9418,41.97886],[-88.96116,41.9787],[-88.96123,41.97868],[-88.96146,41.97867],[-88.98069,41.97849],[-88.98085,41.97848],[-88.98118,41.97848],[-88.98976,41.97839],[-88.98978,41.97853],[-88.98994,41.97947],[-89.05516,41.97897],[-89.05542,41.9922],[-89.05542,41.99236],[-89.05543,41.99249],[-89.05563,42.00002],[-89.05566,42.00665],[-89.05566,42.0073],[-89.05568,42.0085],[-89.05584,42.02125],[-89.05585,42.02167],[-89.05598,42.03575],[-89.05602,42.03586],[-89.05602,42.0359],[-89.05603,42.03601],[-89.0563,42.05015],[-89.0563,42.05037],[-89.0563,42.05048],[-89.0563,42.05055],[-89.05633,42.06396],[-89.0561,42.06397],[-89.05586,42.06397],[-89.04007,42.06411],[-89.0396,42.06411],[-89.03765,42.06413],[-89.03644,42.06414],[-89.02029,42.06432],[-89.0199,42.06433],[-89.01683,42.06437],[-89.0003,42.06455],[-89.00024,42.06455],[-88.99995,42.06455],[-88.99733,42.06458],[-88.98077,42.0647],[-88.98069,42.0647],[-88.97893,42.06471],[-88.97777,42.06472],[-88.96173,42.06486],[-88.96135,42.06487],[-88.9596,42.06489],[-88.95822,42.0649],[-88.9421,42.06505],[-88.9419,42.06505],[-88.94173,42.05191],[-88.94173,42.05175],[-88.94179,42.03763],[-88.94179,42.03707],[-88.9418,42.03443],[-88.9418,42.0343],[-88.94185,42.02322],[-88.94185,42.02248],[-88.94176,42.01164],[-88.94173,42.00851],[-88.94173,42.00798],[-88.94175,42.0052],[-88.94175,42.00517],[-88.94179,42.00001],[-88.94176,41.99352],[-88.94176,41.99342],[-88.94157,41.97909],[-88.94154,41.97886]]]},"properties":{"OBJECTID":27,"Join_Count":1,"TARGET_FID":27,"JOIN_FID":588,"ASSET_NAME":"327","Feeder":"B265","Feeder_N":"F5312","PV_HC_kW":0,"EV_HC_kW":180,"BESS_HC":0,"ORIG_FID":270,"Feeder_Q":0,"SS_N":"S0686","Queue_RD":"03/06/2026","Shape__Length_1":null,"Shape__Area":0.009758831520684907,"Shape__Length":0.40017130888409863}},{"type":"Feature","id":28,"geometry":{"type":"Polygon","coordinates":[[[-88.1283,41.20373],[-88.14757,41.20351],[-88.16675,41.20308],[-88.186,41.20278],[-88.20525,41.20238],[-88.22404,41.20195],[-88.24361,41.20159],[-88.24393,41.21599],[-88.24429,41.23084],[-88.24527,41.24519],[-88.24617,41.25951],[-88.24652,41.2742],[-88.24703,41.28854],[-88.22765,41.28899],[-88.20851,41.28926],[-88.18922,41.28972],[-88.1888,41.28973],[-88.17045,41.29026],[-88.16975,41.29027],[-88.15076,41.29061],[-88.13155,41.291],[-88.13119,41.27995],[-88.13109,41.27654],[-88.13074,41.26199],[-88.13023,41.24736],[-88.12967,41.23298],[-88.129,41.21832],[-88.1283,41.20373]]]},"properties":{"OBJECTID":28,"Join_Count":1,"TARGET_FID":28,"JOIN_FID":2996,"ASSET_NAME":"563","Feeder":"L14966","Feeder_N":"F1830","PV_HC_kW":15694.26,"EV_HC_kW":2940,"BESS_HC":2940,"ORIG_FID":280,"Feeder_Q":0,"SS_N":"S0672","Queue_RD":"03/06/2026","Shape__Length_1":null,"Shape__Area":0.010029833351836714,"Shape__Length":0.40521106476141316}},{"type":"Feature","id":29,"geometry":{"type":"Polygon","coordinates":[[[-87.90249,41.38151],[-87.9218,41.38136],[-87.94103,41.38111],[-87.96039,41.38078],[-87.97921,41.38055],[-87.97955,41.38055],[-87.99835,41.38033],[-87.99968,41.38036],[-87.99896,41.38091],[-87.99969,41.3809],[-88.01902,41.38034],[-88.01959,41.39486],[-88.02014,41.40935],[-88.02064,41.42399],[-88.0211,41.43857],[-88.02156,41.45305],[-88.02201,41.46763],[-88.00257,41.46788],[-87.98349,41.46838],[-87.96425,41.4687],[-87.94495,41.46897],[-87.92567,41.46928],[-87.90636,41.4697],[-87.90577,41.45498],[-87.90565,41.45188],[-87.90359,41.45344],[-87.90332,41.43966],[-87.90308,41.4252],[-87.90288,41.4106],[-87.90264,41.396],[-87.90249,41.38151]]]},"properties":{"OBJECTID":29,"Join_Count":1,"TARGET_FID":29,"JOIN_FID":2993,"ASSET_NAME":"505","Feeder":"L14952","Feeder_N":"F5491","PV_HC_kW":3250,"EV_HC_kW":4590,"BESS_HC":3250,"ORIG_FID":291,"Feeder_Q":0,"SS_N":"S0672","Queue_RD":"03/06/2026","Shape__Length_1":null,"Shape__Area":0.01027583056406911,"Shape__Length":0.4135274724739404}},{"type":"Feature","id":30,"geometry":{"type":"Polygon","coordinates":[[[-87.77146,41.00564],[-87.77146,41.00555],[-87.77146,41.00542],[-87.77145,41.00536],[-87.78107,41.00527],[-87.7881,41.00521],[-87.7881,41.00521],[-87.79069,41.00519],[-87.80017,41.00511],[-87.80965,41.00502],[-87.81326,41.00494],[-87.81354,41.00493],[-87.81911,41.0048],[-87.82857,41.00457],[-87.83839,41.0044],[-87.83908,41.00439],[-87.83908,41.00439],[-87.84821,41.00424],[-87.85795,41.00402],[-87.86769,41.0038],[-87.87114,41.00374],[-87.87114,41.00352],[-87.87113,41.00329],[-87.886,41.0029],[-87.886,41.00346],[-87.88619,41.01789],[-87.88657,41.03251],[-87.86809,41.03283],[-87.84901,41.03316],[-87.8298,41.03338],[-87.82957,41.03338],[-87.81036,41.03368],[-87.79121,41.03421],[-87.77194,41.03445],[-87.7717,41.02011],[-87.77169,41.01984],[-87.77146,41.00564]]]},"properties":{"OBJECTID":30,"Join_Count":1,"TARGET_FID":30,"JOIN_FID":2827,"ASSET_NAME":"657","Feeder":"K325","Feeder_N":"F1538","PV_HC_kW":0,"EV_HC_kW":420,"BESS_HC":0,"ORIG_FID":292,"Feeder_Q":2000,"SS_N":"S0725","Queue_RD":"03/06/2026","Shape__Length_1":null,"Shape__Area":0.003320882585740037,"Shape__Length":0.28837800620306003}},{"type":"Feature","id":31,"geometry":{"type":"Polygon","coordinates":[[[-89.04858,41.19245],[-89.04842,41.17798],[-89.04841,41.17762],[-89.04813,41.16306],[-89.04787,41.14828],[-89.04752,41.13366],[-89.04725,41.11941],[-89.04697,41.10477],[-89.048,41.10474],[-89.06579,41.10461],[-89.06672,41.10459],[-89.0854,41.10445],[-89.0861,41.10444],[-89.10474,41.10438],[-89.10518,41.10438],[-89.10984,41.10442],[-89.12367,41.1045],[-89.12438,41.1045],[-89.14275,41.10441],[-89.14353,41.10432],[-89.1577,41.10416],[-89.15775,41.11101],[-89.159,41.111],[-89.15899,41.1098],[-89.15895,41.10956],[-89.16014,41.10955],[-89.16013,41.10981],[-89.16018,41.11107],[-89.16021,41.11186],[-89.15776,41.11187],[-89.15781,41.1186],[-89.15793,41.13314],[-89.15804,41.14772],[-89.15839,41.19229],[-89.15839,41.19253],[-89.15838,41.19254],[-89.14484,41.19265],[-89.14427,41.19265],[-89.12568,41.19271],[-89.12479,41.19272],[-89.10656,41.19248],[-89.1051,41.19246],[-89.08722,41.19228],[-89.0863,41.19228],[-89.06768,41.19216],[-89.04858,41.19245]]]},"properties":{"OBJECTID":31,"Join_Count":1,"TARGET_FID":31,"JOIN_FID":3026,"ASSET_NAME":"585","Feeder":"L18262","Feeder_N":"F1874","PV_HC_kW":0,"EV_HC_kW":3580,"BESS_HC":0,"ORIG_FID":295,"Feeder_Q":14474,"SS_N":"S0689","Queue_RD":"03/06/2026","Shape__Length_1":null,"Shape__Area":0.009702013091782646,"Shape__Length":0.40438643549666575}},{"type":"Feature","id":32,"geometry":{"type":"Polygon","coordinates":[[[-89.74827,42.2851],[-89.74827,42.285],[-89.74817,42.27095],[-89.74816,42.27064],[-89.74816,42.27044],[-89.74816,42.27029],[-89.74794,42.26094],[-89.74783,42.25616],[-89.74782,42.25587],[-89.7477,42.24157],[-89.74707,42.22717],[-89.74667,42.21268],[-89.74656,42.19803],[-89.76582,42.1983],[-89.78551,42.19819],[-89.80544,42.1982],[-89.82469,42.19816],[-89.82506,42.19816],[-89.84444,42.19778],[-89.84481,42.19778],[-89.86089,42.1977],[-89.86116,42.21161],[-89.86113,42.21257],[-89.86116,42.22654],[-89.86114,42.22728],[-89.86117,42.24062],[-89.86118,42.2421],[-89.86142,42.25482],[-89.86143,42.2556],[-89.86143,42.25582],[-89.86145,42.25636],[-89.86172,42.26933],[-89.86175,42.27063],[-89.86175,42.27093],[-89.86175,42.27113],[-89.86222,42.28368],[-89.86223,42.28389],[-89.86218,42.28389],[-89.84618,42.284],[-89.84591,42.28401],[-89.84584,42.28401],[-89.82681,42.2841],[-89.82648,42.28411],[-89.8075,42.28435],[-89.80665,42.28436],[-89.78754,42.28453],[-89.78731,42.28453],[-89.76775,42.2848],[-89.74998,42.28512],[-89.74827,42.2851]]]},"properties":{"OBJECTID":32,"Join_Count":1,"TARGET_FID":32,"JOIN_FID":640,"ASSET_NAME":"228","Feeder":"B703","Feeder_N":"F5414","PV_HC_kW":174.76,"EV_HC_kW":960,"BESS_HC":174.76,"ORIG_FID":300,"Feeder_Q":33.74,"SS_N":"S0557","Queue_RD":"03/06/2026","Shape__Length_1":null,"Shape__Area":0.009830364098434075,"Shape__Length":0.401600006901488}},{"type":"Feature","id":33,"geometry":{"type":"Polygon","coordinates":[[[-88.70549,42.15351],[-88.70551,42.13915],[-88.70551,42.13908],[-88.70557,42.12501],[-88.70557,42.12462],[-88.70557,42.12452],[-88.70544,42.11015],[-88.70544,42.10994],[-88.70544,42.10982],[-88.70531,42.09557],[-88.70531,42.09545],[-88.70531,42.09537],[-88.70522,42.08102],[-88.70522,42.0809],[-88.70521,42.08079],[-88.7049,42.06644],[-88.70787,42.06645],[-88.7155,42.06643],[-88.72136,42.06641],[-88.7237,42.06641],[-88.72439,42.06641],[-88.73494,42.0664],[-88.7439,42.0664],[-88.74998,42.0664],[-88.75304,42.06637],[-88.75449,42.06637],[-88.76081,42.06636],[-88.76341,42.06635],[-88.76357,42.06635],[-88.77378,42.06634],[-88.78272,42.06633],[-88.78284,42.06633],[-88.78465,42.06633],[-88.79318,42.0663],[-88.79991,42.06627],[-88.80225,42.06626],[-88.80544,42.06625],[-88.81245,42.0662],[-88.82178,42.06612],[-88.82175,42.06615],[-88.82175,42.06621],[-88.82175,42.06626],[-88.82189,42.08066],[-88.82189,42.08093],[-88.82209,42.09518],[-88.82209,42.09543],[-88.82219,42.10964],[-88.82219,42.10968],[-88.82219,42.10974],[-88.82224,42.11801],[-88.82229,42.12405],[-88.82229,42.12424],[-88.82229,42.12433],[-88.82229,42.125],[-88.82227,42.13128],[-88.82224,42.13866],[-88.82224,42.13876],[-88.82224,42.13879],[-88.82224,42.13888],[-88.82227,42.15342],[-88.82211,42.15342],[-88.80324,42.15345],[-88.80305,42.15345],[-88.80287,42.15345],[-88.8028,42.15345],[-88.78361,42.15349],[-88.78346,42.15349],[-88.7642,42.15352],[-88.7641,42.15352],[-88.76403,42.15352],[-88.76394,42.15352],[-88.76387,42.15352],[-88.76358,42.15352],[-88.74999,42.15351],[-88.74474,42.15353],[-88.74457,42.15353],[-88.72509,42.15357],[-88.725,42.15358],[-88.70549,42.15351]]]},"properties":{"OBJECTID":33,"Join_Count":1,"TARGET_FID":33,"JOIN_FID":552,"ASSET_NAME":"352","Feeder":"B171","Feeder_N":"F5240","PV_HC_kW":260.11,"EV_HC_kW":90,"BESS_HC":90,"ORIG_FID":304,"Feeder_Q":0,"SS_N":"S0655","Queue_RD":"03/06/2026","Shape__Length_1":null,"Shape__Area":0.010176216232594015,"Shape__Length":0.4080405458643551}},{"type":"Feature","id":34,"geometry":{"type":"Polygon","coordinates":[[[-87.52673,41.20896],[-87.52777,41.20897],[-87.52812,41.20897],[-87.5475,41.20876],[-87.5478,41.22342],[-87.54824,41.23798],[-87.54852,41.25265],[-87.54896,41.26721],[-87.54947,41.28188],[-87.54978,41.29779],[-87.53437,41.29801],[-87.53072,41.29802],[-87.52673,41.29805],[-87.52675,41.28265],[-87.52672,41.268],[-87.5266,41.25332],[-87.52672,41.23848],[-87.52672,41.22399],[-87.52673,41.20896]]]},"properties":{"OBJECTID":34,"Join_Count":1,"TARGET_FID":34,"JOIN_FID":2835,"ASSET_NAME":"569","Feeder":"K445","Feeder_N":"F1554","PV_HC_kW":0,"EV_HC_kW":130,"BESS_HC":0,"ORIG_FID":307,"Feeder_Q":4000,"SS_N":"S0728","Queue_RD":"03/06/2026","Shape__Length_1":null,"Shape__Area":0.0019521481183346623,"Shape__Length":0.2219788046010889}},{"type":"Feature","id":35,"geometry":{"type":"Polygon","coordinates":[[[-88.02201,41.46763],[-88.0411,41.46715],[-88.04135,41.46715],[-88.06027,41.46674],[-88.06039,41.46674],[-88.07964,41.46629],[-88.099,41.4658],[-88.11788,41.46514],[-88.11878,41.4651],[-88.13818,41.46473],[-88.13863,41.47913],[-88.13926,41.49334],[-88.14011,41.50744],[-88.14063,41.522],[-88.14114,41.53654],[-88.14164,41.55105],[-88.121,41.55167],[-88.10176,41.55217],[-88.08247,41.55261],[-88.06326,41.5531],[-88.04404,41.55359],[-88.02493,41.55413],[-88.02456,41.54],[-88.02455,41.5398],[-88.02398,41.5253],[-88.02355,41.51104],[-88.02355,41.51085],[-88.02303,41.49651],[-88.02243,41.48206],[-88.02201,41.46763]]]},"properties":{"OBJECTID":35,"Join_Count":1,"TARGET_FID":35,"JOIN_FID":2878,"ASSET_NAME":"494","Feeder":"L0954","Feeder_N":"F1640","PV_HC_kW":23900,"EV_HC_kW":15620,"BESS_HC":15620,"ORIG_FID":372,"Feeder_Q":0,"SS_N":"S0569","Queue_RD":"03/06/2026","Shape__Length_1":null,"Shape__Area":0.010070647062320859,"Shape__Length":0.40588500075295403}},{"type":"Feature","id":36,"geometry":{"type":"Polygon","coordinates":[[[-89.7497,42.37191],[-89.7497,42.37178],[-89.74968,42.36946],[-89.74956,42.35796],[-89.74955,42.35758],[-89.74955,42.35751],[-89.74955,42.35736],[-89.74923,42.34347],[-89.74923,42.3434],[-89.74923,42.34303],[-89.74922,42.3429],[-89.74904,42.32875],[-89.74904,42.32859],[-89.74903,42.32848],[-89.74903,42.32841],[-89.74879,42.31428],[-89.74878,42.31403],[-89.74878,42.3137],[-89.74853,42.29982],[-89.74853,42.29962],[-89.74852,42.29937],[-89.74827,42.2851],[-89.74998,42.28512],[-89.76775,42.2848],[-89.78731,42.28453],[-89.78754,42.28453],[-89.80665,42.28436],[-89.8075,42.28435],[-89.82648,42.28411],[-89.82681,42.2841],[-89.84584,42.28401],[-89.84591,42.28401],[-89.84618,42.284],[-89.86218,42.28389],[-89.86223,42.28389],[-89.86252,42.29786],[-89.86253,42.29837],[-89.86253,42.29843],[-89.86253,42.2985],[-89.86288,42.31265],[-89.86288,42.31282],[-89.86289,42.3131],[-89.86323,42.32688],[-89.86325,42.32742],[-89.86325,42.32764],[-89.86326,42.3278],[-89.86358,42.34198],[-89.86359,42.34215],[-89.86359,42.34236],[-89.86407,42.35658],[-89.86407,42.35662],[-89.86407,42.35691],[-89.86408,42.35694],[-89.86408,42.35706],[-89.86411,42.35785],[-89.86455,42.37152],[-89.86455,42.37177],[-89.86445,42.37177],[-89.84795,42.3718],[-89.84769,42.3718],[-89.84765,42.3718],[-89.82839,42.37184],[-89.82814,42.37184],[-89.80872,42.37188],[-89.80853,42.37188],[-89.80845,42.37187],[-89.78913,42.37191],[-89.78906,42.37191],[-89.78895,42.37191],[-89.76946,42.37196],[-89.76939,42.37196],[-89.76934,42.37196],[-89.7693,42.37196],[-89.75,42.37191],[-89.7497,42.37191]]]},"properties":{"OBJECTID":36,"Join_Count":1,"TARGET_FID":36,"JOIN_FID":608,"ASSET_NAME":"227","Feeder":"B425","Feeder_N":"F5352","PV_HC_kW":0,"EV_HC_kW":1170,"BESS_HC":0,"ORIG_FID":379,"Feeder_Q":0,"SS_N":"S0688","Queue_RD":"03/06/2026","Shape__Length_1":null,"Shape__Area":0.009997366888683246,"Shape__Length":0.4035572655907949}},{"type":"Feature","id":37,"geometry":{"type":"MultiPolygon","coordinates":[[[[-89.16173,41.0155],[-89.17145,41.01524],[-89.17145,41.01524],[-89.17148,41.02238],[-89.17157,41.02969],[-89.17166,41.03683],[-89.16196,41.03692],[-89.16174,41.03033],[-89.16171,41.02978],[-89.16173,41.0155]]],[[[-89.17074,41.08085],[-89.17185,41.08081],[-89.17185,41.08085],[-89.17197,41.08784],[-89.16214,41.08832],[-89.16198,41.08833],[-89.16186,41.08115],[-89.16212,41.08114],[-89.17074,41.08085]]]]},"properties":{"OBJECTID":37,"Join_Count":0,"TARGET_FID":37,"JOIN_FID":-1,"ASSET_NAME":"614","Feeder":null,"Feeder_N":null,"PV_HC_kW":null,"EV_HC_kW":null,"BESS_HC":0,"ORIG_FID":387,"Feeder_Q":null,"SS_N":null,"Queue_RD":null,"Shape__Length_1":null,"Shape__Area":0.0002812838329191436,"Shape__Length":0.09664788079178153}},{"type":"Feature","id":38,"geometry":{"type":"Polygon","coordinates":[[[-89.86227,41.84436],[-89.88168,41.84433],[-89.90126,41.84433],[-89.92071,41.84445],[-89.94032,41.84423],[-89.95936,41.84431],[-89.97826,41.84406],[-89.97807,41.85858],[-89.97797,41.87297],[-89.97801,41.88741],[-89.9782,41.9016],[-89.97844,41.91655],[-89.97854,41.91655],[-89.97842,41.93108],[-89.95921,41.93108],[-89.95841,41.93111],[-89.94885,41.93115],[-89.9487,41.93114],[-89.93911,41.93117],[-89.91953,41.9312],[-89.90992,41.93128],[-89.90032,41.93137],[-89.90032,41.93137],[-89.88088,41.93131],[-89.87155,41.9314],[-89.87131,41.9314],[-89.86174,41.9315],[-89.86166,41.91711],[-89.86159,41.91711],[-89.86166,41.90279],[-89.86166,41.90243],[-89.86165,41.8881],[-89.86165,41.88754],[-89.86199,41.87353],[-89.862,41.87317],[-89.86224,41.85914],[-89.86224,41.85876],[-89.86227,41.84436]]]},"properties":{"OBJECTID":38,"Join_Count":1,"TARGET_FID":38,"JOIN_FID":2460,"ASSET_NAME":"216","Feeder":"H261","Feeder_N":"F3019","PV_HC_kW":0,"EV_HC_kW":700,"BESS_HC":0,"ORIG_FID":388,"Feeder_Q":0,"SS_N":"S0662","Queue_RD":"03/06/2026","Shape__Length_1":null,"Shape__Area":0.01011137746309032,"Shape__Length":0.40699861424524325}},{"type":"Feature","id":39,"geometry":{"type":"Polygon","coordinates":[[[-89.27906,42.20339],[-89.29844,42.20327],[-89.29855,42.20337],[-89.31755,42.2029],[-89.31787,42.20289],[-89.31808,42.20287],[-89.33697,42.20273],[-89.33751,42.20273],[-89.33787,42.20273],[-89.35627,42.2026],[-89.35702,42.2026],[-89.37614,42.20241],[-89.39592,42.20219],[-89.39612,42.21714],[-89.39653,42.23153],[-89.39681,42.24619],[-89.39681,42.24999],[-89.397,42.25977],[-89.39701,42.26004],[-89.39712,42.26772],[-89.39721,42.2743],[-89.39721,42.27457],[-89.39726,42.28055],[-89.39732,42.28868],[-89.39728,42.28868],[-89.39708,42.28869],[-89.37832,42.28918],[-89.37828,42.28918],[-89.37498,42.28923],[-89.35931,42.28918],[-89.35883,42.28918],[-89.33978,42.28934],[-89.33932,42.28935],[-89.31993,42.28944],[-89.31977,42.28944],[-89.30061,42.28959],[-89.30056,42.28959],[-89.30035,42.28959],[-89.2812,42.28963],[-89.28103,42.28191],[-89.28089,42.27571],[-89.28088,42.27566],[-89.28088,42.27534],[-89.28088,42.27518],[-89.28063,42.26158],[-89.28062,42.26108],[-89.28062,42.26077],[-89.27998,42.24725],[-89.27978,42.23269],[-89.27923,42.21827],[-89.27906,42.20339]]]},"properties":{"OBJECTID":39,"Join_Count":1,"TARGET_FID":39,"JOIN_FID":3403,"ASSET_NAME":"284","Feeder":"R6281","Feeder_N":"F2634","PV_HC_kW":0,"EV_HC_kW":760,"BESS_HC":0,"ORIG_FID":390,"Feeder_Q":1650,"SS_N":"S0679","Queue_RD":"03/06/2026","Shape__Length_1":null,"Shape__Area":0.010092532625321837,"Shape__Length":0.4058098666577889}},{"type":"Feature","id":40,"geometry":{"type":"Polygon","coordinates":[[[-88.48724,41.63195],[-88.506,41.63179],[-88.50604,41.63179],[-88.50619,41.63179],[-88.50644,41.63178],[-88.52567,41.63178],[-88.5259,41.63179],[-88.54518,41.63163],[-88.54524,41.63163],[-88.54535,41.63163],[-88.56454,41.63153],[-88.58379,41.63142],[-88.5839,41.63142],[-88.60204,41.63143],[-88.60214,41.63143],[-88.60218,41.6373],[-88.60223,41.64577],[-88.60223,41.64588],[-88.60236,41.66028],[-88.60236,41.66042],[-88.60267,41.67482],[-88.60267,41.67498],[-88.60292,41.68938],[-88.60292,41.68953],[-88.60324,41.7038],[-88.60324,41.70405],[-88.60339,41.70963],[-88.60364,41.71951],[-88.60342,41.71951],[-88.60193,41.71955],[-88.5863,41.71975],[-88.5856,41.71976],[-88.58556,41.71976],[-88.56665,41.71991],[-88.56656,41.71991],[-88.56619,41.71992],[-88.56612,41.71992],[-88.56562,41.71993],[-88.54779,41.72012],[-88.54771,41.72012],[-88.5469,41.72013],[-88.54362,41.7202],[-88.53815,41.72032],[-88.52827,41.72054],[-88.52755,41.72055],[-88.52742,41.72055],[-88.51892,41.72067],[-88.51807,41.72068],[-88.50889,41.72082],[-88.50864,41.72083],[-88.50816,41.72083],[-88.49999,41.72092],[-88.48949,41.72103],[-88.48914,41.70453],[-88.48914,41.70448],[-88.48894,41.69002],[-88.48894,41.68982],[-88.48851,41.67545],[-88.48851,41.67531],[-88.48817,41.66089],[-88.48817,41.66077],[-88.48785,41.6464],[-88.48724,41.63195]]]},"properties":{"OBJECTID":40,"Join_Count":1,"TARGET_FID":40,"JOIN_FID":2991,"ASSET_NAME":"470","Feeder":"L14651","Feeder_N":"F1826","PV_HC_kW":9039.93,"EV_HC_kW":3940,"BESS_HC":3940,"ORIG_FID":399,"Feeder_Q":3600,"SS_N":"S0671","Queue_RD":"03/06/2026","Shape__Length_1":null,"Shape__Area":0.010121731977505988,"Shape__Length":0.406274921646824}},{"type":"Feature","id":41,"geometry":{"type":"Polygon","coordinates":[[[-89.74707,41.58437],[-89.74483,41.58437],[-89.74478,41.58437],[-89.74441,41.57276],[-89.74429,41.5692],[-89.74429,41.56917],[-89.74428,41.56879],[-89.74371,41.55478],[-89.7437,41.55473],[-89.74372,41.5547],[-89.74368,41.55435],[-89.74368,41.55431],[-89.74339,41.5403],[-89.74339,41.54022],[-89.74334,41.53984],[-89.74334,41.53978],[-89.74301,41.52573],[-89.743,41.52536],[-89.743,41.52499],[-89.743,41.52499],[-89.743,41.52519],[-89.74337,41.52519],[-89.77202,41.52505],[-89.77202,41.51832],[-89.77202,41.51213],[-89.80519,41.51183],[-89.80523,41.50397],[-89.80595,41.50395],[-89.81071,41.50396],[-89.82036,41.50399],[-89.82997,41.50401],[-89.85357,41.49939],[-89.85722,41.49868],[-89.85723,41.49998],[-89.85731,41.51123],[-89.85731,41.51141],[-89.85732,41.51829],[-89.85803,41.51829],[-89.8581,41.51829],[-89.8591,41.51829],[-89.85906,41.51833],[-89.85939,41.52572],[-89.8594,41.52591],[-89.8594,41.52599],[-89.86002,41.54019],[-89.86004,41.54036],[-89.86004,41.54043],[-89.86077,41.55474],[-89.86077,41.55489],[-89.8615,41.56917],[-89.8615,41.56922],[-89.86238,41.58397],[-89.84315,41.58398],[-89.84112,41.58399],[-89.84097,41.58399],[-89.82394,41.58406],[-89.82184,41.58407],[-89.82144,41.58407],[-89.8047,41.58414],[-89.80281,41.58414],[-89.80244,41.58414],[-89.80238,41.58414],[-89.78542,41.58421],[-89.78364,41.58421],[-89.78304,41.58422],[-89.76622,41.58433],[-89.76427,41.58434],[-89.76366,41.58434],[-89.75008,41.58438],[-89.74707,41.58437]]]},"properties":{"OBJECTID":41,"Join_Count":1,"TARGET_FID":41,"JOIN_FID":2470,"ASSET_NAME":"236","Feeder":"H365","Feeder_N":"F3303","PV_HC_kW":0.48,"EV_HC_kW":720,"BESS_HC":0.48,"ORIG_FID":404,"Feeder_Q":0,"SS_N":"S0657","Queue_RD":"03/06/2026","Shape__Length_1":null,"Shape__Area":0.008527760385277361,"Shape__Length":0.3998789313462452}},{"type":"Feature","id":42,"geometry":{"type":"Polygon","coordinates":[[[-89.86223,42.28389],[-89.86222,42.28368],[-89.86175,42.27113],[-89.86175,42.27093],[-89.86175,42.27063],[-89.86172,42.26933],[-89.86145,42.25636],[-89.86143,42.25582],[-89.86143,42.2556],[-89.86142,42.25482],[-89.86118,42.2421],[-89.86117,42.24062],[-89.86114,42.22728],[-89.86116,42.22654],[-89.86113,42.21257],[-89.86116,42.21161],[-89.86089,42.1977],[-89.86089,42.19743],[-89.86088,42.19688],[-89.88024,42.19639],[-89.90018,42.19636],[-89.91966,42.19675],[-89.92965,42.20423],[-89.93077,42.20508],[-89.93964,42.21176],[-89.94938,42.21898],[-89.9574,42.22483],[-89.9779,42.22515],[-89.9779,42.22604],[-89.9783,42.24103],[-89.97837,42.25457],[-89.97837,42.25471],[-89.97842,42.269],[-89.97842,42.26911],[-89.97842,42.26924],[-89.97849,42.2794],[-89.97852,42.2836],[-89.95956,42.28349],[-89.95947,42.28349],[-89.95933,42.28349],[-89.94714,42.28362],[-89.94032,42.2837],[-89.94012,42.2837],[-89.93998,42.2837],[-89.93779,42.28371],[-89.92184,42.28382],[-89.92094,42.28383],[-89.92046,42.28383],[-89.90885,42.28391],[-89.90145,42.28396],[-89.90122,42.28396],[-89.90102,42.28396],[-89.88241,42.28397],[-89.88207,42.28397],[-89.87495,42.28394],[-89.86246,42.28389],[-89.86223,42.28389]]]},"properties":{"OBJECTID":42,"Join_Count":1,"TARGET_FID":42,"JOIN_FID":620,"ASSET_NAME":"212","Feeder":"B491","Feeder_N":"F5519","PV_HC_kW":0,"EV_HC_kW":840,"BESS_HC":0,"ORIG_FID":408,"Feeder_Q":0,"SS_N":"S0688","Queue_RD":"03/06/2026","Shape__Length_1":null,"Shape__Area":0.009069614849067875,"Shape__Length":0.3881056243100428}},{"type":"Feature","id":43,"geometry":{"type":"Polygon","coordinates":[[[-87.81497,42.2394],[-87.81245,42.23231],[-87.81245,42.23229],[-87.81228,42.23181],[-87.81228,42.23181],[-87.81195,42.23041],[-87.81158,42.22882],[-87.81069,42.22684],[-87.81063,42.22676],[-87.81063,42.22676],[-87.81026,42.22624],[-87.81026,42.22624],[-87.81005,42.22594],[-87.80935,42.22514],[-87.8092,42.22501],[-87.80919,42.225],[-87.80779,42.22381],[-87.80676,42.22293],[-87.80678,42.22231],[-87.80578,42.22034],[-87.80312,42.21321],[-87.80226,42.21113],[-87.80214,42.21094],[-87.80192,42.21094],[-87.80174,42.21065],[-87.80117,42.20966],[-87.79921,42.20696],[-87.79826,42.20587],[-87.79705,42.20417],[-87.7968,42.20372],[-87.79654,42.2025],[-87.79648,42.20239],[-87.79669,42.20231],[-87.7963,42.20167],[-87.79574,42.20124],[-87.79564,42.20116],[-87.79563,42.20115],[-87.79567,42.20113],[-87.7958,42.20106],[-87.79548,42.20074],[-87.79543,42.20064],[-87.79528,42.20037],[-87.79528,42.20037],[-87.79514,42.20008],[-87.79506,42.2],[-87.79488,42.19967],[-87.7948,42.19957],[-87.7946,42.19933],[-87.79432,42.19899],[-87.79438,42.1988],[-87.79374,42.19826],[-87.79332,42.19782],[-87.79298,42.19745],[-87.79298,42.19745],[-87.7931,42.19738],[-87.79232,42.19667],[-87.79246,42.19649],[-87.79199,42.19608],[-87.79186,42.19596],[-87.79174,42.19585],[-87.79179,42.19563],[-87.79179,42.19562],[-87.79162,42.19535],[-87.79141,42.19504],[-87.79139,42.19481],[-87.79049,42.19389],[-87.78958,42.1929],[-87.7887,42.19211],[-87.78847,42.1919],[-87.78834,42.19184],[-87.78834,42.19184],[-87.78798,42.19152],[-87.78786,42.19141],[-87.78779,42.19138],[-87.78756,42.19135],[-87.78749,42.19133],[-87.78695,42.1906],[-87.78694,42.19058],[-87.78715,42.19036],[-87.78716,42.19016],[-87.78709,42.19],[-87.78718,42.18992],[-87.78723,42.18977],[-87.78724,42.18944],[-87.78725,42.18944],[-87.78709,42.18884],[-87.78555,42.18677],[-87.78514,42.18636],[-87.78481,42.18603],[-87.78419,42.1853],[-87.78376,42.18478],[-87.78318,42.18413],[-87.7819,42.18263],[-87.78103,42.18146],[-87.78092,42.18131],[-87.78042,42.18059],[-87.7803,42.18043],[-87.78029,42.18041],[-87.78002,42.17987],[-87.77995,42.17983],[-87.77994,42.17983],[-87.77986,42.17986],[-87.77986,42.17986],[-87.77959,42.17944],[-87.77964,42.17941],[-87.77967,42.17939],[-87.77966,42.17939],[-87.77965,42.17931],[-87.77931,42.17884],[-87.77871,42.17802],[-87.77769,42.17669],[-87.7776,42.17659],[-87.77759,42.17658],[-87.7767,42.17563],[-87.77663,42.17556],[-87.77513,42.17415],[-87.77513,42.17409],[-87.77486,42.17381],[-87.77458,42.17347],[-87.77458,42.17347],[-87.77428,42.17295],[-87.7737,42.1724],[-87.7735,42.17226],[-87.7735,42.17222],[-87.77309,42.17168],[-87.77267,42.17131],[-87.77274,42.1712],[-87.77227,42.17075],[-87.77226,42.17074],[-87.77136,42.16966],[-87.77051,42.16894],[-87.76988,42.16827],[-87.76983,42.16821],[-87.76963,42.16799],[-87.76952,42.16677],[-87.76995,42.15238],[-87.78946,42.15253],[-87.80903,42.15264],[-87.82835,42.15274],[-87.82857,42.15274],[-87.82876,42.15274],[-87.84814,42.15284],[-87.86737,42.15292],[-87.86764,42.15292],[-87.86787,42.15292],[-87.88732,42.15296],[-87.88709,42.16742],[-87.88686,42.18194],[-87.88665,42.19651],[-87.88654,42.21101],[-87.88631,42.22548],[-87.88625,42.23985],[-87.86681,42.23981],[-87.86669,42.23981],[-87.84746,42.23981],[-87.84722,42.23981],[-87.828,42.23954],[-87.82761,42.23954],[-87.82761,42.23957],[-87.81497,42.2394]]]},"properties":{"OBJECTID":43,"Join_Count":1,"TARGET_FID":43,"JOIN_FID":3083,"ASSET_NAME":"416","Feeder":"L4866","Feeder_N":"F1970","PV_HC_kW":11112.11,"EV_HC_kW":8450,"BESS_HC":8450,"ORIG_FID":486,"Feeder_Q":0,"SS_N":"S0709","Queue_RD":"03/06/2026","Shape__Length_1":null,"Shape__Area":0.008317970143025377,"Shape__Length":0.37944579454899224}},{"type":"Feature","id":44,"geometry":{"type":"Polygon","coordinates":[[[-89.39732,41.93116],[-89.39726,41.91676],[-89.39734,41.91676],[-89.3981,41.90274],[-89.39809,41.88849],[-89.39813,41.88779],[-89.39888,41.87362],[-89.39931,41.85922],[-89.39999,41.8449],[-89.41901,41.84494],[-89.43859,41.8449],[-89.4577,41.8447],[-89.47675,41.84475],[-89.49615,41.8447],[-89.51494,41.84459],[-89.5146,41.85915],[-89.51408,41.8735],[-89.51367,41.88789],[-89.51342,41.90233],[-89.51318,41.91637],[-89.51254,41.93085],[-89.49338,41.93071],[-89.47439,41.93096],[-89.45496,41.93089],[-89.43549,41.93109],[-89.4165,41.93118],[-89.39732,41.93116]]]},"properties":{"OBJECTID":44,"Join_Count":1,"TARGET_FID":44,"JOIN_FID":2913,"ASSET_NAME":"274","Feeder":"L10764","Feeder_N":"F1680","PV_HC_kW":5270.5,"EV_HC_kW":6130,"BESS_HC":5270.5,"ORIG_FID":495,"Feeder_Q":0,"SS_N":"S0643","Queue_RD":"03/06/2026","Shape__Length_1":null,"Shape__Area":0.009944131964857661,"Shape__Length":0.4028853228372536}},{"type":"Feature","id":45,"geometry":{"type":"Polygon","coordinates":[[[-89.40123,42.50046],[-89.40099,42.49114],[-89.40097,42.49043],[-89.40045,42.47703],[-89.40043,42.47648],[-89.40041,42.47582],[-89.40038,42.47504],[-89.39996,42.46201],[-89.39993,42.46153],[-89.41911,42.46142],[-89.41921,42.46142],[-89.41943,42.46142],[-89.43861,42.46131],[-89.43882,42.46131],[-89.45813,42.46127],[-89.45849,42.46127],[-89.47759,42.46127],[-89.4779,42.46126],[-89.49715,42.46122],[-89.49725,42.46122],[-89.49736,42.46122],[-89.5,42.46119],[-89.51637,42.46113],[-89.51656,42.46113],[-89.51649,42.47555],[-89.51649,42.47564],[-89.51649,42.47578],[-89.51634,42.48996],[-89.51635,42.49017],[-89.51649,42.50186],[-89.50957,42.50165],[-89.50957,42.50165],[-89.50739,42.50159],[-89.50486,42.50157],[-89.50486,42.50157],[-89.4983,42.50152],[-89.479,42.50133],[-89.46905,42.50123],[-89.46905,42.50123],[-89.46904,42.50123],[-89.46904,42.50123],[-89.46904,42.50123],[-89.44965,42.50096],[-89.43036,42.50077],[-89.42277,42.50069],[-89.40123,42.50046]]]},"properties":{"OBJECTID":45,"Join_Count":1,"TARGET_FID":45,"JOIN_FID":630,"ASSET_NAME":"267","Feeder":"B551","Feeder_N":"F5394","PV_HC_kW":0,"EV_HC_kW":50,"BESS_HC":0,"ORIG_FID":497,"Feeder_Q":0,"SS_N":"S0653","Queue_RD":"03/06/2026","Shape__Length_1":null,"Shape__Area":0.004609684979868689,"Shape__Length":0.31159461005836514}},{"type":"Feature","id":46,"geometry":{"type":"Polygon","coordinates":[[[-88.35604,41.11178],[-88.36326,41.11151],[-88.37502,41.11134],[-88.38206,41.11101],[-88.39419,41.11093],[-88.40142,41.11071],[-88.41338,41.11032],[-88.41547,41.11025],[-88.42078,41.11008],[-88.43246,41.1099],[-88.44031,41.10959],[-88.4517,41.1093],[-88.45931,41.10911],[-88.47032,41.10902],[-88.47122,41.12365],[-88.47115,41.13791],[-88.47156,41.15258],[-88.47118,41.16729],[-88.47173,41.18187],[-88.47169,41.19629],[-88.45555,41.19657],[-88.43629,41.19711],[-88.41699,41.19761],[-88.39782,41.19805],[-88.37883,41.19848],[-88.35969,41.19894],[-88.35899,41.1848],[-88.35898,41.18451],[-88.35838,41.16995],[-88.3578,41.15539],[-88.3572,41.14089],[-88.35693,41.12616],[-88.35604,41.11178]]]},"properties":{"OBJECTID":46,"Join_Count":1,"TARGET_FID":46,"JOIN_FID":2997,"ASSET_NAME":"591","Feeder":"L14968","Feeder_N":"F1832","PV_HC_kW":0,"EV_HC_kW":2990,"BESS_HC":0,"ORIG_FID":498,"Feeder_Q":21553.2,"SS_N":"Networked*","Queue_RD":"03/06/2026","Shape__Length_1":null,"Shape__Area":0.009908107012279288,"Shape__Length":0.4009148866720791}},{"type":"Feature","id":47,"geometry":{"type":"Polygon","coordinates":[[[-88.48872,41.72106],[-88.48949,41.72103],[-88.49999,41.72092],[-88.50816,41.72083],[-88.50864,41.72083],[-88.50889,41.72082],[-88.51807,41.72068],[-88.51892,41.72067],[-88.52742,41.72055],[-88.52755,41.72055],[-88.52827,41.72054],[-88.53815,41.72032],[-88.54362,41.7202],[-88.5469,41.72013],[-88.54771,41.72012],[-88.54779,41.72012],[-88.56562,41.71993],[-88.56612,41.71992],[-88.56619,41.71992],[-88.56656,41.71991],[-88.56665,41.71991],[-88.58556,41.71976],[-88.5856,41.71976],[-88.5863,41.71975],[-88.60193,41.71955],[-88.60193,41.71962],[-88.60197,41.73143],[-88.60197,41.73408],[-88.60196,41.73862],[-88.60191,41.74854],[-88.60191,41.74862],[-88.60191,41.75],[-88.60202,41.76295],[-88.60202,41.76302],[-88.60203,41.76338],[-88.60203,41.76354],[-88.60207,41.77748],[-88.60207,41.77786],[-88.60207,41.77805],[-88.60222,41.79201],[-88.6022,41.79259],[-88.60222,41.79264],[-88.60223,41.7932],[-88.60232,41.80653],[-88.58648,41.80684],[-88.58626,41.80685],[-88.58606,41.80685],[-88.56714,41.80714],[-88.56704,41.80714],[-88.5667,41.80715],[-88.54781,41.80745],[-88.54759,41.80745],[-88.54738,41.80745],[-88.54725,41.80745],[-88.52818,41.80771],[-88.52805,41.80771],[-88.52795,41.80771],[-88.5245,41.80777],[-88.50873,41.80806],[-88.50868,41.80807],[-88.50858,41.80806],[-88.48943,41.80843],[-88.48934,41.79399],[-88.48934,41.79389],[-88.4892,41.77949],[-88.4892,41.77932],[-88.48908,41.7649],[-88.48908,41.76472],[-88.48887,41.75039],[-88.48887,41.75024],[-88.48884,41.73572],[-88.48884,41.73561],[-88.48872,41.72106]]]},"properties":{"OBJECTID":47,"Join_Count":1,"TARGET_FID":47,"JOIN_FID":2505,"ASSET_NAME":"460","Feeder":"H661","Feeder_N":"F3903","PV_HC_kW":54.25,"EV_HC_kW":1870,"BESS_HC":54.25,"ORIG_FID":503,"Feeder_Q":0,"SS_N":"S0284","Queue_RD":"03/06/2026","Shape__Length_1":null,"Shape__Area":0.009854057010443285,"Shape__Length":0.40049024891826146}},{"type":"Feature","id":48,"geometry":{"type":"Polygon","coordinates":[[[-88.81693,41.26991],[-88.8169,41.26634],[-88.8169,41.26627],[-88.8169,41.26616],[-88.8169,41.26597],[-88.81684,41.25182],[-88.81685,41.25174],[-88.81685,41.25165],[-88.81724,41.23751],[-88.81744,41.22285],[-88.81706,41.20847],[-88.81696,41.19361],[-88.83648,41.19351],[-88.85542,41.19321],[-88.85593,41.1932],[-88.87454,41.19298],[-88.87525,41.19297],[-88.8936,41.19302],[-88.89413,41.19302],[-88.91296,41.19289],[-88.93242,41.19267],[-88.93266,41.20741],[-88.93275,41.22146],[-88.9332,41.23647],[-88.93272,41.2508],[-88.93285,41.26538],[-88.93286,41.26543],[-88.93289,41.26899],[-88.88476,41.26939],[-88.87556,41.26946],[-88.87556,41.26958],[-88.87638,41.26957],[-88.87639,41.26995],[-88.87516,41.26996],[-88.87515,41.26946],[-88.8172,41.26991],[-88.81693,41.26991]]]},"properties":{"OBJECTID":48,"Join_Count":1,"TARGET_FID":48,"JOIN_FID":3540,"ASSET_NAME":"557","Feeder":"S295","Feeder_N":"F2133","PV_HC_kW":148.85,"EV_HC_kW":220,"BESS_HC":148.85,"ORIG_FID":507,"Feeder_Q":0,"SS_N":"S0719","Queue_RD":"03/06/2026","Shape__Length_1":null,"Shape__Area":0.008833203253061583,"Shape__Length":0.38671281247129746}},{"type":"Feature","id":49,"geometry":{"type":"Polygon","coordinates":[[[-88.71233,41.63051],[-88.71233,41.63026],[-88.71223,41.62502],[-88.71191,41.61594],[-88.71191,41.61588],[-88.71191,41.61583],[-88.71159,41.60164],[-88.71157,41.6015],[-88.71109,41.58718],[-88.71108,41.58708],[-88.71108,41.58705],[-88.71107,41.58688],[-88.71107,41.58685],[-88.71072,41.57273],[-88.71072,41.5725],[-88.71064,41.56998],[-88.7109,41.56998],[-88.76407,41.57001],[-88.76389,41.55915],[-88.76366,41.54537],[-88.77173,41.54541],[-88.81683,41.54564],[-88.81682,41.54414],[-88.81683,41.54423],[-88.81686,41.54787],[-88.81686,41.54826],[-88.81693,41.55576],[-88.81694,41.55848],[-88.81695,41.55865],[-88.81718,41.57315],[-88.81718,41.5733],[-88.81718,41.57338],[-88.81744,41.58765],[-88.81745,41.5877],[-88.81771,41.60202],[-88.81772,41.60216],[-88.81772,41.60228],[-88.81789,41.61663],[-88.81789,41.61669],[-88.81819,41.62503],[-88.8183,41.63129],[-88.81819,41.63129],[-88.81814,41.63129],[-88.80915,41.63131],[-88.809,41.63131],[-88.80844,41.6313],[-88.78981,41.63106],[-88.78968,41.63106],[-88.78887,41.63106],[-88.77036,41.63095],[-88.77027,41.63095],[-88.77,41.63095],[-88.75094,41.63078],[-88.75085,41.63078],[-88.7505,41.63079],[-88.75012,41.6308],[-88.74506,41.63076],[-88.73164,41.63068],[-88.73159,41.63068],[-88.71233,41.63051]]]},"properties":{"OBJECTID":49,"Join_Count":1,"TARGET_FID":49,"JOIN_FID":2488,"ASSET_NAME":"358","Feeder":"H525","Feeder_N":"F3883","PV_HC_kW":0,"EV_HC_kW":140,"BESS_HC":0,"ORIG_FID":508,"Feeder_Q":0,"SS_N":"S0668","Queue_RD":"03/06/2026","Shape__Length_1":null,"Shape__Area":0.00776820248279364,"Shape__Length":0.3864471012372638}},{"type":"Feature","id":50,"geometry":{"type":"Polygon","coordinates":[[[-89.04706,40.83812],[-89.04708,40.82397],[-89.04682,40.81662],[-89.04682,40.81662],[-89.05635,40.81657],[-89.06588,40.81651],[-89.07546,40.81645],[-89.08503,40.8164],[-89.09444,40.8163],[-89.10385,40.81619],[-89.11347,40.81612],[-89.12308,40.81604],[-89.1326,40.81604],[-89.13764,40.81604],[-89.13806,40.83851],[-89.13806,40.83855],[-89.12349,40.83846],[-89.10425,40.8383],[-89.08534,40.8382],[-89.06622,40.83816],[-89.04706,40.83812]]]},"properties":{"OBJECTID":50,"Join_Count":0,"TARGET_FID":50,"JOIN_FID":-1,"ASSET_NAME":"705","Feeder":null,"Feeder_N":null,"PV_HC_kW":null,"EV_HC_kW":null,"BESS_HC":0,"ORIG_FID":512,"Feeder_Q":null,"SS_N":null,"Queue_RD":null,"Shape__Length_1":null,"Shape__Area":0.00199560586474945,"Shape__Length":0.22584504885576323}},{"type":"Feature","id":51,"geometry":{"type":"Polygon","coordinates":[[[-88.23849,42.15422],[-88.23856,42.15421],[-88.25761,42.15406],[-88.27712,42.15387],[-88.29652,42.15382],[-88.31624,42.15374],[-88.33581,42.15385],[-88.35445,42.15395],[-88.3544,42.16848],[-88.35445,42.18286],[-88.35445,42.18302],[-88.35458,42.19728],[-88.35464,42.21176],[-88.35465,42.2261],[-88.35432,42.24075],[-88.33572,42.2409],[-88.316,42.24105],[-88.2963,42.24124],[-88.27673,42.2413],[-88.25719,42.2415],[-88.23798,42.24168],[-88.23773,42.22713],[-88.23833,42.21257],[-88.23833,42.2124],[-88.23829,42.19776],[-88.23832,42.18333],[-88.23832,42.18319],[-88.23838,42.16881],[-88.23849,42.15422]]]},"properties":{"OBJECTID":51,"Join_Count":1,"TARGET_FID":51,"JOIN_FID":3158,"ASSET_NAME":"412","Feeder":"L7541","Feeder_N":"F2122","PV_HC_kW":11268.35,"EV_HC_kW":4730,"BESS_HC":4730,"ORIG_FID":559,"Feeder_Q":996,"SS_N":"S0729","Queue_RD":"03/06/2026","Shape__Length_1":null,"Shape__Area":0.010153044010394296,"Shape__Length":0.4065962231482363}},{"type":"Feature","id":52,"geometry":{"type":"Polygon","coordinates":[[[-87.67993,41.64815],[-87.69927,41.64774],[-87.71861,41.6474],[-87.73811,41.64701],[-87.75751,41.64673],[-87.77703,41.64638],[-87.79591,41.64611],[-87.7965,41.66055],[-87.79699,41.6752],[-87.79748,41.69003],[-87.7979,41.70449],[-87.79847,41.71923],[-87.79888,41.73351],[-87.78035,41.73378],[-87.77947,41.7338],[-87.76066,41.73412],[-87.75992,41.73413],[-87.74089,41.73442],[-87.72139,41.73484],[-87.70208,41.73518],[-87.68233,41.73547],[-87.68225,41.72081],[-87.68159,41.70637],[-87.68114,41.69173],[-87.68066,41.6772],[-87.68026,41.6627],[-87.67993,41.64815]]]},"properties":{"OBJECTID":52,"Join_Count":1,"TARGET_FID":52,"JOIN_FID":3110,"ASSET_NAME":"477","Feeder":"L6032","Feeder_N":"F2030","PV_HC_kW":7977.25,"EV_HC_kW":8290,"BESS_HC":7977.25,"ORIG_FID":664,"Feeder_Q":0,"SS_N":"S0718","Queue_RD":"03/06/2026","Shape__Length_1":null,"Shape__Area":0.010169599030632526,"Shape__Length":0.407369121013097}},{"type":"Feature","id":53,"geometry":{"type":"Polygon","coordinates":[[[-89.74656,42.19803],[-89.7462,42.18412],[-89.74573,42.16927],[-89.7455,42.15476],[-89.74526,42.14017],[-89.7447,42.12566],[-89.74413,42.1111],[-89.74529,42.11109],[-89.76408,42.11103],[-89.76517,42.11102],[-89.7833,42.11077],[-89.78432,42.11076],[-89.78432,42.11066],[-89.80289,42.11044],[-89.80368,42.1104],[-89.82214,42.11023],[-89.82309,42.11021],[-89.84174,42.11015],[-89.84256,42.11014],[-89.85991,42.10992],[-89.86009,42.12354],[-89.86009,42.12409],[-89.86023,42.13843],[-89.86024,42.13911],[-89.86018,42.15322],[-89.86018,42.15381],[-89.86022,42.16796],[-89.86023,42.1688],[-89.86078,42.18271],[-89.8608,42.18326],[-89.86088,42.19688],[-89.86089,42.19743],[-89.86089,42.1977],[-89.84481,42.19778],[-89.84444,42.19778],[-89.82506,42.19816],[-89.82469,42.19816],[-89.80544,42.1982],[-89.78551,42.19819],[-89.76582,42.1983],[-89.74656,42.19803]]]},"properties":{"OBJECTID":53,"Join_Count":1,"TARGET_FID":53,"JOIN_FID":2914,"ASSET_NAME":"229","Feeder":"L10766","Feeder_N":"F1682","PV_HC_kW":1770.29,"EV_HC_kW":9320,"BESS_HC":1770.29,"ORIG_FID":682,"Feeder_Q":0,"SS_N":"S0643","Queue_RD":"03/06/2026","Shape__Length_1":null,"Shape__Area":0.010061032070552756,"Shape__Length":0.4049752175141024}},{"type":"Feature","id":54,"geometry":{"type":"Polygon","coordinates":[[[-88.37557,41.98451],[-88.39517,41.98412],[-88.41424,41.98363],[-88.41461,41.98363],[-88.43386,41.98346],[-88.45351,41.98296],[-88.47297,41.98277],[-88.47315,41.98277],[-88.48864,41.98256],[-88.48881,41.99708],[-88.48881,41.99737],[-88.48904,42.01134],[-88.48904,42.01158],[-88.48916,42.0261],[-88.48915,42.02615],[-88.4893,42.04023],[-88.4893,42.04056],[-88.48943,42.05485],[-88.48943,42.05518],[-88.48939,42.06655],[-88.47389,42.06676],[-88.47149,42.06677],[-88.45442,42.06684],[-88.45233,42.06685],[-88.43533,42.06687],[-88.43278,42.06686],[-88.41573,42.0668],[-88.41347,42.06681],[-88.39603,42.06687],[-88.39383,42.06688],[-88.37664,42.067],[-88.37606,42.0573],[-88.37625,42.04274],[-88.37625,42.04249],[-88.37623,42.02823],[-88.37622,42.028],[-88.37607,42.01366],[-88.37607,42.01345],[-88.37582,41.99907],[-88.37557,41.98451]]]},"properties":{"OBJECTID":54,"Join_Count":1,"TARGET_FID":54,"JOIN_FID":3700,"ASSET_NAME":"431","Feeder":"W2002","Feeder_N":"F2299","PV_HC_kW":538.23,"EV_HC_kW":1660,"BESS_HC":538.23,"ORIG_FID":688,"Feeder_Q":27.62,"SS_N":"S0625","Queue_RD":"03/06/2026","Shape__Length_1":null,"Shape__Area":0.0094278657486484,"Shape__Length":0.39236303586457477}},{"type":"Feature","id":55,"geometry":{"type":"Polygon","coordinates":[[[-88.93875,42.06508],[-88.9419,42.06505],[-88.9421,42.06505],[-88.95822,42.0649],[-88.9596,42.06489],[-88.96135,42.06487],[-88.96173,42.06486],[-88.97777,42.06472],[-88.97893,42.06471],[-88.98069,42.0647],[-88.98077,42.0647],[-88.99733,42.06458],[-88.99995,42.06455],[-89.00024,42.06455],[-89.0003,42.06455],[-89.01683,42.06437],[-89.0199,42.06433],[-89.02029,42.06432],[-89.03644,42.06414],[-89.03765,42.06413],[-89.0396,42.06411],[-89.04007,42.06411],[-89.05586,42.06397],[-89.05586,42.06439],[-89.05611,42.07851],[-89.05612,42.07892],[-89.05637,42.09294],[-89.05637,42.09301],[-89.05637,42.09313],[-89.05638,42.09328],[-89.05666,42.10734],[-89.05666,42.10742],[-89.05667,42.10753],[-89.05667,42.10788],[-89.05679,42.12195],[-89.05679,42.12217],[-89.05679,42.12225],[-89.05677,42.12498],[-89.05692,42.13641],[-89.05689,42.13654],[-89.05689,42.13675],[-89.05689,42.13682],[-89.05692,42.15091],[-89.03735,42.1511],[-89.03729,42.1511],[-89.03722,42.1511],[-89.01785,42.15137],[-89.00001,42.15162],[-88.99825,42.15163],[-88.97878,42.15184],[-88.95957,42.15204],[-88.95921,42.15204],[-88.93964,42.15224],[-88.93957,42.13807],[-88.93957,42.13765],[-88.93938,42.12497],[-88.93937,42.12348],[-88.93936,42.12319],[-88.93921,42.10909],[-88.9392,42.10867],[-88.93905,42.09455],[-88.93904,42.09416],[-88.93889,42.08004],[-88.93888,42.07965],[-88.93873,42.06563],[-88.93873,42.06549],[-88.93872,42.06513],[-88.93875,42.06508]]]},"properties":{"OBJECTID":55,"Join_Count":1,"TARGET_FID":55,"JOIN_FID":587,"ASSET_NAME":"326","Feeder":"B254","Feeder_N":"F5310","PV_HC_kW":0,"EV_HC_kW":1040,"BESS_HC":0,"ORIG_FID":694,"Feeder_Q":0,"SS_N":"S0654","Queue_RD":"03/06/2026","Shape__Length_1":null,"Shape__Area":0.010215577982535251,"Shape__Length":0.40853748741993523}},{"type":"Feature","id":56,"geometry":{"type":"Polygon","coordinates":[[[-88.93113,41.01539],[-88.9501,41.0149],[-88.96924,41.01442],[-88.98881,41.01419],[-89.0076,41.01387],[-89.00794,41.01387],[-89.02735,41.01349],[-89.04773,41.01327],[-89.04736,41.02794],[-89.04748,41.04254],[-89.04756,41.05698],[-89.04771,41.07171],[-89.04786,41.08638],[-89.048,41.10474],[-89.04697,41.10477],[-89.02763,41.10497],[-89.00855,41.10515],[-89.00819,41.10516],[-88.98895,41.1053],[-88.96976,41.10567],[-88.9505,41.10587],[-88.9316,41.10592],[-88.93106,41.10592],[-88.93111,41.08851],[-88.93111,41.08807],[-88.93115,41.07413],[-88.93116,41.07365],[-88.93121,41.05947],[-88.93121,41.05905],[-88.93124,41.04505],[-88.93125,41.04462],[-88.93137,41.03069],[-88.93145,41.03009],[-88.93113,41.01539]]]},"properties":{"OBJECTID":56,"Join_Count":1,"TARGET_FID":56,"JOIN_FID":3529,"ASSET_NAME":"616","Feeder":"S206","Feeder_N":"F1755","PV_HC_kW":149.28,"EV_HC_kW":1120,"BESS_HC":149.28,"ORIG_FID":700,"Feeder_Q":0,"SS_N":"S0689","Queue_RD":"03/06/2026","Shape__Length_1":null,"Shape__Area":0.010619551973832131,"Shape__Length":0.41558930334833444}},{"type":"Feature","id":57,"geometry":{"type":"Polygon","coordinates":[[[-87.90021,41.29426],[-87.91701,41.29402],[-87.91963,41.29393],[-87.93654,41.29356],[-87.93878,41.29353],[-87.956,41.29327],[-87.95819,41.29324],[-87.96616,41.29312],[-87.97532,41.29301],[-87.97758,41.29298],[-87.99469,41.29264],[-87.99658,41.29263],[-88.01382,41.2924],[-88.01593,41.29238],[-88.01608,41.30687],[-88.01646,41.32147],[-88.01679,41.33599],[-88.0174,41.35054],[-88.01769,41.36525],[-88.01762,41.36678],[-88.01848,41.36604],[-88.01902,41.38034],[-87.99969,41.3809],[-87.99896,41.38091],[-87.99968,41.38036],[-87.99835,41.38033],[-87.97955,41.38055],[-87.97921,41.38055],[-87.96039,41.38078],[-87.94103,41.38111],[-87.9218,41.38136],[-87.90249,41.38151],[-87.90191,41.36694],[-87.90161,41.35238],[-87.90132,41.33804],[-87.90099,41.32355],[-87.90058,41.30886],[-87.90021,41.29426]]]},"properties":{"OBJECTID":57,"Join_Count":1,"TARGET_FID":57,"JOIN_FID":2161,"ASSET_NAME":"535","Feeder":"F5386","Feeder_N":"F5731","PV_HC_kW":0,"EV_HC_kW":550,"BESS_HC":0,"ORIG_FID":701,"Feeder_Q":29.99,"SS_N":"S0586","Queue_RD":"03/06/2026","Shape__Length_1":null,"Shape__Area":0.010145751299432959,"Shape__Length":0.41106089577888877}},{"type":"Feature","id":58,"geometry":{"type":"MultiPolygon","coordinates":[[[[-87.76261,42.1086],[-87.7617,42.10859],[-87.76116,42.10859],[-87.76115,42.105],[-87.75638,42.10501],[-87.75639,42.10127],[-87.75639,42.1012],[-87.75642,42.09751],[-87.75626,42.09751],[-87.75283,42.09751],[-87.75283,42.09937],[-87.75158,42.09939],[-87.75159,42.09785],[-87.75161,42.09686],[-87.75157,42.09396],[-87.75157,42.09382],[-87.75155,42.09382],[-87.75065,42.09385],[-87.7504,42.09385],[-87.7504,42.09387],[-87.74884,42.09387],[-87.74735,42.09386],[-87.74454,42.09385],[-87.74169,42.09384],[-87.74169,42.09378],[-87.74169,42.0928],[-87.7417,42.09168],[-87.74171,42.09008],[-87.74174,42.08992],[-87.74053,42.08982],[-87.73981,42.08893],[-87.7372,42.08895],[-87.7363,42.08859],[-87.73631,42.09142],[-87.73596,42.09151],[-87.73583,42.09176],[-87.73565,42.0926],[-87.73508,42.09269],[-87.73389,42.09306],[-87.73341,42.09313],[-87.73282,42.09333],[-87.73337,42.09381],[-87.73209,42.09381],[-87.73038,42.09375],[-87.73037,42.09342],[-87.72987,42.09347],[-87.72988,42.09373],[-87.72948,42.09372],[-87.72659,42.09355],[-87.72614,42.09231],[-87.72598,42.09187],[-87.72594,42.09176],[-87.72318,42.09179],[-87.72247,42.09174],[-87.72217,42.09172],[-87.72217,42.09116],[-87.72217,42.09112],[-87.72172,42.09111],[-87.72169,42.09115],[-87.72169,42.09115],[-87.72141,42.09128],[-87.72114,42.09123],[-87.7206,42.0912],[-87.72041,42.09119],[-87.72087,42.09182],[-87.71754,42.09181],[-87.71753,42.09358],[-87.71317,42.09354],[-87.71134,42.0956],[-87.71042,42.09494],[-87.70991,42.09467],[-87.70924,42.09422],[-87.70821,42.09345],[-87.70676,42.09237],[-87.7066,42.09209],[-87.7058,42.0915],[-87.70526,42.09125],[-87.70522,42.09122],[-87.7049,42.09102],[-87.70499,42.09093],[-87.70395,42.09026],[-87.70226,42.08916],[-87.70119,42.08865],[-87.70103,42.08858],[-87.70103,42.08858],[-87.70035,42.0881],[-87.70023,42.08803],[-87.70023,42.08791],[-87.69922,42.08732],[-87.69914,42.08727],[-87.69841,42.08678],[-87.69842,42.08664],[-87.69732,42.08613],[-87.69732,42.08613],[-87.69643,42.0856],[-87.696,42.0853],[-87.69519,42.08474],[-87.69394,42.084],[-87.69321,42.08356],[-87.6916,42.08278],[-87.68933,42.0818],[-87.68784,42.08119],[-87.68757,42.08107],[-87.68726,42.08093],[-87.6844,42.07982],[-87.68348,42.07931],[-87.68317,42.07921],[-87.68217,42.07864],[-87.6818,42.07842],[-87.6818,42.07842],[-87.68175,42.07842],[-87.68164,42.07824],[-87.68035,42.07848],[-87.68084,42.07832],[-87.68086,42.07831],[-87.68085,42.07826],[-87.68127,42.07817],[-87.68124,42.07714],[-87.68173,42.0775],[-87.68305,42.07723],[-87.68365,42.07684],[-87.68433,42.07604],[-87.68559,42.07478],[-87.68522,42.07471],[-87.68403,42.07584],[-87.68339,42.07552],[-87.6824,42.07633],[-87.68214,42.07698],[-87.68221,42.07618],[-87.68218,42.07548],[-87.68181,42.07432],[-87.68092,42.07317],[-87.68021,42.07243],[-87.67967,42.07175],[-87.6792,42.07082],[-87.67852,42.06984],[-87.67773,42.06855],[-87.67715,42.06775],[-87.67693,42.06736],[-87.67663,42.06686],[-87.67621,42.06663],[-87.67581,42.06635],[-87.67582,42.06613],[-87.67566,42.06605],[-87.67559,42.06581],[-87.6756,42.06576],[-87.67567,42.06562],[-87.67563,42.06553],[-87.67565,42.06544],[-87.67567,42.06532],[-87.67547,42.06513],[-87.67544,42.06506],[-87.67472,42.06388],[-87.68942,42.06409],[-87.69381,42.06415],[-87.70808,42.06425],[-87.71229,42.06428],[-87.72729,42.06449],[-87.73229,42.06456],[-87.74674,42.06477],[-87.75207,42.06484],[-87.7658,42.06504],[-87.77134,42.06512],[-87.77115,42.07972],[-87.77078,42.09395],[-87.77038,42.10873],[-87.77038,42.10878],[-87.76632,42.10863],[-87.76614,42.10862],[-87.76315,42.10861],[-87.76261,42.1086]]],[[[-87.7702,42.11714],[-87.77033,42.11672],[-87.77032,42.11867],[-87.77029,42.11819],[-87.7702,42.11714]]],[[[-87.74156,42.12156],[-87.74144,42.11978],[-87.74142,42.11926],[-87.7444,42.11927],[-87.74445,42.11934],[-87.7446,42.11952],[-87.74469,42.11946],[-87.74488,42.11933],[-87.74516,42.11923],[-87.74552,42.11906],[-87.74571,42.11899],[-87.74601,42.11933],[-87.74871,42.11936],[-87.74937,42.1194],[-87.75136,42.11953],[-87.75377,42.11952],[-87.75566,42.11947],[-87.75621,42.11946],[-87.75795,42.1195],[-87.75867,42.11952],[-87.75867,42.11951],[-87.75867,42.11922],[-87.76106,42.11925],[-87.76105,42.1195],[-87.7621,42.11953],[-87.76347,42.11954],[-87.76577,42.11961],[-87.76671,42.11964],[-87.76739,42.11967],[-87.76918,42.11984],[-87.76967,42.12002],[-87.77031,42.12],[-87.77029,42.12323],[-87.76996,42.1376],[-87.76995,42.13778],[-87.76995,42.15238],[-87.75887,42.15236],[-87.75886,42.15234],[-87.75892,42.15229],[-87.75875,42.15209],[-87.75826,42.15142],[-87.7579,42.15098],[-87.75742,42.15031],[-87.75746,42.15027],[-87.75719,42.14976],[-87.75676,42.14931],[-87.7568,42.14913],[-87.75608,42.14813],[-87.75401,42.14523],[-87.75388,42.14506],[-87.754,42.14488],[-87.75313,42.14408],[-87.75288,42.14376],[-87.75255,42.14333],[-87.75279,42.14328],[-87.75212,42.14253],[-87.75155,42.14186],[-87.75107,42.14135],[-87.75116,42.14127],[-87.75109,42.14101],[-87.7504,42.14032],[-87.74937,42.13902],[-87.7489,42.13844],[-87.74855,42.13812],[-87.74847,42.13802],[-87.74807,42.13768],[-87.7481,42.13765],[-87.74866,42.13732],[-87.74851,42.13716],[-87.74863,42.13702],[-87.74863,42.13701],[-87.74798,42.13626],[-87.74575,42.13368],[-87.74583,42.13363],[-87.74553,42.13341],[-87.7439,42.13153],[-87.74337,42.13092],[-87.74329,42.1308],[-87.74297,42.13032],[-87.74289,42.13016],[-87.74289,42.1301],[-87.7427,42.12982],[-87.74259,42.1296],[-87.74203,42.12856],[-87.7417,42.12808],[-87.74157,42.12804],[-87.74156,42.12803],[-87.74164,42.12598],[-87.74166,42.12544],[-87.74161,42.12486],[-87.74148,42.12284],[-87.74156,42.12156]]]]},"properties":{"OBJECTID":58,"Join_Count":1,"TARGET_FID":58,"JOIN_FID":3084,"ASSET_NAME":"427","Feeder":"L4867","Feeder_N":"F1972","PV_HC_kW":17799.23,"EV_HC_kW":6060,"BESS_HC":6060,"ORIG_FID":775,"Feeder_Q":0,"SS_N":"S0709","Queue_RD":"03/06/2026","Shape__Length_1":null,"Shape__Area":0.0033158759258640202,"Shape__Length":0.4159259141748512}},{"type":"Feature","id":59,"geometry":{"type":"Polygon","coordinates":[[[-89.86223,42.28389],[-89.86246,42.28389],[-89.87495,42.28394],[-89.88207,42.28397],[-89.88241,42.28397],[-89.90102,42.28396],[-89.90122,42.28396],[-89.90145,42.28396],[-89.90885,42.28391],[-89.92046,42.28383],[-89.92094,42.28383],[-89.92184,42.28382],[-89.93779,42.28371],[-89.93998,42.2837],[-89.94012,42.2837],[-89.94032,42.2837],[-89.94714,42.28362],[-89.95933,42.28349],[-89.95947,42.28349],[-89.95956,42.28349],[-89.97852,42.2836],[-89.97852,42.28373],[-89.97892,42.29821],[-89.97892,42.29829],[-89.97893,42.29844],[-89.97949,42.31277],[-89.97949,42.31288],[-89.97949,42.31292],[-89.9795,42.31309],[-89.97993,42.32728],[-89.97994,42.32756],[-89.97994,42.3276],[-89.97994,42.3277],[-89.9805,42.34193],[-89.98051,42.34199],[-89.98051,42.34215],[-89.98085,42.35174],[-89.98102,42.35654],[-89.98103,42.35686],[-89.98104,42.35698],[-89.98104,42.35707],[-89.98109,42.35812],[-89.98166,42.37148],[-89.98166,42.37158],[-89.98161,42.37158],[-89.96269,42.37139],[-89.9625,42.37139],[-89.96237,42.37139],[-89.94347,42.37131],[-89.9434,42.37131],[-89.94305,42.3713],[-89.94264,42.3713],[-89.93895,42.37131],[-89.93662,42.37132],[-89.92423,42.37135],[-89.92394,42.37135],[-89.9237,42.37135],[-89.92355,42.37135],[-89.90416,42.37153],[-89.90402,42.37153],[-89.90391,42.37153],[-89.88422,42.37175],[-89.88419,42.37175],[-89.87501,42.3717],[-89.8647,42.37177],[-89.86455,42.37177],[-89.86455,42.37152],[-89.86411,42.35785],[-89.86408,42.35706],[-89.86408,42.35694],[-89.86407,42.35691],[-89.86407,42.35662],[-89.86407,42.35658],[-89.86359,42.34236],[-89.86359,42.34215],[-89.86358,42.34198],[-89.86326,42.3278],[-89.86325,42.32764],[-89.86325,42.32742],[-89.86323,42.32688],[-89.86289,42.3131],[-89.86288,42.31282],[-89.86288,42.31265],[-89.86253,42.2985],[-89.86253,42.29843],[-89.86253,42.29837],[-89.86252,42.29786],[-89.86223,42.28389]]]},"properties":{"OBJECTID":59,"Join_Count":1,"TARGET_FID":59,"JOIN_FID":608,"ASSET_NAME":"211","Feeder":"B425","Feeder_N":"F5352","PV_HC_kW":0,"EV_HC_kW":1170,"BESS_HC":0,"ORIG_FID":779,"Feeder_Q":0,"SS_N":"S0688","Queue_RD":"03/06/2026","Shape__Length_1":null,"Shape__Area":0.010237089768679652,"Shape__Length":0.40934637436024035}},{"type":"Feature","id":60,"geometry":{"type":"Polygon","coordinates":[[[-88.58538,41.0194],[-88.60471,41.01917],[-88.62389,41.01905],[-88.62441,41.01905],[-88.64313,41.01894],[-88.64367,41.01895],[-88.66218,41.01894],[-88.66282,41.01895],[-88.68132,41.01907],[-88.68237,41.01905],[-88.70021,41.01902],[-88.70007,41.03363],[-88.69959,41.04817],[-88.69935,41.06267],[-88.69933,41.06299],[-88.69892,41.07721],[-88.69892,41.07747],[-88.69875,41.09171],[-88.69875,41.09222],[-88.69832,41.10703],[-88.68182,41.10693],[-88.68056,41.10735],[-88.66272,41.10744],[-88.66126,41.1075],[-88.64341,41.10767],[-88.64188,41.10766],[-88.6243,41.10793],[-88.62275,41.10784],[-88.6051,41.10805],[-88.60346,41.10807],[-88.58588,41.10814],[-88.58417,41.10814],[-88.58485,41.09221],[-88.58464,41.07755],[-88.58509,41.06303],[-88.58536,41.04858],[-88.58553,41.03399],[-88.58538,41.0194]]]},"properties":{"OBJECTID":60,"Join_Count":1,"TARGET_FID":60,"JOIN_FID":3538,"ASSET_NAME":"619","Feeder":"S265","Feeder_N":"F2131","PV_HC_kW":119.58,"EV_HC_kW":700,"BESS_HC":119.58,"ORIG_FID":785,"Feeder_Q":24.36,"SS_N":"S0364","Queue_RD":"03/06/2026","Shape__Length_1":null,"Shape__Area":0.010122799083092104,"Shape__Length":0.40585220632691954}},{"type":"Feature","id":61,"geometry":{"type":"Polygon","coordinates":[[[-88.70726,42.49061],[-88.70721,42.48768],[-88.70721,42.48761],[-88.70721,42.48748],[-88.70721,42.48738],[-88.70682,42.47314],[-88.70682,42.47304],[-88.70682,42.47297],[-88.7068,42.4728],[-88.70634,42.45863],[-88.70634,42.45845],[-88.70633,42.45835],[-88.70633,42.45831],[-88.70611,42.44399],[-88.7061,42.44386],[-88.70606,42.43485],[-88.70602,42.42954],[-88.70602,42.42939],[-88.70577,42.41497],[-88.70583,42.41496],[-88.72519,42.41482],[-88.72532,42.41482],[-88.72537,42.41482],[-88.72778,42.41483],[-88.74482,42.41487],[-88.74491,42.41487],[-88.74998,42.41489],[-88.76432,42.41484],[-88.76451,42.41484],[-88.78397,42.41477],[-88.78416,42.41477],[-88.78421,42.41477],[-88.78429,42.41477],[-88.79977,42.41487],[-88.80347,42.4149],[-88.80362,42.4149],[-88.80374,42.4149],[-88.8039,42.4149],[-88.80589,42.41492],[-88.82152,42.41504],[-88.82136,42.42805],[-88.82134,42.42936],[-88.82133,42.42965],[-88.82129,42.43223],[-88.82107,42.44381],[-88.82106,42.44412],[-88.82106,42.44418],[-88.82106,42.44421],[-88.82067,42.45824],[-88.82066,42.45854],[-88.82066,42.45877],[-88.82027,42.47267],[-88.82026,42.47323],[-88.81996,42.48671],[-88.81995,42.48725],[-88.81994,42.48769],[-88.81994,42.48769],[-88.81192,42.48752],[-88.80394,42.48737],[-88.79427,42.4872],[-88.79419,42.4872],[-88.7846,42.48712],[-88.7749,42.48725],[-88.77482,42.48726],[-88.76519,42.48732],[-88.75538,42.48733],[-88.75529,42.48733],[-88.74571,42.48735],[-88.74571,42.48741],[-88.7361,42.48746],[-88.73612,42.49],[-88.73612,42.49],[-88.73613,42.49017],[-88.73613,42.49017],[-88.73613,42.49022],[-88.71695,42.49043],[-88.71695,42.49038],[-88.71694,42.4876],[-88.70738,42.48768],[-88.7074,42.49061],[-88.70731,42.49061],[-88.7073,42.49061],[-88.70726,42.49061]]]},"properties":{"OBJECTID":61,"Join_Count":1,"TARGET_FID":61,"JOIN_FID":538,"ASSET_NAME":"348","Feeder":"B126","Feeder_N":"F5212","PV_HC_kW":0,"EV_HC_kW":20,"BESS_HC":0,"ORIG_FID":786,"Feeder_Q":0,"SS_N":"S0655","Queue_RD":"03/06/2026","Shape__Length_1":null,"Shape__Area":0.008355721292446106,"Shape__Length":0.38536752516799994}},{"type":"Feature","id":62,"geometry":{"type":"Polygon","coordinates":[[[-89.8662,42.45956],[-89.86605,42.44488],[-89.86604,42.44465],[-89.86604,42.4444],[-89.86604,42.44434],[-89.86578,42.43026],[-89.86578,42.42997],[-89.86578,42.42992],[-89.86578,42.42988],[-89.86558,42.41575],[-89.86557,42.41568],[-89.86557,42.41546],[-89.86557,42.4154],[-89.86549,42.41297],[-89.86513,42.40106],[-89.86512,42.40076],[-89.86511,42.4006],[-89.86511,42.40056],[-89.86481,42.3864],[-89.86481,42.38615],[-89.86481,42.38595],[-89.86481,42.38581],[-89.86465,42.37503],[-89.86455,42.37177],[-89.8647,42.37177],[-89.87501,42.3717],[-89.88419,42.37175],[-89.88422,42.37175],[-89.90391,42.37153],[-89.90402,42.37153],[-89.90416,42.37153],[-89.92355,42.37135],[-89.9237,42.37135],[-89.92394,42.37135],[-89.92423,42.37135],[-89.93662,42.37132],[-89.93895,42.37131],[-89.94264,42.3713],[-89.94305,42.3713],[-89.9434,42.37131],[-89.94347,42.37131],[-89.96237,42.37139],[-89.9625,42.37139],[-89.96269,42.37139],[-89.98161,42.37158],[-89.98166,42.37158],[-89.9818,42.37501],[-89.98209,42.38184],[-89.98225,42.38589],[-89.98225,42.38598],[-89.98226,42.38615],[-89.98298,42.40043],[-89.98298,42.40058],[-89.98299,42.40075],[-89.98356,42.41536],[-89.98356,42.41547],[-89.98412,42.42992],[-89.98412,42.42996],[-89.98413,42.43005],[-89.98487,42.44437],[-89.98487,42.4445],[-89.98531,42.45919],[-89.98519,42.45919],[-89.96499,42.45927],[-89.96471,42.45928],[-89.94528,42.4593],[-89.94511,42.4593],[-89.945,42.4593],[-89.94477,42.4593],[-89.9256,42.4593],[-89.9256,42.45939],[-89.92555,42.45939],[-89.90585,42.45951],[-89.90563,42.45951],[-89.89803,42.45954],[-89.88614,42.45958],[-89.88593,42.45958],[-89.87496,42.45961],[-89.86637,42.45956],[-89.8662,42.45956]]]},"properties":{"OBJECTID":62,"Join_Count":1,"TARGET_FID":62,"JOIN_FID":611,"ASSET_NAME":"210","Feeder":"B447","Feeder_N":"F5358","PV_HC_kW":0,"EV_HC_kW":1610,"BESS_HC":0,"ORIG_FID":787,"Feeder_Q":0,"SS_N":"S0688","Queue_RD":"03/06/2026","Shape__Length_1":null,"Shape__Area":0.010381473033703514,"Shape__Length":0.41181528896312297}},{"type":"Feature","id":63,"geometry":{"type":"Polygon","coordinates":[[[-88.5866,41.19515],[-88.60596,41.1951],[-88.6249,41.19492],[-88.6256,41.19492],[-88.64434,41.19482],[-88.66347,41.19442],[-88.66419,41.1944],[-88.68254,41.19424],[-88.68356,41.19424],[-88.70256,41.19415],[-88.70293,41.20864],[-88.70321,41.22333],[-88.70338,41.23775],[-88.70386,41.25218],[-88.70387,41.25228],[-88.70387,41.25252],[-88.70413,41.26683],[-88.70413,41.26695],[-88.7042,41.2707],[-88.68514,41.27082],[-88.67915,41.27086],[-88.6787,41.27087],[-88.67547,41.27088],[-88.65643,41.27099],[-88.65643,41.27241],[-88.65618,41.27241],[-88.65624,41.27452],[-88.64661,41.27472],[-88.64661,41.27463],[-88.6421,41.2747],[-88.64213,41.27584],[-88.6423,41.2819],[-88.62757,41.28207],[-88.62753,41.28207],[-88.62733,41.28207],[-88.6249,41.28211],[-88.60831,41.28235],[-88.60821,41.28235],[-88.60817,41.28235],[-88.60802,41.28235],[-88.58931,41.28245],[-88.58908,41.28246],[-88.58845,41.26804],[-88.58845,41.26799],[-88.58845,41.26791],[-88.58806,41.25381],[-88.58805,41.25351],[-88.58804,41.25343],[-88.58818,41.25002],[-88.58753,41.2389],[-88.58713,41.22429],[-88.58708,41.20991],[-88.5866,41.19515]]]},"properties":{"OBJECTID":63,"Join_Count":1,"TARGET_FID":63,"JOIN_FID":3115,"ASSET_NAME":"559","Feeder":"L6167","Feeder_N":"F2040","PV_HC_kW":0,"EV_HC_kW":910,"BESS_HC":0,"ORIG_FID":790,"Feeder_Q":10000,"SS_N":"S0719","Queue_RD":"03/06/2026","Shape__Length_1":null,"Shape__Area":0.00948506817235284,"Shape__Length":0.406111011994923}},{"type":"Feature","id":64,"geometry":{"type":"Polygon","coordinates":[[[-90.10403,42.50804],[-90.104,42.50331],[-90.10401,42.49997],[-90.10387,42.49997],[-90.10345,42.48857],[-90.10345,42.48816],[-90.10315,42.47396],[-90.10314,42.47351],[-90.10305,42.45936],[-90.10414,42.45938],[-90.11314,42.45958],[-90.12322,42.45956],[-90.12388,42.45958],[-90.12495,42.4596],[-90.14306,42.45953],[-90.1432,42.45953],[-90.15467,42.4595],[-90.16289,42.45948],[-90.16297,42.45948],[-90.16304,42.45948],[-90.18268,42.45945],[-90.1829,42.45944],[-90.20239,42.45941],[-90.20291,42.45941],[-90.22271,42.45954],[-90.22272,42.4599],[-90.22299,42.47406],[-90.22299,42.4741],[-90.223,42.47413],[-90.223,42.47417],[-90.22321,42.48885],[-90.22321,42.48893],[-90.22321,42.48907],[-90.22329,42.5],[-90.22339,42.5],[-90.22336,42.50371],[-90.22347,42.5078],[-90.20314,42.50788],[-90.20258,42.50788],[-90.18316,42.50801],[-90.16323,42.50817],[-90.14596,42.50822],[-90.10407,42.50804],[-90.10403,42.50804]]]},"properties":{"OBJECTID":64,"Join_Count":1,"TARGET_FID":64,"JOIN_FID":612,"ASSET_NAME":"171","Feeder":"B448","Feeder_N":"F5360","PV_HC_kW":0,"EV_HC_kW":1110,"BESS_HC":0,"ORIG_FID":792,"Feeder_Q":0,"SS_N":"S0688","Queue_RD":"03/06/2026","Shape__Length_1":null,"Shape__Area":0.005811121890246795,"Shape__Length":0.3363086196458994}},{"type":"Feature","id":65,"geometry":{"type":"Polygon","coordinates":[[[-89.39791,42.3752],[-89.41702,42.37517],[-89.41741,42.37517],[-89.43669,42.37505],[-89.43687,42.37505],[-89.43731,42.37504],[-89.45625,42.37489],[-89.45668,42.37489],[-89.47558,42.37475],[-89.47585,42.37475],[-89.4762,42.37474],[-89.49487,42.37456],[-89.49508,42.37456],[-89.4957,42.37455],[-89.50001,42.37451],[-89.51473,42.37428],[-89.51488,42.37428],[-89.51489,42.375],[-89.51521,42.3887],[-89.51521,42.38879],[-89.51534,42.39944],[-89.51539,42.40323],[-89.51539,42.40335],[-89.51539,42.40349],[-89.5154,42.40366],[-89.51556,42.41766],[-89.51556,42.41775],[-89.51556,42.4178],[-89.51557,42.41805],[-89.51598,42.43215],[-89.51598,42.43228],[-89.51598,42.43236],[-89.51598,42.43262],[-89.51598,42.43272],[-89.51627,42.4466],[-89.51624,42.4472],[-89.51628,42.44738],[-89.51633,42.44983],[-89.51656,42.46113],[-89.51637,42.46113],[-89.5,42.46119],[-89.49736,42.46122],[-89.49725,42.46122],[-89.49715,42.46122],[-89.4779,42.46126],[-89.47759,42.46127],[-89.45849,42.46127],[-89.45813,42.46127],[-89.43882,42.46131],[-89.43861,42.46131],[-89.41943,42.46142],[-89.41921,42.46142],[-89.41911,42.46142],[-89.39993,42.46153],[-89.39979,42.45622],[-89.39954,42.4477],[-89.39954,42.4474],[-89.39954,42.44736],[-89.3995,42.44727],[-89.39907,42.43298],[-89.39907,42.43285],[-89.39906,42.43277],[-89.39879,42.41885],[-89.39878,42.41841],[-89.39862,42.41045],[-89.3985,42.40432],[-89.39849,42.40394],[-89.39824,42.39149],[-89.39821,42.38988],[-89.3982,42.38962],[-89.39806,42.38273],[-89.39792,42.37565],[-89.39791,42.3752]]]},"properties":{"OBJECTID":65,"Join_Count":1,"TARGET_FID":65,"JOIN_FID":2942,"ASSET_NAME":"268","Feeder":"L12163","Feeder_N":"F1738","PV_HC_kW":1315.24,"EV_HC_kW":260,"BESS_HC":260,"ORIG_FID":796,"Feeder_Q":2000,"SS_N":"S0653","Queue_RD":"03/06/2026","Shape__Length_1":null,"Shape__Area":0.01010255820187922,"Shape__Length":0.40683125393789843}},{"type":"Feature","id":66,"geometry":{"type":"Polygon","coordinates":[[[-89.05586,42.06397],[-89.0561,42.06397],[-89.05633,42.06396],[-89.07537,42.06376],[-89.07548,42.06376],[-89.07591,42.06375],[-89.09488,42.06355],[-89.09496,42.06355],[-89.11424,42.06345],[-89.115,42.06344],[-89.12493,42.06339],[-89.13342,42.06336],[-89.13379,42.06336],[-89.13408,42.06336],[-89.13412,42.06336],[-89.15287,42.06338],[-89.15303,42.06338],[-89.15318,42.06338],[-89.1533,42.06338],[-89.17248,42.06318],[-89.17248,42.06336],[-89.17257,42.07192],[-89.17257,42.0739],[-89.17257,42.07786],[-89.17257,42.07814],[-89.17258,42.08846],[-89.17258,42.0923],[-89.17258,42.09257],[-89.17257,42.09264],[-89.17248,42.10289],[-89.17245,42.10669],[-89.17244,42.10703],[-89.17244,42.1073],[-89.1725,42.11606],[-89.17253,42.12135],[-89.17253,42.12163],[-89.17255,42.12502],[-89.17257,42.13057],[-89.17258,42.13571],[-89.17258,42.13623],[-89.17259,42.13838],[-89.17266,42.14503],[-89.17271,42.14912],[-89.17271,42.15022],[-89.17267,42.15021],[-89.1545,42.15018],[-89.15394,42.15018],[-89.15329,42.15019],[-89.13494,42.15032],[-89.13448,42.15032],[-89.13414,42.15032],[-89.12498,42.15038],[-89.11547,42.15044],[-89.11517,42.15045],[-89.09655,42.15057],[-89.09621,42.15057],[-89.09598,42.15057],[-89.077,42.15072],[-89.05692,42.15091],[-89.05689,42.13682],[-89.05689,42.13675],[-89.05689,42.13654],[-89.05692,42.13641],[-89.05677,42.12498],[-89.05679,42.12225],[-89.05679,42.12217],[-89.05679,42.12195],[-89.05667,42.10788],[-89.05667,42.10753],[-89.05666,42.10742],[-89.05666,42.10734],[-89.05638,42.09328],[-89.05637,42.09313],[-89.05637,42.09301],[-89.05637,42.09294],[-89.05612,42.07892],[-89.05611,42.07851],[-89.05586,42.06439],[-89.05586,42.06397]]]},"properties":{"OBJECTID":66,"Join_Count":1,"TARGET_FID":66,"JOIN_FID":587,"ASSET_NAME":"313","Feeder":"B254","Feeder_N":"F5310","PV_HC_kW":0,"EV_HC_kW":1040,"BESS_HC":0,"ORIG_FID":797,"Feeder_Q":0,"SS_N":"S0654","Queue_RD":"03/06/2026","Shape__Length_1":null,"Shape__Area":0.010089317403298992,"Shape__Length":0.4064254089331637}},{"type":"Feature","id":67,"geometry":{"type":"Polygon","coordinates":[[[-87.92005,41.90678],[-87.9399,41.90617],[-87.95903,41.9058],[-87.97833,41.90543],[-87.97844,41.90542],[-87.99786,41.90498],[-88.01706,41.90482],[-88.01707,41.90486],[-88.01726,41.90486],[-88.01726,41.90482],[-88.03225,41.90435],[-88.03193,41.91902],[-88.03182,41.9337],[-88.03147,41.94854],[-88.03147,41.94865],[-88.03142,41.96343],[-88.03142,41.96356],[-88.03119,41.97797],[-88.03119,41.9781],[-88.03119,41.99248],[-88.01788,41.99241],[-87.99821,41.99256],[-87.97888,41.99278],[-87.97879,41.99278],[-87.97869,41.99278],[-87.95921,41.99306],[-87.93999,41.9934],[-87.92046,41.99397],[-87.9204,41.97938],[-87.92024,41.96501],[-87.92025,41.96487],[-87.92025,41.95047],[-87.92025,41.95039],[-87.92025,41.95021],[-87.92021,41.93577],[-87.92044,41.92128],[-87.92005,41.90678]]]},"properties":{"OBJECTID":67,"Join_Count":1,"TARGET_FID":67,"JOIN_FID":3071,"ASSET_NAME":"445","Feeder":"L4655","Feeder_N":"F1948","PV_HC_kW":9270,"EV_HC_kW":11870,"BESS_HC":9270,"ORIG_FID":842,"Feeder_Q":1080,"SS_N":"S0707","Queue_RD":"03/06/2026","Shape__Length_1":null,"Shape__Area":0.009730270844784172,"Shape__Length":0.39836830041458404}},{"type":"Feature","id":68,"geometry":{"type":"Polygon","coordinates":[[[-88.8183,41.63129],[-88.83162,41.63101],[-88.83754,41.63089],[-88.83769,41.63089],[-88.8378,41.63088],[-88.85681,41.63038],[-88.85707,41.63037],[-88.85722,41.63036],[-88.87166,41.62993],[-88.87498,41.62994],[-88.87631,41.62991],[-88.89563,41.62956],[-88.89569,41.62956],[-88.912,41.62909],[-88.91498,41.629],[-88.91508,41.629],[-88.91518,41.629],[-88.92024,41.62889],[-88.92479,41.6288],[-88.92676,41.62873],[-88.93368,41.62849],[-88.93862,41.62833],[-88.93877,41.62833],[-88.93877,41.62843],[-88.93878,41.6295],[-88.93879,41.63001],[-88.93894,41.64269],[-88.93895,41.64278],[-88.93895,41.64287],[-88.93895,41.64294],[-88.93905,41.64788],[-88.93915,41.65288],[-88.93924,41.65721],[-88.93924,41.65728],[-88.93924,41.65736],[-88.93924,41.65741],[-88.93942,41.66889],[-88.93945,41.67165],[-88.93945,41.67171],[-88.93963,41.68118],[-88.93972,41.68616],[-88.93972,41.68619],[-88.93973,41.6864],[-88.94002,41.70071],[-88.94002,41.70091],[-88.94002,41.70105],[-88.94022,41.71703],[-88.92545,41.71711],[-88.91682,41.71717],[-88.91647,41.71718],[-88.91575,41.71718],[-88.90604,41.71729],[-88.89713,41.71739],[-88.89697,41.71739],[-88.88645,41.71743],[-88.8774,41.71747],[-88.87503,41.71743],[-88.86725,41.71753],[-88.85859,41.71765],[-88.85829,41.71765],[-88.84786,41.71764],[-88.83916,41.71761],[-88.83875,41.71761],[-88.82862,41.71763],[-88.81908,41.71768],[-88.81896,41.70386],[-88.81896,41.7038],[-88.81895,41.70373],[-88.81888,41.69902],[-88.81873,41.68955],[-88.81873,41.68943],[-88.81867,41.67512],[-88.81867,41.67488],[-88.81866,41.67279],[-88.81861,41.66049],[-88.81861,41.66032],[-88.81855,41.64603],[-88.81855,41.64585],[-88.8183,41.63147],[-88.8183,41.63129]]]},"properties":{"OBJECTID":68,"Join_Count":1,"TARGET_FID":68,"JOIN_FID":2495,"ASSET_NAME":"344","Feeder":"H566","Feeder_N":"F3891","PV_HC_kW":0,"EV_HC_kW":90,"BESS_HC":0,"ORIG_FID":933,"Feeder_Q":0,"SS_N":"S0278","Queue_RD":"03/06/2026","Shape__Length_1":null,"Shape__Area":0.0105770564202885,"Shape__Length":0.41676379888832876}},{"type":"Feature","id":69,"geometry":{"type":"Polygon","coordinates":[[[-89.62842,41.93052],[-89.6282,41.9162],[-89.62827,41.9162],[-89.62839,41.90155],[-89.62843,41.88718],[-89.62893,41.87295],[-89.62915,41.85841],[-89.62942,41.84382],[-89.64872,41.84384],[-89.66837,41.844],[-89.68732,41.84373],[-89.70676,41.84372],[-89.70713,41.84373],[-89.72591,41.84385],[-89.74646,41.84398],[-89.74601,41.85849],[-89.74589,41.87328],[-89.74554,41.88753],[-89.74532,41.90182],[-89.7449,41.91634],[-89.7449,41.91668],[-89.74455,41.93066],[-89.72475,41.93063],[-89.70544,41.93034],[-89.686,41.93074],[-89.66673,41.93067],[-89.66665,41.93067],[-89.64749,41.93038],[-89.62842,41.93052]]]},"properties":{"OBJECTID":69,"Join_Count":1,"TARGET_FID":69,"JOIN_FID":615,"ASSET_NAME":"246","Feeder":"B465","Feeder_N":"F5366","PV_HC_kW":0,"EV_HC_kW":1450,"BESS_HC":0,"ORIG_FID":934,"Feeder_Q":65.61,"SS_N":"S0056","Queue_RD":"03/06/2026","Shape__Length_1":null,"Shape__Area":0.010133818089798297,"Shape__Length":0.40669041029116487}},{"type":"Feature","id":70,"geometry":{"type":"Polygon","coordinates":[[[-88.37498,41.89702],[-88.39427,41.89678],[-88.39451,41.89677],[-88.41389,41.89644],[-88.41418,41.89644],[-88.43337,41.89615],[-88.43364,41.89615],[-88.45278,41.8959],[-88.4529,41.8959],[-88.47224,41.89564],[-88.4881,41.89543],[-88.48821,41.91003],[-88.48821,41.91016],[-88.48811,41.92451],[-88.48811,41.92463],[-88.48849,41.93901],[-88.4885,41.93917],[-88.48852,41.95344],[-88.48852,41.95366],[-88.48846,41.95928],[-88.48844,41.96791],[-88.48845,41.96826],[-88.48864,41.98256],[-88.47315,41.98277],[-88.47297,41.98277],[-88.45351,41.98296],[-88.43386,41.98346],[-88.41461,41.98363],[-88.41424,41.98363],[-88.39517,41.98412],[-88.37557,41.98451],[-88.37551,41.96998],[-88.37552,41.95528],[-88.37545,41.9406],[-88.37521,41.92611],[-88.37501,41.9115],[-88.37498,41.89702]]]},"properties":{"OBJECTID":70,"Join_Count":1,"TARGET_FID":70,"JOIN_FID":3105,"ASSET_NAME":"441","Feeder":"L57736","Feeder_N":"F2020","PV_HC_kW":14539.71,"EV_HC_kW":2830,"BESS_HC":2830,"ORIG_FID":938,"Feeder_Q":0,"SS_N":"S0625","Queue_RD":"03/06/2026","Shape__Length_1":null,"Shape__Area":0.009859938534418689,"Shape__Length":0.4008370573915959}},{"type":"Feature","id":71,"geometry":{"type":"Polygon","coordinates":[[[-89.05469,41.71613],[-89.07236,41.71599],[-89.07326,41.716],[-89.074,41.716],[-89.09145,41.71591],[-89.09259,41.7159],[-89.09332,41.71589],[-89.1111,41.71575],[-89.11198,41.71574],[-89.1128,41.71573],[-89.12494,41.71564],[-89.13065,41.71561],[-89.1317,41.71561],[-89.13212,41.7156],[-89.13731,41.71558],[-89.14921,41.71553],[-89.1496,41.71552],[-89.15041,41.71552],[-89.15137,41.71552],[-89.16737,41.71542],[-89.1678,41.71541],[-89.16803,41.72882],[-89.16803,41.72896],[-89.16804,41.72947],[-89.16805,41.72991],[-89.16821,41.7433],[-89.16821,41.7434],[-89.16821,41.74386],[-89.16822,41.7443],[-89.16822,41.74997],[-89.16829,41.75794],[-89.16829,41.75799],[-89.16829,41.75803],[-89.1683,41.75899],[-89.16831,41.76786],[-89.16832,41.77264],[-89.16832,41.77362],[-89.16833,41.78694],[-89.16833,41.78826],[-89.16828,41.80133],[-89.16827,41.8024],[-89.1516,41.80258],[-89.15132,41.80259],[-89.14594,41.80263],[-89.1321,41.80275],[-89.13182,41.80275],[-89.12494,41.80283],[-89.11253,41.8029],[-89.09315,41.80311],[-89.09307,41.80311],[-89.07371,41.80323],[-89.07362,41.80323],[-89.0543,41.80336],[-89.05408,41.80336],[-89.05408,41.80331],[-89.05429,41.78948],[-89.05429,41.78939],[-89.0543,41.7887],[-89.0543,41.78864],[-89.05438,41.77461],[-89.05438,41.77405],[-89.05449,41.75995],[-89.05449,41.7597],[-89.05449,41.75967],[-89.0545,41.75346],[-89.0545,41.75],[-89.0546,41.74547],[-89.05461,41.74542],[-89.05463,41.74518],[-89.05463,41.74512],[-89.05465,41.7308],[-89.05467,41.7306],[-89.05467,41.73031],[-89.05469,41.71613]]]},"properties":{"OBJECTID":71,"Join_Count":1,"TARGET_FID":71,"JOIN_FID":2507,"ASSET_NAME":"317","Feeder":"H677","Feeder_N":"F3905","PV_HC_kW":0,"EV_HC_kW":600,"BESS_HC":0,"ORIG_FID":949,"Feeder_Q":0,"SS_N":"S0285","Queue_RD":"03/06/2026","Shape__Length_1":null,"Shape__Area":0.009913955122783591,"Shape__Length":0.40152967420521174}},{"type":"Feature","id":72,"geometry":{"type":"Polygon","coordinates":[[[-87.79001,41.46988],[-87.80645,41.46994],[-87.80949,41.46995],[-87.82607,41.46999],[-87.82895,41.47],[-87.84541,41.46997],[-87.84837,41.46996],[-87.86505,41.47006],[-87.86756,41.47007],[-87.88296,41.46911],[-87.88181,41.46998],[-87.88699,41.46995],[-87.90636,41.4697],[-87.90688,41.48381],[-87.90691,41.48415],[-87.90743,41.49849],[-87.90744,41.49876],[-87.90817,41.51281],[-87.90859,41.52745],[-87.90859,41.5276],[-87.90905,41.54221],[-87.90958,41.55673],[-87.89024,41.55706],[-87.87076,41.55713],[-87.8513,41.55755],[-87.83182,41.55788],[-87.81228,41.55817],[-87.79274,41.55844],[-87.79221,41.54383],[-87.79211,41.53767],[-87.79032,41.53902],[-87.79039,41.52782],[-87.7904,41.5132],[-87.78997,41.49892],[-87.78995,41.48443],[-87.79001,41.46988]]]},"properties":{"OBJECTID":72,"Join_Count":1,"TARGET_FID":72,"JOIN_FID":2722,"ASSET_NAME":"496","Feeder":"J5184","Feeder_N":"F4105","PV_HC_kW":1428.57,"EV_HC_kW":1210,"BESS_HC":1210,"ORIG_FID":991,"Feeder_Q":0,"SS_N":"S0584","Queue_RD":"03/06/2026","Shape__Length_1":null,"Shape__Area":0.01029106211603903,"Shape__Length":0.4151023571657326}},{"type":"Feature","id":73,"geometry":{"type":"Polygon","coordinates":[[[-88.71531,41.71838],[-88.73311,41.7182],[-88.73468,41.71819],[-88.73472,41.71819],[-88.74294,41.71809],[-88.75005,41.718],[-88.75212,41.71796],[-88.75263,41.71795],[-88.75401,41.71796],[-88.77114,41.71793],[-88.77181,41.71793],[-88.77344,41.71793],[-88.79077,41.71779],[-88.79111,41.71779],[-88.79295,41.7178],[-88.81021,41.71772],[-88.81052,41.71772],[-88.81218,41.71771],[-88.81881,41.71768],[-88.81908,41.71768],[-88.82862,41.71763],[-88.82861,41.7179],[-88.82846,41.73223],[-88.82845,41.73248],[-88.82841,41.73717],[-88.8283,41.7468],[-88.82829,41.747],[-88.82826,41.75],[-88.82822,41.76129],[-88.82822,41.76155],[-88.82817,41.77591],[-88.82817,41.77605],[-88.82806,41.7903],[-88.82806,41.79034],[-88.82806,41.79047],[-88.82806,41.79443],[-88.82802,41.80494],[-88.82788,41.80494],[-88.8124,41.80511],[-88.81232,41.80511],[-88.81223,41.80511],[-88.81167,41.80512],[-88.79299,41.80542],[-88.79292,41.80542],[-88.79281,41.80542],[-88.79266,41.80542],[-88.7738,41.80541],[-88.77344,41.80541],[-88.77339,41.80541],[-88.77329,41.80541],[-88.75397,41.80555],[-88.74997,41.80561],[-88.73439,41.80564],[-88.73428,41.80564],[-88.71495,41.80568],[-88.71506,41.79164],[-88.71507,41.79127],[-88.71507,41.79122],[-88.71507,41.79113],[-88.71512,41.77678],[-88.71512,41.77668],[-88.71512,41.7766],[-88.71522,41.76215],[-88.71522,41.76203],[-88.71522,41.762],[-88.71521,41.75],[-88.71523,41.74749],[-88.71523,41.74742],[-88.71524,41.7461],[-88.7153,41.73291],[-88.7153,41.73281],[-88.71531,41.71838]]]},"properties":{"OBJECTID":73,"Join_Count":1,"TARGET_FID":73,"JOIN_FID":2492,"ASSET_NAME":"356","Feeder":"H541","Feeder_N":"F3887","PV_HC_kW":0,"EV_HC_kW":850,"BESS_HC":0,"ORIG_FID":993,"Feeder_Q":0,"SS_N":"S0276","Queue_RD":"03/06/2026","Shape__Length_1":null,"Shape__Area":0.009892900554177686,"Shape__Length":0.4010089584175256}},{"type":"Feature","id":74,"geometry":{"type":"Polygon","coordinates":[[[-88.93677,41.54129],[-88.93677,41.54129],[-88.93702,41.54129],[-88.95614,41.54097],[-88.96579,41.54081],[-88.96598,41.54081],[-88.97544,41.54065],[-88.98131,41.54056],[-88.98501,41.54051],[-88.98517,41.54051],[-88.99458,41.54037],[-88.99463,41.54038],[-88.9947,41.54037],[-88.99508,41.54035],[-89.00066,41.54015],[-89.00298,41.54006],[-89.01389,41.53988],[-89.01394,41.53988],[-89.02208,41.53979],[-89.02344,41.53977],[-89.02373,41.53977],[-89.03312,41.53966],[-89.03575,41.53963],[-89.04961,41.53944],[-89.05004,41.53943],[-89.05004,41.53955],[-89.05037,41.55397],[-89.05038,41.55405],[-89.05038,41.55416],[-89.05067,41.56855],[-89.05067,41.56865],[-89.05097,41.58301],[-89.05097,41.58305],[-89.05098,41.58318],[-89.05139,41.59776],[-89.05165,41.61204],[-89.05165,41.61218],[-89.05165,41.6123],[-89.05188,41.62502],[-89.05193,41.62648],[-89.05194,41.62666],[-89.05194,41.62669],[-89.0519,41.62669],[-89.05173,41.62669],[-89.03549,41.62695],[-89.03539,41.62695],[-89.03483,41.62696],[-89.01625,41.62718],[-89.01621,41.62718],[-89.01613,41.62718],[-89.01592,41.62718],[-89.01576,41.62719],[-88.99998,41.62745],[-88.99707,41.62753],[-88.9968,41.62754],[-88.9967,41.62754],[-88.99664,41.62754],[-88.99629,41.62753],[-88.99242,41.62757],[-88.98527,41.62767],[-88.97749,41.62777],[-88.97736,41.62777],[-88.97729,41.62777],[-88.97699,41.62778],[-88.95802,41.6281],[-88.95792,41.6281],[-88.9575,41.62811],[-88.93882,41.62833],[-88.93877,41.62833],[-88.93876,41.62809],[-88.93867,41.62485],[-88.93826,41.61393],[-88.93826,41.61378],[-88.93803,41.5994],[-88.93803,41.59926],[-88.93791,41.59166],[-88.9378,41.58488],[-88.9378,41.58474],[-88.93744,41.57039],[-88.93745,41.57023],[-88.93743,41.57018],[-88.93739,41.56834],[-88.93715,41.55586],[-88.93715,41.55578],[-88.93714,41.55571],[-88.93714,41.55563],[-88.93699,41.54904],[-88.93687,41.54377],[-88.93686,41.54359],[-88.93684,41.54298],[-88.93677,41.54129]]]},"properties":{"OBJECTID":74,"Join_Count":1,"TARGET_FID":74,"JOIN_FID":2474,"ASSET_NAME":"332","Feeder":"H393","Feeder_N":"F3305","PV_HC_kW":0,"EV_HC_kW":1720,"BESS_HC":0,"ORIG_FID":996,"Feeder_Q":0,"SS_N":"S0668","Queue_RD":"03/06/2026","Shape__Length_1":null,"Shape__Area":0.009879212204168653,"Shape__Length":0.40082595672755433}},{"type":"Feature","id":75,"geometry":{"type":"Polygon","coordinates":[[[-88.36211,41.28615],[-88.38145,41.28569],[-88.40085,41.28529],[-88.4011,41.28529],[-88.42009,41.28488],[-88.43928,41.28444],[-88.43966,41.28442],[-88.45837,41.28385],[-88.45908,41.28382],[-88.47595,41.28341],[-88.47636,41.29781],[-88.47636,41.29796],[-88.47708,41.31238],[-88.47709,41.31256],[-88.47784,41.32707],[-88.4784,41.3416],[-88.4784,41.3417],[-88.47883,41.35603],[-88.47883,41.35621],[-88.4794,41.37059],[-88.46056,41.37102],[-88.44128,41.37156],[-88.42183,41.37211],[-88.40257,41.37259],[-88.38328,41.37301],[-88.36388,41.37329],[-88.36369,41.35865],[-88.36369,41.35852],[-88.36342,41.34416],[-88.36307,41.3297],[-88.36307,41.32959],[-88.3626,41.31521],[-88.3626,41.31508],[-88.36234,41.30068],[-88.36234,41.30056],[-88.36211,41.28615]]]},"properties":{"OBJECTID":75,"Join_Count":1,"TARGET_FID":75,"JOIN_FID":2566,"ASSET_NAME":"531","Feeder":"J135","Feeder_N":"F3349","PV_HC_kW":0,"EV_HC_kW":730,"BESS_HC":0,"ORIG_FID":999,"Feeder_Q":29.99,"SS_N":"S0731","Queue_RD":"03/06/2026","Shape__Length_1":null,"Shape__Area":0.010007473819996449,"Shape__Length":0.40382928513975597}},{"type":"Feature","id":76,"geometry":{"type":"Polygon","coordinates":[[[-90.093,41.67111],[-90.09317,41.65665],[-90.09317,41.6566],[-90.09334,41.64212],[-90.09335,41.64204],[-90.09358,41.6277],[-90.09359,41.62742],[-90.09363,41.62504],[-90.09378,41.6134],[-90.09378,41.61336],[-90.0938,41.61332],[-90.09396,41.59912],[-90.09396,41.59878],[-90.09412,41.58454],[-90.09414,41.58436],[-90.09521,41.58437],[-90.10579,41.58452],[-90.10624,41.58453],[-90.10686,41.58453],[-90.10892,41.58456],[-90.11078,41.58455],[-90.11359,41.58454],[-90.12491,41.58449],[-90.12553,41.58449],[-90.12596,41.58449],[-90.13247,41.58451],[-90.14477,41.58457],[-90.14561,41.58457],[-90.14822,41.58458],[-90.1517,41.58459],[-90.16501,41.58461],[-90.16519,41.58461],[-90.16603,41.58461],[-90.17122,41.58462],[-90.18411,41.58457],[-90.18465,41.58457],[-90.18536,41.58457],[-90.18546,41.58471],[-90.18575,41.58521],[-90.18589,41.58567],[-90.18601,41.58617],[-90.18604,41.58697],[-90.18594,41.5877],[-90.18574,41.5881],[-90.18549,41.5885],[-90.1852,41.58882],[-90.18465,41.58939],[-90.18352,41.59013],[-90.18317,41.59034],[-90.18287,41.59045],[-90.18195,41.59074],[-90.18094,41.59095],[-90.18018,41.59105],[-90.17989,41.59107],[-90.17878,41.59109],[-90.17793,41.59104],[-90.17733,41.59107],[-90.17662,41.59108],[-90.17593,41.59113],[-90.17448,41.59115],[-90.17167,41.59147],[-90.17043,41.59175],[-90.17036,41.59178],[-90.17014,41.59182],[-90.16923,41.592],[-90.16896,41.59207],[-90.16842,41.59226],[-90.16752,41.59277],[-90.16705,41.59309],[-90.16683,41.59325],[-90.16605,41.59396],[-90.16585,41.59418],[-90.1655,41.59462],[-90.16529,41.59494],[-90.16498,41.59561],[-90.16473,41.59643],[-90.16465,41.59686],[-90.16464,41.59753],[-90.16471,41.59819],[-90.1649,41.59896],[-90.16491,41.599],[-90.16499,41.59925],[-90.16518,41.59995],[-90.16527,41.60035],[-90.16531,41.60072],[-90.16535,41.60104],[-90.16536,41.60124],[-90.16533,41.6014],[-90.16529,41.60163],[-90.16496,41.60263],[-90.16509,41.60283],[-90.16511,41.60287],[-90.16506,41.60292],[-90.16485,41.60631],[-90.16343,41.60987],[-90.16279,41.61063],[-90.16113,41.6117],[-90.15991,41.61363],[-90.15952,41.61363],[-90.15787,41.61363],[-90.1567,41.61502],[-90.15507,41.61742],[-90.15621,41.62045],[-90.15746,41.62155],[-90.15758,41.62198],[-90.15776,41.62314],[-90.15768,41.62406],[-90.15748,41.62528],[-90.15715,41.62586],[-90.15679,41.62707],[-90.15642,41.62812],[-90.15735,41.62812],[-90.15995,41.62813],[-90.15994,41.62937],[-90.15981,41.63037],[-90.16017,41.63108],[-90.16072,41.63218],[-90.16168,41.63409],[-90.16168,41.63534],[-90.1623,41.63534],[-90.16233,41.6354],[-90.16242,41.63542],[-90.16547,41.63588],[-90.16778,41.63622],[-90.16845,41.63632],[-90.17143,41.63693],[-90.17143,41.63693],[-90.17144,41.63714],[-90.17144,41.6372],[-90.1715,41.63978],[-90.16882,41.63952],[-90.16628,41.63928],[-90.16375,41.63913],[-90.1619,41.64257],[-90.16168,41.64257],[-90.16168,41.64297],[-90.16131,41.64367],[-90.16483,41.64744],[-90.16637,41.64775],[-90.17021,41.64852],[-90.17107,41.65121],[-90.17144,41.65236],[-90.17144,41.65237],[-90.17145,41.65241],[-90.17157,41.65269],[-90.17162,41.65283],[-90.17184,41.65303],[-90.17271,41.65387],[-90.17291,41.65406],[-90.17372,41.65482],[-90.17486,41.65526],[-90.17501,41.65534],[-90.17538,41.65546],[-90.17606,41.65572],[-90.17955,41.65705],[-90.18154,41.65781],[-90.1816,41.65785],[-90.18216,41.65821],[-90.18399,41.65941],[-90.18399,41.65941],[-90.18539,41.66029],[-90.18851,41.66267],[-90.18908,41.6631],[-90.18908,41.6631],[-90.18908,41.6631],[-90.18914,41.66312],[-90.19077,41.66379],[-90.19108,41.66391],[-90.19127,41.66399],[-90.19131,41.664],[-90.19135,41.66402],[-90.19135,41.66402],[-90.19136,41.66426],[-90.19142,41.6678],[-90.20005,41.66936],[-90.20829,41.67057],[-90.20875,41.67064],[-90.20874,41.6715],[-90.20874,41.67158],[-90.20413,41.67155],[-90.19176,41.67147],[-90.19149,41.67147],[-90.19067,41.67146],[-90.18977,41.67146],[-90.17717,41.67141],[-90.17313,41.6714],[-90.17165,41.67139],[-90.17098,41.67139],[-90.17069,41.67139],[-90.17012,41.67139],[-90.15171,41.67139],[-90.15135,41.67139],[-90.15113,41.67139],[-90.15082,41.67138],[-90.13634,41.6713],[-90.1321,41.67128],[-90.13178,41.67128],[-90.13145,41.67128],[-90.12491,41.67131],[-90.12131,41.67129],[-90.11333,41.67126],[-90.11261,41.67125],[-90.1125,41.67126],[-90.1124,41.67126],[-90.10027,41.67117],[-90.09608,41.67114],[-90.09325,41.67111],[-90.093,41.67111]]]},"properties":{"OBJECTID":76,"Join_Count":0,"TARGET_FID":76,"JOIN_FID":-1,"ASSET_NAME":"181","Feeder":null,"Feeder_N":null,"PV_HC_kW":null,"EV_HC_kW":null,"BESS_HC":0,"ORIG_FID":1011,"Feeder_Q":null,"SS_N":null,"Queue_RD":null,"Shape__Length_1":null,"Shape__Area":0.006617974083610534,"Shape__Length":0.45675449971931514}},{"type":"Feature","id":77,"geometry":{"type":"Polygon","coordinates":[[[-87.55928,41.6448],[-87.55936,41.63009],[-87.55893,41.61551],[-87.55875,41.60111],[-87.5586,41.58658],[-87.55847,41.5721],[-87.55835,41.55758],[-87.57789,41.55754],[-87.597,41.55751],[-87.59721,41.55751],[-87.61643,41.55745],[-87.61665,41.55745],[-87.6362,41.55735],[-87.6558,41.55728],[-87.67499,41.55718],[-87.67516,41.57159],[-87.67518,41.58616],[-87.67531,41.60068],[-87.67548,41.61528],[-87.67546,41.62736],[-87.67887,41.62479],[-87.67912,41.63354],[-87.67993,41.64815],[-87.66035,41.6485],[-87.64707,41.6488],[-87.6529,41.64441],[-87.63646,41.64445],[-87.61729,41.64485],[-87.59786,41.6448],[-87.57849,41.64481],[-87.55928,41.6448]]]},"properties":{"OBJECTID":77,"Join_Count":1,"TARGET_FID":77,"JOIN_FID":3168,"ASSET_NAME":"488","Feeder":"L7666","Feeder_N":"F2142","PV_HC_kW":23760.48,"EV_HC_kW":7610,"BESS_HC":7610,"ORIG_FID":1108,"Feeder_Q":0,"SS_N":"S0730","Queue_RD":"03/06/2026","Shape__Length_1":null,"Shape__Area":0.01035042143848841,"Shape__Length":0.43550745395803536}},{"type":"Feature","id":78,"geometry":{"type":"Polygon","coordinates":[[[-87.66355,41.20792],[-87.68299,41.2078],[-87.70193,41.2077],[-87.70229,41.2077],[-87.72108,41.20751],[-87.72166,41.20751],[-87.7411,41.20739],[-87.76033,41.20722],[-87.78015,41.2071],[-87.78039,41.22164],[-87.78067,41.23628],[-87.78066,41.25086],[-87.78082,41.26536],[-87.78083,41.26547],[-87.781,41.28005],[-87.78122,41.29571],[-87.76507,41.29579],[-87.76153,41.2958],[-87.74618,41.29609],[-87.7421,41.29609],[-87.72685,41.29623],[-87.72217,41.29625],[-87.70745,41.29635],[-87.70603,41.29636],[-87.70306,41.29638],[-87.68827,41.29663],[-87.68382,41.29657],[-87.66892,41.29671],[-87.66449,41.29673],[-87.66437,41.28091],[-87.66404,41.26631],[-87.66404,41.25172],[-87.66386,41.23707],[-87.66372,41.2225],[-87.66355,41.20792]]]},"properties":{"OBJECTID":78,"Join_Count":1,"TARGET_FID":78,"JOIN_FID":2817,"ASSET_NAME":"567","Feeder":"K195","Feeder_N":"F1518","PV_HC_kW":0,"EV_HC_kW":1000,"BESS_HC":0,"ORIG_FID":1113,"Feeder_Q":4990,"SS_N":"S0725","Queue_RD":"03/06/2026","Shape__Length_1":null,"Shape__Area":0.010353675247870342,"Shape__Length":0.41078056481696035}},{"type":"Feature","id":79,"geometry":{"type":"Polygon","coordinates":[[[-90.09251,41.75715],[-90.11133,41.75724],[-90.11211,41.75724],[-90.1303,41.75767],[-90.13061,41.75769],[-90.13089,41.75769],[-90.14961,41.7578],[-90.15015,41.75781],[-90.15081,41.75782],[-90.16853,41.75793],[-90.16881,41.75793],[-90.16936,41.75793],[-90.17042,41.75793],[-90.18837,41.75801],[-90.18881,41.75801],[-90.18936,41.75801],[-90.19066,41.75802],[-90.20755,41.75804],[-90.20744,41.77253],[-90.20744,41.77261],[-90.20724,41.78688],[-90.20707,41.79501],[-90.20701,41.79793],[-90.207,41.79813],[-90.20359,41.7991],[-90.20201,41.79943],[-90.19705,41.80046],[-90.19692,41.80048],[-90.19547,41.8008],[-90.19526,41.8009],[-90.19487,41.80091],[-90.19431,41.801],[-90.19357,41.80115],[-90.1924,41.80145],[-90.19025,41.80214],[-90.18927,41.80252],[-90.18922,41.80254],[-90.18912,41.80259],[-90.18899,41.80266],[-90.18861,41.80285],[-90.18819,41.80309],[-90.18797,41.80315],[-90.18754,41.80343],[-90.18702,41.80369],[-90.18664,41.80385],[-90.18551,41.80447],[-90.18512,41.80475],[-90.18457,41.80518],[-90.18257,41.80644],[-90.18216,41.80685],[-90.18201,41.80704],[-90.18198,41.80706],[-90.18195,41.80711],[-90.18173,41.80741],[-90.18124,41.80817],[-90.18091,41.80919],[-90.18085,41.8096],[-90.18061,41.81052],[-90.18055,41.81102],[-90.18053,41.81327],[-90.1806,41.8137],[-90.1806,41.81471],[-90.18066,41.81541],[-90.18067,41.81547],[-90.1807,41.81586],[-90.18081,41.81758],[-90.18095,41.81904],[-90.18117,41.82033],[-90.18132,41.82156],[-90.18145,41.82201],[-90.18147,41.82217],[-90.1815,41.82229],[-90.18173,41.82499],[-90.1816,41.82576],[-90.18163,41.82653],[-90.18168,41.82695],[-90.18185,41.82778],[-90.18198,41.82811],[-90.18218,41.82856],[-90.18241,41.82897],[-90.18259,41.82937],[-90.18288,41.82982],[-90.18296,41.82995],[-90.18307,41.83012],[-90.18327,41.8306],[-90.18341,41.83119],[-90.18356,41.83168],[-90.18359,41.83201],[-90.18368,41.83234],[-90.18372,41.83263],[-90.18373,41.83296],[-90.18379,41.83347],[-90.18383,41.83444],[-90.18371,41.83597],[-90.18369,41.83649],[-90.18332,41.83769],[-90.18261,41.83922],[-90.18148,41.84318],[-90.18134,41.84351],[-90.1696,41.84358],[-90.16926,41.84358],[-90.15029,41.84369],[-90.15015,41.84369],[-90.15001,41.84369],[-90.14978,41.8437],[-90.13106,41.84375],[-90.13081,41.84375],[-90.13071,41.84375],[-90.13058,41.84375],[-90.11176,41.84376],[-90.09266,41.84379],[-90.09251,41.82941],[-90.09257,41.8151],[-90.09257,41.81481],[-90.09244,41.80056],[-90.09251,41.78616],[-90.09253,41.77159],[-90.09251,41.75715]]]},"properties":{"OBJECTID":79,"Join_Count":1,"TARGET_FID":79,"JOIN_FID":2456,"ASSET_NAME":"179","Feeder":"H236","Feeder_N":"F2879","PV_HC_kW":0,"EV_HC_kW":1860,"BESS_HC":0,"ORIG_FID":1117,"Feeder_Q":90,"SS_N":"S0662","Queue_RD":"03/06/2026","Shape__Length_1":null,"Shape__Area":0.00879768965319272,"Shape__Length":0.3950933105124879}},{"type":"Feature","id":80,"geometry":{"type":"Polygon","coordinates":[[[-88.00433,42.32767],[-88.0041,42.31319],[-88.00387,42.29862],[-88.0038,42.28404],[-88.00388,42.26939],[-88.00377,42.25525],[-88.0041,42.2406],[-88.02358,42.24068],[-88.04305,42.24087],[-88.06249,42.24092],[-88.06249,42.24095],[-88.06264,42.24096],[-88.06264,42.24092],[-88.08209,42.24092],[-88.10172,42.24096],[-88.12035,42.24103],[-88.1204,42.25537],[-88.12022,42.26985],[-88.12037,42.28427],[-88.12047,42.29875],[-88.12054,42.31329],[-88.12056,42.31346],[-88.12041,42.3282],[-88.10235,42.32798],[-88.08259,42.32769],[-88.06323,42.32773],[-88.04351,42.32757],[-88.02385,42.32761],[-88.00433,42.32767]]]},"properties":{"OBJECTID":80,"Join_Count":1,"TARGET_FID":80,"JOIN_FID":3012,"ASSET_NAME":"404","Feeder":"L16640","Feeder_N":"F1860","PV_HC_kW":7839.98,"EV_HC_kW":1350,"BESS_HC":1350,"ORIG_FID":1149,"Feeder_Q":0,"SS_N":"S0683","Queue_RD":"03/06/2026","Shape__Length_1":null,"Shape__Area":0.010118780930270077,"Shape__Length":0.406637725961257}},{"type":"Feature","id":81,"geometry":{"type":"Polygon","coordinates":[[[-88.35533,40.8476],[-88.37463,40.84747],[-88.39345,40.84726],[-88.4127,40.84713],[-88.43149,40.84703],[-88.43227,40.84703],[-88.45087,40.84688],[-88.46964,40.84669],[-88.47034,40.86114],[-88.47054,40.87573],[-88.47079,40.89011],[-88.47144,40.90467],[-88.47135,40.91926],[-88.47152,40.9339],[-88.45341,40.93413],[-88.45292,40.93413],[-88.43403,40.93428],[-88.41499,40.93441],[-88.39574,40.93458],[-88.39541,40.93458],[-88.37647,40.93475],[-88.35745,40.93492],[-88.35703,40.92048],[-88.35669,40.90582],[-88.35612,40.89134],[-88.35574,40.87676],[-88.35564,40.86216],[-88.35533,40.8476]]]},"properties":{"OBJECTID":81,"Join_Count":1,"TARGET_FID":81,"JOIN_FID":3547,"ASSET_NAME":"681","Feeder":"S405","Feeder_N":"F1435","PV_HC_kW":0,"EV_HC_kW":580,"BESS_HC":0,"ORIG_FID":1151,"Feeder_Q":0,"SS_N":"S0734","Queue_RD":"03/06/2026","Shape__Length_1":null,"Shape__Area":0.010001593465858605,"Shape__Length":0.40299068490136525}},{"type":"Feature","id":82,"geometry":{"type":"Polygon","coordinates":[[[-88.4881,41.89543],[-88.50749,41.89531],[-88.50759,41.89532],[-88.52686,41.89498],[-88.52693,41.89498],[-88.52717,41.89498],[-88.54628,41.89465],[-88.54639,41.89465],[-88.54679,41.89464],[-88.56574,41.89437],[-88.5658,41.89437],[-88.56601,41.89437],[-88.58521,41.89413],[-88.58546,41.89413],[-88.60135,41.89393],[-88.60125,41.90838],[-88.60125,41.90849],[-88.60125,41.90868],[-88.60129,41.923],[-88.60129,41.92313],[-88.6013,41.9232],[-88.60134,41.93755],[-88.60133,41.93758],[-88.60133,41.93769],[-88.60133,41.93773],[-88.60126,41.9521],[-88.60126,41.95227],[-88.60126,41.95234],[-88.60133,41.96674],[-88.60133,41.96698],[-88.60133,41.9671],[-88.60133,41.96719],[-88.60114,41.98132],[-88.601,41.98132],[-88.58598,41.98151],[-88.58589,41.98151],[-88.58579,41.98152],[-88.5665,41.98172],[-88.56646,41.98172],[-88.56632,41.98172],[-88.5471,41.98191],[-88.54684,41.98191],[-88.52767,41.98207],[-88.52758,41.98207],[-88.52753,41.98207],[-88.50817,41.98231],[-88.48864,41.98256],[-88.48845,41.96826],[-88.48844,41.96791],[-88.48846,41.95928],[-88.48852,41.95366],[-88.48852,41.95344],[-88.4885,41.93917],[-88.48849,41.93901],[-88.48811,41.92463],[-88.48811,41.92451],[-88.48821,41.91016],[-88.48821,41.91003],[-88.4881,41.89543]]]},"properties":{"OBJECTID":82,"Join_Count":1,"TARGET_FID":82,"JOIN_FID":664,"ASSET_NAME":"440","Feeder":"B905","Feeder_N":"F5462","PV_HC_kW":0,"EV_HC_kW":100,"BESS_HC":0,"ORIG_FID":1153,"Feeder_Q":0,"SS_N":"S0071","Queue_RD":"03/06/2026","Shape__Length_1":null,"Shape__Area":0.009850490309190718,"Shape__Length":0.40029294993184567}},{"type":"Feature","id":83,"geometry":{"type":"Polygon","coordinates":[[[-87.65549,41.00766],[-87.65555,41.00738],[-87.6652,41.00738],[-87.67486,41.00738],[-87.67495,41.00738],[-87.68453,41.00717],[-87.68515,41.00716],[-87.68515,41.00716],[-87.68515,41.00716],[-87.69421,41.00696],[-87.70349,41.00677],[-87.70376,41.00677],[-87.71332,41.00657],[-87.72276,41.00641],[-87.7322,41.00624],[-87.74186,41.006],[-87.75152,41.00575],[-87.76149,41.0057],[-87.76475,41.00568],[-87.76475,41.00568],[-87.77137,41.00564],[-87.77146,41.00564],[-87.77169,41.01984],[-87.7717,41.02011],[-87.77194,41.03445],[-87.75172,41.03466],[-87.73238,41.03498],[-87.71339,41.03538],[-87.69423,41.03577],[-87.67499,41.03616],[-87.65583,41.03658],[-87.65562,41.02206],[-87.65549,41.00766]]]},"properties":{"OBJECTID":83,"Join_Count":1,"TARGET_FID":83,"JOIN_FID":2827,"ASSET_NAME":"658","Feeder":"K325","Feeder_N":"F1538","PV_HC_kW":0,"EV_HC_kW":420,"BESS_HC":0,"ORIG_FID":1157,"Feeder_Q":2000,"SS_N":"S0725","Queue_RD":"03/06/2026","Shape__Length_1":null,"Shape__Area":0.003347735108263805,"Shape__Length":0.2900818851077064}},{"type":"Feature","id":84,"geometry":{"type":"Polygon","coordinates":[[[-89.05782,42.32534],[-89.07717,42.32501],[-89.09678,42.32497],[-89.11614,42.32474],[-89.13577,42.32468],[-89.15514,42.32449],[-89.15539,42.3245],[-89.17351,42.32433],[-89.17368,42.33202],[-89.17376,42.33529],[-89.17372,42.33876],[-89.17375,42.34976],[-89.17359,42.34976],[-89.17371,42.35335],[-89.17376,42.35335],[-89.1739,42.35963],[-89.17405,42.36417],[-89.17404,42.36549],[-89.17403,42.36787],[-89.1741,42.36787],[-89.174,42.37827],[-89.17394,42.38251],[-89.17406,42.39273],[-89.17384,42.39274],[-89.17394,42.39699],[-89.1741,42.39699],[-89.17421,42.40701],[-89.17417,42.40701],[-89.17416,42.41154],[-89.15713,42.4116],[-89.15608,42.4116],[-89.13796,42.41164],[-89.13675,42.41164],[-89.11786,42.41177],[-89.11786,42.41175],[-89.11643,42.41176],[-89.11643,42.4118],[-89.09844,42.41194],[-89.09692,42.41194],[-89.07906,42.41197],[-89.07787,42.41197],[-89.05915,42.41244],[-89.05894,42.39789],[-89.05897,42.39773],[-89.05887,42.38317],[-89.05845,42.3688],[-89.05804,42.35405],[-89.05817,42.3399],[-89.05782,42.32534]]]},"properties":{"OBJECTID":84,"Join_Count":1,"TARGET_FID":84,"JOIN_FID":3410,"ASSET_NAME":"310","Feeder":"R6376","Feeder_N":"F2648","PV_HC_kW":574.58,"EV_HC_kW":2120,"BESS_HC":574.58,"ORIG_FID":1160,"Feeder_Q":0,"SS_N":"S0680","Queue_RD":"03/06/2026","Shape__Length_1":null,"Shape__Area":0.010045177997199062,"Shape__Length":0.40584287087260124}},{"type":"Feature","id":85,"geometry":{"type":"Polygon","coordinates":[[[-88.00199,41.00003],[-88.00211,41.00003],[-88.0021,41.00022],[-88.0092,41],[-88.0164,40.99974],[-88.0164,40.99974],[-88.01677,41.01438],[-88.01685,41.02901],[-88.00222,41.02935],[-88.00217,41.01461],[-88.00199,41.00026],[-88.00199,41.00003]]]},"properties":{"OBJECTID":85,"Join_Count":1,"TARGET_FID":85,"JOIN_FID":3137,"ASSET_NAME":"655","Feeder":"L7062","Feeder_N":"F2078","PV_HC_kW":0,"EV_HC_kW":6720,"BESS_HC":0,"ORIG_FID":1167,"Feeder_Q":4980,"SS_N":"Networked*","Queue_RD":"03/06/2026","Shape__Length_1":null,"Shape__Area":0.00042506402701292245,"Shape__Length":0.08784624102785554}},{"type":"Feature","id":86,"geometry":{"type":"Polygon","coordinates":[[[-89.8617,41.9315],[-89.84228,41.93148],[-89.84219,41.93148],[-89.82288,41.9314],[-89.82276,41.93141],[-89.80341,41.93087],[-89.80326,41.93087],[-89.80169,41.93088],[-89.78407,41.93102],[-89.76479,41.93117],[-89.74455,41.93066],[-89.7449,41.91668],[-89.7449,41.91634],[-89.74532,41.90182],[-89.74554,41.88753],[-89.74589,41.87328],[-89.74601,41.85849],[-89.74646,41.84398],[-89.76638,41.84419],[-89.78544,41.84416],[-89.80444,41.84412],[-89.82372,41.8443],[-89.84302,41.84427],[-89.84357,41.84427],[-89.86227,41.84436],[-89.86224,41.85876],[-89.86224,41.85914],[-89.862,41.87317],[-89.86199,41.87353],[-89.86165,41.88754],[-89.86165,41.8881],[-89.86166,41.90243],[-89.86166,41.90279],[-89.86159,41.91711],[-89.86166,41.91711],[-89.86174,41.9315],[-89.8617,41.9315]]]},"properties":{"OBJECTID":86,"Join_Count":1,"TARGET_FID":86,"JOIN_FID":601,"ASSET_NAME":"232","Feeder":"B355","Feeder_N":"F5338","PV_HC_kW":0,"EV_HC_kW":2790,"BESS_HC":0,"ORIG_FID":1168,"Feeder_Q":0,"SS_N":"S0663","Queue_RD":"03/06/2026","Shape__Length_1":null,"Shape__Area":0.010118250880395863,"Shape__Length":0.4069340957474404}},{"type":"Feature","id":87,"geometry":{"type":"Polygon","coordinates":[[[-87.92133,42.06612],[-87.92111,42.05196],[-87.92111,42.05182],[-87.92093,42.03751],[-87.92073,42.02312],[-87.92064,42.00864],[-87.92046,41.99397],[-87.93999,41.9934],[-87.95921,41.99306],[-87.97869,41.99278],[-87.97879,41.99278],[-87.97888,41.99278],[-87.99821,41.99256],[-88.01788,41.99241],[-88.03119,41.99248],[-88.0314,42.00717],[-88.03102,42.02149],[-88.0309,42.03611],[-88.03089,42.03621],[-88.03033,42.05071],[-88.03055,42.06529],[-88.03056,42.0655],[-88.03047,42.06665],[-88.02441,42.06663],[-88.01949,42.06662],[-88.00469,42.06662],[-88.00002,42.06662],[-87.98544,42.06666],[-87.9796,42.06659],[-87.96602,42.06642],[-87.96033,42.0664],[-87.94647,42.06633],[-87.94093,42.0663],[-87.92692,42.06617],[-87.92133,42.06612]]]},"properties":{"OBJECTID":87,"Join_Count":1,"TARGET_FID":87,"JOIN_FID":3071,"ASSET_NAME":"435","Feeder":"L4655","Feeder_N":"F1948","PV_HC_kW":9270,"EV_HC_kW":11870,"BESS_HC":9270,"ORIG_FID":1321,"Feeder_Q":1080,"SS_N":"S0707","Queue_RD":"03/06/2026","Shape__Length_1":null,"Shape__Area":0.008092955681604508,"Shape__Length":0.3662345751053156}},{"type":"Feature","id":88,"geometry":{"type":"Polygon","coordinates":[[[-89.05194,41.62669],[-89.07099,41.62701],[-89.07118,41.62701],[-89.0713,41.62701],[-89.09025,41.62727],[-89.09061,41.62728],[-89.10946,41.62753],[-89.1098,41.62754],[-89.10989,41.62754],[-89.12498,41.62782],[-89.12904,41.6279],[-89.12947,41.62791],[-89.14153,41.62816],[-89.14165,41.62816],[-89.14822,41.62829],[-89.14838,41.6283],[-89.14858,41.6283],[-89.1487,41.6283],[-89.14886,41.6283],[-89.16676,41.62863],[-89.16683,41.62863],[-89.16705,41.62864],[-89.16712,41.6286],[-89.16712,41.62877],[-89.16712,41.62889],[-89.16712,41.62895],[-89.16725,41.64274],[-89.16725,41.64291],[-89.16726,41.64331],[-89.16726,41.64336],[-89.16733,41.65718],[-89.16734,41.65768],[-89.16734,41.65783],[-89.1674,41.67087],[-89.1674,41.67136],[-89.16739,41.67177],[-89.16744,41.68567],[-89.16745,41.68575],[-89.16745,41.68623],[-89.16749,41.69999],[-89.16749,41.70005],[-89.16749,41.70031],[-89.1675,41.70061],[-89.16778,41.71447],[-89.16779,41.71455],[-89.16779,41.7149],[-89.1678,41.71541],[-89.16737,41.71542],[-89.15137,41.71552],[-89.15041,41.71552],[-89.1496,41.71552],[-89.14921,41.71553],[-89.13731,41.71558],[-89.13212,41.7156],[-89.1317,41.71561],[-89.13065,41.71561],[-89.12494,41.71564],[-89.1128,41.71573],[-89.11198,41.71574],[-89.1111,41.71575],[-89.09332,41.71589],[-89.09259,41.7159],[-89.09145,41.71591],[-89.074,41.716],[-89.07326,41.716],[-89.07236,41.71599],[-89.05469,41.71613],[-89.05389,41.71614],[-89.05313,41.71615],[-89.05315,41.71604],[-89.05277,41.69916],[-89.05277,41.69902],[-89.05277,41.69882],[-89.05245,41.68477],[-89.05244,41.68452],[-89.05244,41.68422],[-89.05217,41.67021],[-89.05216,41.66993],[-89.05206,41.6557],[-89.05206,41.65566],[-89.05203,41.6412],[-89.05202,41.64118],[-89.05203,41.64113],[-89.05194,41.62669]]]},"properties":{"OBJECTID":88,"Join_Count":1,"TARGET_FID":88,"JOIN_FID":2507,"ASSET_NAME":"318","Feeder":"H677","Feeder_N":"F3905","PV_HC_kW":0,"EV_HC_kW":600,"BESS_HC":0,"ORIG_FID":1328,"Feeder_Q":0,"SS_N":"S0285","Queue_RD":"03/06/2026","Shape__Length_1":null,"Shape__Area":0.010141449951561299,"Shape__Length":0.40616154687493267}},{"type":"Feature","id":89,"geometry":{"type":"Polygon","coordinates":[[[-88.26356,42.06714],[-88.26347,42.0596],[-88.26347,42.05945],[-88.26347,42.05927],[-88.26326,42.04469],[-88.2632,42.03029],[-88.2632,42.03019],[-88.2632,42.03008],[-88.26318,42.01566],[-88.26305,42.00106],[-88.26265,41.98634],[-88.28226,41.9861],[-88.30174,41.98566],[-88.30181,41.98566],[-88.32123,41.98539],[-88.32157,41.98538],[-88.34054,41.98512],[-88.34069,41.98512],[-88.3599,41.98492],[-88.36024,41.98492],[-88.37557,41.98451],[-88.37582,41.99907],[-88.37607,42.01345],[-88.37607,42.01366],[-88.37622,42.028],[-88.37623,42.02823],[-88.37625,42.04249],[-88.37625,42.04274],[-88.37606,42.0573],[-88.37664,42.067],[-88.3746,42.06701],[-88.36082,42.06706],[-88.35509,42.06708],[-88.34097,42.06714],[-88.33543,42.06714],[-88.32147,42.06714],[-88.31571,42.06711],[-88.30193,42.06703],[-88.29633,42.06705],[-88.28277,42.0671],[-88.27701,42.06711],[-88.26356,42.06714]]]},"properties":{"OBJECTID":89,"Join_Count":1,"TARGET_FID":89,"JOIN_FID":3195,"ASSET_NAME":"432","Feeder":"L7965","Feeder_N":"F2194","PV_HC_kW":11521.98,"EV_HC_kW":11000,"BESS_HC":11000,"ORIG_FID":1337,"Feeder_Q":0,"SS_N":"S0733","Queue_RD":"03/06/2026","Shape__Length_1":null,"Shape__Area":0.009216009871579445,"Shape__Length":0.38934937239493794}},{"type":"Feature","id":90,"geometry":{"type":"Polygon","coordinates":[[[-87.54293,41.03921],[-87.56211,41.03877],[-87.58123,41.03825],[-87.60035,41.03784],[-87.61958,41.03738],[-87.63871,41.03699],[-87.63895,41.03698],[-87.65583,41.03658],[-87.65586,41.05095],[-87.65586,41.05136],[-87.65621,41.06588],[-87.65653,41.08025],[-87.65654,41.08058],[-87.65677,41.09486],[-87.65677,41.09514],[-87.65691,41.10933],[-87.65691,41.10973],[-87.65724,41.12036],[-87.64235,41.12052],[-87.64011,41.12054],[-87.62302,41.12062],[-87.62103,41.12064],[-87.60375,41.12077],[-87.60175,41.1208],[-87.58442,41.12088],[-87.58229,41.12088],[-87.565,41.1209],[-87.56315,41.1209],[-87.54565,41.12119],[-87.54385,41.1212],[-87.5438,41.11221],[-87.54376,41.09712],[-87.54385,41.08301],[-87.54369,41.06835],[-87.54337,41.05377],[-87.54293,41.03921]]]},"properties":{"OBJECTID":90,"Join_Count":1,"TARGET_FID":90,"JOIN_FID":2815,"ASSET_NAME":"629","Feeder":"K187","Feeder_N":"F1514","PV_HC_kW":0,"EV_HC_kW":760,"BESS_HC":0,"ORIG_FID":1392,"Feeder_Q":3250,"SS_N":"S0725","Queue_RD":"03/06/2026","Shape__Length_1":null,"Shape__Area":0.009353074538466899,"Shape__Length":0.39212467032021436}},{"type":"Feature","id":91,"geometry":{"type":"Polygon","coordinates":[[[-87.88732,42.15296],[-87.88752,42.13845],[-87.8877,42.12399],[-87.88802,42.10955],[-87.88803,42.09509],[-87.88806,42.08047],[-87.88813,42.06591],[-87.90394,42.06601],[-87.90765,42.06604],[-87.92133,42.06612],[-87.92692,42.06617],[-87.94093,42.0663],[-87.94647,42.06633],[-87.96033,42.0664],[-87.96602,42.06642],[-87.9796,42.06659],[-87.98544,42.06666],[-88.00002,42.06662],[-88.00469,42.06662],[-88.00466,42.08114],[-88.00447,42.09562],[-88.00442,42.1101],[-88.0046,42.12456],[-88.00461,42.13899],[-88.00439,42.15355],[-87.98498,42.15363],[-87.96555,42.15349],[-87.94614,42.1534],[-87.92645,42.15322],[-87.90692,42.15305],[-87.88732,42.15296]]]},"properties":{"OBJECTID":91,"Join_Count":1,"TARGET_FID":91,"JOIN_FID":3070,"ASSET_NAME":"425","Feeder":"L4654","Feeder_N":"F1946","PV_HC_kW":9150,"EV_HC_kW":14540,"BESS_HC":9150,"ORIG_FID":1511,"Feeder_Q":0,"SS_N":"S0707","Queue_RD":"03/06/2026","Shape__Length_1":null,"Shape__Area":0.010156918260918246,"Shape__Length":0.4076291246316518}},{"type":"Feature","id":92,"geometry":{"type":"Polygon","coordinates":[[[-88.238,42.06692],[-88.2226,42.06699],[-88.21815,42.06697],[-88.20315,42.06691],[-88.19913,42.06692],[-88.18388,42.06694],[-88.18005,42.06694],[-88.16424,42.06694],[-88.16046,42.06694],[-88.1444,42.06694],[-88.14445,42.06089],[-88.14445,42.06078],[-88.14443,42.04639],[-88.14441,42.03185],[-88.14459,42.0173],[-88.14459,42.01715],[-88.1449,42.00264],[-88.14485,41.98819],[-88.16446,41.98772],[-88.18368,41.98762],[-88.18406,41.98762],[-88.20355,41.9873],[-88.22286,41.98703],[-88.22307,41.98699],[-88.24226,41.98667],[-88.24247,41.98667],[-88.24258,41.98667],[-88.26265,41.98634],[-88.26305,42.00106],[-88.26318,42.01566],[-88.2632,42.03008],[-88.2632,42.03019],[-88.2632,42.03029],[-88.26326,42.04469],[-88.26347,42.05927],[-88.26347,42.05945],[-88.26347,42.0596],[-88.26356,42.06714],[-88.25758,42.06704],[-88.24244,42.06681],[-88.238,42.06692]]]},"properties":{"OBJECTID":92,"Join_Count":1,"TARGET_FID":92,"JOIN_FID":3195,"ASSET_NAME":"433","Feeder":"L7965","Feeder_N":"F2194","PV_HC_kW":11521.98,"EV_HC_kW":11000,"BESS_HC":11000,"ORIG_FID":1538,"Feeder_Q":0,"SS_N":"S0733","Queue_RD":"03/06/2026","Shape__Length_1":null,"Shape__Area":0.009450763838685816,"Shape__Length":0.396537645715779}},{"type":"Feature","id":93,"geometry":{"type":"Polygon","coordinates":[[[-89.28312,41.84515],[-89.30289,41.845],[-89.32204,41.84496],[-89.3415,41.8451],[-89.34159,41.8451],[-89.35862,41.84494],[-89.36095,41.84493],[-89.36107,41.84492],[-89.38045,41.84479],[-89.39999,41.8449],[-89.39931,41.85922],[-89.39888,41.87362],[-89.39813,41.88779],[-89.39809,41.88849],[-89.3981,41.90274],[-89.39734,41.91676],[-89.39726,41.91676],[-89.39732,41.93116],[-89.37895,41.9311],[-89.37865,41.93111],[-89.35964,41.93127],[-89.35922,41.93127],[-89.34022,41.93125],[-89.32066,41.93108],[-89.30122,41.9313],[-89.28145,41.93132],[-89.28183,41.91739],[-89.28191,41.91739],[-89.28223,41.90268],[-89.28223,41.90207],[-89.28196,41.88816],[-89.28276,41.87374],[-89.28274,41.85944],[-89.28312,41.84515]]]},"properties":{"OBJECTID":93,"Join_Count":1,"TARGET_FID":93,"JOIN_FID":2517,"ASSET_NAME":"288","Feeder":"H787","Feeder_N":"F3327","PV_HC_kW":238.68,"EV_HC_kW":1090,"BESS_HC":238.68,"ORIG_FID":1575,"Feeder_Q":0,"SS_N":"S0288","Queue_RD":"03/06/2026","Shape__Length_1":null,"Shape__Area":0.0100107709013173,"Shape__Length":0.4054444289068659}},{"type":"Feature","id":94,"geometry":{"type":"Polygon","coordinates":[[[-89.28487,42.49884],[-89.2849,42.49881],[-89.28482,42.49201],[-89.28482,42.49183],[-89.28481,42.49139],[-89.28474,42.48543],[-89.28464,42.47728],[-89.28463,42.47706],[-89.28463,42.47699],[-89.28463,42.47689],[-89.28421,42.46292],[-89.2842,42.46254],[-89.30336,42.46226],[-89.30356,42.46226],[-89.30373,42.46226],[-89.3226,42.46211],[-89.323,42.46211],[-89.32313,42.46211],[-89.32326,42.46211],[-89.34218,42.46198],[-89.34232,42.46197],[-89.34251,42.46197],[-89.34256,42.46197],[-89.36171,42.46193],[-89.36178,42.46193],[-89.3619,42.46193],[-89.36202,42.46193],[-89.37499,42.46182],[-89.38119,42.46178],[-89.38125,42.46178],[-89.38135,42.46178],[-89.39968,42.46153],[-89.39993,42.46153],[-89.39996,42.46201],[-89.40038,42.47504],[-89.40041,42.47582],[-89.40043,42.47648],[-89.40045,42.47703],[-89.40097,42.49043],[-89.40099,42.49114],[-89.40123,42.50046],[-89.39196,42.50036],[-89.39196,42.50036],[-89.39196,42.50036],[-89.39049,42.50039],[-89.38296,42.50029],[-89.38284,42.50029],[-89.37498,42.50018],[-89.36359,42.50002],[-89.36329,42.50002],[-89.35812,42.49995],[-89.34174,42.49969],[-89.33109,42.49953],[-89.33109,42.49953],[-89.3141,42.49926],[-89.31108,42.49922],[-89.30552,42.49913],[-89.30461,42.49912],[-89.29868,42.49904],[-89.2861,42.49886],[-89.28497,42.49884],[-89.28487,42.49884]]]},"properties":{"OBJECTID":94,"Join_Count":1,"TARGET_FID":94,"JOIN_FID":631,"ASSET_NAME":"281","Feeder":"B552","Feeder_N":"F5396","PV_HC_kW":45.74,"EV_HC_kW":200,"BESS_HC":45.74,"ORIG_FID":1578,"Feeder_Q":0,"SS_N":"S0653","Queue_RD":"03/06/2026","Shape__Length_1":null,"Shape__Area":0.0043698356305412744,"Shape__Length":0.30737790410901716}},{"type":"Feature","id":95,"geometry":{"type":"Polygon","coordinates":[[[-89.16814,41.84582],[-89.16824,41.8317],[-89.16823,41.83051],[-89.16823,41.82649],[-89.16821,41.81718],[-89.16821,41.81714],[-89.16821,41.81593],[-89.16827,41.8024],[-89.16828,41.80133],[-89.16833,41.78826],[-89.16833,41.78694],[-89.16832,41.77362],[-89.16832,41.77264],[-89.16831,41.76786],[-89.1683,41.75899],[-89.16829,41.75803],[-89.16865,41.75803],[-89.17701,41.75805],[-89.18798,41.75808],[-89.19024,41.75808],[-89.20727,41.75803],[-89.20779,41.75803],[-89.20944,41.75803],[-89.21333,41.75803],[-89.22657,41.75804],[-89.2266,41.75802],[-89.22871,41.75802],[-89.22924,41.75801],[-89.24579,41.75796],[-89.24811,41.75796],[-89.26457,41.75824],[-89.26753,41.75825],[-89.28398,41.75825],[-89.28371,41.77266],[-89.28373,41.78715],[-89.28368,41.8018],[-89.28336,41.81602],[-89.28317,41.8308],[-89.28312,41.84515],[-89.26445,41.84522],[-89.24634,41.84496],[-89.24549,41.84497],[-89.24528,41.84497],[-89.22677,41.84518],[-89.2267,41.84518],[-89.22622,41.84517],[-89.22579,41.84517],[-89.2073,41.8454],[-89.20713,41.8454],[-89.20633,41.84541],[-89.19965,41.84549],[-89.18845,41.84561],[-89.18786,41.84562],[-89.1869,41.84563],[-89.17513,41.84576],[-89.16826,41.84583],[-89.16818,41.84583],[-89.16814,41.84582]]]},"properties":{"OBJECTID":95,"Join_Count":1,"TARGET_FID":95,"JOIN_FID":2506,"ASSET_NAME":"303","Feeder":"H675","Feeder_N":"F3031","PV_HC_kW":16.01,"EV_HC_kW":730,"BESS_HC":16.01,"ORIG_FID":1581,"Feeder_Q":0,"SS_N":"S0285","Queue_RD":"03/06/2026","Shape__Length_1":null,"Shape__Area":0.010055271450255532,"Shape__Length":0.40537951692099666}},{"type":"Feature","id":96,"geometry":{"type":"Polygon","coordinates":[[[-88.69985,40.80034],[-88.7072,40.80369],[-88.71468,40.8071],[-88.71495,40.84379],[-88.70031,40.84397],[-88.7001,40.82886],[-88.7001,40.8286],[-88.70012,40.81445],[-88.70012,40.81406],[-88.69985,40.80034]]]},"properties":{"OBJECTID":96,"Join_Count":0,"TARGET_FID":96,"JOIN_FID":-1,"ASSET_NAME":"708","Feeder":null,"Feeder_N":null,"PV_HC_kW":null,"EV_HC_kW":null,"BESS_HC":0,"ORIG_FID":1583,"Feeder_Q":null,"SS_N":null,"Queue_RD":null,"Shape__Length_1":null,"Shape__Area":0.0005894719913612789,"Shape__Length":0.1112586420685403}},{"type":"Feature","id":97,"geometry":{"type":"Polygon","coordinates":[[[-87.91209,41.64381],[-87.9314,41.64347],[-87.95064,41.64299],[-87.96992,41.64267],[-87.98943,41.64222],[-88.00903,41.64164],[-88.02772,41.64132],[-88.0281,41.65598],[-88.0284,41.6706],[-88.02916,41.68522],[-88.02917,41.69982],[-88.02977,41.71419],[-88.03023,41.72879],[-88.01189,41.72944],[-87.99269,41.72942],[-87.97314,41.7298],[-87.9537,41.73019],[-87.93425,41.73064],[-87.9148,41.73098],[-87.91451,41.72372],[-87.91423,41.71675],[-87.91422,41.71647],[-87.9139,41.70188],[-87.91354,41.68742],[-87.91301,41.67291],[-87.91235,41.65841],[-87.91209,41.64381]]]},"properties":{"OBJECTID":97,"Join_Count":1,"TARGET_FID":97,"JOIN_FID":3037,"ASSET_NAME":"475","Feeder":"L1862","Feeder_N":"F1878","PV_HC_kW":17087.65,"EV_HC_kW":5920,"BESS_HC":5920,"ORIG_FID":1601,"Feeder_Q":0,"SS_N":"S0524","Queue_RD":"03/06/2026","Shape__Length_1":null,"Shape__Area":0.010091755267467306,"Shape__Length":0.40584771066344866}},{"type":"Feature","id":98,"geometry":{"type":"Polygon","coordinates":[[[-88.82797,41.89241],[-88.82813,41.89242],[-88.84744,41.89232],[-88.8475,41.89232],[-88.84788,41.89231],[-88.84793,41.89231],[-88.86685,41.89224],[-88.86696,41.89224],[-88.87499,41.89218],[-88.88627,41.89212],[-88.90504,41.89202],[-88.90536,41.89202],[-88.90578,41.89201],[-88.92497,41.89186],[-88.9252,41.89186],[-88.94109,41.89178],[-88.9411,41.89205],[-88.94128,41.9063],[-88.94128,41.90638],[-88.94132,41.92074],[-88.94133,41.92121],[-88.94144,41.93541],[-88.94144,41.93567],[-88.94156,41.94989],[-88.94157,41.95026],[-88.94167,41.96427],[-88.94168,41.96462],[-88.9418,41.97886],[-88.94154,41.97886],[-88.94141,41.97886],[-88.92656,41.97897],[-88.92612,41.97897],[-88.92578,41.97897],[-88.90709,41.97911],[-88.90668,41.97911],[-88.90634,41.97911],[-88.88766,41.97924],[-88.88726,41.97924],[-88.88666,41.97924],[-88.87498,41.9793],[-88.86826,41.97937],[-88.8681,41.97937],[-88.86765,41.97937],[-88.84874,41.9795],[-88.84853,41.9795],[-88.84822,41.9795],[-88.82912,41.97957],[-88.82898,41.96526],[-88.82898,41.96501],[-88.82898,41.96495],[-88.8288,41.95085],[-88.8288,41.95055],[-88.8288,41.95052],[-88.82861,41.93607],[-88.82843,41.92167],[-88.82842,41.92155],[-88.82835,41.91755],[-88.82813,41.90703],[-88.8281,41.90699],[-88.82799,41.89255],[-88.82797,41.89241]]]},"properties":{"OBJECTID":98,"Join_Count":1,"TARGET_FID":98,"JOIN_FID":645,"ASSET_NAME":"341","Feeder":"B7504","Feeder_N":"F5424","PV_HC_kW":0,"EV_HC_kW":2360,"BESS_HC":0,"ORIG_FID":1619,"Feeder_Q":5070,"SS_N":"S0559","Queue_RD":"03/06/2026","Shape__Length_1":null,"Shape__Area":0.009834951519451351,"Shape__Length":0.4000621829971875}},{"type":"Feature","id":99,"geometry":{"type":"Polygon","coordinates":[[[-88.70577,42.41497],[-88.70563,42.40052],[-88.70565,42.40049],[-88.70565,42.40046],[-88.70562,42.40016],[-88.70562,42.40009],[-88.70562,42.40005],[-88.70567,42.38599],[-88.70567,42.38594],[-88.70567,42.38584],[-88.70567,42.38579],[-88.70557,42.37501],[-88.70557,42.37149],[-88.70557,42.3713],[-88.70557,42.37116],[-88.70557,42.3571],[-88.70557,42.357],[-88.70557,42.35691],[-88.70557,42.35687],[-88.70547,42.34244],[-88.70547,42.34237],[-88.70547,42.34233],[-88.70547,42.34227],[-88.70544,42.32785],[-88.72472,42.32785],[-88.725,42.32785],[-88.7251,42.32785],[-88.72517,42.32785],[-88.74432,42.32796],[-88.74465,42.32796],[-88.74477,42.32796],[-88.74481,42.32796],[-88.74995,42.3279],[-88.75297,42.3279],[-88.76411,42.32789],[-88.76433,42.32789],[-88.78368,42.32787],[-88.78376,42.32787],[-88.80318,42.32787],[-88.80327,42.32787],[-88.82199,42.32787],[-88.82196,42.3279],[-88.82196,42.32795],[-88.82203,42.34231],[-88.82203,42.34246],[-88.82199,42.35684],[-88.82198,42.35696],[-88.82198,42.35704],[-88.82199,42.35716],[-88.82197,42.37146],[-88.82197,42.37151],[-88.82203,42.375],[-88.82201,42.3767],[-88.82191,42.38593],[-88.8219,42.38598],[-88.82183,42.40051],[-88.82183,42.40054],[-88.82183,42.40057],[-88.82183,42.40062],[-88.82174,42.40475],[-88.82152,42.41487],[-88.82152,42.41504],[-88.80589,42.41492],[-88.8039,42.4149],[-88.80374,42.4149],[-88.80362,42.4149],[-88.80347,42.4149],[-88.79977,42.41487],[-88.78429,42.41477],[-88.78421,42.41477],[-88.78416,42.41477],[-88.78397,42.41477],[-88.76451,42.41484],[-88.76432,42.41484],[-88.74998,42.41489],[-88.74491,42.41487],[-88.74482,42.41487],[-88.72778,42.41483],[-88.72537,42.41482],[-88.72532,42.41482],[-88.72519,42.41482],[-88.70583,42.41496],[-88.70577,42.41497]]]},"properties":{"OBJECTID":99,"Join_Count":1,"TARGET_FID":99,"JOIN_FID":535,"ASSET_NAME":"349","Feeder":"B115","Feeder_N":"F5206","PV_HC_kW":0,"EV_HC_kW":3150,"BESS_HC":0,"ORIG_FID":1622,"Feeder_Q":0,"SS_N":"S0654","Queue_RD":"03/06/2026","Shape__Length_1":null,"Shape__Area":0.010119407948877779,"Shape__Length":0.40661623278733544}},{"type":"Feature","id":100,"geometry":{"type":"Polygon","coordinates":[[[-89.51488,42.37428],[-89.51466,42.36037],[-89.51466,42.35985],[-89.51466,42.35975],[-89.51444,42.34579],[-89.51443,42.34541],[-89.51443,42.34522],[-89.51443,42.34513],[-89.51414,42.33109],[-89.51414,42.331],[-89.51414,42.33081],[-89.51385,42.31653],[-89.51384,42.31642],[-89.51384,42.31637],[-89.51384,42.3163],[-89.51353,42.30197],[-89.51352,42.30163],[-89.51334,42.28749],[-89.53268,42.2874],[-89.53288,42.2874],[-89.53307,42.2874],[-89.55266,42.28731],[-89.55273,42.28731],[-89.56249,42.28726],[-89.57206,42.28714],[-89.5722,42.28714],[-89.57732,42.28707],[-89.59174,42.28686],[-89.5919,42.28686],[-89.61128,42.28674],[-89.61136,42.28674],[-89.61144,42.28674],[-89.62301,42.28713],[-89.62495,42.28719],[-89.63167,42.28736],[-89.63184,42.30094],[-89.63185,42.3013],[-89.63186,42.30154],[-89.63186,42.30185],[-89.63216,42.31552],[-89.63216,42.31556],[-89.63216,42.31583],[-89.63218,42.31631],[-89.63239,42.33009],[-89.63239,42.33017],[-89.63239,42.33035],[-89.6324,42.33073],[-89.63252,42.34474],[-89.63252,42.34478],[-89.63252,42.34492],[-89.63253,42.34535],[-89.63268,42.35601],[-89.63274,42.35923],[-89.63274,42.35932],[-89.63274,42.35944],[-89.63274,42.35965],[-89.63284,42.36816],[-89.6329,42.374],[-89.6329,42.37421],[-89.63287,42.37421],[-89.62498,42.37425],[-89.61312,42.37419],[-89.61304,42.37419],[-89.61278,42.37419],[-89.61227,42.37419],[-89.59367,42.37419],[-89.5931,42.37419],[-89.57405,42.3742],[-89.57374,42.3742],[-89.57349,42.3742],[-89.57339,42.3742],[-89.55445,42.37427],[-89.55424,42.37427],[-89.55417,42.37427],[-89.55398,42.37427],[-89.53459,42.37432],[-89.53449,42.37432],[-89.53442,42.37432],[-89.53427,42.37432],[-89.51927,42.37429],[-89.51488,42.37428]]]},"properties":{"OBJECTID":100,"Join_Count":1,"TARGET_FID":100,"JOIN_FID":2943,"ASSET_NAME":"255","Feeder":"L12164","Feeder_N":"F1740","PV_HC_kW":3831.08,"EV_HC_kW":370,"BESS_HC":370,"ORIG_FID":1645,"Feeder_Q":8890,"SS_N":"S0653","Queue_RD":"03/06/2026","Shape__Length_1":null,"Shape__Area":0.010295343726511419,"Shape__Length":0.41003405473058685}},{"type":"Feature","id":201,"geometry":{"type":"Polygon","coordinates":[[[-88.35969,41.19894],[-88.37883,41.19848],[-88.39782,41.19805],[-88.41699,41.19761],[-88.43629,41.19711],[-88.45555,41.19657],[-88.47169,41.19629],[-88.47269,41.21088],[-88.47343,41.22531],[-88.4741,41.24005],[-88.47463,41.25427],[-88.47527,41.26885],[-88.47595,41.28341],[-88.45908,41.28382],[-88.45837,41.28385],[-88.43966,41.28442],[-88.43928,41.28444],[-88.42009,41.28488],[-88.4011,41.28529],[-88.40085,41.28529],[-88.38145,41.28569],[-88.36211,41.28615],[-88.36166,41.27167],[-88.36166,41.27151],[-88.36148,41.25723],[-88.36148,41.25702],[-88.3613,41.24272],[-88.36092,41.22812],[-88.36027,41.21369],[-88.35969,41.19894]]]},"properties":{"OBJECTID":201,"Join_Count":1,"TARGET_FID":201,"JOIN_FID":3172,"ASSET_NAME":"561","Feeder":"L7767","Feeder_N":"F2150","PV_HC_kW":0,"EV_HC_kW":5010,"BESS_HC":0,"ORIG_FID":4215,"Feeder_Q":5000,"SS_N":"Networked*","Queue_RD":"03/06/2026","Shape__Length_1":null,"Shape__Area":0.009858417483883386,"Shape__Length":0.4003760727241256}},{"type":"Feature","id":202,"geometry":{"type":"Polygon","coordinates":[[[-88.01902,41.38034],[-88.03832,41.37991],[-88.0578,41.3796],[-88.07714,41.37926],[-88.09636,41.37897],[-88.11584,41.37859],[-88.13488,41.37806],[-88.13567,41.39237],[-88.13624,41.40681],[-88.13657,41.42139],[-88.13711,41.43573],[-88.13758,41.45031],[-88.13818,41.46473],[-88.11878,41.4651],[-88.11788,41.46514],[-88.099,41.4658],[-88.07964,41.46629],[-88.06039,41.46674],[-88.06027,41.46674],[-88.04135,41.46715],[-88.0411,41.46715],[-88.02201,41.46763],[-88.02156,41.45305],[-88.0211,41.43857],[-88.02064,41.42399],[-88.02014,41.40935],[-88.01959,41.39486],[-88.01902,41.38034]]]},"properties":{"OBJECTID":202,"Join_Count":1,"TARGET_FID":202,"JOIN_FID":2993,"ASSET_NAME":"504","Feeder":"L14952","Feeder_N":"F5491","PV_HC_kW":3250,"EV_HC_kW":4590,"BESS_HC":3250,"ORIG_FID":4232,"Feeder_Q":0,"SS_N":"S0672","Queue_RD":"03/06/2026","Shape__Length_1":null,"Shape__Area":0.01009607387595679,"Shape__Length":0.4061767478795164}},{"type":"Feature","id":203,"geometry":{"type":"Polygon","coordinates":[[[-87.91822,41.81851],[-87.93752,41.81805],[-87.95666,41.81773],[-87.95709,41.81773],[-87.97614,41.8172],[-87.97729,41.81717],[-87.99559,41.81676],[-88.01497,41.81625],[-88.03021,41.81591],[-88.03386,41.81583],[-88.03368,41.83044],[-88.03336,41.84508],[-88.03336,41.84513],[-88.03307,41.8596],[-88.03273,41.87423],[-88.03241,41.88937],[-88.03241,41.88946],[-88.03225,41.90435],[-88.01726,41.90482],[-88.01726,41.90486],[-88.01707,41.90486],[-88.01706,41.90482],[-87.99786,41.90498],[-87.97844,41.90542],[-87.97833,41.90543],[-87.95903,41.9058],[-87.9399,41.90617],[-87.92005,41.90678],[-87.92053,41.89268],[-87.92057,41.89121],[-87.92069,41.8768],[-87.92017,41.86549],[-87.92005,41.86215],[-87.91952,41.84769],[-87.91884,41.83307],[-87.91822,41.81851]]]},"properties":{"OBJECTID":203,"Join_Count":1,"TARGET_FID":203,"JOIN_FID":2938,"ASSET_NAME":"455","Feeder":"L12068","Feeder_N":"F1730","PV_HC_kW":7220.91,"EV_HC_kW":3470,"BESS_HC":3470,"ORIG_FID":4242,"Feeder_Q":0,"SS_N":"S0652","Queue_RD":"03/06/2026","Shape__Length_1":null,"Shape__Area":0.009999508169812543,"Shape__Length":0.4048251562116133}},{"type":"Feature","id":204,"geometry":{"type":"Polygon","coordinates":[[[-88.13818,41.46473],[-88.15746,41.46447],[-88.17673,41.46408],[-88.17695,41.46408],[-88.19588,41.46379],[-88.1963,41.46378],[-88.2152,41.4634],[-88.21562,41.46339],[-88.23448,41.463],[-88.23486,41.463],[-88.2521,41.46273],[-88.25262,41.47723],[-88.25262,41.47728],[-88.25263,41.47733],[-88.25322,41.49172],[-88.25322,41.49176],[-88.2538,41.50639],[-88.25381,41.50642],[-88.25421,41.52066],[-88.25422,41.52092],[-88.25459,41.53545],[-88.25518,41.55007],[-88.23817,41.55003],[-88.21894,41.55024],[-88.19968,41.55045],[-88.18034,41.55065],[-88.16112,41.55085],[-88.14164,41.55105],[-88.14114,41.53654],[-88.14063,41.522],[-88.14011,41.50744],[-88.13926,41.49334],[-88.13863,41.47913],[-88.13818,41.46473]]]},"properties":{"OBJECTID":204,"Join_Count":1,"TARGET_FID":204,"JOIN_FID":2651,"ASSET_NAME":"493","Feeder":"J3690","Feeder_N":"F4043","PV_HC_kW":559.62,"EV_HC_kW":520,"BESS_HC":520,"ORIG_FID":4402,"Feeder_Q":0,"SS_N":"S0577","Queue_RD":"03/06/2026","Shape__Length_1":null,"Shape__Area":0.009866937016568045,"Shape__Length":0.401269425275873}},{"type":"Feature","id":205,"geometry":{"type":"Polygon","coordinates":[[[-88.94012,42.32665],[-88.94028,42.32665],[-88.95972,42.32651],[-88.95978,42.32651],[-88.95991,42.32651],[-88.97893,42.32627],[-88.9796,42.32626],[-88.97972,42.32626],[-88.97984,42.32626],[-88.99895,42.3261],[-88.99897,42.32625],[-88.99954,42.32625],[-89.01873,42.32618],[-89.01947,42.32615],[-89.03839,42.32556],[-89.05782,42.32534],[-89.05817,42.3399],[-89.05804,42.35405],[-89.05845,42.3688],[-89.05887,42.38317],[-89.05897,42.39773],[-89.05894,42.39789],[-89.05915,42.41244],[-89.03973,42.41245],[-89.0386,42.41248],[-89.01959,42.41287],[-89.01862,42.4129],[-88.99996,42.41315],[-88.99996,42.41305],[-88.99944,42.41306],[-88.9994,42.41306],[-88.98035,42.41341],[-88.98015,42.41342],[-88.98005,42.41342],[-88.97988,42.41342],[-88.9605,42.41367],[-88.96041,42.41367],[-88.96036,42.41367],[-88.96026,42.41367],[-88.94071,42.41383],[-88.94069,42.39922],[-88.94069,42.39919],[-88.94067,42.39727],[-88.94051,42.38475],[-88.94039,42.37501],[-88.94034,42.3702],[-88.94019,42.36044],[-88.94012,42.35592],[-88.94011,42.35572],[-88.9402,42.3414],[-88.9402,42.34123],[-88.9402,42.34114],[-88.94012,42.32679],[-88.94012,42.32665]]]},"properties":{"OBJECTID":205,"Join_Count":1,"TARGET_FID":205,"JOIN_FID":3504,"ASSET_NAME":"323","Feeder":"R9103","Feeder_N":"F1743","PV_HC_kW":495.44,"EV_HC_kW":1180,"BESS_HC":495.44,"ORIG_FID":4436,"Feeder_Q":0,"SS_N":"S0567","Queue_RD":"03/06/2026","Shape__Length_1":null,"Shape__Area":0.01027724647155992,"Shape__Length":0.4107155299643858}},{"type":"Feature","id":206,"geometry":{"type":"Polygon","coordinates":[[[-88.00297,42.49514],[-88.00296,42.48795],[-88.00296,42.48779],[-88.00311,42.47334],[-88.0031,42.47319],[-88.00322,42.45871],[-88.00332,42.44426],[-88.00362,42.4296],[-88.00376,42.41507],[-88.02342,42.41528],[-88.04304,42.41546],[-88.06271,42.41542],[-88.08222,42.41546],[-88.10172,42.41542],[-88.12015,42.41534],[-88.12034,42.42988],[-88.12062,42.44439],[-88.12082,42.45895],[-88.12093,42.47347],[-88.12118,42.48803],[-88.12114,42.4957],[-88.11737,42.49572],[-88.10155,42.49569],[-88.08181,42.49572],[-88.06864,42.49574],[-88.06832,42.4953],[-88.06515,42.49532],[-88.06518,42.49573],[-88.06214,42.4957],[-88.06215,42.49531],[-88.05225,42.49529],[-88.04764,42.49527],[-88.04764,42.49527],[-88.04765,42.49537],[-88.04671,42.49536],[-88.04671,42.49527],[-88.04671,42.49527],[-88.04233,42.49526],[-88.03255,42.49524],[-88.02644,42.49522],[-88.02268,42.49516],[-88.00297,42.49514]]]},"properties":{"OBJECTID":206,"Join_Count":1,"TARGET_FID":206,"JOIN_FID":3064,"ASSET_NAME":"384","Feeder":"L4283","Feeder_N":"F1938","PV_HC_kW":7446.42,"EV_HC_kW":4110,"BESS_HC":4110,"ORIG_FID":4461,"Feeder_Q":1500,"SS_N":"S0704","Queue_RD":"03/06/2026","Shape__Length_1":null,"Shape__Area":0.009404081366255923,"Shape__Length":0.3962789162776384}},{"type":"Feature","id":207,"geometry":{"type":"Polygon","coordinates":[[[-88.13155,41.291],[-88.15076,41.29061],[-88.16975,41.29027],[-88.17045,41.29026],[-88.1888,41.28973],[-88.18922,41.28972],[-88.20851,41.28926],[-88.22765,41.28899],[-88.24703,41.28854],[-88.24744,41.30296],[-88.24774,41.31764],[-88.24801,41.33208],[-88.24865,41.34665],[-88.24898,41.36134],[-88.24904,41.37559],[-88.23065,41.37599],[-88.21151,41.37637],[-88.1924,41.37676],[-88.17342,41.377],[-88.15424,41.37742],[-88.13488,41.37806],[-88.13412,41.36356],[-88.13349,41.34913],[-88.13301,41.33477],[-88.13252,41.32009],[-88.13202,41.30563],[-88.13155,41.291]]]},"properties":{"OBJECTID":207,"Join_Count":1,"TARGET_FID":207,"JOIN_FID":2993,"ASSET_NAME":"533","Feeder":"L14952","Feeder_N":"F5491","PV_HC_kW":3250,"EV_HC_kW":4590,"BESS_HC":3250,"ORIG_FID":4472,"Feeder_Q":0,"SS_N":"S0672","Queue_RD":"03/06/2026","Shape__Length_1":null,"Shape__Area":0.010015034746857054,"Shape__Length":0.4038926634360857}},{"type":"Feature","id":208,"geometry":{"type":"Polygon","coordinates":[[[-87.68233,41.73547],[-87.70208,41.73518],[-87.72139,41.73484],[-87.74089,41.73442],[-87.75992,41.73413],[-87.76066,41.73412],[-87.77947,41.7338],[-87.78035,41.73378],[-87.79888,41.73351],[-87.7996,41.74805],[-87.8002,41.7627],[-87.80091,41.77726],[-87.80165,41.79188],[-87.80201,41.80639],[-87.80251,41.82119],[-87.7826,41.8213],[-87.76296,41.82161],[-87.74321,41.82196],[-87.7238,41.82222],[-87.7043,41.82242],[-87.68456,41.82286],[-87.68421,41.80835],[-87.68392,41.79378],[-87.68369,41.7791],[-87.6832,41.76457],[-87.68313,41.75009],[-87.68233,41.73547]]]},"properties":{"OBJECTID":208,"Join_Count":1,"TARGET_FID":208,"JOIN_FID":2927,"ASSET_NAME":"467","Feeder":"L11551","Feeder_N":"F1708","PV_HC_kW":23900,"EV_HC_kW":6610,"BESS_HC":6610,"ORIG_FID":4535,"Feeder_Q":0,"SS_N":"S0649","Queue_RD":"03/06/2026","Shape__Length_1":null,"Shape__Area":0.010257797837539329,"Shape__Length":0.40972923473445694}},{"type":"Feature","id":209,"geometry":{"type":"MultiPolygon","coordinates":[[[[-88.20855,41.69448],[-88.20851,41.69391],[-88.20621,41.69396],[-88.20621,41.69337],[-88.20783,41.69338],[-88.20783,41.69151],[-88.19551,41.6915],[-88.19551,41.69139],[-88.19546,41.69013],[-88.19537,41.68804],[-88.20115,41.68795],[-88.20439,41.6879],[-88.20459,41.6879],[-88.20499,41.68789],[-88.20482,41.68344],[-88.20947,41.68346],[-88.20949,41.68061],[-88.20949,41.68061],[-88.20949,41.68061],[-88.21126,41.68058],[-88.21181,41.68058],[-88.21192,41.68058],[-88.21199,41.68229],[-88.21205,41.68273],[-88.21295,41.68271],[-88.2129,41.68175],[-88.21284,41.68177],[-88.21274,41.68178],[-88.21261,41.68175],[-88.21251,41.68163],[-88.21248,41.68151],[-88.21245,41.68056],[-88.21447,41.68053],[-88.21684,41.68049],[-88.21691,41.68236],[-88.21924,41.68232],[-88.21953,41.68768],[-88.22432,41.6876],[-88.22449,41.69363],[-88.22449,41.69423],[-88.22449,41.69488],[-88.20662,41.69517],[-88.2066,41.69475],[-88.20659,41.6945],[-88.20855,41.69448]]],[[[-88.23505,41.71147],[-88.23495,41.70925],[-88.22514,41.70933],[-88.22501,41.70566],[-88.23003,41.70559],[-88.23062,41.70583],[-88.23279,41.705],[-88.23378,41.70435],[-88.23378,41.70243],[-88.23457,41.70191],[-88.23446,41.69925],[-88.23395,41.69925],[-88.23395,41.69839],[-88.23446,41.69839],[-88.23433,41.69477],[-88.2343,41.69395],[-88.23409,41.68667],[-88.23388,41.68204],[-88.23382,41.68025],[-88.23372,41.67571],[-88.23368,41.67478],[-88.23239,41.6748],[-88.23178,41.67481],[-88.23035,41.67484],[-88.22943,41.67485],[-88.22888,41.67486],[-88.22885,41.67416],[-88.22882,41.67335],[-88.2272,41.67338],[-88.22609,41.6734],[-88.22491,41.67342],[-88.22382,41.67343],[-88.22384,41.67393],[-88.22386,41.67451],[-88.22388,41.67515],[-88.22389,41.67558],[-88.2239,41.67583],[-88.22391,41.67636],[-88.22392,41.67659],[-88.22392,41.67677],[-88.21434,41.67696],[-88.21447,41.68048],[-88.20941,41.68058],[-88.20942,41.68061],[-88.20749,41.68064],[-88.20688,41.68065],[-88.20682,41.67849],[-88.20576,41.67846],[-88.20575,41.67855],[-88.20449,41.67858],[-88.20448,41.67751],[-88.20434,41.67393],[-88.20431,41.67326],[-88.20429,41.6727],[-88.20424,41.67161],[-88.20419,41.67052],[-88.20416,41.66985],[-88.20365,41.66986],[-88.19772,41.66986],[-88.19472,41.6699],[-88.18951,41.66992],[-88.18855,41.66995],[-88.18541,41.66995],[-88.1846,41.66995],[-88.18486,41.67057],[-88.18496,41.67104],[-88.18494,41.6713],[-88.18486,41.67246],[-88.1848,41.67331],[-88.18493,41.67462],[-88.18488,41.67561],[-88.18478,41.67593],[-88.18448,41.677],[-88.18362,41.67886],[-88.18334,41.67926],[-88.18286,41.67984],[-88.18252,41.68025],[-88.18226,41.68056],[-88.18209,41.68068],[-88.1818,41.68082],[-88.18142,41.68088],[-88.18091,41.68096],[-88.18054,41.68112],[-88.18058,41.68341],[-88.18006,41.68379],[-88.17853,41.68487],[-88.17625,41.68491],[-88.17247,41.68497],[-88.1685,41.68504],[-88.16627,41.68507],[-88.16627,41.68583],[-88.16626,41.68658],[-88.16625,41.6873],[-88.16629,41.68993],[-88.16631,41.69044],[-88.16632,41.6906],[-88.16626,41.69059],[-88.16607,41.69058],[-88.166,41.69062],[-88.16588,41.69068],[-88.16559,41.6908],[-88.16479,41.69122],[-88.16438,41.69156],[-88.16409,41.69181],[-88.1639,41.69199],[-88.16363,41.69226],[-88.16347,41.69248],[-88.16339,41.69265],[-88.16333,41.69427],[-88.16248,41.69472],[-88.16026,41.69592],[-88.14818,41.70232],[-88.14816,41.70498],[-88.14812,41.71134],[-88.14756,41.71163],[-88.14756,41.71164],[-88.14755,41.71146],[-88.14752,41.71079],[-88.1469,41.69687],[-88.14687,41.69622],[-88.14644,41.68182],[-88.14615,41.67373],[-88.14593,41.66747],[-88.14593,41.66732],[-88.14552,41.65296],[-88.14506,41.63831],[-88.16428,41.6378],[-88.18381,41.63737],[-88.1889,41.63726],[-88.20306,41.637],[-88.22249,41.63665],[-88.24169,41.6363],[-88.259,41.63606],[-88.25961,41.65058],[-88.26001,41.66515],[-88.26039,41.67971],[-88.26074,41.69439],[-88.26096,41.70875],[-88.26139,41.72436],[-88.2614,41.72456],[-88.24493,41.72471],[-88.22546,41.72497],[-88.20847,41.72516],[-88.20869,41.72513],[-88.21327,41.72501],[-88.21599,41.72499],[-88.22448,41.72495],[-88.22477,41.72495],[-88.22546,41.72494],[-88.22539,41.71667],[-88.23108,41.71656],[-88.23521,41.71646],[-88.23505,41.71147]]],[[[-88.20698,41.72511],[-88.20731,41.72509],[-88.20791,41.72517],[-88.20698,41.72518],[-88.20698,41.72511]]],[[[-88.17733,41.72556],[-88.17715,41.72128],[-88.17714,41.71811],[-88.17713,41.71785],[-88.17711,41.71744],[-88.17823,41.71743],[-88.18181,41.71741],[-88.1818,41.71602],[-88.18163,41.7116],[-88.18209,41.71159],[-88.18651,41.71143],[-88.18654,41.71184],[-88.18662,41.71349],[-88.18464,41.71349],[-88.18463,41.71557],[-88.1869,41.71557],[-88.18691,41.71372],[-88.19254,41.71373],[-88.19263,41.71721],[-88.18919,41.71731],[-88.18675,41.71738],[-88.18675,41.71748],[-88.1869,41.71748],[-88.18748,41.71748],[-88.18793,41.71754],[-88.18826,41.71776],[-88.18839,41.71801],[-88.18837,41.72041],[-88.18798,41.72043],[-88.1877,41.72056],[-88.18753,41.72082],[-88.18743,41.721],[-88.18719,41.72103],[-88.18689,41.721],[-88.1869,41.72156],[-88.1869,41.72164],[-88.18424,41.72166],[-88.18422,41.72231],[-88.18378,41.72231],[-88.18377,41.72416],[-88.18696,41.72412],[-88.18697,41.72453],[-88.18695,41.72544],[-88.18664,41.72545],[-88.17733,41.72556]]],[[[-88.16971,41.72142],[-88.1723,41.72093],[-88.1723,41.72177],[-88.17228,41.72217],[-88.17233,41.72334],[-88.17238,41.72452],[-88.17237,41.72561],[-88.16724,41.72567],[-88.16337,41.72575],[-88.16327,41.72532],[-88.16327,41.72482],[-88.16317,41.72362],[-88.16315,41.72198],[-88.16716,41.72195],[-88.1672,41.72195],[-88.16744,41.72184],[-88.16812,41.72181],[-88.16813,41.72171],[-88.16971,41.72142]]],[[[-88.15445,41.72595],[-88.15471,41.72499],[-88.15598,41.72506],[-88.15579,41.72592],[-88.15445,41.72595]]]]},"properties":{"OBJECTID":209,"Join_Count":1,"TARGET_FID":209,"JOIN_FID":2916,"ASSET_NAME":"473","Feeder":"L11158","Feeder_N":"F1686","PV_HC_kW":961.12,"EV_HC_kW":2250,"BESS_HC":961.12,"ORIG_FID":4676,"Feeder_Q":0,"SS_N":"S0646","Queue_RD":"03/06/2026","Shape__Length_1":null,"Shape__Area":0.006740045611422829,"Shape__Length":0.7682836407624636}},{"type":"Feature","id":210,"geometry":{"type":"Polygon","coordinates":[[[-89.63145,41.58487],[-89.62845,41.58487],[-89.62837,41.58487],[-89.62804,41.56966],[-89.62804,41.56962],[-89.62804,41.56957],[-89.62804,41.56908],[-89.62803,41.56873],[-89.62777,41.55517],[-89.62777,41.55509],[-89.62777,41.55445],[-89.62776,41.55429],[-89.62776,41.55425],[-89.62756,41.54069],[-89.62755,41.53992],[-89.62755,41.53986],[-89.62754,41.53983],[-89.62731,41.52626],[-89.6273,41.52616],[-89.62727,41.5253],[-89.62729,41.52571],[-89.62739,41.5257],[-89.67163,41.5253],[-89.67153,41.51851],[-89.6762,41.51851],[-89.67759,41.51851],[-89.67758,41.52526],[-89.68619,41.52527],[-89.68603,41.51851],[-89.68603,41.51837],[-89.6958,41.51837],[-89.70559,41.51837],[-89.71527,41.51834],[-89.71527,41.52522],[-89.743,41.52499],[-89.743,41.52536],[-89.74301,41.52573],[-89.74334,41.53978],[-89.74334,41.53984],[-89.74339,41.54022],[-89.74339,41.5403],[-89.74368,41.55431],[-89.74368,41.55435],[-89.74372,41.5547],[-89.7437,41.55473],[-89.74371,41.55478],[-89.74428,41.56879],[-89.74429,41.56917],[-89.74429,41.5692],[-89.74441,41.57276],[-89.74478,41.58437],[-89.74468,41.58437],[-89.72775,41.58445],[-89.72668,41.58445],[-89.72649,41.58445],[-89.70862,41.58454],[-89.70735,41.58444],[-89.70731,41.58444],[-89.70677,41.58444],[-89.68932,41.5846],[-89.68787,41.58461],[-89.68776,41.58461],[-89.68743,41.58462],[-89.66985,41.5848],[-89.6698,41.5848],[-89.66774,41.58482],[-89.66756,41.58482],[-89.65063,41.58491],[-89.64777,41.5849],[-89.64759,41.5849],[-89.63145,41.58487]]]},"properties":{"OBJECTID":210,"Join_Count":1,"TARGET_FID":210,"JOIN_FID":2476,"ASSET_NAME":"250","Feeder":"H405","Feeder_N":"F3023","PV_HC_kW":0,"EV_HC_kW":480,"BESS_HC":0,"ORIG_FID":4689,"Feeder_Q":56.95,"SS_N":"S0657","Queue_RD":"03/06/2026","Shape__Length_1":null,"Shape__Area":0.007126173486085463,"Shape__Length":0.37914239285204354}},{"type":"Feature","id":211,"geometry":{"type":"Polygon","coordinates":[[[-89.86238,41.58397],[-89.8615,41.56922],[-89.8615,41.56917],[-89.86077,41.55489],[-89.86077,41.55474],[-89.86004,41.54043],[-89.86004,41.54036],[-89.86002,41.54019],[-89.8594,41.52599],[-89.8594,41.52591],[-89.85939,41.52572],[-89.85906,41.51833],[-89.8591,41.51829],[-89.8581,41.51829],[-89.85803,41.51829],[-89.85732,41.51829],[-89.85731,41.51141],[-89.85731,41.51123],[-89.85723,41.49998],[-89.85722,41.49868],[-89.85736,41.49865],[-89.86756,41.49665],[-89.86794,41.49658],[-89.87666,41.4966],[-89.89581,41.49674],[-89.91507,41.49649],[-89.93406,41.49644],[-89.93443,41.49644],[-89.95306,41.4967],[-89.95387,41.49673],[-89.97261,41.49662],[-89.97276,41.49999],[-89.97253,41.49999],[-89.97269,41.51067],[-89.97271,41.5109],[-89.97292,41.51497],[-89.97295,41.51538],[-89.97344,41.52492],[-89.97347,41.52524],[-89.97348,41.52534],[-89.97349,41.52572],[-89.97417,41.53934],[-89.97419,41.53967],[-89.9742,41.53978],[-89.97475,41.5515],[-89.97486,41.55374],[-89.97488,41.55426],[-89.9749,41.5546],[-89.97491,41.55479],[-89.97516,41.56002],[-89.97552,41.56765],[-89.97555,41.56821],[-89.97554,41.56852],[-89.97553,41.56875],[-89.97555,41.5691],[-89.9762,41.58357],[-89.97604,41.58357],[-89.95914,41.5836],[-89.95795,41.58361],[-89.95771,41.58361],[-89.93971,41.58369],[-89.93868,41.58371],[-89.93853,41.58371],[-89.92035,41.5837],[-89.9193,41.5837],[-89.91916,41.58371],[-89.90099,41.58381],[-89.90048,41.5838],[-89.90041,41.5838],[-89.88373,41.58403],[-89.88363,41.58403],[-89.88187,41.58406],[-89.88148,41.58406],[-89.88138,41.58406],[-89.8795,41.58406],[-89.87939,41.58405],[-89.87505,41.58404],[-89.86238,41.58397]]]},"properties":{"OBJECTID":211,"Join_Count":1,"TARGET_FID":211,"JOIN_FID":2472,"ASSET_NAME":"220","Feeder":"H385","Feeder_N":"F2881","PV_HC_kW":0,"EV_HC_kW":750,"BESS_HC":0,"ORIG_FID":4692,"Feeder_Q":0,"SS_N":"S0657","Queue_RD":"03/06/2026","Shape__Length_1":null,"Shape__Area":0.009964587698050309,"Shape__Length":0.4038627593543978}},{"type":"Feature","id":212,"geometry":{"type":"MultiPolygon","coordinates":[[[[-88.81994,42.48769],[-88.81994,42.48769],[-88.81994,42.48769],[-88.81994,42.48769]]],[[[-88.93502,42.49483],[-88.935,42.48634],[-88.92943,42.48644],[-88.92434,42.48653],[-88.92429,42.48483],[-88.9186,42.48493],[-88.91856,42.48663],[-88.90874,42.48675],[-88.89893,42.48687],[-88.88913,42.48693],[-88.88905,42.48693],[-88.87923,42.48704],[-88.87889,42.48704],[-88.87901,42.47974],[-88.8696,42.4799],[-88.85977,42.48006],[-88.85965,42.48732],[-88.84988,42.4874],[-88.84982,42.4874],[-88.84003,42.48757],[-88.83003,42.48761],[-88.83014,42.48036],[-88.82028,42.48049],[-88.82014,42.4805],[-88.82014,42.48053],[-88.81995,42.48725],[-88.81996,42.48671],[-88.82026,42.47323],[-88.82027,42.47267],[-88.82066,42.45877],[-88.82066,42.45854],[-88.82067,42.45824],[-88.82106,42.44421],[-88.82106,42.44418],[-88.82106,42.44412],[-88.82107,42.44381],[-88.82129,42.43223],[-88.82133,42.42965],[-88.82134,42.42936],[-88.82136,42.42805],[-88.82152,42.41504],[-88.82166,42.41504],[-88.84122,42.41489],[-88.84127,42.41489],[-88.84136,42.41488],[-88.84143,42.41488],[-88.84473,42.41485],[-88.86086,42.4147],[-88.86098,42.41469],[-88.86118,42.41469],[-88.86125,42.41469],[-88.87496,42.41456],[-88.88039,42.4145],[-88.88097,42.41449],[-88.88108,42.41449],[-88.90005,42.41425],[-88.90014,42.41425],[-88.9005,42.41424],[-88.90072,42.41424],[-88.91959,42.41401],[-88.91992,42.41401],[-88.92027,42.41401],[-88.92054,42.414],[-88.94071,42.41383],[-88.94071,42.41387],[-88.94058,42.42834],[-88.94058,42.42838],[-88.94058,42.42857],[-88.94053,42.4429],[-88.94054,42.44294],[-88.9404,42.45738],[-88.94041,42.45743],[-88.94041,42.46459],[-88.9366,42.46464],[-88.93666,42.4755],[-88.94039,42.47547],[-88.94038,42.47751],[-88.94031,42.48614],[-88.94031,42.48625],[-88.94031,42.48637],[-88.94031,42.48643],[-88.94023,42.49274],[-88.94022,42.49503],[-88.93502,42.4949],[-88.93502,42.49483]]]]},"properties":{"OBJECTID":212,"Join_Count":1,"TARGET_FID":212,"JOIN_FID":536,"ASSET_NAME":"335","Feeder":"B116","Feeder_N":"F5208","PV_HC_kW":0,"EV_HC_kW":1280,"BESS_HC":0,"ORIG_FID":4694,"Feeder_Q":3800,"SS_N":"S0654","Queue_RD":"03/06/2026","Shape__Length_1":null,"Shape__Area":0.008468720790460793,"Shape__Length":0.4407755737275178}},{"type":"Feature","id":213,"geometry":{"type":"Polygon","coordinates":[[[-87.65583,41.03658],[-87.67499,41.03616],[-87.69423,41.03577],[-87.71339,41.03538],[-87.73238,41.03498],[-87.75172,41.03466],[-87.77194,41.03445],[-87.77231,41.04896],[-87.77253,41.06355],[-87.77254,41.06372],[-87.77294,41.07805],[-87.77294,41.07827],[-87.77303,41.09264],[-87.77303,41.09269],[-87.77347,41.10717],[-87.77348,41.10739],[-87.77376,41.11945],[-87.75919,41.11955],[-87.75377,41.11959],[-87.7392,41.11971],[-87.73396,41.11975],[-87.71969,41.11991],[-87.71481,41.11996],[-87.70045,41.12002],[-87.69533,41.12006],[-87.68152,41.12016],[-87.67621,41.12026],[-87.6616,41.12033],[-87.65724,41.12036],[-87.65691,41.10973],[-87.65691,41.10933],[-87.65677,41.09514],[-87.65677,41.09486],[-87.65654,41.08058],[-87.65653,41.08025],[-87.65621,41.06588],[-87.65586,41.05136],[-87.65586,41.05095],[-87.65583,41.03658]]]},"properties":{"OBJECTID":213,"Join_Count":1,"TARGET_FID":213,"JOIN_FID":2827,"ASSET_NAME":"628","Feeder":"K325","Feeder_N":"F1538","PV_HC_kW":0,"EV_HC_kW":420,"BESS_HC":0,"ORIG_FID":4696,"Feeder_Q":2000,"SS_N":"S0725","Queue_RD":"03/06/2026","Shape__Length_1":null,"Shape__Area":0.009838314069611442,"Shape__Length":0.4014756056091981}},{"type":"Feature","id":214,"geometry":{"type":"Polygon","coordinates":[[[-88.9304,40.81871],[-88.9304,40.81871],[-88.93052,40.81871],[-88.94002,40.81855],[-88.94964,40.81839],[-88.95916,40.81825],[-88.96867,40.8181],[-88.97832,40.81795],[-88.98797,40.8178],[-88.99789,40.81757],[-89.00781,40.81735],[-89.01734,40.81718],[-89.02687,40.81701],[-89.03684,40.81681],[-89.04594,40.81663],[-89.04682,40.81662],[-89.04708,40.82397],[-89.04706,40.83812],[-89.02741,40.83868],[-89.00805,40.83893],[-88.98836,40.83936],[-88.96902,40.83958],[-88.94993,40.84005],[-88.93079,40.84041],[-88.93057,40.82602],[-88.9304,40.81871]]]},"properties":{"OBJECTID":214,"Join_Count":0,"TARGET_FID":214,"JOIN_FID":-1,"ASSET_NAME":"706","Feeder":null,"Feeder_N":null,"PV_HC_kW":null,"EV_HC_kW":null,"BESS_HC":0,"ORIG_FID":4701,"Feeder_Q":null,"SS_N":null,"Queue_RD":null,"Shape__Length_1":null,"Shape__Area":0.0025143322973235627,"Shape__Length":0.2759408754214669}},{"type":"Feature","id":215,"geometry":{"type":"Polygon","coordinates":[[[-88.12584,41.1164],[-88.13439,41.11626],[-88.14463,41.116],[-88.1534,41.11579],[-88.16395,41.11555],[-88.17257,41.11536],[-88.18303,41.11514],[-88.19219,41.11494],[-88.20235,41.11482],[-88.21134,41.11472],[-88.22144,41.11463],[-88.23092,41.11454],[-88.24074,41.11427],[-88.24132,41.12882],[-88.24179,41.14337],[-88.24217,41.15818],[-88.24258,41.17273],[-88.24315,41.1873],[-88.24361,41.20159],[-88.22404,41.20195],[-88.20525,41.20238],[-88.186,41.20278],[-88.16675,41.20308],[-88.14757,41.20351],[-88.1283,41.20373],[-88.12785,41.18929],[-88.12783,41.189],[-88.12728,41.17466],[-88.12701,41.16017],[-88.12645,41.14562],[-88.12629,41.13092],[-88.12584,41.1164]]]},"properties":{"OBJECTID":215,"Join_Count":1,"TARGET_FID":215,"JOIN_FID":2829,"ASSET_NAME":"593","Feeder":"K345","Feeder_N":"F1542","PV_HC_kW":0,"EV_HC_kW":180,"BESS_HC":0,"ORIG_FID":4702,"Feeder_Q":0,"SS_N":"S0336","Queue_RD":"03/06/2026","Shape__Length_1":null,"Shape__Area":0.01008388096283852,"Shape__Length":0.40498894421917886}},{"type":"Feature","id":216,"geometry":{"type":"Polygon","coordinates":[[[-88.48943,41.80843],[-88.50858,41.80806],[-88.50868,41.80807],[-88.50873,41.80806],[-88.5245,41.80777],[-88.52795,41.80771],[-88.52805,41.80771],[-88.52818,41.80771],[-88.54725,41.80745],[-88.54738,41.80745],[-88.54759,41.80745],[-88.54781,41.80745],[-88.5667,41.80715],[-88.56704,41.80714],[-88.56714,41.80714],[-88.58606,41.80685],[-88.58626,41.80685],[-88.58648,41.80684],[-88.60232,41.80653],[-88.60231,41.80691],[-88.60223,41.82109],[-88.60208,41.82109],[-88.602,41.82109],[-88.602,41.82112],[-88.602,41.82162],[-88.60201,41.83551],[-88.60201,41.83569],[-88.602,41.83574],[-88.602,41.83607],[-88.60181,41.85005],[-88.60181,41.85022],[-88.6018,41.85046],[-88.60169,41.86463],[-88.60166,41.86481],[-88.60166,41.8649],[-88.60156,41.87504],[-88.60145,41.87933],[-88.60145,41.87948],[-88.60145,41.87981],[-88.60135,41.89393],[-88.58546,41.89413],[-88.58521,41.89413],[-88.56601,41.89437],[-88.5658,41.89437],[-88.56574,41.89437],[-88.54679,41.89464],[-88.54639,41.89465],[-88.54628,41.89465],[-88.52717,41.89498],[-88.52693,41.89498],[-88.52686,41.89498],[-88.50759,41.89532],[-88.50749,41.89531],[-88.4881,41.89543],[-88.48817,41.8812],[-88.48818,41.88092],[-88.48852,41.86686],[-88.48852,41.8665],[-88.48862,41.85229],[-88.48862,41.85193],[-88.48894,41.83784],[-88.48895,41.83743],[-88.48916,41.82319],[-88.48917,41.82292],[-88.48943,41.80843]]]},"properties":{"OBJECTID":216,"Join_Count":1,"TARGET_FID":216,"JOIN_FID":664,"ASSET_NAME":"450","Feeder":"B905","Feeder_N":"F5462","PV_HC_kW":0,"EV_HC_kW":100,"BESS_HC":0,"ORIG_FID":4704,"Feeder_Q":0,"SS_N":"S0071","Queue_RD":"03/06/2026","Shape__Length_1":null,"Shape__Area":0.009866019672244875,"Shape__Length":0.40081072135782275}},{"type":"Feature","id":217,"geometry":{"type":"Polygon","coordinates":[[[-89.50965,42.02723],[-89.50985,42.02722],[-89.50986,42.0271],[-89.52934,42.0269],[-89.54861,42.02689],[-89.56785,42.02666],[-89.58753,42.02648],[-89.60714,42.02639],[-89.62574,42.02621],[-89.62617,42.04072],[-89.62635,42.05516],[-89.62718,42.0696],[-89.62769,42.08387],[-89.62756,42.09811],[-89.62765,42.1126],[-89.60828,42.1128],[-89.6079,42.1128],[-89.58915,42.113],[-89.58852,42.11301],[-89.5695,42.11311],[-89.56863,42.11312],[-89.54988,42.11342],[-89.54925,42.11343],[-89.53018,42.11354],[-89.51057,42.11391],[-89.51034,42.09931],[-89.50999,42.08487],[-89.50968,42.07066],[-89.50951,42.0561],[-89.50925,42.04177],[-89.50965,42.02723]]]},"properties":{"OBJECTID":217,"Join_Count":1,"TARGET_FID":217,"JOIN_FID":603,"ASSET_NAME":"258","Feeder":"B369","Feeder_N":"F5342","PV_HC_kW":0,"EV_HC_kW":1800,"BESS_HC":0,"ORIG_FID":4709,"Feeder_Q":0,"SS_N":"S0656","Queue_RD":"03/06/2026","Shape__Length_1":null,"Shape__Area":0.010135756367844806,"Shape__Length":0.40643132741652294}},{"type":"Feature","id":218,"geometry":{"type":"Polygon","coordinates":[[[-87.76995,42.15238],[-87.76995,42.13778],[-87.76996,42.1376],[-87.77029,42.12323],[-87.77031,42.12],[-87.77041,42.11999],[-87.77039,42.11966],[-87.77032,42.11867],[-87.77033,42.11672],[-87.77034,42.11671],[-87.77075,42.11603],[-87.77078,42.11581],[-87.77078,42.11545],[-87.77083,42.11379],[-87.77094,42.1097],[-87.77085,42.1091],[-87.77081,42.1088],[-87.77038,42.10878],[-87.77038,42.10873],[-87.77078,42.09395],[-87.77115,42.07972],[-87.77134,42.06512],[-87.78516,42.06531],[-87.79101,42.06538],[-87.80583,42.06554],[-87.81039,42.06558],[-87.82532,42.06563],[-87.82989,42.06566],[-87.84487,42.06574],[-87.84904,42.06576],[-87.86456,42.0658],[-87.8686,42.06582],[-87.88443,42.06591],[-87.88813,42.06591],[-87.88806,42.08047],[-87.88803,42.09509],[-87.88802,42.10955],[-87.8877,42.12399],[-87.88752,42.13845],[-87.88732,42.15296],[-87.86787,42.15292],[-87.86764,42.15292],[-87.86737,42.15292],[-87.84814,42.15284],[-87.82876,42.15274],[-87.82857,42.15274],[-87.82835,42.15274],[-87.80903,42.15264],[-87.78946,42.15253],[-87.76995,42.15238]]]},"properties":{"OBJECTID":218,"Join_Count":1,"TARGET_FID":218,"JOIN_FID":2971,"ASSET_NAME":"426","Feeder":"L12971","Feeder_N":"F1786","PV_HC_kW":23678.13,"EV_HC_kW":10840,"BESS_HC":10840,"ORIG_FID":4804,"Feeder_Q":0,"SS_N":"S0660","Queue_RD":"03/06/2026","Shape__Length_1":null,"Shape__Area":0.010215241956530008,"Shape__Length":0.4091364915621297}},{"type":"Feature","id":219,"geometry":{"type":"Polygon","coordinates":[[[-89.16034,40.92698],[-89.17965,40.92658],[-89.18927,40.92636],[-89.18927,40.92636],[-89.18911,40.92636],[-89.18912,40.92643],[-89.1893,40.93366],[-89.1943,40.93358],[-89.19442,40.94609],[-89.19715,40.94607],[-89.19722,40.95463],[-89.1945,40.95466],[-89.19458,40.963],[-89.18959,40.96309],[-89.18004,40.9633],[-89.18012,40.97063],[-89.1802,40.97799],[-89.18028,40.98535],[-89.18055,40.99274],[-89.18081,41.00012],[-89.18099,41.00755],[-89.17136,41.00781],[-89.17145,41.0152],[-89.17145,41.01524],[-89.16173,41.0155],[-89.16174,41.00076],[-89.1612,40.98596],[-89.16119,40.98549],[-89.16074,40.97134],[-89.16073,40.97081],[-89.16083,40.95657],[-89.16081,40.95606],[-89.16055,40.94178],[-89.16054,40.94122],[-89.16034,40.92698]]]},"properties":{"OBJECTID":219,"Join_Count":0,"TARGET_FID":219,"JOIN_FID":-1,"ASSET_NAME":"644","Feeder":null,"Feeder_N":null,"PV_HC_kW":null,"EV_HC_kW":null,"BESS_HC":0,"ORIG_FID":4812,"Feeder_Q":null,"SS_N":null,"Queue_RD":null,"Shape__Length_1":null,"Shape__Area":0.0021501974370039534,"Shape__Length":0.2504004504543919}},{"type":"Feature","id":220,"geometry":{"type":"Polygon","coordinates":[[[-89.1674,41.67087],[-89.16734,41.65783],[-89.16734,41.65768],[-89.16733,41.65718],[-89.16726,41.64336],[-89.16726,41.64331],[-89.16725,41.64291],[-89.16725,41.64274],[-89.16712,41.62895],[-89.16712,41.62889],[-89.16712,41.62877],[-89.16712,41.6286],[-89.16711,41.62499],[-89.16686,41.61431],[-89.16684,41.61345],[-89.16684,41.6134],[-89.16663,41.5999],[-89.16663,41.59977],[-89.16662,41.59884],[-89.16645,41.58525],[-89.16645,41.58516],[-89.17468,41.58516],[-89.18087,41.58516],[-89.18327,41.58517],[-89.18914,41.58519],[-89.196,41.58522],[-89.19858,41.58523],[-89.19981,41.58523],[-89.20026,41.58523],[-89.20808,41.58522],[-89.20839,41.58522],[-89.21934,41.58524],[-89.21949,41.58524],[-89.22459,41.58523],[-89.2277,41.58522],[-89.23097,41.58522],[-89.23891,41.5852],[-89.2414,41.58519],[-89.24699,41.58518],[-89.24992,41.58517],[-89.25619,41.58516],[-89.25641,41.58516],[-89.26106,41.58516],[-89.26594,41.58514],[-89.26673,41.58514],[-89.27652,41.5851],[-89.27691,41.5851],[-89.28558,41.58507],[-89.28558,41.5852],[-89.28565,41.59934],[-89.28565,41.59952],[-89.28572,41.61397],[-89.28572,41.614],[-89.28577,41.62497],[-89.28576,41.62832],[-89.28576,41.62849],[-89.28576,41.62854],[-89.28592,41.64284],[-89.28592,41.64288],[-89.28592,41.64308],[-89.286,41.6572],[-89.28599,41.65739],[-89.286,41.65759],[-89.28624,41.6715],[-89.28624,41.67154],[-89.28567,41.67153],[-89.2672,41.67141],[-89.26696,41.67141],[-89.26656,41.67141],[-89.2499,41.6713],[-89.24799,41.67129],[-89.24759,41.67129],[-89.24752,41.67129],[-89.23805,41.67126],[-89.23646,41.67125],[-89.23466,41.67124],[-89.22873,41.67121],[-89.22824,41.67121],[-89.228,41.67121],[-89.20949,41.67112],[-89.20922,41.67112],[-89.20898,41.67111],[-89.20855,41.67111],[-89.19025,41.67096],[-89.18984,41.67096],[-89.18965,41.67096],[-89.18909,41.67095],[-89.18665,41.67094],[-89.1674,41.67087]]]},"properties":{"OBJECTID":220,"Join_Count":1,"TARGET_FID":220,"JOIN_FID":2435,"ASSET_NAME":"305","Feeder":"H113","Feeder_N":"F3831","PV_HC_kW":340.44,"EV_HC_kW":1060,"BESS_HC":340.44,"ORIG_FID":4813,"Feeder_Q":0,"SS_N":"S0668","Queue_RD":"03/06/2026","Shape__Length_1":null,"Shape__Area":0.010218423163905754,"Shape__Length":0.4101656302712814}},{"type":"Feature","id":221,"geometry":{"type":"Polygon","coordinates":[[[-88.24824,41.02313],[-88.24757,41.00874],[-88.24751,40.99457],[-88.24691,40.97998],[-88.24616,40.96555],[-88.24576,40.95079],[-88.2453,40.93636],[-88.26398,40.93607],[-88.28309,40.93579],[-88.30244,40.93565],[-88.3213,40.93543],[-88.32175,40.93542],[-88.34031,40.93509],[-88.34083,40.93509],[-88.35745,40.93492],[-88.35764,40.94942],[-88.35833,40.96386],[-88.35871,40.97839],[-88.35895,40.99344],[-88.35941,41.00771],[-88.35969,41.02222],[-88.34389,41.02257],[-88.32456,41.02268],[-88.30536,41.02306],[-88.28638,41.02322],[-88.26765,41.02321],[-88.26728,41.02321],[-88.24824,41.02313]]]},"properties":{"OBJECTID":221,"Join_Count":1,"TARGET_FID":221,"JOIN_FID":3551,"ASSET_NAME":"652","Feeder":"S433","Feeder_N":"F1577","PV_HC_kW":0,"EV_HC_kW":1260,"BESS_HC":0,"ORIG_FID":4818,"Feeder_Q":31.68,"SS_N":"S0731","Queue_RD":"03/06/2026","Shape__Length_1":null,"Shape__Area":0.009764533401266817,"Shape__Length":0.3977780209567735}},{"type":"Feature","id":222,"geometry":{"type":"Polygon","coordinates":[[[-89.74646,41.84398],[-89.74649,41.83025],[-89.7467,41.81541],[-89.74694,41.801],[-89.74716,41.78651],[-89.74713,41.77233],[-89.74687,41.7575],[-89.74716,41.7575],[-89.76684,41.75753],[-89.7859,41.75773],[-89.80511,41.75758],[-89.82442,41.75772],[-89.84369,41.75781],[-89.86278,41.75778],[-89.86278,41.77236],[-89.86251,41.78674],[-89.8621,41.80113],[-89.86231,41.81534],[-89.8623,41.81582],[-89.86207,41.82983],[-89.86208,41.83035],[-89.86227,41.84436],[-89.84357,41.84427],[-89.84302,41.84427],[-89.82372,41.8443],[-89.80444,41.84412],[-89.78544,41.84416],[-89.76638,41.84419],[-89.74646,41.84398]]]},"properties":{"OBJECTID":222,"Join_Count":1,"TARGET_FID":222,"JOIN_FID":2462,"ASSET_NAME":"233","Feeder":"H275","Feeder_N":"F3299","PV_HC_kW":0,"EV_HC_kW":510,"BESS_HC":0,"ORIG_FID":4820,"Feeder_Q":5000,"SS_N":"S0663","Queue_RD":"03/06/2026","Shape__Length_1":null,"Shape__Area":0.00999773548869598,"Shape__Length":0.4048134762864453}},{"type":"Feature","id":223,"geometry":{"type":"Polygon","coordinates":[[[-87.52532,41.55764],[-87.53908,41.55756],[-87.55835,41.55758],[-87.55847,41.5721],[-87.5586,41.58658],[-87.55875,41.60111],[-87.55893,41.61551],[-87.55936,41.63009],[-87.55928,41.6448],[-87.53997,41.64479],[-87.53956,41.64479],[-87.52502,41.64485],[-87.52522,41.63002],[-87.52498,41.62056],[-87.525,41.61932],[-87.525,41.61932],[-87.525,41.61932],[-87.525,41.61916],[-87.52499,41.6187],[-87.52499,41.61869],[-87.52497,41.61743],[-87.52498,41.61716],[-87.52498,41.61716],[-87.52498,41.61716],[-87.52499,41.61682],[-87.525,41.61596],[-87.52496,41.61556],[-87.52497,41.61518],[-87.52497,41.61493],[-87.52497,41.61474],[-87.52498,41.61437],[-87.525,41.61391],[-87.52501,41.61342],[-87.52502,41.613],[-87.52503,41.6126],[-87.52505,41.61215],[-87.52506,41.61165],[-87.52507,41.61126],[-87.52507,41.61085],[-87.52507,41.6104],[-87.52505,41.60993],[-87.52508,41.60952],[-87.52505,41.60907],[-87.52506,41.60866],[-87.52507,41.60823],[-87.52508,41.60777],[-87.5251,41.60731],[-87.52511,41.60691],[-87.52512,41.60642],[-87.52512,41.60601],[-87.52512,41.60555],[-87.5251,41.60514],[-87.52508,41.60471],[-87.5251,41.60423],[-87.52511,41.60381],[-87.52511,41.60334],[-87.52511,41.60278],[-87.52509,41.60215],[-87.52508,41.6019],[-87.52507,41.60162],[-87.52506,41.60135],[-87.52506,41.60112],[-87.52505,41.60087],[-87.52505,41.60062],[-87.52505,41.60042],[-87.52509,41.59932],[-87.5251,41.59702],[-87.52512,41.59564],[-87.52512,41.59529],[-87.525,41.59528],[-87.52501,41.59429],[-87.52513,41.59428],[-87.52513,41.59378],[-87.52513,41.59316],[-87.52513,41.59296],[-87.52517,41.59202],[-87.52514,41.59163],[-87.52515,41.59111],[-87.52513,41.59024],[-87.52515,41.5897],[-87.52515,41.5895],[-87.52516,41.58925],[-87.52515,41.58883],[-87.52514,41.5884],[-87.52517,41.58793],[-87.52519,41.58751],[-87.52521,41.58704],[-87.52522,41.58662],[-87.5252,41.58626],[-87.52518,41.58588],[-87.52515,41.58358],[-87.52514,41.58312],[-87.52514,41.58268],[-87.52516,41.58228],[-87.52517,41.58177],[-87.52514,41.58153],[-87.52515,41.58093],[-87.52515,41.57941],[-87.52515,41.57941],[-87.52514,41.57854],[-87.52516,41.57753],[-87.52517,41.57725],[-87.52518,41.5771],[-87.52519,41.57687],[-87.52523,41.57665],[-87.52524,41.57644],[-87.52526,41.57484],[-87.52526,41.57384],[-87.52525,41.57107],[-87.52525,41.57031],[-87.52525,41.57016],[-87.52528,41.56731],[-87.52527,41.56693],[-87.52527,41.56656],[-87.52533,41.5651],[-87.52533,41.5651],[-87.52533,41.5651],[-87.52533,41.5651],[-87.52533,41.5651],[-87.52533,41.5651],[-87.52533,41.5651],[-87.52533,41.5651],[-87.52534,41.56494],[-87.52533,41.56399],[-87.52533,41.56399],[-87.52533,41.56399],[-87.52533,41.5639],[-87.52533,41.56351],[-87.52534,41.5624],[-87.52532,41.55764]]]},"properties":{"OBJECTID":223,"Join_Count":1,"TARGET_FID":223,"JOIN_FID":2131,"ASSET_NAME":"489","Feeder":"F4781","Feeder_N":"F3135","PV_HC_kW":794.84,"EV_HC_kW":2290,"BESS_HC":794.84,"ORIG_FID":4834,"Feeder_Q":30.16,"SS_N":"S0583","Queue_RD":"03/06/2026","Shape__Length_1":null,"Shape__Area":0.002937881104344342,"Shape__Length":0.24197150740970733}},{"type":"Feature","id":224,"geometry":{"type":"Polygon","coordinates":[[[-88.25518,41.55007],[-88.27458,41.54957],[-88.29179,41.5493],[-88.29417,41.54925],[-88.31351,41.54883],[-88.33301,41.54859],[-88.35225,41.54826],[-88.3663,41.54793],[-88.36676,41.56247],[-88.36725,41.57704],[-88.36791,41.59152],[-88.36791,41.5916],[-88.36829,41.606],[-88.36829,41.60616],[-88.36878,41.62048],[-88.3688,41.62073],[-88.36939,41.635],[-88.35547,41.63513],[-88.33619,41.6353],[-88.33597,41.6353],[-88.31703,41.63544],[-88.29794,41.63557],[-88.29752,41.63558],[-88.27837,41.6358],[-88.259,41.63606],[-88.25856,41.62249],[-88.25858,41.62197],[-88.25782,41.60808],[-88.25781,41.60701],[-88.25713,41.59362],[-88.25708,41.59262],[-88.25651,41.57959],[-88.2565,41.57951],[-88.25646,41.57901],[-88.25645,41.57867],[-88.25581,41.56431],[-88.25581,41.56427],[-88.25518,41.55007]]]},"properties":{"OBJECTID":224,"Join_Count":1,"TARGET_FID":224,"JOIN_FID":2612,"ASSET_NAME":"482","Feeder":"J3108","Feeder_N":"F4005","PV_HC_kW":44.46,"EV_HC_kW":540,"BESS_HC":44.46,"ORIG_FID":4859,"Feeder_Q":0,"SS_N":"S0574","Queue_RD":"03/06/2026","Shape__Length_1":null,"Shape__Area":0.009580650095131205,"Shape__Length":0.39473102199725585}},{"type":"Feature","id":225,"geometry":{"type":"Polygon","coordinates":[[[-89.51672,41.67157],[-89.51671,41.65761],[-89.5167,41.65729],[-89.5167,41.65699],[-89.5167,41.65686],[-89.51649,41.64312],[-89.51648,41.64281],[-89.51648,41.64274],[-89.51649,41.6426],[-89.5163,41.62858],[-89.5163,41.62852],[-89.51625,41.62495],[-89.51607,41.61408],[-89.51607,41.61396],[-89.51607,41.61387],[-89.51593,41.60319],[-89.51589,41.59957],[-89.51588,41.59937],[-89.51575,41.58515],[-89.51574,41.58503],[-89.53136,41.585],[-89.53159,41.585],[-89.53504,41.58501],[-89.55074,41.58508],[-89.55087,41.58508],[-89.55434,41.58507],[-89.56991,41.58505],[-89.57002,41.58505],[-89.57349,41.58504],[-89.58963,41.58502],[-89.58975,41.58502],[-89.5928,41.58502],[-89.60891,41.58502],[-89.60899,41.58502],[-89.61218,41.58502],[-89.61222,41.58502],[-89.62494,41.58486],[-89.62837,41.58487],[-89.62845,41.58487],[-89.63145,41.58487],[-89.63135,41.58493],[-89.63136,41.58518],[-89.63152,41.59936],[-89.63152,41.59953],[-89.63162,41.60873],[-89.63168,41.61386],[-89.63168,41.61414],[-89.63169,41.61832],[-89.6317,41.62499],[-89.6317,41.62826],[-89.6317,41.6283],[-89.6317,41.62836],[-89.63171,41.62844],[-89.63181,41.63897],[-89.63185,41.64274],[-89.63185,41.64283],[-89.63185,41.64286],[-89.63205,41.65716],[-89.63205,41.65721],[-89.63205,41.65734],[-89.63221,41.67148],[-89.6319,41.67148],[-89.62496,41.67153],[-89.61299,41.67155],[-89.61268,41.67155],[-89.5937,41.67159],[-89.59348,41.67159],[-89.57449,41.67161],[-89.57439,41.67161],[-89.5553,41.67162],[-89.55515,41.67162],[-89.53593,41.6716],[-89.51672,41.67157]]]},"properties":{"OBJECTID":225,"Join_Count":1,"TARGET_FID":225,"JOIN_FID":2469,"ASSET_NAME":"263","Feeder":"H339","Feeder_N":"F3865","PV_HC_kW":0,"EV_HC_kW":0,"BESS_HC":0,"ORIG_FID":4866,"Feeder_Q":31.36,"SS_N":"S0663","Queue_RD":"03/06/2026","Shape__Length_1":null,"Shape__Area":0.00999743901616057,"Shape__Length":0.40441049735407136}},{"type":"Feature","id":226,"geometry":{"type":"Polygon","coordinates":[[[-89.86227,41.84436],[-89.86208,41.83035],[-89.86207,41.82983],[-89.8623,41.81582],[-89.86231,41.81534],[-89.8621,41.80113],[-89.86251,41.78674],[-89.86278,41.77236],[-89.86278,41.75778],[-89.88215,41.75785],[-89.90135,41.75788],[-89.92077,41.75763],[-89.94023,41.75777],[-89.95953,41.75784],[-89.97844,41.75772],[-89.97853,41.77209],[-89.97842,41.78641],[-89.97829,41.80076],[-89.97829,41.80114],[-89.97822,41.81509],[-89.97822,41.8155],[-89.97817,41.82953],[-89.97817,41.83006],[-89.97826,41.84406],[-89.95936,41.84431],[-89.94032,41.84423],[-89.92071,41.84445],[-89.90126,41.84433],[-89.88168,41.84433],[-89.86227,41.84436]]]},"properties":{"OBJECTID":226,"Join_Count":1,"TARGET_FID":226,"JOIN_FID":2466,"ASSET_NAME":"217","Feeder":"H297","Feeder_N":"F3301","PV_HC_kW":95.6,"EV_HC_kW":350,"BESS_HC":95.6,"ORIG_FID":4872,"Feeder_Q":0,"SS_N":"S0662","Queue_RD":"03/06/2026","Shape__Length_1":null,"Shape__Area":0.010032191738218899,"Shape__Length":0.4045975965733266}},{"type":"Feature","id":227,"geometry":{"type":"Polygon","coordinates":[[[-87.54227,41.01004],[-87.55186,41.00985],[-87.56145,41.00966],[-87.57105,41.0094],[-87.58063,41.00914],[-87.59018,41.00888],[-87.59972,41.00861],[-87.60427,41.00855],[-87.60427,41.00855],[-87.60927,41.00849],[-87.61233,41.00846],[-87.61233,41.00846],[-87.61881,41.00838],[-87.62855,41.00816],[-87.63249,41.00806],[-87.6325,41.00684],[-87.63426,41.00685],[-87.63423,41.00802],[-87.63829,41.00793],[-87.64355,41.00785],[-87.64417,41.00784],[-87.64417,41.00784],[-87.64689,41.0078],[-87.65549,41.00766],[-87.65562,41.02206],[-87.65583,41.03658],[-87.63895,41.03698],[-87.63871,41.03699],[-87.61958,41.03738],[-87.60035,41.03784],[-87.58123,41.03825],[-87.56211,41.03877],[-87.54293,41.03921],[-87.54267,41.02457],[-87.54227,41.01004]]]},"properties":{"OBJECTID":227,"Join_Count":1,"TARGET_FID":227,"JOIN_FID":2836,"ASSET_NAME":"659","Feeder":"K455","Feeder_N":"F1556","PV_HC_kW":0,"EV_HC_kW":2920,"BESS_HC":0,"ORIG_FID":4875,"Feeder_Q":1600,"SS_N":"S0725","Queue_RD":"03/06/2026","Shape__Length_1":null,"Shape__Area":0.003291182176553775,"Shape__Length":0.28667117467281555}},{"type":"Feature","id":228,"geometry":{"type":"Polygon","coordinates":[[[-88.36517,41.46044],[-88.38455,41.46002],[-88.40395,41.45964],[-88.42333,41.45922],[-88.42362,41.45921],[-88.44263,41.45878],[-88.4619,41.45833],[-88.48164,41.45777],[-88.48196,41.47235],[-88.4823,41.48702],[-88.48331,41.50096],[-88.48332,41.50151],[-88.4834,41.51583],[-88.48369,41.53037],[-88.48401,41.54495],[-88.46315,41.54543],[-88.44369,41.54593],[-88.42422,41.5464],[-88.40482,41.54686],[-88.38551,41.54739],[-88.3663,41.54793],[-88.36605,41.53343],[-88.36604,41.53325],[-88.36591,41.51886],[-88.36591,41.5187],[-88.36585,41.51698],[-88.36576,41.50412],[-88.36546,41.48959],[-88.36538,41.47503],[-88.36517,41.46044]]]},"properties":{"OBJECTID":228,"Join_Count":1,"TARGET_FID":228,"JOIN_FID":2598,"ASSET_NAME":"491","Feeder":"J235","Feeder_N":"F3991","PV_HC_kW":0,"EV_HC_kW":490,"BESS_HC":0,"ORIG_FID":4876,"Feeder_Q":0,"SS_N":"S0575","Queue_RD":"03/06/2026","Shape__Length_1":null,"Shape__Area":0.010226053289898118,"Shape__Length":0.40896622918066267}},{"type":"Feature","id":229,"geometry":{"type":"Polygon","coordinates":[[[-88.24904,41.37559],[-88.26842,41.37519],[-88.28748,41.37476],[-88.30646,41.37418],[-88.30676,41.37417],[-88.3256,41.37392],[-88.34469,41.37359],[-88.3453,41.37358],[-88.36388,41.37329],[-88.36424,41.3878],[-88.36448,41.40231],[-88.36448,41.40241],[-88.36484,41.41681],[-88.36515,41.4314],[-88.36511,41.44591],[-88.36517,41.46044],[-88.34896,41.46071],[-88.3296,41.46098],[-88.31014,41.46141],[-88.2909,41.46177],[-88.27142,41.46211],[-88.2521,41.46273],[-88.25153,41.45093],[-88.25146,41.44807],[-88.25111,41.43373],[-88.25063,41.41873],[-88.25014,41.40425],[-88.24951,41.38974],[-88.24904,41.37559]]]},"properties":{"OBJECTID":229,"Join_Count":1,"TARGET_FID":229,"JOIN_FID":2684,"ASSET_NAME":"502","Feeder":"J4409","Feeder_N":"F3407","PV_HC_kW":535.62,"EV_HC_kW":1550,"BESS_HC":535.62,"ORIG_FID":4889,"Feeder_Q":59.02,"SS_N":"S0581","Queue_RD":"03/06/2026","Shape__Length_1":null,"Shape__Area":0.00994786922296953,"Shape__Length":0.40232540774107234}},{"type":"Feature","id":230,"geometry":{"type":"Polygon","coordinates":[[[-88.47187,42.15344],[-88.4719,42.139],[-88.4719,42.13891],[-88.47201,42.12449],[-88.47189,42.11008],[-88.47186,42.09565],[-88.4716,42.08125],[-88.47149,42.06677],[-88.47389,42.06676],[-88.48939,42.06655],[-88.49091,42.06653],[-88.49999,42.06659],[-88.49999,42.0667],[-88.50893,42.06669],[-88.51007,42.06669],[-88.51047,42.06669],[-88.51297,42.06668],[-88.52828,42.06661],[-88.52843,42.06661],[-88.53001,42.0666],[-88.54772,42.06652],[-88.54806,42.06652],[-88.54917,42.06652],[-88.56385,42.06649],[-88.56769,42.06648],[-88.56786,42.06648],[-88.56847,42.06648],[-88.56854,42.06648],[-88.57274,42.06646],[-88.58012,42.06643],[-88.58666,42.06641],[-88.58698,42.06641],[-88.58742,42.06641],[-88.58821,42.06641],[-88.5882,42.06653],[-88.58814,42.08097],[-88.58814,42.081],[-88.58814,42.08105],[-88.58817,42.09547],[-88.58818,42.09569],[-88.58816,42.10998],[-88.58812,42.11532],[-88.58806,42.1228],[-88.58807,42.12442],[-88.58807,42.12456],[-88.58807,42.12468],[-88.58829,42.13361],[-88.58842,42.13887],[-88.58843,42.1389],[-88.58843,42.139],[-88.58849,42.15362],[-88.58833,42.15362],[-88.56943,42.15361],[-88.56934,42.15361],[-88.56928,42.15361],[-88.56924,42.15361],[-88.56918,42.15361],[-88.56912,42.15361],[-88.56908,42.15361],[-88.56406,42.15362],[-88.54993,42.15365],[-88.54988,42.15365],[-88.54983,42.15365],[-88.54975,42.15365],[-88.54971,42.15365],[-88.54962,42.15365],[-88.53062,42.15365],[-88.53043,42.15365],[-88.53028,42.15365],[-88.53017,42.15365],[-88.51108,42.15365],[-88.511,42.15365],[-88.51094,42.15365],[-88.51089,42.15365],[-88.51081,42.15365],[-88.51076,42.15365],[-88.50585,42.15363],[-88.5,42.15361],[-88.5,42.15352],[-88.49133,42.15336],[-88.47187,42.15344]]]},"properties":{"OBJECTID":230,"Join_Count":1,"TARGET_FID":230,"JOIN_FID":547,"ASSET_NAME":"420","Feeder":"B163","Feeder_N":"F5230","PV_HC_kW":869.67,"EV_HC_kW":90,"BESS_HC":90,"ORIG_FID":4904,"Feeder_Q":0,"SS_N":"S0655","Queue_RD":"03/06/2026","Shape__Length_1":null,"Shape__Area":0.010127712940857236,"Shape__Length":0.4074474922111298}},{"type":"Feature","id":231,"geometry":{"type":"Polygon","coordinates":[[[-87.6616,41.12033],[-87.67621,41.12026],[-87.68152,41.12016],[-87.69533,41.12006],[-87.70045,41.12002],[-87.71481,41.11996],[-87.71969,41.11991],[-87.73396,41.11975],[-87.7392,41.11971],[-87.75377,41.11959],[-87.75919,41.11955],[-87.77376,41.11945],[-87.77846,41.11942],[-87.77832,41.13399],[-87.77865,41.14862],[-87.77906,41.16318],[-87.77943,41.17784],[-87.77964,41.19243],[-87.78015,41.2071],[-87.76033,41.20722],[-87.7411,41.20739],[-87.72166,41.20751],[-87.72108,41.20751],[-87.70229,41.2077],[-87.70193,41.2077],[-87.68299,41.2078],[-87.66355,41.20792],[-87.66322,41.19331],[-87.66312,41.17878],[-87.66302,41.1641],[-87.6624,41.1496],[-87.66208,41.13497],[-87.6616,41.12033]]]},"properties":{"OBJECTID":231,"Join_Count":1,"TARGET_FID":231,"JOIN_FID":2816,"ASSET_NAME":"597","Feeder":"K188","Feeder_N":"F1516","PV_HC_kW":741.83,"EV_HC_kW":3180,"BESS_HC":741.83,"ORIG_FID":4912,"Feeder_Q":0,"SS_N":"S0725","Queue_RD":"03/06/2026","Shape__Length_1":null,"Shape__Area":0.010197363202451015,"Shape__Length":0.40879046463565233}},{"type":"Feature","id":232,"geometry":{"type":"Polygon","coordinates":[[[-87.68456,41.82286],[-87.7043,41.82242],[-87.7238,41.82222],[-87.74321,41.82196],[-87.76296,41.82161],[-87.7826,41.8213],[-87.80251,41.82119],[-87.803,41.83578],[-87.80366,41.85027],[-87.80412,41.86499],[-87.80457,41.87962],[-87.80522,41.89414],[-87.80577,41.90875],[-87.78499,41.90902],[-87.76588,41.90922],[-87.7653,41.90923],[-87.74572,41.90952],[-87.74543,41.90953],[-87.72624,41.90981],[-87.72607,41.9098],[-87.70652,41.91005],[-87.68708,41.91025],[-87.68671,41.89572],[-87.68643,41.88136],[-87.68642,41.88109],[-87.6858,41.86648],[-87.68535,41.85192],[-87.68507,41.83749],[-87.68456,41.82286]]]},"properties":{"OBJECTID":232,"Join_Count":1,"TARGET_FID":232,"JOIN_FID":3088,"ASSET_NAME":"457","Feeder":"L5133","Feeder_N":"F1980","PV_HC_kW":15823.5,"EV_HC_kW":3900,"BESS_HC":3900,"ORIG_FID":5103,"Feeder_Q":0,"SS_N":"S0711","Queue_RD":"03/06/2026","Shape__Length_1":null,"Shape__Area":0.01036322109507637,"Shape__Length":0.41173424230738537}},{"type":"Feature","id":233,"geometry":{"type":"Polygon","coordinates":[[[-88.24457,40.91138],[-88.24471,40.92175],[-88.2453,40.93636],[-88.22629,40.93674],[-88.2074,40.93716],[-88.18821,40.93775],[-88.16923,40.93798],[-88.14983,40.93853],[-88.13053,40.93912],[-88.13053,40.93911],[-88.13026,40.92457],[-88.13022,40.91718],[-88.1302,40.91408],[-88.13019,40.91338],[-88.24445,40.91138],[-88.24457,40.91138]]]},"properties":{"OBJECTID":233,"Join_Count":1,"TARGET_FID":233,"JOIN_FID":3551,"ASSET_NAME":"683","Feeder":"S433","Feeder_N":"F1577","PV_HC_kW":0,"EV_HC_kW":1260,"BESS_HC":0,"ORIG_FID":5268,"Feeder_Q":31.68,"SS_N":"S0731","Queue_RD":"03/06/2026","Shape__Length_1":null,"Shape__Area":0.002895720662536405,"Shape__Length":0.27992895494642606}},{"type":"Feature","id":234,"geometry":{"type":"Polygon","coordinates":[[[-89.17416,42.41154],[-89.17417,42.40701],[-89.17421,42.40701],[-89.1741,42.39699],[-89.17394,42.39699],[-89.17384,42.39274],[-89.17406,42.39273],[-89.17394,42.38251],[-89.174,42.37827],[-89.18417,42.37794],[-89.18417,42.37797],[-89.18489,42.37793],[-89.20345,42.37766],[-89.20345,42.3777],[-89.20403,42.37769],[-89.20403,42.37765],[-89.22308,42.37704],[-89.22343,42.37703],[-89.24237,42.37672],[-89.24267,42.37671],[-89.26236,42.37643],[-89.26246,42.37643],[-89.2626,42.37643],[-89.27291,42.3762],[-89.28149,42.37602],[-89.28155,42.37602],[-89.28155,42.37615],[-89.28207,42.3905],[-89.28208,42.39054],[-89.28208,42.39063],[-89.2821,42.39084],[-89.28249,42.40489],[-89.28249,42.40504],[-89.2825,42.40507],[-89.28251,42.40533],[-89.28297,42.41936],[-89.28297,42.41953],[-89.28298,42.41984],[-89.28314,42.42611],[-89.28322,42.42926],[-89.28333,42.43369],[-89.28333,42.43381],[-89.28334,42.43431],[-89.28335,42.43461],[-89.28371,42.44806],[-89.28372,42.44827],[-89.28374,42.44873],[-89.28375,42.44904],[-89.28419,42.46248],[-89.2842,42.46254],[-89.26471,42.46279],[-89.26219,42.46282],[-89.24483,42.46392],[-89.24256,42.46395],[-89.22514,42.46416],[-89.22281,42.46419],[-89.20574,42.46447],[-89.20313,42.46448],[-89.18635,42.46469],[-89.18635,42.46463],[-89.18433,42.46466],[-89.18433,42.46471],[-89.174,42.46483],[-89.17411,42.45505],[-89.17419,42.45038],[-89.17421,42.44038],[-89.17425,42.436],[-89.1742,42.42604],[-89.17418,42.42168],[-89.17425,42.41154],[-89.17416,42.41154]]]},"properties":{"OBJECTID":234,"Join_Count":1,"TARGET_FID":234,"JOIN_FID":3405,"ASSET_NAME":"296","Feeder":"R6283","Feeder_N":"F2638","PV_HC_kW":0,"EV_HC_kW":200,"BESS_HC":0,"ORIG_FID":5269,"Feeder_Q":4990,"SS_N":"S0679","Queue_RD":"03/06/2026","Shape__Length_1":null,"Shape__Area":0.00944649200710046,"Shape__Length":0.3916913081696433}},{"type":"Feature","id":235,"geometry":{"type":"Polygon","coordinates":[[[-89.74267,42.02459],[-89.74408,42.02457],[-89.74408,42.02449],[-89.76272,42.02347],[-89.76273,42.0235],[-89.76345,42.02346],[-89.78193,42.02299],[-89.78193,42.02305],[-89.78281,42.02303],[-89.78281,42.02299],[-89.80142,42.0229],[-89.80209,42.0229],[-89.82136,42.02256],[-89.83402,42.02235],[-89.83407,42.02242],[-89.83667,42.02548],[-89.84016,42.02957],[-89.85303,42.04822],[-89.85955,42.05767],[-89.8596,42.06541],[-89.8596,42.0658],[-89.85955,42.0658],[-89.85957,42.08042],[-89.85958,42.08097],[-89.85957,42.09503],[-89.85957,42.09558],[-89.8599,42.1091],[-89.85991,42.10992],[-89.84256,42.11014],[-89.84174,42.11015],[-89.82309,42.11021],[-89.82214,42.11023],[-89.80368,42.1104],[-89.80289,42.11044],[-89.78432,42.11066],[-89.78432,42.11076],[-89.7833,42.11077],[-89.76517,42.11102],[-89.76408,42.11103],[-89.74529,42.11109],[-89.74501,42.09678],[-89.74446,42.08222],[-89.7443,42.06789],[-89.74323,42.05336],[-89.74364,42.03884],[-89.74267,42.02459]]]},"properties":{"OBJECTID":235,"Join_Count":1,"TARGET_FID":235,"JOIN_FID":2914,"ASSET_NAME":"230","Feeder":"L10766","Feeder_N":"F1682","PV_HC_kW":1770.29,"EV_HC_kW":9320,"BESS_HC":1770.29,"ORIG_FID":5273,"Feeder_Q":0,"SS_N":"S0643","Queue_RD":"03/06/2026","Shape__Length_1":null,"Shape__Area":0.0096798567165024,"Shape__Length":0.3888345531713309}},{"type":"Feature","id":236,"geometry":{"type":"Polygon","coordinates":[[[-88.94115,41.80449],[-88.96031,41.80437],[-88.96048,41.80437],[-88.96052,41.80436],[-88.96081,41.80435],[-88.96086,41.80435],[-88.98002,41.8042],[-88.98048,41.80417],[-88.98069,41.80416],[-88.99947,41.804],[-88.99998,41.804],[-89.00058,41.80399],[-89.0189,41.80375],[-89.02038,41.80373],[-89.02071,41.80374],[-89.03062,41.80362],[-89.03841,41.80353],[-89.03845,41.80353],[-89.03928,41.80352],[-89.05408,41.80336],[-89.05397,41.81782],[-89.05397,41.81796],[-89.05397,41.81802],[-89.05386,41.83243],[-89.05386,41.83261],[-89.05375,41.84691],[-89.05374,41.84701],[-89.05375,41.84709],[-89.05376,41.84717],[-89.05368,41.86142],[-89.05368,41.86148],[-89.05368,41.86163],[-89.05358,41.87503],[-89.05357,41.87597],[-89.05357,41.87605],[-89.05356,41.87631],[-89.05356,41.8765],[-89.05348,41.8765],[-89.04732,41.87652],[-89.04557,41.87652],[-89.04556,41.89003],[-88.98435,41.89067],[-88.98364,41.89128],[-88.98107,41.89131],[-88.98075,41.89131],[-88.98001,41.89132],[-88.96161,41.89155],[-88.96134,41.89155],[-88.96069,41.89155],[-88.94109,41.89178],[-88.9411,41.87738],[-88.9411,41.87729],[-88.9411,41.87714],[-88.9411,41.87711],[-88.94112,41.875],[-88.9412,41.8631],[-88.9412,41.86292],[-88.94121,41.86286],[-88.94122,41.86258],[-88.94123,41.86255],[-88.94123,41.84836],[-88.94123,41.84822],[-88.94123,41.8481],[-88.94128,41.8339],[-88.94128,41.83385],[-88.94127,41.83355],[-88.94117,41.81923],[-88.94116,41.81919],[-88.94119,41.81912],[-88.9412,41.819],[-88.94115,41.80468],[-88.94115,41.80449]]]},"properties":{"OBJECTID":236,"Join_Count":1,"TARGET_FID":236,"JOIN_FID":2440,"ASSET_NAME":"329","Feeder":"H125","Feeder_N":"F2877","PV_HC_kW":0,"EV_HC_kW":1510,"BESS_HC":0,"ORIG_FID":5275,"Feeder_Q":30.48,"SS_N":"S0668","Queue_RD":"03/06/2026","Shape__Length_1":null,"Shape__Area":0.009664779104923582,"Shape__Length":0.3995843411759518}},{"type":"Feature","id":237,"geometry":{"type":"Polygon","coordinates":[[[-89.16853,41.88936],[-89.16835,41.87529],[-89.16835,41.87518],[-89.16834,41.87496],[-89.16837,41.87488],[-89.16837,41.87484],[-89.16824,41.86075],[-89.16822,41.86069],[-89.16824,41.86045],[-89.16824,41.8604],[-89.16823,41.85858],[-89.16815,41.84619],[-89.16814,41.84614],[-89.16814,41.84582],[-89.16818,41.84583],[-89.16826,41.84583],[-89.17513,41.84576],[-89.1869,41.84563],[-89.18786,41.84562],[-89.18845,41.84561],[-89.19965,41.84549],[-89.20633,41.84541],[-89.20713,41.8454],[-89.2073,41.8454],[-89.22579,41.84517],[-89.22622,41.84517],[-89.2267,41.84518],[-89.22677,41.84518],[-89.24528,41.84497],[-89.24549,41.84497],[-89.24634,41.84496],[-89.26445,41.84522],[-89.28312,41.84515],[-89.28274,41.85944],[-89.28276,41.87374],[-89.28196,41.88816],[-89.28223,41.90207],[-89.28223,41.90268],[-89.28191,41.91739],[-89.28183,41.91739],[-89.28145,41.93132],[-89.26572,41.93132],[-89.26273,41.9314],[-89.26214,41.93141],[-89.24692,41.93153],[-89.24332,41.93157],[-89.22796,41.93181],[-89.22766,41.93182],[-89.22446,41.93187],[-89.224,41.93187],[-89.21921,41.93194],[-89.20824,41.93209],[-89.20441,41.93214],[-89.18932,41.93234],[-89.18877,41.93235],[-89.18502,41.9324],[-89.16945,41.93271],[-89.16934,41.93272],[-89.16924,41.92861],[-89.16898,41.91865],[-89.16898,41.91848],[-89.16898,41.91843],[-89.16888,41.9123],[-89.16876,41.90416],[-89.16876,41.90405],[-89.16876,41.90385],[-89.16853,41.8895],[-89.16853,41.88936]]]},"properties":{"OBJECTID":237,"Join_Count":1,"TARGET_FID":237,"JOIN_FID":2485,"ASSET_NAME":"302","Feeder":"H496","Feeder_N":"F3881","PV_HC_kW":107.9,"EV_HC_kW":1400,"BESS_HC":107.9,"ORIG_FID":5281,"Feeder_Q":0,"SS_N":"S0272","Queue_RD":"03/06/2026","Shape__Length_1":null,"Shape__Area":0.009843396571568519,"Shape__Length":0.4003073506522908}},{"type":"Feature","id":238,"geometry":{"type":"Polygon","coordinates":[[[-88.48164,41.45777],[-88.50001,41.4577],[-88.50109,41.45772],[-88.50129,41.45772],[-88.50192,41.45772],[-88.5205,41.45766],[-88.5396,41.45755],[-88.53978,41.45755],[-88.53989,41.45755],[-88.55508,41.45747],[-88.55878,41.45746],[-88.55896,41.45745],[-88.55917,41.45745],[-88.55952,41.45744],[-88.56609,41.45738],[-88.57844,41.45726],[-88.57848,41.45725],[-88.57858,41.45725],[-88.59566,41.45707],[-88.59602,41.45706],[-88.59621,41.46635],[-88.59632,41.47141],[-88.59632,41.47147],[-88.59632,41.47155],[-88.59674,41.48434],[-88.59659,41.48437],[-88.59651,41.48439],[-88.52146,41.49755],[-88.52156,41.50099],[-88.52165,41.50825],[-88.52165,41.50831],[-88.52174,41.51558],[-88.52189,41.52284],[-88.52189,41.52288],[-88.52202,41.52891],[-88.52355,41.52889],[-88.52356,41.52986],[-88.52488,41.52985],[-88.52563,41.52984],[-88.52567,41.53217],[-88.52495,41.53217],[-88.52243,41.53216],[-88.5226,41.53791],[-88.52228,41.53791],[-88.52249,41.54472],[-88.52245,41.54472],[-88.5223,41.54472],[-88.50304,41.54483],[-88.48401,41.54495],[-88.48369,41.53037],[-88.4834,41.51583],[-88.48332,41.50151],[-88.48331,41.50096],[-88.4823,41.48702],[-88.48196,41.47235],[-88.48164,41.45777]]]},"properties":{"OBJECTID":238,"Join_Count":1,"TARGET_FID":238,"JOIN_FID":2599,"ASSET_NAME":"490","Feeder":"J245","Feeder_N":"F3053","PV_HC_kW":0,"EV_HC_kW":2460,"BESS_HC":0,"ORIG_FID":5283,"Feeder_Q":7305.08,"SS_N":"S0575","Queue_RD":"03/06/2026","Shape__Length_1":null,"Shape__Area":0.005905220980366721,"Shape__Length":0.39819005344839026}},{"type":"Feature","id":239,"geometry":{"type":"Polygon","coordinates":[[[-88.82912,41.97957],[-88.84822,41.9795],[-88.84853,41.9795],[-88.84874,41.9795],[-88.86765,41.97937],[-88.8681,41.97937],[-88.86826,41.97937],[-88.87498,41.9793],[-88.88666,41.97924],[-88.88726,41.97924],[-88.88766,41.97924],[-88.90634,41.97911],[-88.90668,41.97911],[-88.90709,41.97911],[-88.92578,41.97897],[-88.92612,41.97897],[-88.92656,41.97897],[-88.94141,41.97886],[-88.94154,41.97886],[-88.94157,41.97909],[-88.94176,41.99342],[-88.94176,41.99352],[-88.94179,42.00001],[-88.94175,42.00517],[-88.94175,42.0052],[-88.94173,42.00798],[-88.94173,42.00851],[-88.94176,42.01164],[-88.94185,42.02248],[-88.94185,42.02322],[-88.9418,42.0343],[-88.9418,42.03443],[-88.94179,42.03707],[-88.94179,42.03763],[-88.94173,42.05175],[-88.94173,42.05191],[-88.9419,42.06505],[-88.93875,42.06508],[-88.92782,42.06518],[-88.92744,42.06518],[-88.91927,42.06526],[-88.90784,42.06536],[-88.90721,42.06536],[-88.90315,42.0654],[-88.89976,42.06544],[-88.88825,42.06556],[-88.88813,42.06556],[-88.88507,42.0656],[-88.88026,42.06564],[-88.87498,42.06568],[-88.86942,42.0657],[-88.86863,42.0657],[-88.86853,42.0657],[-88.86082,42.06578],[-88.85863,42.0658],[-88.85026,42.06593],[-88.84917,42.06593],[-88.84896,42.06593],[-88.84286,42.06596],[-88.84119,42.06597],[-88.82967,42.06606],[-88.82972,42.05255],[-88.82972,42.05253],[-88.82971,42.05244],[-88.82972,42.05238],[-88.82956,42.03797],[-88.82955,42.03786],[-88.82955,42.03779],[-88.82955,42.03773],[-88.82944,42.02372],[-88.82943,42.02333],[-88.82943,42.02325],[-88.82943,42.02319],[-88.82941,42.00899],[-88.82941,42.0087],[-88.82941,42.00861],[-88.82941,42.00857],[-88.82931,42.00003],[-88.82926,41.99435],[-88.82926,41.99411],[-88.82912,41.97975],[-88.82912,41.97957]]]},"properties":{"OBJECTID":239,"Join_Count":1,"TARGET_FID":239,"JOIN_FID":662,"ASSET_NAME":"340","Feeder":"B865","Feeder_N":"F5458","PV_HC_kW":0,"EV_HC_kW":280,"BESS_HC":0,"ORIG_FID":5285,"Feeder_Q":4898,"SS_N":"S0069","Queue_RD":"03/06/2026","Shape__Length_1":null,"Shape__Area":0.009695276943830322,"Shape__Length":0.39736390379921643}},{"type":"Feature","id":240,"geometry":{"type":"MultiPolygon","coordinates":[[[[-88.2037,41.8108],[-88.20365,41.81037],[-88.20363,41.81017],[-88.20358,41.80985],[-88.20363,41.80987],[-88.20366,41.80987],[-88.20371,41.80989],[-88.20393,41.80993],[-88.2041,41.80996],[-88.2041,41.80996],[-88.20427,41.81],[-88.20458,41.81008],[-88.20458,41.81008],[-88.20511,41.81023],[-88.20545,41.81031],[-88.20579,41.81036],[-88.20608,41.81038],[-88.20752,41.81038],[-88.20788,41.81037],[-88.21059,41.80828],[-88.21061,41.80882],[-88.21058,41.80885],[-88.21058,41.8094],[-88.21058,41.81042],[-88.2108,41.81042],[-88.21107,41.81042],[-88.2114,41.81042],[-88.21162,41.81041],[-88.2122,41.81041],[-88.21276,41.81041],[-88.21331,41.81041],[-88.21387,41.8104],[-88.21416,41.8104],[-88.2148,41.8104],[-88.21481,41.80929],[-88.21482,41.80924],[-88.21503,41.8069],[-88.21506,41.80623],[-88.21514,41.8047],[-88.21894,41.8047],[-88.21894,41.80607],[-88.22024,41.80607],[-88.22024,41.80462],[-88.22311,41.80462],[-88.22311,41.80194],[-88.22547,41.80174],[-88.22981,41.80149],[-88.23006,41.80148],[-88.23027,41.79911],[-88.2305,41.79704],[-88.23076,41.79476],[-88.23158,41.78248],[-88.23171,41.7815],[-88.23096,41.7815],[-88.22831,41.78148],[-88.2251,41.78144],[-88.22503,41.78144],[-88.22502,41.78499],[-88.2205,41.78498],[-88.2205,41.78125],[-88.22271,41.78125],[-88.22275,41.77764],[-88.22096,41.77768],[-88.22096,41.77762],[-88.21726,41.77758],[-88.21364,41.77755],[-88.21002,41.77751],[-88.20806,41.7775],[-88.20806,41.77667],[-88.20575,41.77668],[-88.20564,41.77668],[-88.20565,41.77552],[-88.2058,41.77552],[-88.20581,41.77253],[-88.20584,41.77012],[-88.20585,41.76995],[-88.20588,41.76765],[-88.20589,41.76674],[-88.20591,41.76552],[-88.20592,41.7648],[-88.20593,41.76361],[-88.20594,41.76306],[-88.20591,41.76263],[-88.2059,41.76238],[-88.20595,41.76097],[-88.20593,41.75926],[-88.20602,41.75597],[-88.20601,41.75463],[-88.20603,41.75337],[-88.20609,41.75148],[-88.20608,41.74995],[-88.20607,41.74718],[-88.20611,41.74535],[-88.20613,41.7398],[-88.20228,41.73987],[-88.20219,41.74324],[-88.19628,41.74321],[-88.19623,41.74721],[-88.17456,41.74743],[-88.17448,41.74755],[-88.16865,41.74768],[-88.16865,41.74628],[-88.16729,41.74628],[-88.16728,41.7444],[-88.16725,41.74336],[-88.16728,41.74123],[-88.16729,41.74031],[-88.15788,41.74035],[-88.15743,41.7404],[-88.15711,41.74058],[-88.15334,41.74065],[-88.14786,41.74072],[-88.1479,41.73889],[-88.14797,41.73614],[-88.14805,41.73426],[-88.14808,41.73336],[-88.15045,41.73332],[-88.15056,41.73127],[-88.15063,41.72608],[-88.15328,41.72599],[-88.15328,41.72599],[-88.15444,41.72599],[-88.15444,41.72597],[-88.15445,41.72595],[-88.15445,41.72595],[-88.15579,41.72592],[-88.15579,41.72592],[-88.15578,41.72596],[-88.15578,41.72596],[-88.15611,41.72596],[-88.16313,41.72586],[-88.16339,41.72586],[-88.16337,41.72575],[-88.16337,41.72575],[-88.16724,41.72567],[-88.17237,41.72561],[-88.17237,41.72571],[-88.17388,41.72569],[-88.17671,41.72566],[-88.17733,41.72563],[-88.17733,41.72556],[-88.17733,41.72556],[-88.18664,41.72545],[-88.18695,41.72544],[-88.18693,41.72659],[-88.18693,41.72659],[-88.18659,41.73282],[-88.1963,41.73267],[-88.20609,41.73256],[-88.20628,41.72566],[-88.20698,41.72566],[-88.20698,41.72518],[-88.20791,41.72517],[-88.20817,41.7252],[-88.20847,41.72516],[-88.22546,41.72497],[-88.24493,41.72471],[-88.2614,41.72456],[-88.26179,41.73915],[-88.26202,41.7537],[-88.26228,41.76825],[-88.26228,41.78287],[-88.26264,41.7972],[-88.26264,41.79734],[-88.26264,41.79749],[-88.26279,41.81204],[-88.24364,41.81232],[-88.22437,41.81253],[-88.2241,41.81258],[-88.20495,41.81281],[-88.2047,41.81282],[-88.20414,41.81283],[-88.20413,41.81278],[-88.20412,41.81277],[-88.20397,41.81229],[-88.20391,41.81196],[-88.20386,41.81174],[-88.20376,41.81112],[-88.2037,41.8108]]],[[[-88.15708,41.81304],[-88.15702,41.8129],[-88.15703,41.8126],[-88.157,41.81204],[-88.157,41.80973],[-88.157,41.80924],[-88.157,41.80801],[-88.157,41.80801],[-88.157,41.80801],[-88.15701,41.80672],[-88.15701,41.8067],[-88.15704,41.8067],[-88.15703,41.80643],[-88.15703,41.80626],[-88.15703,41.80603],[-88.15703,41.80603],[-88.15703,41.80591],[-88.15703,41.80591],[-88.15704,41.80557],[-88.15705,41.80405],[-88.15705,41.80306],[-88.15706,41.80199],[-88.15705,41.80129],[-88.15704,41.8012],[-88.15704,41.80118],[-88.15704,41.80108],[-88.15706,41.80077],[-88.15707,41.80068],[-88.1571,41.80049],[-88.15709,41.80016],[-88.15711,41.79921],[-88.1574,41.79921],[-88.15768,41.79922],[-88.1584,41.79922],[-88.15961,41.79922],[-88.16099,41.79921],[-88.16238,41.79921],[-88.1639,41.7992],[-88.16529,41.7992],[-88.16618,41.7992],[-88.16693,41.7992],[-88.16737,41.79919],[-88.16859,41.79919],[-88.16949,41.79919],[-88.16997,41.79919],[-88.17058,41.79918],[-88.17076,41.79918],[-88.17093,41.79916],[-88.1715,41.79946],[-88.17186,41.79965],[-88.17227,41.79986],[-88.17301,41.79986],[-88.1739,41.79986],[-88.17486,41.79986],[-88.17648,41.79986],[-88.17715,41.79986],[-88.17718,41.78548],[-88.17521,41.78217],[-88.17647,41.78175],[-88.17682,41.78235],[-88.17852,41.78296],[-88.17927,41.78276],[-88.18044,41.78428],[-88.18159,41.78373],[-88.18289,41.78545],[-88.18147,41.78615],[-88.18288,41.78835],[-88.18444,41.78795],[-88.18462,41.78835],[-88.18383,41.78859],[-88.18344,41.78945],[-88.18414,41.79083],[-88.18565,41.79034],[-88.18615,41.79137],[-88.18655,41.79212],[-88.18687,41.79281],[-88.18743,41.794],[-88.18771,41.79469],[-88.1878,41.79492],[-88.18796,41.79542],[-88.18814,41.79591],[-88.18833,41.79639],[-88.18836,41.79639],[-88.18867,41.79722],[-88.18862,41.79722],[-88.18899,41.79831],[-88.1891,41.799],[-88.18905,41.79955],[-88.18899,41.8002],[-88.18892,41.80098],[-88.18891,41.80111],[-88.18887,41.80154],[-88.18869,41.80317],[-88.18781,41.8032],[-88.18772,41.80412],[-88.18812,41.80421],[-88.18816,41.80448],[-88.18813,41.80493],[-88.18813,41.80512],[-88.18811,41.80525],[-88.18857,41.80521],[-88.18847,41.80648],[-88.18842,41.80692],[-88.18798,41.80684],[-88.18779,41.80681],[-88.18634,41.81135],[-88.18744,41.81163],[-88.19042,41.81292],[-88.18625,41.81295],[-88.18559,41.81297],[-88.16643,41.81292],[-88.16614,41.81292],[-88.15708,41.81304]]],[[[-88.15145,41.81294],[-88.15173,41.81235],[-88.15361,41.81281],[-88.15361,41.81281],[-88.15413,41.81294],[-88.15464,41.81307],[-88.15136,41.81312],[-88.15138,41.81308],[-88.15145,41.81294],[-88.15145,41.81294]]],[[[-88.14658,41.81318],[-88.14659,41.81272],[-88.14827,41.81316],[-88.14658,41.81318]]]]},"properties":{"OBJECTID":240,"Join_Count":1,"TARGET_FID":240,"JOIN_FID":3100,"ASSET_NAME":"463","Feeder":"L5640","Feeder_N":"F2010","PV_HC_kW":20231.49,"EV_HC_kW":3780,"BESS_HC":3780,"ORIG_FID":5293,"Feeder_Q":0,"SS_N":"S0715","Queue_RD":"03/06/2026","Shape__Length_1":null,"Shape__Area":0.005744051397186922,"Shape__Length":0.651650024063031}},{"type":"Feature","id":241,"geometry":{"type":"Polygon","coordinates":[[[-88.47185,42.41424],[-88.47206,42.40002],[-88.47207,42.39962],[-88.47215,42.38541],[-88.47221,42.37065],[-88.47226,42.35622],[-88.47236,42.34179],[-88.47236,42.32722],[-88.4915,42.32739],[-88.51125,42.32747],[-88.53073,42.32753],[-88.55,42.32758],[-88.55012,42.32758],[-88.55025,42.32758],[-88.56951,42.3277],[-88.56956,42.3277],[-88.56964,42.3277],[-88.56978,42.3277],[-88.58855,42.32768],[-88.58858,42.34203],[-88.58858,42.34213],[-88.58868,42.3565],[-88.58868,42.35662],[-88.58868,42.3567],[-88.58872,42.36542],[-88.58875,42.37105],[-88.58875,42.37109],[-88.58874,42.37112],[-88.58878,42.37497],[-88.58886,42.38551],[-88.58886,42.38565],[-88.58886,42.38576],[-88.58886,42.3858],[-88.58897,42.40012],[-88.58897,42.40021],[-88.58897,42.40041],[-88.58903,42.41478],[-88.58899,42.41478],[-88.58887,42.41478],[-88.56982,42.41465],[-88.56961,42.41465],[-88.56947,42.41465],[-88.56928,42.41465],[-88.56565,42.41466],[-88.55028,42.41467],[-88.55015,42.41467],[-88.5497,42.41466],[-88.53057,42.41461],[-88.53025,42.41461],[-88.51096,42.41449],[-88.49193,42.41438],[-88.47185,42.41424]]]},"properties":{"OBJECTID":241,"Join_Count":1,"TARGET_FID":241,"JOIN_FID":534,"ASSET_NAME":"390","Feeder":"B102","Feeder_N":"F5204","PV_HC_kW":269.51,"EV_HC_kW":90,"BESS_HC":90,"ORIG_FID":5342,"Feeder_Q":0,"SS_N":"S0655","Queue_RD":"03/06/2026","Shape__Length_1":null,"Shape__Area":0.010146056238227175,"Shape__Length":0.4075110604582377}},{"type":"Feature","id":242,"geometry":{"type":"Polygon","coordinates":[[[-87.54565,41.12119],[-87.56315,41.1209],[-87.565,41.1209],[-87.58229,41.12088],[-87.58442,41.12088],[-87.60175,41.1208],[-87.60375,41.12077],[-87.62103,41.12064],[-87.62302,41.12062],[-87.64011,41.12054],[-87.64235,41.12052],[-87.65724,41.12036],[-87.6616,41.12033],[-87.66208,41.13497],[-87.6624,41.1496],[-87.66302,41.1641],[-87.66312,41.17878],[-87.66322,41.19331],[-87.66355,41.20792],[-87.64387,41.20818],[-87.62498,41.20816],[-87.60564,41.20832],[-87.58641,41.20848],[-87.56702,41.20863],[-87.5475,41.20876],[-87.54697,41.1942],[-87.54681,41.17963],[-87.5465,41.16513],[-87.54627,41.15047],[-87.54593,41.13581],[-87.54565,41.12119]]]},"properties":{"OBJECTID":242,"Join_Count":1,"TARGET_FID":242,"JOIN_FID":2816,"ASSET_NAME":"598","Feeder":"K188","Feeder_N":"F1516","PV_HC_kW":741.83,"EV_HC_kW":3180,"BESS_HC":741.83,"ORIG_FID":5348,"Feeder_Q":0,"SS_N":"S0725","Queue_RD":"03/06/2026","Shape__Length_1":null,"Shape__Area":0.01018463413356585,"Shape__Length":0.4072278760368895}},{"type":"Feature","id":243,"geometry":{"type":"Polygon","coordinates":[[[-87.79888,41.73351],[-87.81831,41.73315],[-87.83781,41.73282],[-87.83804,41.73281],[-87.85704,41.7323],[-87.87636,41.73177],[-87.87662,41.73177],[-87.89533,41.7314],[-87.9148,41.73098],[-87.9153,41.74564],[-87.91596,41.76015],[-87.91653,41.77474],[-87.91694,41.78936],[-87.91757,41.80396],[-87.91822,41.81851],[-87.90025,41.81889],[-87.89917,41.81891],[-87.88063,41.81937],[-87.87965,41.8194],[-87.86082,41.81995],[-87.85969,41.81998],[-87.84128,41.8204],[-87.84026,41.82042],[-87.82181,41.82076],[-87.82095,41.82077],[-87.80251,41.82119],[-87.80201,41.80639],[-87.80165,41.79188],[-87.80091,41.77726],[-87.8002,41.7627],[-87.7996,41.74805],[-87.79888,41.73351]]]},"properties":{"OBJECTID":243,"Join_Count":1,"TARGET_FID":243,"JOIN_FID":2924,"ASSET_NAME":"466","Feeder":"L11535","Feeder_N":"F1702","PV_HC_kW":13866.66,"EV_HC_kW":5410,"BESS_HC":5410,"ORIG_FID":5431,"Feeder_Q":0,"SS_N":"S0649","Queue_RD":"03/06/2026","Shape__Length_1":null,"Shape__Area":0.010137233052091688,"Shape__Length":0.4070538222371552}},{"type":"Feature","id":244,"geometry":{"type":"Polygon","coordinates":[[[-87.52625,41.0395],[-87.54293,41.03921],[-87.54337,41.05377],[-87.54369,41.06835],[-87.54385,41.08301],[-87.54376,41.09712],[-87.5438,41.11221],[-87.54385,41.1212],[-87.52669,41.12138],[-87.52656,41.1123],[-87.5265,41.09778],[-87.52648,41.09562],[-87.52643,41.09118],[-87.52643,41.09118],[-87.52643,41.09118],[-87.52642,41.09046],[-87.52639,41.08709],[-87.52634,41.08313],[-87.52637,41.07591],[-87.5264,41.0697],[-87.5264,41.0697],[-87.52641,41.06869],[-87.52641,41.06154],[-87.52641,41.05769],[-87.52641,41.05439],[-87.52638,41.05215],[-87.52638,41.05215],[-87.52637,41.05148],[-87.52637,41.05148],[-87.52633,41.04694],[-87.52625,41.0395]]]},"properties":{"OBJECTID":244,"Join_Count":0,"TARGET_FID":244,"JOIN_FID":-1,"ASSET_NAME":"630","Feeder":null,"Feeder_N":null,"PV_HC_kW":null,"EV_HC_kW":null,"BESS_HC":0,"ORIG_FID":5453,"Feeder_Q":null,"SS_N":null,"Queue_RD":null,"Shape__Length_1":null,"Shape__Area":0.0014091224402363878,"Shape__Length":0.19774172496397763}},{"type":"Feature","id":245,"geometry":{"type":"Polygon","coordinates":[[[-87.78436,41.2957],[-87.80077,41.29548],[-87.80373,41.29544],[-87.82024,41.29524],[-87.82331,41.29522],[-87.83947,41.29507],[-87.8423,41.29506],[-87.85893,41.29483],[-87.86167,41.29482],[-87.87835,41.29463],[-87.88086,41.29455],[-87.89757,41.2943],[-87.90021,41.29426],[-87.90058,41.30886],[-87.90099,41.32355],[-87.90132,41.33804],[-87.90161,41.35238],[-87.90191,41.36694],[-87.90249,41.38151],[-87.88288,41.38179],[-87.86342,41.38209],[-87.84414,41.38225],[-87.82487,41.38246],[-87.80534,41.38285],[-87.78601,41.38309],[-87.78561,41.36843],[-87.78539,41.35383],[-87.78522,41.33939],[-87.78522,41.33926],[-87.78494,41.32478],[-87.78463,41.31019],[-87.78436,41.2957]]]},"properties":{"OBJECTID":245,"Join_Count":1,"TARGET_FID":245,"JOIN_FID":2066,"ASSET_NAME":"536","Feeder":"F175","Feeder_N":"F5644","PV_HC_kW":0,"EV_HC_kW":530,"BESS_HC":0,"ORIG_FID":5454,"Feeder_Q":8025.23,"SS_N":"S0659","Queue_RD":"03/06/2026","Shape__Length_1":null,"Shape__Area":0.010138534466250348,"Shape__Length":0.4070403287858997}},{"type":"Feature","id":246,"geometry":{"type":"Polygon","coordinates":[[[-87.88813,42.06591],[-87.88443,42.06591],[-87.8686,42.06582],[-87.86456,42.0658],[-87.84904,42.06576],[-87.84487,42.06574],[-87.82989,42.06566],[-87.82532,42.06563],[-87.81039,42.06558],[-87.80583,42.06554],[-87.80607,42.05516],[-87.80617,42.04078],[-87.80639,42.02625],[-87.80663,42.01168],[-87.80667,41.99696],[-87.82665,41.99662],[-87.84567,41.9962],[-87.84653,41.99618],[-87.86529,41.99564],[-87.86663,41.99561],[-87.88459,41.99512],[-87.88558,41.99509],[-87.90382,41.99448],[-87.90528,41.99442],[-87.92046,41.99397],[-87.92064,42.00864],[-87.92073,42.02312],[-87.92093,42.03751],[-87.92111,42.05182],[-87.92111,42.05196],[-87.92133,42.06612],[-87.90765,42.06604],[-87.90394,42.06601],[-87.88813,42.06591]]]},"properties":{"OBJECTID":246,"Join_Count":1,"TARGET_FID":246,"JOIN_FID":3069,"ASSET_NAME":"436","Feeder":"L4653","Feeder_N":"F1944","PV_HC_kW":17310,"EV_HC_kW":12580,"BESS_HC":12580,"ORIG_FID":5601,"Feeder_Q":0,"SS_N":"S0707","Queue_RD":"03/06/2026","Shape__Length_1":null,"Shape__Area":0.008039500143468103,"Shape__Length":0.3700801760913535}},{"type":"Feature","id":247,"geometry":{"type":"Polygon","coordinates":[[[-89.39382,42.11574],[-89.4128,42.11539],[-89.43208,42.115],[-89.45174,42.11476],[-89.47115,42.11475],[-89.47153,42.11475],[-89.49088,42.11445],[-89.49124,42.11445],[-89.51057,42.11391],[-89.51088,42.12868],[-89.5113,42.14292],[-89.51138,42.14292],[-89.51128,42.15759],[-89.51156,42.17205],[-89.51184,42.18642],[-89.51215,42.20096],[-89.49283,42.20125],[-89.4732,42.20112],[-89.45369,42.20162],[-89.43448,42.20186],[-89.41501,42.20207],[-89.39592,42.20219],[-89.39606,42.18825],[-89.39551,42.17365],[-89.39531,42.15937],[-89.39529,42.15898],[-89.39469,42.14505],[-89.39462,42.14505],[-89.39439,42.13045],[-89.39382,42.11574]]]},"properties":{"OBJECTID":247,"Join_Count":1,"TARGET_FID":247,"JOIN_FID":604,"ASSET_NAME":"271","Feeder":"B375","Feeder_N":"F5344","PV_HC_kW":0,"EV_HC_kW":790,"BESS_HC":0,"ORIG_FID":5613,"Feeder_Q":56.95,"SS_N":"S0656","Queue_RD":"03/06/2026","Shape__Length_1":null,"Shape__Area":0.01008472348144096,"Shape__Length":0.40672098492056363}},{"type":"Feature","id":248,"geometry":{"type":"Polygon","coordinates":[[[-88.60232,41.80653],[-88.6025,41.80652],[-88.6218,41.80634],[-88.62194,41.80633],[-88.62484,41.80631],[-88.64088,41.80621],[-88.64107,41.80621],[-88.66039,41.80604],[-88.66046,41.80605],[-88.67956,41.80584],[-88.67992,41.80584],[-88.69892,41.80578],[-88.6993,41.80578],[-88.71482,41.80568],[-88.71495,41.80568],[-88.71495,41.80605],[-88.7149,41.82019],[-88.7149,41.82029],[-88.71487,41.82041],[-88.7149,41.82079],[-88.71482,41.83476],[-88.71481,41.83498],[-88.71481,41.83519],[-88.7148,41.83805],[-88.71474,41.8494],[-88.71474,41.84976],[-88.71474,41.86378],[-88.71474,41.86401],[-88.71473,41.87499],[-88.71474,41.87823],[-88.71474,41.87832],[-88.71474,41.87845],[-88.71474,41.87854],[-88.71466,41.88671],[-88.71461,41.89278],[-88.69874,41.89286],[-88.69861,41.89286],[-88.69844,41.89286],[-88.67938,41.89302],[-88.67926,41.89302],[-88.67909,41.89302],[-88.65982,41.89327],[-88.65961,41.89328],[-88.65942,41.89328],[-88.6402,41.89344],[-88.64005,41.89344],[-88.62501,41.8936],[-88.6209,41.89365],[-88.62065,41.89366],[-88.60143,41.89393],[-88.60135,41.89393],[-88.60145,41.87981],[-88.60145,41.87948],[-88.60145,41.87933],[-88.60156,41.87504],[-88.60166,41.8649],[-88.60166,41.86481],[-88.60169,41.86463],[-88.6018,41.85046],[-88.60181,41.85022],[-88.60181,41.85005],[-88.602,41.83607],[-88.602,41.83574],[-88.60201,41.83569],[-88.60201,41.83551],[-88.602,41.82162],[-88.602,41.82112],[-88.602,41.82109],[-88.60208,41.82109],[-88.60223,41.82109],[-88.60231,41.80691],[-88.60232,41.80653]]]},"properties":{"OBJECTID":248,"Join_Count":1,"TARGET_FID":248,"JOIN_FID":664,"ASSET_NAME":"368","Feeder":"B905","Feeder_N":"F5462","PV_HC_kW":0,"EV_HC_kW":100,"BESS_HC":0,"ORIG_FID":5617,"Feeder_Q":0,"SS_N":"S0071","Queue_RD":"03/06/2026","Shape__Length_1":null,"Shape__Area":0.009852315323541916,"Shape__Length":0.40063533149964325}},{"type":"Feature","id":249,"geometry":{"type":"Polygon","coordinates":[[[-89.05756,42.23791],[-89.077,42.23789],[-89.09588,42.23771],[-89.09621,42.23771],[-89.11587,42.23756],[-89.11594,42.23756],[-89.11604,42.23756],[-89.12495,42.23749],[-89.1273,42.23748],[-89.13526,42.23745],[-89.13553,42.23745],[-89.13562,42.23745],[-89.1357,42.23745],[-89.14075,42.2374],[-89.1544,42.23728],[-89.15479,42.23727],[-89.15491,42.23727],[-89.15507,42.23727],[-89.17272,42.23702],[-89.17306,42.23702],[-89.1732,42.24743],[-89.17321,42.24783],[-89.17339,42.25169],[-89.17368,42.26259],[-89.17363,42.26372],[-89.17368,42.26627],[-89.17339,42.27705],[-89.173,42.27705],[-89.17307,42.28085],[-89.17328,42.28085],[-89.17334,42.29158],[-89.17325,42.29158],[-89.17332,42.2953],[-89.17336,42.2953],[-89.17345,42.30149],[-89.17354,42.30631],[-89.17352,42.30794],[-89.17351,42.30982],[-89.17361,42.32061],[-89.17343,42.32061],[-89.17351,42.32433],[-89.15539,42.3245],[-89.15514,42.32449],[-89.13577,42.32468],[-89.11614,42.32474],[-89.09678,42.32497],[-89.07717,42.32501],[-89.05782,42.32534],[-89.05772,42.31084],[-89.05763,42.29638],[-89.05753,42.28177],[-89.05746,42.26736],[-89.05713,42.25291],[-89.05756,42.23791]]]},"properties":{"OBJECTID":249,"Join_Count":1,"TARGET_FID":249,"JOIN_FID":3416,"ASSET_NAME":"311","Feeder":"R6383","Feeder_N":"F2660","PV_HC_kW":1031.64,"EV_HC_kW":1210,"BESS_HC":1031.64,"ORIG_FID":5656,"Feeder_Q":0,"SS_N":"S0680","Queue_RD":"03/06/2026","Shape__Length_1":null,"Shape__Area":0.010109409766755562,"Shape__Length":0.40687514008309833}},{"type":"Feature","id":250,"geometry":{"type":"Polygon","coordinates":[[[-88.4794,41.37059],[-88.49866,41.37046],[-88.49881,41.37046],[-88.51797,41.37038],[-88.51822,41.37037],[-88.53729,41.37029],[-88.53776,41.37028],[-88.55675,41.37004],[-88.57612,41.36981],[-88.57619,41.36981],[-88.59351,41.36961],[-88.59351,41.3698],[-88.59373,41.37499],[-88.59401,41.38392],[-88.59401,41.384],[-88.59402,41.38421],[-88.59402,41.38447],[-88.59406,41.38535],[-88.59452,41.39855],[-88.59454,41.39884],[-88.59455,41.39905],[-88.59497,41.41309],[-88.59497,41.41323],[-88.59498,41.41335],[-88.59498,41.41338],[-88.59534,41.42765],[-88.59534,41.42779],[-88.59535,41.42784],[-88.5957,41.44229],[-88.5957,41.44235],[-88.59601,41.457],[-88.59602,41.45706],[-88.59566,41.45707],[-88.57858,41.45725],[-88.57848,41.45725],[-88.57844,41.45726],[-88.56609,41.45738],[-88.55952,41.45744],[-88.55917,41.45745],[-88.55896,41.45745],[-88.55878,41.45746],[-88.55508,41.45747],[-88.53989,41.45755],[-88.53978,41.45755],[-88.5396,41.45755],[-88.5205,41.45766],[-88.50192,41.45772],[-88.50129,41.45772],[-88.50109,41.45772],[-88.50001,41.4577],[-88.48164,41.45777],[-88.48119,41.4435],[-88.48119,41.44323],[-88.4809,41.42903],[-88.48089,41.42875],[-88.48043,41.41438],[-88.48043,41.41418],[-88.48006,41.39986],[-88.48005,41.39969],[-88.47973,41.38537],[-88.47973,41.38516],[-88.4794,41.37059]]]},"properties":{"OBJECTID":250,"Join_Count":1,"TARGET_FID":250,"JOIN_FID":2599,"ASSET_NAME":"500","Feeder":"J245","Feeder_N":"F3053","PV_HC_kW":0,"EV_HC_kW":2460,"BESS_HC":0,"ORIG_FID":5695,"Feeder_Q":7305.08,"SS_N":"S0575","Queue_RD":"03/06/2026","Shape__Length_1":null,"Shape__Area":0.009994798819207062,"Shape__Length":0.40320285206368905}},{"type":"Feature","id":251,"geometry":{"type":"Polygon","coordinates":[[[-89.74795,41.67112],[-89.74795,41.6709],[-89.7478,41.65666],[-89.7478,41.65659],[-89.7478,41.65646],[-89.74766,41.64228],[-89.74766,41.64224],[-89.74766,41.64218],[-89.74749,41.62783],[-89.74748,41.62779],[-89.74748,41.62502],[-89.74747,41.62382],[-89.74731,41.6137],[-89.7473,41.61346],[-89.74728,41.61326],[-89.74728,41.61322],[-89.74712,41.59895],[-89.74712,41.59887],[-89.74712,41.5988],[-89.74702,41.58491],[-89.74702,41.58472],[-89.74702,41.58442],[-89.74707,41.58437],[-89.75008,41.58438],[-89.76366,41.58434],[-89.76427,41.58434],[-89.76622,41.58433],[-89.78304,41.58422],[-89.78364,41.58421],[-89.78542,41.58421],[-89.80238,41.58414],[-89.80244,41.58414],[-89.80281,41.58414],[-89.8047,41.58414],[-89.82144,41.58407],[-89.82184,41.58407],[-89.82394,41.58406],[-89.84097,41.58399],[-89.84112,41.58399],[-89.84315,41.58398],[-89.86238,41.58397],[-89.86238,41.5842],[-89.86232,41.59838],[-89.86232,41.59852],[-89.86232,41.59862],[-89.86227,41.61289],[-89.86231,41.61312],[-89.86231,41.6132],[-89.86229,41.62498],[-89.86227,41.62735],[-89.86226,41.62748],[-89.86227,41.62764],[-89.86227,41.62782],[-89.86234,41.64196],[-89.86234,41.64208],[-89.86234,41.6422],[-89.86234,41.64228],[-89.86239,41.65651],[-89.86238,41.65663],[-89.86238,41.65668],[-89.86238,41.65681],[-89.8624,41.67131],[-89.84487,41.67122],[-89.84462,41.67121],[-89.84441,41.67121],[-89.84435,41.67122],[-89.82551,41.67116],[-89.82494,41.67116],[-89.82489,41.67116],[-89.80621,41.67112],[-89.80584,41.67113],[-89.80561,41.67113],[-89.78677,41.67115],[-89.78625,41.67115],[-89.76748,41.67108],[-89.76723,41.67108],[-89.76714,41.67108],[-89.767,41.67108],[-89.75834,41.67108],[-89.75001,41.67108],[-89.74795,41.67112]]]},"properties":{"OBJECTID":251,"Join_Count":1,"TARGET_FID":251,"JOIN_FID":2470,"ASSET_NAME":"235","Feeder":"H365","Feeder_N":"F3303","PV_HC_kW":0.48,"EV_HC_kW":720,"BESS_HC":0.48,"ORIG_FID":5698,"Feeder_Q":0,"SS_N":"S0657","Queue_RD":"03/06/2026","Shape__Length_1":null,"Shape__Area":0.009993153572850133,"Shape__Length":0.40389035197872175}},{"type":"Feature","id":252,"geometry":{"type":"Polygon","coordinates":[[[-89.2755,42.02968],[-89.27788,42.02964],[-89.29524,42.02939],[-89.29728,42.02936],[-89.31451,42.02919],[-89.31611,42.02916],[-89.33324,42.02885],[-89.33325,42.02897],[-89.33536,42.02894],[-89.33537,42.02882],[-89.35336,42.02866],[-89.35452,42.02862],[-89.37266,42.02824],[-89.37442,42.02821],[-89.39223,42.02788],[-89.39272,42.04256],[-89.39297,42.05702],[-89.39312,42.07168],[-89.39312,42.08648],[-89.39386,42.10112],[-89.39382,42.11574],[-89.37504,42.11575],[-89.3554,42.11599],[-89.33587,42.11612],[-89.3167,42.11631],[-89.31642,42.11629],[-89.29742,42.11655],[-89.29712,42.11654],[-89.278,42.11667],[-89.27766,42.10219],[-89.27731,42.08785],[-89.27645,42.07307],[-89.27644,42.05852],[-89.27611,42.04411],[-89.2755,42.02968]]]},"properties":{"OBJECTID":252,"Join_Count":1,"TARGET_FID":252,"JOIN_FID":626,"ASSET_NAME":"286","Feeder":"B531","Feeder_N":"F5386","PV_HC_kW":281.24,"EV_HC_kW":1110,"BESS_HC":281.24,"ORIG_FID":5704,"Feeder_Q":0,"SS_N":"S0656","Queue_RD":"03/06/2026","Shape__Length_1":null,"Shape__Area":0.010160469316588205,"Shape__Length":0.4077294779006502}},{"type":"Feature","id":253,"geometry":{"type":"Polygon","coordinates":[[[-89.51494,41.84459],[-89.53409,41.84448],[-89.55356,41.84404],[-89.57282,41.84405],[-89.59215,41.84397],[-89.61155,41.84388],[-89.62942,41.84382],[-89.62915,41.85841],[-89.62893,41.87295],[-89.62843,41.88718],[-89.62839,41.90155],[-89.62827,41.9162],[-89.6282,41.9162],[-89.62842,41.93052],[-89.6094,41.93042],[-89.59016,41.93049],[-89.57047,41.93058],[-89.55101,41.93076],[-89.5317,41.93071],[-89.51254,41.93085],[-89.51318,41.91637],[-89.51342,41.90233],[-89.51367,41.88789],[-89.51408,41.8735],[-89.5146,41.85915],[-89.51494,41.84459]]]},"properties":{"OBJECTID":253,"Join_Count":1,"TARGET_FID":253,"JOIN_FID":2913,"ASSET_NAME":"260","Feeder":"L10764","Feeder_N":"F1680","PV_HC_kW":5270.5,"EV_HC_kW":6130,"BESS_HC":5270.5,"ORIG_FID":5711,"Feeder_Q":0,"SS_N":"S0643","Queue_RD":"03/06/2026","Shape__Length_1":null,"Shape__Area":0.009937153532291632,"Shape__Length":0.40345196718234944}},{"type":"Feature","id":254,"geometry":{"type":"Polygon","coordinates":[[[-87.52502,41.64485],[-87.53956,41.64479],[-87.53997,41.64479],[-87.55928,41.6448],[-87.5593,41.65933],[-87.55922,41.67366],[-87.55955,41.68832],[-87.55968,41.70265],[-87.55985,41.71403],[-87.56539,41.7096],[-87.56565,41.72245],[-87.56612,41.73709],[-87.54648,41.73729],[-87.52928,41.7373],[-87.5292,41.73668],[-87.5292,41.73668],[-87.52921,41.73641],[-87.52888,41.73367],[-87.52888,41.73367],[-87.52891,41.73361],[-87.53171,41.73242],[-87.53378,41.73153],[-87.53575,41.73069],[-87.53678,41.73023],[-87.5371,41.73035],[-87.53712,41.7304],[-87.53747,41.73121],[-87.53811,41.73258],[-87.53849,41.7335],[-87.53875,41.73341],[-87.53879,41.73272],[-87.53806,41.73106],[-87.53831,41.7306],[-87.53795,41.72982],[-87.53874,41.72941],[-87.53958,41.72895],[-87.54028,41.72917],[-87.54063,41.72917],[-87.54082,41.729],[-87.5406,41.72871],[-87.54115,41.72824],[-87.54158,41.72789],[-87.54186,41.72742],[-87.54205,41.72726],[-87.54131,41.72705],[-87.54034,41.72757],[-87.53932,41.72832],[-87.53884,41.72832],[-87.52976,41.73201],[-87.52861,41.7302],[-87.52509,41.72414],[-87.52486,41.72364],[-87.52474,41.72253],[-87.52477,41.72158],[-87.52484,41.72125],[-87.5249,41.72123],[-87.52505,41.72119],[-87.52526,41.72103],[-87.52532,41.721],[-87.52573,41.72058],[-87.52596,41.72015],[-87.52588,41.71959],[-87.52561,41.71904],[-87.52534,41.71862],[-87.525,41.71835],[-87.5248,41.71812],[-87.52483,41.71747],[-87.52483,41.71736],[-87.52548,41.71735],[-87.52667,41.71699],[-87.52679,41.71694],[-87.52691,41.7169],[-87.52726,41.71675],[-87.52726,41.71675],[-87.52758,41.71662],[-87.52758,41.71661],[-87.52759,41.71661],[-87.52799,41.71633],[-87.52811,41.71625],[-87.52812,41.71624],[-87.52813,41.71622],[-87.52825,41.71604],[-87.52834,41.7159],[-87.52834,41.71589],[-87.52853,41.71508],[-87.52827,41.71442],[-87.52824,41.71433],[-87.52816,41.71426],[-87.5276,41.71378],[-87.52736,41.71336],[-87.52686,41.71291],[-87.52634,41.71241],[-87.52617,41.71254],[-87.52615,41.71253],[-87.52644,41.7123],[-87.52662,41.71216],[-87.52794,41.71115],[-87.52797,41.71102],[-87.52788,41.71095],[-87.52793,41.71091],[-87.52709,41.71027],[-87.52633,41.70972],[-87.52589,41.70978],[-87.52577,41.70972],[-87.52576,41.70969],[-87.52583,41.70944],[-87.52563,41.7093],[-87.5254,41.70925],[-87.52528,41.70902],[-87.52482,41.70876],[-87.5246,41.70864],[-87.5245,41.70542],[-87.52449,41.70514],[-87.52449,41.70514],[-87.52445,41.70413],[-87.52448,41.70412],[-87.52446,41.70345],[-87.52443,41.70345],[-87.52441,41.70285],[-87.52442,41.70226],[-87.52447,41.70226],[-87.5245,41.70176],[-87.5245,41.70176],[-87.5245,41.70176],[-87.5245,41.70176],[-87.52454,41.7008],[-87.52455,41.70054],[-87.52461,41.69938],[-87.52461,41.69938],[-87.52463,41.69894],[-87.52463,41.69749],[-87.52463,41.69722],[-87.52463,41.69722],[-87.52469,41.69536],[-87.52472,41.69355],[-87.5247,41.69275],[-87.5247,41.69233],[-87.52466,41.69233],[-87.52466,41.69224],[-87.5247,41.69224],[-87.5247,41.69208],[-87.5247,41.69208],[-87.5247,41.6917],[-87.52484,41.68186],[-87.52484,41.68186],[-87.52485,41.68073],[-87.52511,41.68071],[-87.5252,41.67883],[-87.52499,41.67714],[-87.52499,41.67632],[-87.52494,41.6751],[-87.52491,41.67394],[-87.52502,41.67128],[-87.52511,41.66404],[-87.52514,41.66093],[-87.52492,41.66093],[-87.52494,41.66043],[-87.52495,41.65723],[-87.52496,41.65666],[-87.52495,41.65621],[-87.52495,41.6562],[-87.52495,41.6562],[-87.52495,41.6562],[-87.52495,41.6562],[-87.52495,41.6562],[-87.52495,41.65556],[-87.52502,41.64485]]]},"properties":{"OBJECTID":254,"Join_Count":1,"TARGET_FID":254,"JOIN_FID":5462,"ASSET_NAME":"479","Feeder":"Z5598","Feeder_N":"F0347","PV_HC_kW":1095,"EV_HC_kW":2770,"BESS_HC":1095,"ORIG_FID":5792,"Feeder_Q":0,"SS_N":"S0714","Queue_RD":"03/06/2026","Shape__Length_1":null,"Shape__Area":0.0032744061413723102,"Shape__Length":0.3111093454306994}},{"type":"Feature","id":255,"geometry":{"type":"Polygon","coordinates":[[[-89.75065,42.50533],[-89.75061,42.50413],[-89.75058,42.50296],[-89.75056,42.50221],[-89.75043,42.49452],[-89.75031,42.48788],[-89.75031,42.48784],[-89.75031,42.48775],[-89.75031,42.48763],[-89.75022,42.47329],[-89.75022,42.47324],[-89.75021,42.47319],[-89.75021,42.47303],[-89.75003,42.45907],[-89.75003,42.45872],[-89.76944,42.45883],[-89.76965,42.45884],[-89.76973,42.45884],[-89.78918,42.45907],[-89.78928,42.45908],[-89.80898,42.45923],[-89.80912,42.45923],[-89.82855,42.45937],[-89.82864,42.45937],[-89.84823,42.45945],[-89.84828,42.45945],[-89.8619,42.45953],[-89.8662,42.45956],[-89.86645,42.47332],[-89.86645,42.4734],[-89.86646,42.4735],[-89.86646,42.47387],[-89.86668,42.48842],[-89.86668,42.48856],[-89.8667,42.48865],[-89.86669,42.48882],[-89.8671,42.50281],[-89.8671,42.50289],[-89.8671,42.50292],[-89.86711,42.50321],[-89.86712,42.50462],[-89.86713,42.50556],[-89.86713,42.5056],[-89.86707,42.5056],[-89.8622,42.5056],[-89.84915,42.50561],[-89.8489,42.50561],[-89.82924,42.50557],[-89.82884,42.50557],[-89.80922,42.50546],[-89.80861,42.50546],[-89.78917,42.50534],[-89.789,42.50534],[-89.77545,42.50532],[-89.76987,42.50532],[-89.75065,42.50533]]]},"properties":{"OBJECTID":255,"Join_Count":1,"TARGET_FID":255,"JOIN_FID":614,"ASSET_NAME":"225","Feeder":"B457","Feeder_N":"F5364","PV_HC_kW":0,"EV_HC_kW":540,"BESS_HC":0,"ORIG_FID":5794,"Feeder_Q":2375,"SS_N":"S0688","Queue_RD":"03/06/2026","Shape__Length_1":null,"Shape__Area":0.005383944190270995,"Shape__Length":0.3253210249284914}},{"type":"Feature","id":256,"geometry":{"type":"Polygon","coordinates":[[[-87.75887,42.15236],[-87.76995,42.15238],[-87.76952,42.16677],[-87.76963,42.16799],[-87.76882,42.16713],[-87.76853,42.1666],[-87.76852,42.1666],[-87.76829,42.16601],[-87.76773,42.16516],[-87.76704,42.16428],[-87.76678,42.16405],[-87.76676,42.16378],[-87.76641,42.16336],[-87.76521,42.16163],[-87.76511,42.16144],[-87.76486,42.161],[-87.76476,42.16082],[-87.76407,42.15949],[-87.76301,42.15838],[-87.76204,42.15699],[-87.76175,42.15654],[-87.76152,42.15606],[-87.7615,42.15587],[-87.7615,42.15585],[-87.76118,42.15535],[-87.76027,42.15426],[-87.75988,42.15359],[-87.75904,42.15259],[-87.75887,42.15236]]]},"properties":{"OBJECTID":256,"Join_Count":1,"TARGET_FID":256,"JOIN_FID":891,"ASSET_NAME":"417","Feeder":"C348","Feeder_N":"F5015","PV_HC_kW":703.3,"EV_HC_kW":1060,"BESS_HC":703.3,"ORIG_FID":5795,"Feeder_Q":0,"SS_N":"S0709","Queue_RD":"03/06/2026","Shape__Length_1":null,"Shape__Area":8.475239837935078e-05,"Shape__Length":0.04583811793964108}},{"type":"Feature","id":257,"geometry":{"type":"Polygon","coordinates":[[[-88.82199,42.32787],[-88.82203,42.32787],[-88.84142,42.3277],[-88.84148,42.3277],[-88.84157,42.32772],[-88.84173,42.3277],[-88.86082,42.32743],[-88.86112,42.32743],[-88.86135,42.32742],[-88.86161,42.32742],[-88.875,42.32732],[-88.88012,42.32727],[-88.88038,42.32727],[-88.8807,42.32727],[-88.88076,42.32726],[-88.89977,42.32704],[-88.90028,42.32703],[-88.91941,42.3268],[-88.91967,42.3268],[-88.91997,42.32679],[-88.92015,42.32679],[-88.94012,42.32665],[-88.94012,42.32679],[-88.9402,42.34114],[-88.9402,42.34123],[-88.9402,42.3414],[-88.94011,42.35572],[-88.94012,42.35592],[-88.94019,42.36044],[-88.94034,42.3702],[-88.94039,42.37501],[-88.94051,42.38475],[-88.94067,42.39727],[-88.94069,42.39919],[-88.94069,42.39922],[-88.94071,42.41383],[-88.92054,42.414],[-88.92027,42.41401],[-88.91992,42.41401],[-88.91959,42.41401],[-88.90072,42.41424],[-88.9005,42.41424],[-88.90014,42.41425],[-88.90005,42.41425],[-88.88108,42.41449],[-88.88097,42.41449],[-88.88039,42.4145],[-88.87496,42.41456],[-88.86125,42.41469],[-88.86118,42.41469],[-88.86098,42.41469],[-88.86086,42.4147],[-88.84473,42.41485],[-88.84143,42.41488],[-88.84136,42.41488],[-88.84127,42.41489],[-88.84122,42.41489],[-88.82166,42.41504],[-88.82152,42.41504],[-88.82152,42.41487],[-88.82174,42.40475],[-88.82183,42.40062],[-88.82183,42.40057],[-88.82183,42.40054],[-88.82183,42.40051],[-88.8219,42.38598],[-88.82191,42.38593],[-88.82201,42.3767],[-88.82203,42.375],[-88.82197,42.37151],[-88.82197,42.37146],[-88.82199,42.35716],[-88.82198,42.35704],[-88.82198,42.35696],[-88.82199,42.35684],[-88.82203,42.34246],[-88.82203,42.34231],[-88.82196,42.32795],[-88.82196,42.3279],[-88.82199,42.32787]]]},"properties":{"OBJECTID":257,"Join_Count":1,"TARGET_FID":257,"JOIN_FID":3504,"ASSET_NAME":"336","Feeder":"R9103","Feeder_N":"F1743","PV_HC_kW":495.44,"EV_HC_kW":1180,"BESS_HC":495.44,"ORIG_FID":5801,"Feeder_Q":0,"SS_N":"S0567","Queue_RD":"03/06/2026","Shape__Length_1":null,"Shape__Area":0.010331533968610529,"Shape__Length":0.41172475978261713}},{"type":"Feature","id":258,"geometry":{"type":"Polygon","coordinates":[[[-89.75003,42.45872],[-89.75007,42.44447],[-89.75007,42.44422],[-89.75007,42.44419],[-89.75007,42.43001],[-89.75007,42.42989],[-89.75007,42.42984],[-89.75002,42.42293],[-89.74995,42.41541],[-89.74995,42.41531],[-89.74986,42.40103],[-89.74986,42.40081],[-89.74979,42.38659],[-89.74979,42.3865],[-89.74979,42.38634],[-89.74972,42.37492],[-89.7497,42.37191],[-89.75,42.37191],[-89.7693,42.37196],[-89.76934,42.37196],[-89.76939,42.37196],[-89.76946,42.37196],[-89.78895,42.37191],[-89.78906,42.37191],[-89.78913,42.37191],[-89.80845,42.37187],[-89.80853,42.37188],[-89.80872,42.37188],[-89.82814,42.37184],[-89.82839,42.37184],[-89.84765,42.3718],[-89.84769,42.3718],[-89.84795,42.3718],[-89.86445,42.37177],[-89.86455,42.37177],[-89.86465,42.37503],[-89.86481,42.38581],[-89.86481,42.38595],[-89.86481,42.38615],[-89.86481,42.3864],[-89.86511,42.40056],[-89.86511,42.4006],[-89.86512,42.40076],[-89.86513,42.40106],[-89.86549,42.41297],[-89.86557,42.4154],[-89.86557,42.41546],[-89.86557,42.41568],[-89.86558,42.41575],[-89.86578,42.42988],[-89.86578,42.42992],[-89.86578,42.42997],[-89.86578,42.43026],[-89.86604,42.44434],[-89.86604,42.4444],[-89.86604,42.44465],[-89.86605,42.44488],[-89.8662,42.45956],[-89.8619,42.45953],[-89.84828,42.45945],[-89.84823,42.45945],[-89.82864,42.45937],[-89.82855,42.45937],[-89.80912,42.45923],[-89.80898,42.45923],[-89.78928,42.45908],[-89.78918,42.45907],[-89.76973,42.45884],[-89.76965,42.45884],[-89.76944,42.45883],[-89.75003,42.45872]]]},"properties":{"OBJECTID":258,"Join_Count":1,"TARGET_FID":258,"JOIN_FID":613,"ASSET_NAME":"226","Feeder":"B456","Feeder_N":"F5362","PV_HC_kW":0,"EV_HC_kW":540,"BESS_HC":0,"ORIG_FID":5803,"Feeder_Q":0,"SS_N":"S0688","Queue_RD":"03/06/2026","Shape__Length_1":null,"Shape__Area":0.01008570887120186,"Shape__Length":0.40565047649296754}},{"type":"Feature","id":259,"geometry":{"type":"MultiPolygon","coordinates":[[[[-89.3932,41.50985],[-89.39342,41.50985],[-89.39338,41.52393],[-89.39338,41.52403],[-89.39303,41.52403],[-89.3932,41.50985]]],[[[-89.27691,41.5851],[-89.27668,41.56915],[-89.27666,41.5678],[-89.27666,41.56775],[-89.27666,41.56749],[-89.27666,41.56584],[-89.27671,41.55346],[-89.27671,41.55335],[-89.27671,41.55328],[-89.2767,41.5532],[-89.27664,41.5516],[-89.31995,41.55135],[-89.32015,41.56093],[-89.32481,41.56094],[-89.33461,41.56094],[-89.34125,41.56097],[-89.34425,41.56098],[-89.35388,41.56102],[-89.35388,41.56109],[-89.36387,41.56078],[-89.37395,41.56047],[-89.37395,41.56052],[-89.37487,41.56053],[-89.37433,41.55325],[-89.37878,41.55321],[-89.39364,41.542],[-89.39387,41.55272],[-89.39388,41.55292],[-89.39388,41.55301],[-89.39388,41.55353],[-89.39395,41.55914],[-89.39404,41.56735],[-89.39405,41.56753],[-89.39405,41.56756],[-89.39406,41.56787],[-89.39453,41.58462],[-89.39452,41.58486],[-89.38156,41.58486],[-89.38146,41.58486],[-89.37488,41.58493],[-89.37439,41.58488],[-89.36233,41.5849],[-89.36212,41.5849],[-89.35409,41.58492],[-89.34316,41.58493],[-89.34302,41.58493],[-89.33463,41.58495],[-89.32397,41.58496],[-89.32375,41.58496],[-89.31893,41.58496],[-89.31525,41.58498],[-89.31486,41.58498],[-89.30859,41.58499],[-89.30473,41.58503],[-89.30229,41.58501],[-89.30006,41.58502],[-89.29581,41.58503],[-89.29089,41.58505],[-89.28558,41.58507],[-89.27691,41.5851]]]]},"properties":{"OBJECTID":259,"Join_Count":1,"TARGET_FID":259,"JOIN_FID":2960,"ASSET_NAME":"292","Feeder":"L12541","Feeder_N":"F1772","PV_HC_kW":0,"EV_HC_kW":11300,"BESS_HC":0,"ORIG_FID":5808,"Feeder_Q":8317.91,"SS_N":"S0657","Queue_RD":"03/06/2026","Shape__Length_1":null,"Shape__Area":0.0034719132393092877,"Shape__Length":0.3610316180993481}},{"type":"Feature","id":260,"geometry":{"type":"Polygon","coordinates":[[[-87.54227,41.01004],[-87.54267,41.02457],[-87.54293,41.03921],[-87.52625,41.0395],[-87.52628,41.03218],[-87.52631,41.02486],[-87.52622,41.01758],[-87.52612,41.01031],[-87.52618,41.00288],[-87.52621,41.00002],[-87.52621,40.99916],[-87.52625,40.99545],[-87.52618,40.99188],[-87.52613,40.98865],[-87.52623,40.98865],[-87.52625,40.98865],[-87.5266,40.98865],[-87.52683,41.00269],[-87.52944,41.00266],[-87.52942,40.9996],[-87.52827,40.99878],[-87.52881,40.99823],[-87.52992,40.98911],[-87.53057,40.98917],[-87.53101,40.98923],[-87.53014,40.99857],[-87.53032,40.99938],[-87.53037,41.00287],[-87.53101,41.0035],[-87.53037,41.00392],[-87.53001,41.0036],[-87.52788,41.00359],[-87.52786,41.00412],[-87.5269,41.00414],[-87.52688,41.00599],[-87.52915,41.00593],[-87.52919,41.0067],[-87.52687,41.00678],[-87.52687,41.0074],[-87.5286,41.00736],[-87.52859,41.00815],[-87.52726,41.00816],[-87.52725,41.00969],[-87.52823,41.00967],[-87.52821,41.00872],[-87.53171,41.00866],[-87.53161,41.00667],[-87.53243,41.00664],[-87.53251,41.00862],[-87.53401,41.00857],[-87.53398,41.00454],[-87.53399,41.00375],[-87.53497,41.00376],[-87.53494,41.00675],[-87.53765,41.00676],[-87.53889,41.00677],[-87.53888,41.00747],[-87.53667,41.00745],[-87.53665,41.00907],[-87.53692,41.00908],[-87.53692,41.00946],[-87.53827,41.00944],[-87.53829,41.01007],[-87.53829,41.01011],[-87.54227,41.01004]]]},"properties":{"OBJECTID":260,"Join_Count":0,"TARGET_FID":260,"JOIN_FID":-1,"ASSET_NAME":"660","Feeder":null,"Feeder_N":null,"PV_HC_kW":null,"EV_HC_kW":null,"BESS_HC":0,"ORIG_FID":5809,"Feeder_Q":null,"SS_N":null,"Queue_RD":null,"Shape__Length_1":null,"Shape__Area":0.0005411593726876163,"Shape__Length":0.19772384081822433}},{"type":"Feature","id":261,"geometry":{"type":"MultiPolygon","coordinates":[[[[-89.95921,41.93108],[-89.97842,41.93108],[-89.96846,41.93108],[-89.96839,41.93108],[-89.95921,41.93108]]],[[[-89.91953,41.9312],[-89.93911,41.93117],[-89.92932,41.93119],[-89.91953,41.9312]]],[[[-89.90514,41.93163],[-89.90515,41.93133],[-89.90032,41.93137],[-89.90992,41.93128],[-89.90992,41.93166],[-89.90991,41.93225],[-89.90511,41.93215],[-89.90514,41.93163]]],[[[-89.89279,41.93263],[-89.89276,41.93144],[-89.89088,41.93146],[-89.89089,41.93154],[-89.89092,41.93205],[-89.88089,41.9322],[-89.88088,41.93146],[-89.88088,41.93131],[-89.90032,41.93137],[-89.89339,41.93144],[-89.89342,41.93263],[-89.89279,41.93263]]]]},"properties":{"OBJECTID":261,"Join_Count":0,"TARGET_FID":261,"JOIN_FID":-1,"ASSET_NAME":"215","Feeder":null,"Feeder_N":null,"PV_HC_kW":null,"EV_HC_kW":null,"BESS_HC":0,"ORIG_FID":5810,"Feeder_Q":null,"SS_N":null,"Queue_RD":null,"Shape__Length_1":null,"Shape__Area":1.3621133120977902e-05,"Shape__Length":0.14138671940166594}},{"type":"Feature","id":262,"geometry":{"type":"MultiPolygon","coordinates":[[[[-88.26258,41.8659],[-88.26258,41.86094],[-88.2626,41.86094],[-88.26259,41.86278],[-88.26258,41.8659]]],[[[-88.33927,41.89771],[-88.33927,41.89768],[-88.33885,41.89769],[-88.33882,41.8968],[-88.34034,41.89677],[-88.34034,41.89676],[-88.34032,41.89036],[-88.34033,41.89036],[-88.34035,41.89036],[-88.34252,41.89034],[-88.34252,41.89034],[-88.3452,41.89031],[-88.34526,41.88485],[-88.34526,41.88444],[-88.34365,41.88444],[-88.34327,41.88444],[-88.34305,41.88305],[-88.34367,41.88304],[-88.34373,41.88304],[-88.34485,41.88302],[-88.34487,41.88315],[-88.34604,41.88313],[-88.34603,41.88296],[-88.346,41.88196],[-88.346,41.88185],[-88.35497,41.88256],[-88.35494,41.88663],[-88.35492,41.8902],[-88.35966,41.89014],[-88.35968,41.88941],[-88.3597,41.88791],[-88.35972,41.88694],[-88.35973,41.88585],[-88.35976,41.88442],[-88.35975,41.88298],[-88.35975,41.88267],[-88.35975,41.87958],[-88.35974,41.87797],[-88.35501,41.87804],[-88.35484,41.86481],[-88.35332,41.8648],[-88.35238,41.86485],[-88.35211,41.86486],[-88.35036,41.86486],[-88.34879,41.86485],[-88.34456,41.86484],[-88.34365,41.86486],[-88.34196,41.86488],[-88.34039,41.8649],[-88.3404,41.8643],[-88.33704,41.86435],[-88.33703,41.86493],[-88.33686,41.86493],[-88.33664,41.86492],[-88.33607,41.86489],[-88.33599,41.86489],[-88.33588,41.86487],[-88.33531,41.86478],[-88.33516,41.86474],[-88.33301,41.86422],[-88.33198,41.86399],[-88.33184,41.86396],[-88.3317,41.86394],[-88.33147,41.86392],[-88.33117,41.86389],[-88.33093,41.86388],[-88.33083,41.86387],[-88.32865,41.86391],[-88.32849,41.86391],[-88.32855,41.86379],[-88.32997,41.86162],[-88.33003,41.86153],[-88.33061,41.86064],[-88.33067,41.86055],[-88.33094,41.85989],[-88.33061,41.85989],[-88.33062,41.85979],[-88.33069,41.85941],[-88.33076,41.85885],[-88.33114,41.85664],[-88.33157,41.8542],[-88.33188,41.85202],[-88.33756,41.85192],[-88.33759,41.85412],[-88.33759,41.85415],[-88.33985,41.85411],[-88.33985,41.85406],[-88.34042,41.85409],[-88.3437,41.85404],[-88.3437,41.85399],[-88.34364,41.84861],[-88.34363,41.84839],[-88.34365,41.84677],[-88.34365,41.8467],[-88.3431,41.84669],[-88.34206,41.84669],[-88.34149,41.84668],[-88.34116,41.84668],[-88.34005,41.84669],[-88.33756,41.8467],[-88.33643,41.8467],[-88.33479,41.84671],[-88.33454,41.84665],[-88.33467,41.84663],[-88.3348,41.84651],[-88.33486,41.8432],[-88.33475,41.84097],[-88.33484,41.84072],[-88.33494,41.84062],[-88.33528,41.84047],[-88.33538,41.84037],[-88.3354,41.84021],[-88.33545,41.83701],[-88.33548,41.83693],[-88.33565,41.83689],[-88.3355,41.83685],[-88.33545,41.83674],[-88.33542,41.83302],[-88.33545,41.83273],[-88.33542,41.83248],[-88.33535,41.83237],[-88.33528,41.8323],[-88.33477,41.83221],[-88.33458,41.83211],[-88.3344,41.8319],[-88.33424,41.83161],[-88.33383,41.83137],[-88.33336,41.83129],[-88.33287,41.83134],[-88.33261,41.83131],[-88.33235,41.83121],[-88.33196,41.83097],[-88.33149,41.83055],[-88.33134,41.83027],[-88.33132,41.83018],[-88.33112,41.82897],[-88.33117,41.82878],[-88.33067,41.82846],[-88.32857,41.82717],[-88.32584,41.82565],[-88.32476,41.82746],[-88.32445,41.82816],[-88.32425,41.8292],[-88.3222,41.82739],[-88.32107,41.82906],[-88.32078,41.82952],[-88.31997,41.83051],[-88.31969,41.8309],[-88.31943,41.83129],[-88.31876,41.8322],[-88.31841,41.83269],[-88.3182,41.83297],[-88.31732,41.83422],[-88.31658,41.83522],[-88.31463,41.83454],[-88.31351,41.83617],[-88.31313,41.83671],[-88.31274,41.8373],[-88.31271,41.83741],[-88.31247,41.83759],[-88.31142,41.83921],[-88.31137,41.8393],[-88.31114,41.83965],[-88.31006,41.83973],[-88.31047,41.83835],[-88.31135,41.83664],[-88.31235,41.83502],[-88.31202,41.83501],[-88.31134,41.83498],[-88.30959,41.83492],[-88.30914,41.83286],[-88.3091,41.8327],[-88.30893,41.83189],[-88.30838,41.83186],[-88.30781,41.83242],[-88.30766,41.83259],[-88.30493,41.83087],[-88.3017,41.8306],[-88.30167,41.83301],[-88.30165,41.83431],[-88.30165,41.83431],[-88.30162,41.83607],[-88.30168,41.83608],[-88.30355,41.83658],[-88.30322,41.8374],[-88.3048,41.8371],[-88.3043,41.83809],[-88.30427,41.84033],[-88.3035,41.84033],[-88.3035,41.84007],[-88.30348,41.83986],[-88.30343,41.83983],[-88.30343,41.83927],[-88.30175,41.83926],[-88.2991,41.83925],[-88.29911,41.83846],[-88.29717,41.8385],[-88.29369,41.83852],[-88.29354,41.83728],[-88.29371,41.83728],[-88.29366,41.83702],[-88.29368,41.83682],[-88.29381,41.83642],[-88.29386,41.83606],[-88.29384,41.83577],[-88.2936,41.83499],[-88.2933,41.83494],[-88.29329,41.8336],[-88.29329,41.83317],[-88.29328,41.83274],[-88.29328,41.83225],[-88.29548,41.83223],[-88.29672,41.83222],[-88.29771,41.83221],[-88.29801,41.83232],[-88.29807,41.83221],[-88.2992,41.8322],[-88.2992,41.83085],[-88.2992,41.83041],[-88.294,41.83139],[-88.29399,41.83182],[-88.29186,41.83187],[-88.28931,41.83194],[-88.2893,41.83212],[-88.28808,41.832],[-88.2872,41.83187],[-88.28584,41.83159],[-88.28476,41.83133],[-88.28475,41.83052],[-88.28471,41.82859],[-88.2847,41.82792],[-88.28213,41.82792],[-88.28213,41.82792],[-88.28035,41.82792],[-88.27958,41.82792],[-88.27949,41.82881],[-88.27939,41.82983],[-88.2795,41.83493],[-88.27803,41.83494],[-88.27591,41.835],[-88.27585,41.83867],[-88.27952,41.83865],[-88.27954,41.84052],[-88.27952,41.8423],[-88.27918,41.84519],[-88.27885,41.84737],[-88.27878,41.84828],[-88.27878,41.84972],[-88.27327,41.84986],[-88.27298,41.85386],[-88.27295,41.85533],[-88.27293,41.85661],[-88.27221,41.85737],[-88.26848,41.85822],[-88.26848,41.85912],[-88.26259,41.85921],[-88.26258,41.86064],[-88.26258,41.85549],[-88.26256,41.84108],[-88.26256,41.84091],[-88.26257,41.84076],[-88.26285,41.82639],[-88.26279,41.81204],[-88.28213,41.81167],[-88.28212,41.81165],[-88.3017,41.81112],[-88.32079,41.8108],[-88.32107,41.81079],[-88.3403,41.8105],[-88.34052,41.8105],[-88.35963,41.81016],[-88.35989,41.81015],[-88.37575,41.80988],[-88.3758,41.82436],[-88.37581,41.83892],[-88.37573,41.85349],[-88.37558,41.86802],[-88.37538,41.88248],[-88.37498,41.89702],[-88.35969,41.89728],[-88.3593,41.89728],[-88.34024,41.89769],[-88.33993,41.8977],[-88.33927,41.89772],[-88.33927,41.89771]]],[[[-88.26221,41.89912],[-88.26238,41.88457],[-88.26257,41.87102],[-88.26507,41.87101],[-88.26576,41.87101],[-88.26701,41.87085],[-88.26707,41.8711],[-88.26742,41.87116],[-88.26827,41.87115],[-88.2692,41.871],[-88.27161,41.86932],[-88.27168,41.86912],[-88.27238,41.86901],[-88.27383,41.86892],[-88.27927,41.86887],[-88.27926,41.86891],[-88.27925,41.86891],[-88.27894,41.8714],[-88.27874,41.87283],[-88.27867,41.87323],[-88.27861,41.87353],[-88.27839,41.87457],[-88.27823,41.87563],[-88.27822,41.8757],[-88.28036,41.87571],[-88.28203,41.87692],[-88.2869,41.87684],[-88.29177,41.87675],[-88.29174,41.88039],[-88.29173,41.88212],[-88.27997,41.88253],[-88.27965,41.88255],[-88.2793,41.88552],[-88.27951,41.88558],[-88.27946,41.88592],[-88.28073,41.88619],[-88.28055,41.88682],[-88.28043,41.8868],[-88.28043,41.88679],[-88.28037,41.88678],[-88.2803,41.88677],[-88.28017,41.88674],[-88.28001,41.88671],[-88.27977,41.88666],[-88.27965,41.88664],[-88.27955,41.88662],[-88.27947,41.88661],[-88.2794,41.88659],[-88.2793,41.88657],[-88.27924,41.88656],[-88.27918,41.88654],[-88.2791,41.88652],[-88.27904,41.88651],[-88.27903,41.88651],[-88.27893,41.88649],[-88.27888,41.88647],[-88.27885,41.88647],[-88.2788,41.88646],[-88.27868,41.88643],[-88.27866,41.88642],[-88.27864,41.88642],[-88.27861,41.88641],[-88.27857,41.8864],[-88.27855,41.8864],[-88.27853,41.88639],[-88.27851,41.88639],[-88.27849,41.88639],[-88.27847,41.88638],[-88.27844,41.88637],[-88.27842,41.88637],[-88.27837,41.88636],[-88.27835,41.88635],[-88.27835,41.88635],[-88.27835,41.88635],[-88.27835,41.88635],[-88.27835,41.88635],[-88.27834,41.88635],[-88.27834,41.88635],[-88.27834,41.88635],[-88.27834,41.88635],[-88.27834,41.88635],[-88.27834,41.88635],[-88.27834,41.88635],[-88.27834,41.88635],[-88.27833,41.88635],[-88.27833,41.88635],[-88.27833,41.88635],[-88.27832,41.88635],[-88.27832,41.88635],[-88.27832,41.88635],[-88.27832,41.88635],[-88.27832,41.88635],[-88.27832,41.88635],[-88.27831,41.88635],[-88.27831,41.88635],[-88.27831,41.88635],[-88.27831,41.88635],[-88.27831,41.88634],[-88.2783,41.88634],[-88.2783,41.88634],[-88.27829,41.88634],[-88.27807,41.88629],[-88.27715,41.88606],[-88.27665,41.88596],[-88.27622,41.88585],[-88.27624,41.88649],[-88.27656,41.88652],[-88.27691,41.88654],[-88.27711,41.88654],[-88.27718,41.88677],[-88.27728,41.88709],[-88.27738,41.8873],[-88.27738,41.8873],[-88.27743,41.88756],[-88.27745,41.88778],[-88.27745,41.88802],[-88.27745,41.88825],[-88.27638,41.88825],[-88.27621,41.88825],[-88.27606,41.88823],[-88.2759,41.88822],[-88.27567,41.88822],[-88.2753,41.88817],[-88.27503,41.8881],[-88.27472,41.88795],[-88.2741,41.88791],[-88.27394,41.8879],[-88.27366,41.88791],[-88.27356,41.88792],[-88.27312,41.88787],[-88.27283,41.88781],[-88.27262,41.88775],[-88.27236,41.8877],[-88.27201,41.88769],[-88.27179,41.88768],[-88.27183,41.88637],[-88.2658,41.88598],[-88.2658,41.88668],[-88.26251,41.88667],[-88.26242,41.88667],[-88.26244,41.88851],[-88.26244,41.89072],[-88.26244,41.89203],[-88.26244,41.89221],[-88.26242,41.89518],[-88.26245,41.89518],[-88.2718,41.89523],[-88.27189,41.89237],[-88.27365,41.89244],[-88.27474,41.89247],[-88.27596,41.89253],[-88.27599,41.8921],[-88.27711,41.89214],[-88.27711,41.89214],[-88.27711,41.89259],[-88.27711,41.89278],[-88.2771,41.89307],[-88.2771,41.89306],[-88.2771,41.89306],[-88.27709,41.89396],[-88.27708,41.89532],[-88.27707,41.89568],[-88.277,41.89884],[-88.26221,41.89912]]]]},"properties":{"OBJECTID":262,"Join_Count":1,"TARGET_FID":262,"JOIN_FID":2974,"ASSET_NAME":"452","Feeder":"L13153","Feeder_N":"F1792","PV_HC_kW":21600,"EV_HC_kW":8010,"BESS_HC":8010,"ORIG_FID":5815,"Feeder_Q":0,"SS_N":"S0661","Queue_RD":"03/06/2026","Shape__Length_1":null,"Shape__Area":0.005311980175747522,"Shape__Length":0.7980726015633045}},{"type":"Feature","id":263,"geometry":{"type":"Polygon","coordinates":[[[-88.12041,42.3282],[-88.12056,42.31346],[-88.12054,42.31329],[-88.12047,42.29875],[-88.12037,42.28427],[-88.12022,42.26985],[-88.1204,42.25537],[-88.12035,42.24103],[-88.13942,42.24127],[-88.15913,42.24143],[-88.1786,42.2416],[-88.17893,42.2416],[-88.19875,42.24151],[-88.19899,42.24151],[-88.21812,42.24162],[-88.23798,42.24168],[-88.23787,42.25599],[-88.23827,42.27042],[-88.23827,42.27056],[-88.23837,42.28504],[-88.23846,42.29941],[-88.23846,42.29952],[-88.23849,42.31401],[-88.23837,42.32859],[-88.21832,42.32859],[-88.21811,42.32859],[-88.19885,42.32858],[-88.19846,42.32857],[-88.17921,42.32863],[-88.17901,42.32863],[-88.15963,42.32859],[-88.13989,42.32848],[-88.12041,42.3282]]]},"properties":{"OBJECTID":263,"Join_Count":1,"TARGET_FID":263,"JOIN_FID":2898,"ASSET_NAME":"403","Feeder":"L10231","Feeder_N":"F1650","PV_HC_kW":6717.57,"EV_HC_kW":6540,"BESS_HC":6540,"ORIG_FID":5859,"Feeder_Q":0,"SS_N":"S0639","Queue_RD":"03/06/2026","Shape__Length_1":null,"Shape__Area":0.010264251334774599,"Shape__Length":0.4096822778188344}},{"type":"Feature","id":264,"geometry":{"type":"Polygon","coordinates":[[[-88.24824,41.02313],[-88.26728,41.02321],[-88.26765,41.02321],[-88.28638,41.02322],[-88.30536,41.02306],[-88.32456,41.02268],[-88.34389,41.02257],[-88.35969,41.02222],[-88.36053,41.03689],[-88.36082,41.05142],[-88.36148,41.06601],[-88.36192,41.08041],[-88.36253,41.0951],[-88.36326,41.11151],[-88.35604,41.11178],[-88.34807,41.11184],[-88.33695,41.11228],[-88.32867,41.1123],[-88.31785,41.11273],[-88.30935,41.11289],[-88.29858,41.11315],[-88.28982,41.11329],[-88.27914,41.11365],[-88.27051,41.11382],[-88.26003,41.11412],[-88.25168,41.11419],[-88.25105,41.09648],[-88.25033,41.08184],[-88.25,41.08172],[-88.24977,41.06707],[-88.24913,41.05241],[-88.24882,41.03772],[-88.24824,41.02313]]]},"properties":{"OBJECTID":264,"Join_Count":1,"TARGET_FID":264,"JOIN_FID":2997,"ASSET_NAME":"622","Feeder":"L14968","Feeder_N":"F1832","PV_HC_kW":0,"EV_HC_kW":2990,"BESS_HC":0,"ORIG_FID":5863,"Feeder_Q":21553.2,"SS_N":"Networked*","Queue_RD":"03/06/2026","Shape__Length_1":null,"Shape__Area":0.010052350487285366,"Shape__Length":0.4037874163530996}},{"type":"Feature","id":265,"geometry":{"type":"Polygon","coordinates":[[[-87.56634,41.77391],[-87.56634,41.77391],[-87.56634,41.76619],[-87.5663,41.75163],[-87.56612,41.73709],[-87.58552,41.73681],[-87.60496,41.7365],[-87.62498,41.73622],[-87.64339,41.73602],[-87.66286,41.73576],[-87.68233,41.73547],[-87.68313,41.75009],[-87.6832,41.76457],[-87.68369,41.7791],[-87.68392,41.79378],[-87.68421,41.80835],[-87.68456,41.82286],[-87.66524,41.82311],[-87.6457,41.82335],[-87.62615,41.82361],[-87.60692,41.82378],[-87.59807,41.82401],[-87.59757,41.82365],[-87.5974,41.82333],[-87.59695,41.82226],[-87.59583,41.82107],[-87.59543,41.82015],[-87.59468,41.81963],[-87.59447,41.81909],[-87.59392,41.81908],[-87.59347,41.81863],[-87.59267,41.81831],[-87.59216,41.81752],[-87.59216,41.8168],[-87.59135,41.81587],[-87.59065,41.81481],[-87.59022,41.81443],[-87.5902,41.81374],[-87.5895,41.81313],[-87.58885,41.81273],[-87.58848,41.81206],[-87.58713,41.81174],[-87.58697,41.81158],[-87.58687,41.8114],[-87.58692,41.81139],[-87.587,41.81137],[-87.58703,41.81136],[-87.58706,41.81135],[-87.58705,41.81105],[-87.58704,41.81093],[-87.58703,41.81074],[-87.58701,41.81035],[-87.587,41.81023],[-87.587,41.81023],[-87.587,41.81022],[-87.5869,41.81003],[-87.58688,41.80999],[-87.58686,41.80996],[-87.58664,41.80971],[-87.58661,41.80968],[-87.58641,41.80947],[-87.58628,41.80919],[-87.58563,41.80791],[-87.58559,41.80782],[-87.58542,41.80748],[-87.58519,41.80724],[-87.58502,41.80706],[-87.58501,41.80705],[-87.58411,41.80649],[-87.58292,41.80557],[-87.58289,41.80555],[-87.58285,41.80552],[-87.58285,41.80552],[-87.5828,41.80547],[-87.58139,41.80438],[-87.58132,41.80433],[-87.58126,41.80428],[-87.58108,41.80418],[-87.58104,41.80417],[-87.58095,41.80411],[-87.58064,41.80413],[-87.58059,41.80412],[-87.58005,41.80375],[-87.58007,41.80354],[-87.5803,41.80324],[-87.5804,41.80303],[-87.58059,41.80262],[-87.58064,41.80243],[-87.58067,41.80228],[-87.58091,41.80133],[-87.58091,41.80102],[-87.58091,41.80093],[-87.58092,41.80051],[-87.58067,41.79977],[-87.5806,41.79957],[-87.58027,41.79902],[-87.58003,41.79862],[-87.57971,41.79823],[-87.57954,41.79802],[-87.5795,41.79799],[-87.57875,41.79735],[-87.57855,41.79718],[-87.57818,41.79697],[-87.57763,41.79683],[-87.57751,41.79685],[-87.57713,41.79682],[-87.57623,41.797],[-87.57562,41.7968],[-87.5756,41.79678],[-87.57543,41.79668],[-87.57529,41.79658],[-87.57526,41.79656],[-87.57516,41.79648],[-87.57512,41.79613],[-87.57541,41.79544],[-87.57549,41.7954],[-87.57606,41.79513],[-87.57615,41.79509],[-87.57635,41.79507],[-87.57745,41.79493],[-87.57839,41.79462],[-87.57922,41.79395],[-87.5793,41.79389],[-87.57938,41.79382],[-87.57957,41.79337],[-87.57957,41.79332],[-87.57957,41.7932],[-87.57957,41.79283],[-87.57947,41.79237],[-87.57918,41.79163],[-87.579,41.79131],[-87.579,41.79131],[-87.57862,41.79058],[-87.57836,41.79011],[-87.57801,41.78971],[-87.57794,41.78963],[-87.57743,41.7892],[-87.57709,41.78898],[-87.57709,41.78898],[-87.57672,41.78873],[-87.57652,41.7886],[-87.57665,41.78852],[-87.57676,41.78844],[-87.5769,41.78841],[-87.57698,41.7884],[-87.57698,41.7884],[-87.57711,41.78839],[-87.57716,41.78838],[-87.57728,41.78837],[-87.57733,41.78836],[-87.57768,41.78833],[-87.57775,41.78832],[-87.57774,41.7883],[-87.57813,41.7883],[-87.57873,41.7884],[-87.57934,41.7882],[-87.57976,41.78796],[-87.58007,41.78744],[-87.58044,41.78725],[-87.58076,41.78712],[-87.58113,41.78704],[-87.58178,41.7874],[-87.58211,41.78777],[-87.58253,41.78819],[-87.5825,41.78857],[-87.58257,41.78906],[-87.58186,41.78902],[-87.58137,41.78984],[-87.58192,41.78987],[-87.58246,41.78981],[-87.583,41.78973],[-87.58343,41.78976],[-87.58407,41.78978],[-87.58444,41.78939],[-87.58449,41.78916],[-87.58393,41.78904],[-87.58331,41.78888],[-87.58287,41.78854],[-87.58286,41.78808],[-87.58303,41.7877],[-87.58382,41.78801],[-87.58418,41.78789],[-87.58453,41.78775],[-87.5845,41.78743],[-87.58455,41.78707],[-87.58449,41.78665],[-87.58441,41.78568],[-87.58416,41.78525],[-87.58408,41.78467],[-87.58409,41.78412],[-87.5841,41.78362],[-87.5841,41.78342],[-87.58411,41.78309],[-87.58388,41.78261],[-87.58376,41.78218],[-87.5835,41.78174],[-87.58332,41.78155],[-87.58286,41.78166],[-87.58232,41.78175],[-87.5816,41.78191],[-87.58074,41.78221],[-87.58048,41.78275],[-87.58027,41.78313],[-87.57999,41.78323],[-87.57941,41.78311],[-87.57898,41.78312],[-87.57923,41.78352],[-87.57961,41.78378],[-87.58022,41.78385],[-87.5803,41.78427],[-87.58043,41.78468],[-87.58066,41.78508],[-87.58053,41.78545],[-87.58064,41.78617],[-87.58054,41.7869],[-87.57981,41.78704],[-87.57897,41.78725],[-87.57849,41.78778],[-87.57799,41.78809],[-87.57716,41.78809],[-87.57716,41.78809],[-87.57712,41.78804],[-87.5772,41.78799],[-87.57724,41.78796],[-87.57732,41.78765],[-87.57729,41.78709],[-87.57727,41.78679],[-87.57726,41.78673],[-87.57704,41.78596],[-87.5768,41.78536],[-87.57649,41.78475],[-87.57617,41.78413],[-87.57612,41.78403],[-87.57575,41.78362],[-87.57567,41.78356],[-87.5753,41.78326],[-87.57419,41.78264],[-87.57402,41.78254],[-87.57397,41.78252],[-87.57391,41.78249],[-87.57243,41.78188],[-87.57173,41.78171],[-87.57156,41.78165],[-87.57052,41.78144],[-87.56964,41.78142],[-87.5696,41.7814],[-87.5695,41.78137],[-87.56943,41.78134],[-87.56941,41.78132],[-87.56957,41.78127],[-87.57009,41.78113],[-87.57049,41.78101],[-87.57106,41.78086],[-87.57158,41.7807],[-87.57243,41.78046],[-87.57291,41.78031],[-87.57311,41.78026],[-87.57313,41.78013],[-87.57316,41.77992],[-87.57317,41.77991],[-87.57328,41.77979],[-87.57355,41.77969],[-87.57353,41.77967],[-87.57347,41.77956],[-87.57452,41.77906],[-87.575,41.77826],[-87.57519,41.77764],[-87.57513,41.77703],[-87.57475,41.77641],[-87.57451,41.77594],[-87.5751,41.77584],[-87.5759,41.77644],[-87.57654,41.77735],[-87.57645,41.77792],[-87.57716,41.77834],[-87.5767,41.77951],[-87.57637,41.77972],[-87.57659,41.78008],[-87.57797,41.77982],[-87.57843,41.78017],[-87.57881,41.78013],[-87.57865,41.77953],[-87.57893,41.77904],[-87.57847,41.77847],[-87.57847,41.7778],[-87.57828,41.77725],[-87.57816,41.77703],[-87.57748,41.77683],[-87.57745,41.77644],[-87.5779,41.7763],[-87.57744,41.77618],[-87.57677,41.776],[-87.57629,41.77596],[-87.576,41.77575],[-87.5756,41.7756],[-87.57465,41.77567],[-87.57414,41.7755],[-87.57342,41.77547],[-87.57278,41.77551],[-87.57194,41.77573],[-87.57185,41.77674],[-87.57199,41.77697],[-87.57225,41.7773],[-87.57278,41.77737],[-87.57323,41.77808],[-87.57321,41.77896],[-87.57228,41.77925],[-87.57219,41.7792],[-87.57179,41.7788],[-87.57138,41.77836],[-87.57129,41.77827],[-87.57087,41.77782],[-87.57086,41.77781],[-87.57084,41.7778],[-87.57072,41.77773],[-87.57042,41.77754],[-87.57016,41.77737],[-87.5699,41.77724],[-87.56854,41.77644],[-87.56689,41.7743],[-87.56678,41.77415],[-87.56634,41.77391]]]},"properties":{"OBJECTID":265,"Join_Count":1,"TARGET_FID":265,"JOIN_FID":5361,"ASSET_NAME":"468","Feeder":"Z17435","Feeder_N":"F0321","PV_HC_kW":1050,"EV_HC_kW":1220,"BESS_HC":1050,"ORIG_FID":6066,"Feeder_Q":0,"SS_N":"S0685","Queue_RD":"03/06/2026","Shape__Length_1":null,"Shape__Area":0.009433987806005462,"Shape__Length":0.470482829223447}},{"type":"Feature","id":266,"geometry":{"type":"Polygon","coordinates":[[[-87.66892,41.29671],[-87.68382,41.29657],[-87.68827,41.29663],[-87.70306,41.29638],[-87.70603,41.29636],[-87.70745,41.29635],[-87.72217,41.29625],[-87.72685,41.29623],[-87.7421,41.29609],[-87.74618,41.29609],[-87.76153,41.2958],[-87.76507,41.29579],[-87.78122,41.29571],[-87.78436,41.2957],[-87.78463,41.31019],[-87.78494,41.32478],[-87.78522,41.33926],[-87.78522,41.33939],[-87.78539,41.35383],[-87.78561,41.36843],[-87.78601,41.38309],[-87.76645,41.38337],[-87.74758,41.38358],[-87.72862,41.38354],[-87.7094,41.38364],[-87.69,41.38363],[-87.67052,41.38378],[-87.67018,41.36948],[-87.66952,41.3548],[-87.66966,41.34028],[-87.66923,41.32567],[-87.6694,41.31104],[-87.66892,41.29671]]]},"properties":{"OBJECTID":266,"Join_Count":1,"TARGET_FID":266,"JOIN_FID":2066,"ASSET_NAME":"537","Feeder":"F175","Feeder_N":"F5644","PV_HC_kW":0,"EV_HC_kW":530,"BESS_HC":0,"ORIG_FID":6104,"Feeder_Q":8025.23,"SS_N":"S0659","Queue_RD":"03/06/2026","Shape__Length_1":null,"Shape__Area":0.010092150909713382,"Shape__Length":0.40547038915579886}},{"type":"Feature","id":267,"geometry":{"type":"Polygon","coordinates":[[[-89.63431,42.5043],[-89.63431,42.50427],[-89.63439,42.49051],[-89.63439,42.49042],[-89.63439,42.49005],[-89.63439,42.48973],[-89.63435,42.47602],[-89.63435,42.47581],[-89.63435,42.47568],[-89.63435,42.47537],[-89.63429,42.46102],[-89.63454,42.46101],[-89.65378,42.46057],[-89.6732,42.46016],[-89.67331,42.46015],[-89.67351,42.46015],[-89.69262,42.45972],[-89.69275,42.45972],[-89.69301,42.45971],[-89.71191,42.45934],[-89.71201,42.45933],[-89.71215,42.45933],[-89.71235,42.45933],[-89.73123,42.45902],[-89.73128,42.45902],[-89.7318,42.45902],[-89.73378,42.45898],[-89.74987,42.45872],[-89.75003,42.45872],[-89.75003,42.45907],[-89.75021,42.47303],[-89.75021,42.47319],[-89.75022,42.47324],[-89.75022,42.47329],[-89.75031,42.48763],[-89.75031,42.48775],[-89.75031,42.48784],[-89.75031,42.48788],[-89.75043,42.49452],[-89.75056,42.50221],[-89.75058,42.50296],[-89.75061,42.50413],[-89.75065,42.50533],[-89.75056,42.50533],[-89.73866,42.50534],[-89.72713,42.50523],[-89.72713,42.50523],[-89.72713,42.50523],[-89.72713,42.50523],[-89.72713,42.50523],[-89.63431,42.5043]]]},"properties":{"OBJECTID":267,"Join_Count":1,"TARGET_FID":267,"JOIN_FID":618,"ASSET_NAME":"239","Feeder":"B477","Feeder_N":"F5372","PV_HC_kW":0,"EV_HC_kW":260,"BESS_HC":0,"ORIG_FID":6108,"Feeder_Q":200,"SS_N":"S0653","Queue_RD":"03/06/2026","Shape__Length_1":null,"Shape__Area":0.005228129332863318,"Shape__Length":0.3220032907799487}},{"type":"Feature","id":268,"geometry":{"type":"Polygon","coordinates":[[[-87.79274,41.55844],[-87.81228,41.55817],[-87.83182,41.55788],[-87.8513,41.55755],[-87.87076,41.55713],[-87.89024,41.55706],[-87.90958,41.55673],[-87.90995,41.57129],[-87.91046,41.58577],[-87.91074,41.60028],[-87.91119,41.61488],[-87.91143,41.62931],[-87.91209,41.64381],[-87.89278,41.64421],[-87.87361,41.64442],[-87.87318,41.64443],[-87.85377,41.64492],[-87.83473,41.64528],[-87.83411,41.64529],[-87.81516,41.64573],[-87.81504,41.64573],[-87.79591,41.64611],[-87.79504,41.63155],[-87.79453,41.6169],[-87.79391,41.60213],[-87.79357,41.58756],[-87.7932,41.573],[-87.79274,41.55844]]]},"properties":{"OBJECTID":268,"Join_Count":1,"TARGET_FID":268,"JOIN_FID":3109,"ASSET_NAME":"486","Feeder":"L6031","Feeder_N":"F2028","PV_HC_kW":6374.15,"EV_HC_kW":2630,"BESS_HC":2630,"ORIG_FID":6168,"Feeder_Q":0,"SS_N":"S0718","Queue_RD":"03/06/2026","Shape__Length_1":null,"Shape__Area":0.010197640204296476,"Shape__Length":0.4079128163124083}},{"type":"Feature","id":269,"geometry":{"type":"Polygon","coordinates":[[[-88.35394,40.78221],[-88.35398,40.78221],[-88.36361,40.78201],[-88.3733,40.78181],[-88.38265,40.78173],[-88.392,40.78165],[-88.40163,40.78152],[-88.41126,40.78139],[-88.42088,40.78128],[-88.43051,40.78116],[-88.43999,40.78106],[-88.44947,40.78095],[-88.45923,40.78083],[-88.46898,40.78071],[-88.46919,40.78796],[-88.4692,40.78822],[-88.46929,40.80256],[-88.46929,40.80286],[-88.46958,40.81701],[-88.46959,40.81757],[-88.46962,40.83175],[-88.46962,40.8321],[-88.46964,40.84669],[-88.45087,40.84688],[-88.43227,40.84703],[-88.43149,40.84703],[-88.4127,40.84713],[-88.39345,40.84726],[-88.37463,40.84747],[-88.35533,40.8476],[-88.35477,40.83303],[-88.35473,40.8186],[-88.35439,40.8041],[-88.35416,40.78951],[-88.35394,40.78221]]]},"properties":{"OBJECTID":269,"Join_Count":1,"TARGET_FID":269,"JOIN_FID":3547,"ASSET_NAME":"711","Feeder":"S405","Feeder_N":"F1435","PV_HC_kW":0,"EV_HC_kW":580,"BESS_HC":0,"ORIG_FID":6169,"Feeder_Q":0,"SS_N":"S0734","Queue_RD":"03/06/2026","Shape__Length_1":null,"Shape__Area":0.007552386335191841,"Shape__Length":0.36077395275968377}},{"type":"Feature","id":270,"geometry":{"type":"Polygon","coordinates":[[[-88.81569,40.89356],[-88.81583,40.89356],[-88.82528,40.89337],[-88.83487,40.89318],[-88.84442,40.89295],[-88.85398,40.89272],[-88.86361,40.89251],[-88.87323,40.89231],[-88.88283,40.89214],[-88.88264,40.88488],[-88.88261,40.8777],[-88.88258,40.87052],[-88.88248,40.86324],[-88.88238,40.85596],[-88.88226,40.84869],[-88.88219,40.84501],[-88.9161,40.84435],[-88.91609,40.84374],[-88.91606,40.84078],[-88.91606,40.84074],[-88.93079,40.84041],[-88.93103,40.85498],[-88.93112,40.86949],[-88.93146,40.884],[-88.93134,40.89854],[-88.93137,40.91323],[-88.93142,40.92761],[-88.91275,40.92786],[-88.91238,40.92786],[-88.89345,40.92833],[-88.8932,40.92833],[-88.87436,40.9287],[-88.8549,40.92911],[-88.83575,40.92955],[-88.81647,40.93005],[-88.81645,40.91542],[-88.81586,40.90084],[-88.81569,40.89356]]]},"properties":{"OBJECTID":270,"Join_Count":0,"TARGET_FID":270,"JOIN_FID":-1,"ASSET_NAME":"677","Feeder":null,"Feeder_N":null,"PV_HC_kW":null,"EV_HC_kW":null,"BESS_HC":0,"ORIG_FID":6170,"Feeder_Q":null,"SS_N":null,"Queue_RD":null,"Shape__Length_1":null,"Shape__Area":0.00653884603161714,"Shape__Length":0.40522362848788873}},{"type":"Feature","id":271,"geometry":{"type":"Polygon","coordinates":[[[-88.35394,40.78221],[-88.35416,40.78951],[-88.35439,40.8041],[-88.35473,40.8186],[-88.35477,40.83303],[-88.35533,40.8476],[-88.33767,40.84771],[-88.33715,40.84772],[-88.32777,40.84775],[-88.32748,40.84051],[-88.32723,40.83418],[-88.3272,40.83326],[-88.327,40.82603],[-88.32681,40.81918],[-88.32392,40.81924],[-88.32395,40.81832],[-88.32678,40.81828],[-88.32652,40.81163],[-88.32624,40.80446],[-88.32602,40.7972],[-88.32579,40.78995],[-88.32548,40.78263],[-88.33501,40.78247],[-88.34447,40.78234],[-88.35394,40.78221]]]},"properties":{"OBJECTID":271,"Join_Count":0,"TARGET_FID":271,"JOIN_FID":-1,"ASSET_NAME":"712","Feeder":null,"Feeder_N":null,"PV_HC_kW":null,"EV_HC_kW":null,"BESS_HC":0,"ORIG_FID":6171,"Feeder_Q":null,"SS_N":null,"Queue_RD":null,"Shape__Length_1":null,"Shape__Area":0.0018283093859281507,"Shape__Length":0.19234404088395451}},{"type":"Feature","id":272,"geometry":{"type":"Polygon","coordinates":[[[-89.62765,42.1126],[-89.64661,42.1125],[-89.66637,42.11235],[-89.68558,42.1121],[-89.70516,42.11171],[-89.72505,42.11132],[-89.74413,42.1111],[-89.7447,42.12566],[-89.74526,42.14017],[-89.7455,42.15476],[-89.74573,42.16927],[-89.7462,42.18412],[-89.74656,42.19803],[-89.72672,42.19872],[-89.70729,42.19912],[-89.68797,42.19947],[-89.66834,42.20017],[-89.64896,42.20031],[-89.62934,42.20057],[-89.62962,42.18552],[-89.62887,42.171],[-89.62861,42.1565],[-89.62773,42.14181],[-89.62765,42.14181],[-89.62761,42.12759],[-89.62765,42.1126]]]},"properties":{"OBJECTID":272,"Join_Count":1,"TARGET_FID":272,"JOIN_FID":604,"ASSET_NAME":"243","Feeder":"B375","Feeder_N":"F5344","PV_HC_kW":0,"EV_HC_kW":790,"BESS_HC":0,"ORIG_FID":6172,"Feeder_Q":56.95,"SS_N":"S0656","Queue_RD":"03/06/2026","Shape__Length_1":null,"Shape__Area":0.010243693082202299,"Shape__Length":0.40880626179102564}},{"type":"Feature","id":273,"geometry":{"type":"Polygon","coordinates":[[[-88.94109,41.89178],[-88.96069,41.89155],[-88.96134,41.89155],[-88.96161,41.89155],[-88.98001,41.89132],[-88.98075,41.89131],[-88.98107,41.89131],[-88.98364,41.89128],[-88.98364,41.89129],[-88.98053,41.89394],[-88.95091,41.89424],[-88.95095,41.89891],[-88.95099,41.90401],[-88.95101,41.90616],[-88.95104,41.9134],[-88.95107,41.92065],[-88.95109,41.92065],[-88.95115,41.92796],[-88.95116,41.92968],[-88.95119,41.9349],[-88.96535,41.9356],[-88.97083,41.93587],[-88.9709,41.9423],[-88.97099,41.94959],[-88.97103,41.94959],[-88.97107,41.95688],[-88.97109,41.95973],[-88.97146,41.96617],[-88.97255,41.96675],[-88.98927,41.97556],[-88.98976,41.97839],[-88.98118,41.97848],[-88.98085,41.97848],[-88.98069,41.97849],[-88.96146,41.97867],[-88.96123,41.97868],[-88.96116,41.9787],[-88.9418,41.97886],[-88.94168,41.96462],[-88.94167,41.96427],[-88.94157,41.95026],[-88.94156,41.94989],[-88.94144,41.93567],[-88.94144,41.93541],[-88.94133,41.92121],[-88.94132,41.92074],[-88.94128,41.90638],[-88.94128,41.9063],[-88.9411,41.89205],[-88.94109,41.89178]]]},"properties":{"OBJECTID":273,"Join_Count":0,"TARGET_FID":273,"JOIN_FID":-1,"ASSET_NAME":"328","Feeder":null,"Feeder_N":null,"PV_HC_kW":null,"EV_HC_kW":null,"BESS_HC":0,"ORIG_FID":6174,"Feeder_Q":null,"SS_N":null,"Queue_RD":null,"Shape__Length_1":null,"Shape__Area":0.0019237464844081842,"Shape__Length":0.32503634853428426}},{"type":"Feature","id":274,"geometry":{"type":"Polygon","coordinates":[[[-88.71461,41.89278],[-88.71466,41.88671],[-88.71474,41.87854],[-88.71474,41.87845],[-88.71474,41.87832],[-88.71474,41.87823],[-88.71473,41.87499],[-88.71474,41.86401],[-88.71474,41.86378],[-88.71474,41.84976],[-88.71474,41.8494],[-88.7148,41.83805],[-88.71481,41.83519],[-88.71481,41.83498],[-88.71482,41.83476],[-88.7149,41.82079],[-88.71487,41.82041],[-88.7149,41.82029],[-88.7149,41.82019],[-88.71495,41.80605],[-88.71495,41.80568],[-88.73428,41.80564],[-88.73439,41.80564],[-88.74997,41.80561],[-88.75397,41.80555],[-88.77329,41.80541],[-88.77339,41.80541],[-88.77344,41.80541],[-88.7738,41.80541],[-88.79266,41.80542],[-88.79281,41.80542],[-88.79292,41.80542],[-88.79299,41.80542],[-88.81167,41.80512],[-88.81223,41.80511],[-88.81232,41.80511],[-88.8124,41.80511],[-88.82788,41.80494],[-88.82802,41.80494],[-88.82802,41.80508],[-88.82812,41.81953],[-88.82812,41.81957],[-88.82812,41.81965],[-88.82794,41.83413],[-88.82794,41.83417],[-88.82794,41.8342],[-88.82793,41.83667],[-88.82787,41.84864],[-88.82787,41.84869],[-88.82787,41.84884],[-88.82787,41.8489],[-88.82786,41.86322],[-88.82786,41.8633],[-88.82786,41.86334],[-88.82793,41.87501],[-88.8279,41.87778],[-88.8279,41.87784],[-88.8279,41.87807],[-88.82792,41.88214],[-88.82797,41.89241],[-88.81215,41.89257],[-88.81192,41.89257],[-88.81178,41.89257],[-88.81174,41.89257],[-88.79265,41.89265],[-88.79234,41.89265],[-88.77325,41.89282],[-88.77292,41.89282],[-88.7727,41.89282],[-88.75372,41.89277],[-88.75365,41.89278],[-88.75359,41.89278],[-88.74997,41.89279],[-88.73406,41.89279],[-88.73387,41.89279],[-88.71461,41.89278]]]},"properties":{"OBJECTID":274,"Join_Count":1,"TARGET_FID":274,"JOIN_FID":645,"ASSET_NAME":"355","Feeder":"B7504","Feeder_N":"F5424","PV_HC_kW":0,"EV_HC_kW":2360,"BESS_HC":0,"ORIG_FID":6175,"Feeder_Q":5070,"SS_N":"S0559","Queue_RD":"03/06/2026","Shape__Length_1":null,"Shape__Area":0.009877576506596597,"Shape__Length":0.40102586522917844}},{"type":"Feature","id":275,"geometry":{"type":"Polygon","coordinates":[[[-88.0041,42.2406],[-88.00405,42.22624],[-88.00404,42.22608],[-88.00414,42.21165],[-88.00421,42.19722],[-88.00435,42.18248],[-88.00452,42.16792],[-88.00439,42.15355],[-88.02406,42.15365],[-88.04336,42.15375],[-88.06279,42.15374],[-88.08234,42.15384],[-88.10175,42.1539],[-88.12149,42.15398],[-88.1212,42.16848],[-88.12099,42.18293],[-88.12079,42.19751],[-88.12038,42.21208],[-88.12038,42.22633],[-88.12035,42.24103],[-88.10172,42.24096],[-88.08209,42.24092],[-88.06264,42.24092],[-88.06264,42.24096],[-88.06249,42.24095],[-88.06249,42.24092],[-88.04305,42.24087],[-88.02358,42.24068],[-88.0041,42.2406]]]},"properties":{"OBJECTID":275,"Join_Count":1,"TARGET_FID":275,"JOIN_FID":1844,"ASSET_NAME":"414","Feeder":"E4808","Feeder_N":"F3744","PV_HC_kW":780.66,"EV_HC_kW":1100,"BESS_HC":780.66,"ORIG_FID":6201,"Feeder_Q":33.32,"SS_N":"S0546","Queue_RD":"03/06/2026","Shape__Length_1":null,"Shape__Area":0.010147975942572884,"Shape__Length":0.40752608333531354}},{"type":"Feature","id":276,"geometry":{"type":"MultiPolygon","coordinates":[[[[-88.90375,41.54195],[-88.91314,41.54173],[-88.89718,41.54216],[-88.89466,41.54223],[-88.9036,41.54196],[-88.90375,41.54195]]],[[[-88.87456,41.54277],[-88.88427,41.54251],[-88.88439,41.54251],[-88.89404,41.54225],[-88.87495,41.54276],[-88.87473,41.54277],[-88.87456,41.54277]]],[[[-88.87456,41.54277],[-88.85557,41.54316],[-88.86479,41.54294],[-88.86514,41.54293],[-88.87456,41.54277]]],[[[-88.85506,41.54317],[-88.85525,41.54316],[-88.85516,41.54317],[-88.85506,41.54317]]],[[[-88.85506,41.54317],[-88.83626,41.54354],[-88.84549,41.5433],[-88.84585,41.54329],[-88.85506,41.54317]]],[[[-88.83593,41.54355],[-88.83593,41.54355],[-88.83593,41.54355],[-88.83452,41.54359],[-88.83593,41.54355]]],[[[-88.81712,41.54403],[-88.82584,41.54381],[-88.81702,41.54403],[-88.81682,41.54404],[-88.81712,41.54403]]]]},"properties":{"OBJECTID":276,"Join_Count":0,"TARGET_FID":276,"JOIN_FID":-1,"ASSET_NAME":"346","Feeder":null,"Feeder_N":null,"PV_HC_kW":null,"EV_HC_kW":null,"BESS_HC":0,"ORIG_FID":6217,"Feeder_Q":null,"SS_N":null,"Queue_RD":null,"Shape__Length_1":null,"Shape__Area":1.206830802402692e-06,"Shape__Length":0.17278376010626761}},{"type":"Feature","id":277,"geometry":{"type":"Polygon","coordinates":[[[-88.13297,41.02704],[-88.15179,41.02639],[-88.17092,41.02593],[-88.19008,41.0252],[-88.20956,41.02455],[-88.22893,41.02383],[-88.24824,41.02313],[-88.24882,41.03772],[-88.24913,41.05241],[-88.24977,41.06707],[-88.25,41.08172],[-88.25033,41.08184],[-88.25105,41.09648],[-88.25168,41.11419],[-88.24074,41.11427],[-88.23092,41.11454],[-88.22144,41.11463],[-88.21134,41.11472],[-88.20235,41.11482],[-88.19219,41.11494],[-88.18303,41.11514],[-88.17257,41.11536],[-88.16395,41.11555],[-88.1534,41.11579],[-88.14463,41.116],[-88.13439,41.11626],[-88.13415,41.10123],[-88.13383,41.08641],[-88.13361,41.0716],[-88.13335,41.05663],[-88.13293,41.04194],[-88.13297,41.02704]]]},"properties":{"OBJECTID":277,"Join_Count":1,"TARGET_FID":277,"JOIN_FID":2829,"ASSET_NAME":"623","Feeder":"K345","Feeder_N":"F1542","PV_HC_kW":0,"EV_HC_kW":180,"BESS_HC":0,"ORIG_FID":6218,"Feeder_Q":0,"SS_N":"S0336","Queue_RD":"03/06/2026","Shape__Length_1":null,"Shape__Area":0.010462560279393074,"Shape__Length":0.41322192790313267}},{"type":"Feature","id":278,"geometry":{"type":"Polygon","coordinates":[[[-89.1725,42.11606],[-89.17244,42.1073],[-89.17244,42.10703],[-89.17245,42.10669],[-89.17248,42.10289],[-89.17257,42.09264],[-89.17258,42.09257],[-89.17258,42.0923],[-89.17258,42.08846],[-89.17257,42.07814],[-89.17257,42.07786],[-89.17257,42.0739],[-89.17257,42.07192],[-89.17248,42.06336],[-89.17248,42.06318],[-89.17246,42.05946],[-89.17244,42.05844],[-89.17222,42.04941],[-89.17221,42.04917],[-89.17216,42.04703],[-89.17212,42.04506],[-89.17194,42.03605],[-89.1719,42.03474],[-89.1719,42.0346],[-89.17181,42.03131],[-89.17179,42.03049],[-89.17201,42.03048],[-89.17293,42.03046],[-89.17883,42.03043],[-89.18741,42.03038],[-89.18775,42.03037],[-89.18899,42.03036],[-89.19829,42.03022],[-89.20027,42.0302],[-89.2067,42.03013],[-89.20692,42.03012],[-89.20848,42.03011],[-89.21749,42.0301],[-89.2183,42.0301],[-89.2258,42.03007],[-89.23026,42.03005],[-89.23379,42.03001],[-89.23721,42.02998],[-89.2449,42.0299],[-89.24509,42.0299],[-89.24997,42.02985],[-89.24997,42.02998],[-89.25606,42.02997],[-89.25737,42.02995],[-89.26376,42.02994],[-89.26376,42.02988],[-89.2755,42.02968],[-89.27611,42.04411],[-89.27644,42.05852],[-89.27645,42.07307],[-89.27731,42.08785],[-89.27766,42.10219],[-89.278,42.11667],[-89.25841,42.11667],[-89.23932,42.11621],[-89.23923,42.11621],[-89.23919,42.11621],[-89.21978,42.11617],[-89.21967,42.11617],[-89.2196,42.11617],[-89.20056,42.11607],[-89.20037,42.11607],[-89.20027,42.11607],[-89.20013,42.11606],[-89.18114,42.11606],[-89.18063,42.11606],[-89.18059,42.11606],[-89.18041,42.11606],[-89.17296,42.11606],[-89.1725,42.11606]]]},"properties":{"OBJECTID":278,"Join_Count":1,"TARGET_FID":278,"JOIN_FID":589,"ASSET_NAME":"300","Feeder":"B275","Feeder_N":"F5314","PV_HC_kW":0,"EV_HC_kW":120,"BESS_HC":0,"ORIG_FID":6220,"Feeder_Q":1992,"SS_N":"S0686","Queue_RD":"03/06/2026","Shape__Length_1":null,"Shape__Area":0.008997732982606976,"Shape__Length":0.38202193194858497}},{"type":"Feature","id":279,"geometry":{"type":"Polygon","coordinates":[[[-89.05692,42.15091],[-89.077,42.15072],[-89.09598,42.15057],[-89.09621,42.15057],[-89.09655,42.15057],[-89.11517,42.15045],[-89.11547,42.15044],[-89.12498,42.15038],[-89.13414,42.15032],[-89.13448,42.15032],[-89.13494,42.15032],[-89.15329,42.15019],[-89.15394,42.15018],[-89.1545,42.15018],[-89.17267,42.15021],[-89.17271,42.15022],[-89.17277,42.15506],[-89.17276,42.15654],[-89.17275,42.15942],[-89.17274,42.16262],[-89.17273,42.1646],[-89.17271,42.16829],[-89.17271,42.16953],[-89.17274,42.17397],[-89.17275,42.17435],[-89.17277,42.17903],[-89.17284,42.1884],[-89.17284,42.1886],[-89.17285,42.19125],[-89.17286,42.19382],[-89.17289,42.20429],[-89.1729,42.2046],[-89.1729,42.20614],[-89.17289,42.20836],[-89.17286,42.2187],[-89.17286,42.21915],[-89.17285,42.22061],[-89.17288,42.22288],[-89.17291,42.22496],[-89.173,42.23314],[-89.173,42.23322],[-89.17303,42.23492],[-89.17306,42.23702],[-89.17272,42.23702],[-89.15507,42.23727],[-89.15491,42.23727],[-89.15479,42.23727],[-89.1544,42.23728],[-89.14075,42.2374],[-89.1357,42.23745],[-89.13562,42.23745],[-89.13553,42.23745],[-89.13526,42.23745],[-89.1273,42.23748],[-89.12495,42.23749],[-89.11604,42.23756],[-89.11594,42.23756],[-89.11587,42.23756],[-89.09621,42.23771],[-89.09588,42.23771],[-89.077,42.23789],[-89.05756,42.23791],[-89.05743,42.22375],[-89.05743,42.22352],[-89.05743,42.20913],[-89.05743,42.20893],[-89.05733,42.19466],[-89.05733,42.1945],[-89.05723,42.18007],[-89.05723,42.17995],[-89.05705,42.17053],[-89.05698,42.16652],[-89.05696,42.16548],[-89.05692,42.15112],[-89.05692,42.15091]]]},"properties":{"OBJECTID":279,"Join_Count":1,"TARGET_FID":279,"JOIN_FID":3510,"ASSET_NAME":"312","Feeder":"R9473","Feeder_N":"F2103","PV_HC_kW":903.43,"EV_HC_kW":570,"BESS_HC":570,"ORIG_FID":6235,"Feeder_Q":0,"SS_N":"S0691","Queue_RD":"03/06/2026","Shape__Length_1":null,"Shape__Area":0.010065025319136112,"Shape__Length":0.4051013208171501}},{"type":"Feature","id":280,"geometry":{"type":"Polygon","coordinates":[[[-88.12035,42.24103],[-88.12038,42.22633],[-88.12038,42.21208],[-88.12079,42.19751],[-88.12099,42.18293],[-88.1212,42.16848],[-88.12149,42.15398],[-88.14123,42.15412],[-88.16077,42.15418],[-88.18061,42.15419],[-88.19977,42.15423],[-88.21912,42.15418],[-88.21929,42.15418],[-88.23849,42.15422],[-88.23838,42.16881],[-88.23832,42.18319],[-88.23832,42.18333],[-88.23829,42.19776],[-88.23833,42.2124],[-88.23833,42.21257],[-88.23773,42.22713],[-88.23798,42.24168],[-88.21812,42.24162],[-88.19899,42.24151],[-88.19875,42.24151],[-88.17893,42.2416],[-88.1786,42.2416],[-88.15913,42.24143],[-88.13942,42.24127],[-88.12035,42.24103]]]},"properties":{"OBJECTID":280,"Join_Count":1,"TARGET_FID":280,"JOIN_FID":2898,"ASSET_NAME":"413","Feeder":"L10231","Feeder_N":"F1650","PV_HC_kW":6717.57,"EV_HC_kW":6540,"BESS_HC":6540,"ORIG_FID":6284,"Feeder_Q":0,"SS_N":"S0639","Queue_RD":"03/06/2026","Shape__Length_1":null,"Shape__Area":0.010252922586460045,"Shape__Length":0.4091688963306659}},{"type":"Feature","id":281,"geometry":{"type":"Polygon","coordinates":[[[-88.00376,42.41507],[-88.00385,42.40053],[-88.00404,42.38586],[-88.00401,42.37126],[-88.0042,42.35674],[-88.00428,42.34216],[-88.00433,42.32767],[-88.02385,42.32761],[-88.04351,42.32757],[-88.06323,42.32773],[-88.08259,42.32769],[-88.10235,42.32798],[-88.12041,42.3282],[-88.12029,42.34267],[-88.12005,42.35734],[-88.12029,42.37168],[-88.12041,42.3864],[-88.11998,42.40091],[-88.12015,42.41534],[-88.10172,42.41542],[-88.08222,42.41546],[-88.06271,42.41542],[-88.04304,42.41546],[-88.02342,42.41528],[-88.00376,42.41507]]]},"properties":{"OBJECTID":281,"Join_Count":1,"TARGET_FID":281,"JOIN_FID":3065,"ASSET_NAME":"394","Feeder":"L4285","Feeder_N":"F5658","PV_HC_kW":18523.98,"EV_HC_kW":4450,"BESS_HC":4450,"ORIG_FID":6347,"Feeder_Q":0,"SS_N":"S0704","Queue_RD":"03/06/2026","Shape__Length_1":null,"Shape__Area":0.010177557939186954,"Shape__Length":0.4070280025082938}},{"type":"Feature","id":282,"geometry":{"type":"Polygon","coordinates":[[[-88.24703,41.28854],[-88.26614,41.2881],[-88.28545,41.28771],[-88.3046,41.28728],[-88.32376,41.28692],[-88.34302,41.28645],[-88.36211,41.28615],[-88.36234,41.30056],[-88.36234,41.30068],[-88.3626,41.31508],[-88.3626,41.31521],[-88.36307,41.32959],[-88.36307,41.3297],[-88.36342,41.34416],[-88.36369,41.35852],[-88.36369,41.35865],[-88.36388,41.37329],[-88.3453,41.37358],[-88.34469,41.37359],[-88.3256,41.37392],[-88.30676,41.37417],[-88.30646,41.37418],[-88.28748,41.37476],[-88.26842,41.37519],[-88.24904,41.37559],[-88.24898,41.36134],[-88.24865,41.34665],[-88.24801,41.33208],[-88.24774,41.31764],[-88.24744,41.30296],[-88.24703,41.28854]]]},"properties":{"OBJECTID":282,"Join_Count":1,"TARGET_FID":282,"JOIN_FID":2998,"ASSET_NAME":"532","Feeder":"L14972","Feeder_N":"F5645","PV_HC_kW":1245,"EV_HC_kW":9630,"BESS_HC":1245,"ORIG_FID":6357,"Feeder_Q":0,"SS_N":"S0672","Queue_RD":"03/06/2026","Shape__Length_1":null,"Shape__Area":0.010004468994111448,"Shape__Length":0.40422759767476235}},{"type":"Feature","id":283,"geometry":{"type":"Polygon","coordinates":[[[-87.88518,42.32706],[-87.88522,42.31251],[-87.88522,42.31232],[-87.8854,42.298],[-87.88561,42.2834],[-87.88571,42.2689],[-87.88593,42.25439],[-87.88625,42.23985],[-87.90588,42.24006],[-87.92548,42.24019],[-87.94469,42.24037],[-87.96443,42.24039],[-87.98436,42.2406],[-88.0041,42.2406],[-88.00377,42.25525],[-88.00388,42.26939],[-88.0038,42.28404],[-88.00387,42.29862],[-88.0041,42.31319],[-88.00433,42.32767],[-87.98309,42.32772],[-87.96348,42.32749],[-87.9439,42.32743],[-87.92426,42.32735],[-87.90467,42.32727],[-87.88518,42.32706]]]},"properties":{"OBJECTID":283,"Join_Count":1,"TARGET_FID":283,"JOIN_FID":3010,"ASSET_NAME":"405","Feeder":"L16630","Feeder_N":"F1856","PV_HC_kW":10915.67,"EV_HC_kW":9510,"BESS_HC":9510,"ORIG_FID":6431,"Feeder_Q":0,"SS_N":"S0683","Queue_RD":"03/06/2026","Shape__Length_1":null,"Shape__Area":0.01031231845900038,"Shape__Length":0.41131207760361077}},{"type":"Feature","id":284,"geometry":{"type":"Polygon","coordinates":[[[-88.59674,41.48434],[-88.59632,41.47155],[-88.59632,41.47147],[-88.59632,41.47141],[-88.59621,41.46635],[-88.59602,41.45706],[-88.61532,41.45682],[-88.62499,41.45652],[-88.62499,41.45652],[-88.62396,41.45693],[-88.61535,41.4604],[-88.60584,41.46422],[-88.60009,41.46605],[-88.60013,41.46941],[-88.60024,41.47882],[-88.60027,41.4838],[-88.59734,41.48425],[-88.59735,41.48534],[-88.5969,41.48534],[-88.59678,41.48534],[-88.59675,41.48434],[-88.59674,41.48434]]]},"properties":{"OBJECTID":284,"Join_Count":1,"TARGET_FID":284,"JOIN_FID":2755,"ASSET_NAME":"372","Feeder":"J656","Feeder_N":"F1398","PV_HC_kW":0,"EV_HC_kW":300,"BESS_HC":0,"ORIG_FID":6434,"Feeder_Q":0,"SS_N":"S0731","Queue_RD":"03/06/2026","Shape__Length_1":null,"Shape__Area":0.0002197402175170282,"Shape__Length":0.1063221302023589}},{"type":"Feature","id":285,"geometry":{"type":"Polygon","coordinates":[[[-88.35969,41.02222],[-88.37938,41.02171],[-88.39819,41.02159],[-88.39853,41.02158],[-88.41751,41.02127],[-88.43677,41.02106],[-88.45558,41.02086],[-88.45586,41.02086],[-88.47011,41.02087],[-88.47018,41.03526],[-88.47006,41.04967],[-88.47006,41.04995],[-88.47032,41.06455],[-88.47011,41.07906],[-88.47023,41.0936],[-88.47032,41.10902],[-88.45931,41.10911],[-88.4517,41.1093],[-88.44031,41.10959],[-88.43246,41.1099],[-88.42078,41.11008],[-88.41547,41.11025],[-88.41338,41.11032],[-88.40142,41.11071],[-88.39419,41.11093],[-88.38206,41.11101],[-88.37502,41.11134],[-88.36326,41.11151],[-88.36253,41.0951],[-88.36192,41.08041],[-88.36148,41.06601],[-88.36082,41.05142],[-88.36053,41.03689],[-88.35969,41.02222]]]},"properties":{"OBJECTID":285,"Join_Count":1,"TARGET_FID":285,"JOIN_FID":2997,"ASSET_NAME":"621","Feeder":"L14968","Feeder_N":"F1832","PV_HC_kW":0,"EV_HC_kW":2990,"BESS_HC":0,"ORIG_FID":6436,"Feeder_Q":21553.2,"SS_N":"Networked*","Queue_RD":"03/06/2026","Shape__Length_1":null,"Shape__Area":0.009664833470424128,"Shape__Length":0.3950485515679328}},{"type":"Feature","id":286,"geometry":{"type":"Polygon","coordinates":[[[-88.238,42.06692],[-88.24244,42.06681],[-88.25758,42.06704],[-88.26356,42.06714],[-88.27701,42.06711],[-88.28277,42.0671],[-88.29633,42.06705],[-88.30193,42.06703],[-88.31571,42.06711],[-88.32147,42.06714],[-88.33543,42.06714],[-88.34097,42.06714],[-88.35509,42.06708],[-88.35468,42.08158],[-88.35448,42.09611],[-88.35448,42.09618],[-88.35458,42.11059],[-88.35458,42.11078],[-88.3544,42.12506],[-88.35441,42.13959],[-88.35439,42.1398],[-88.35445,42.15383],[-88.35445,42.15395],[-88.33581,42.15385],[-88.31624,42.15374],[-88.29652,42.15382],[-88.27712,42.15387],[-88.25761,42.15406],[-88.23856,42.15421],[-88.23849,42.15422],[-88.23856,42.13942],[-88.2385,42.12494],[-88.23827,42.1248],[-88.23833,42.11028],[-88.23822,42.09588],[-88.2382,42.08126],[-88.238,42.06692]]]},"properties":{"OBJECTID":286,"Join_Count":1,"TARGET_FID":286,"JOIN_FID":3195,"ASSET_NAME":"422","Feeder":"L7965","Feeder_N":"F2194","PV_HC_kW":11521.98,"EV_HC_kW":11000,"BESS_HC":11000,"ORIG_FID":6465,"Feeder_Q":0,"SS_N":"S0733","Queue_RD":"03/06/2026","Shape__Length_1":null,"Shape__Area":0.010092287486713758,"Shape__Length":0.4073730822463816}},{"type":"Feature","id":287,"geometry":{"type":"Polygon","coordinates":[[[-89.98531,42.45919],[-89.98487,42.4445],[-89.98487,42.44437],[-89.98413,42.43005],[-89.98412,42.42996],[-89.98412,42.42992],[-89.98356,42.41547],[-89.98356,42.41536],[-89.98299,42.40075],[-89.98298,42.40058],[-89.98298,42.40043],[-89.98226,42.38615],[-89.98225,42.38598],[-89.98225,42.38589],[-89.98209,42.38184],[-89.9818,42.37501],[-89.98166,42.37158],[-89.98189,42.37157],[-89.99998,42.37158],[-90.00174,42.37157],[-90.0018,42.37157],[-90.0024,42.37157],[-90.01917,42.37152],[-90.02149,42.37151],[-90.02158,42.37151],[-90.02167,42.37151],[-90.02213,42.37151],[-90.0413,42.37148],[-90.04184,42.37148],[-90.04984,42.37159],[-90.06092,42.37174],[-90.06101,42.37174],[-90.06115,42.37174],[-90.06147,42.37175],[-90.08105,42.37186],[-90.08109,42.37186],[-90.08132,42.37186],[-90.0818,42.37187],[-90.102,42.37208],[-90.10204,42.37208],[-90.10212,42.375],[-90.10238,42.38647],[-90.10239,42.38666],[-90.10239,42.38673],[-90.10239,42.38678],[-90.10258,42.39699],[-90.10243,42.39699],[-90.10225,42.39709],[-90.09884,42.39894],[-90.09928,42.39955],[-90.09797,42.40013],[-90.098,42.40061],[-90.1017,42.40055],[-90.10231,42.40054],[-90.10265,42.40054],[-90.10266,42.40115],[-90.10266,42.40127],[-90.10266,42.40139],[-90.10269,42.41413],[-90.10269,42.41565],[-90.10269,42.41589],[-90.10269,42.41656],[-90.10262,42.41655],[-90.09315,42.41648],[-90.09318,42.42116],[-90.09324,42.43091],[-90.06655,42.43064],[-90.0617,42.43059],[-90.06212,42.44276],[-90.0622,42.44504],[-90.05071,42.44497],[-90.04523,42.44494],[-90.04557,42.45238],[-90.06145,42.45246],[-90.06179,42.45789],[-90.08396,42.45796],[-90.08398,42.45839],[-90.10304,42.45844],[-90.10305,42.45923],[-90.10305,42.45936],[-90.08401,42.45918],[-90.08379,42.45919],[-90.08355,42.45919],[-90.08049,42.45918],[-90.07827,42.45917],[-90.06448,42.45912],[-90.06421,42.45911],[-90.06396,42.45911],[-90.04485,42.4591],[-90.04468,42.4591],[-90.04448,42.4591],[-90.04415,42.4591],[-90.03307,42.45913],[-90.02499,42.45916],[-90.02484,42.45917],[-90.0248,42.45917],[-90.02471,42.45917],[-90.00514,42.45917],[-90.00498,42.45917],[-89.99995,42.45916],[-89.99481,42.45917],[-89.98531,42.45919]]]},"properties":{"OBJECTID":287,"Join_Count":1,"TARGET_FID":287,"JOIN_FID":610,"ASSET_NAME":"191","Feeder":"B436","Feeder_N":"F5356","PV_HC_kW":0,"EV_HC_kW":520,"BESS_HC":0,"ORIG_FID":6490,"Feeder_Q":2800,"SS_N":"S0688","Queue_RD":"03/06/2026","Shape__Length_1":null,"Shape__Area":0.009028405059780198,"Shape__Length":0.5365836761097998}},{"type":"Feature","id":288,"geometry":{"type":"Polygon","coordinates":[[[-88.35432,42.24075],[-88.37427,42.24079],[-88.39359,42.24064],[-88.4129,42.24052],[-88.41337,42.24052],[-88.4322,42.2405],[-88.4331,42.2405],[-88.45174,42.24049],[-88.45273,42.24049],[-88.47189,42.24039],[-88.47212,42.25491],[-88.47208,42.26925],[-88.4723,42.28374],[-88.47229,42.29831],[-88.4723,42.31271],[-88.47236,42.32722],[-88.45293,42.32732],[-88.4333,42.32731],[-88.41384,42.32747],[-88.39412,42.32761],[-88.37454,42.32782],[-88.35464,42.32786],[-88.35497,42.31336],[-88.35468,42.29886],[-88.35477,42.28434],[-88.35477,42.28421],[-88.35472,42.26993],[-88.35473,42.26984],[-88.35457,42.25568],[-88.35432,42.24075]]]},"properties":{"OBJECTID":288,"Join_Count":1,"TARGET_FID":288,"JOIN_FID":1868,"ASSET_NAME":"401","Feeder":"E5118","Feeder_N":"F3792","PV_HC_kW":690,"EV_HC_kW":4660,"BESS_HC":690,"ORIG_FID":6501,"Feeder_Q":0,"SS_N":"S0674","Queue_RD":"03/06/2026","Shape__Length_1":null,"Shape__Area":0.01021421754990115,"Shape__Length":0.40922812956637394}},{"type":"Feature","id":289,"geometry":{"type":"Polygon","coordinates":[[[-89.16829,41.75803],[-89.16829,41.75799],[-89.16829,41.75794],[-89.16822,41.74997],[-89.16822,41.7443],[-89.16821,41.74386],[-89.16821,41.7434],[-89.16821,41.7433],[-89.16805,41.72991],[-89.16804,41.72947],[-89.16803,41.72896],[-89.16803,41.72882],[-89.1678,41.71541],[-89.16779,41.7149],[-89.16779,41.71455],[-89.16778,41.71447],[-89.1675,41.70061],[-89.16749,41.70031],[-89.16749,41.70005],[-89.16749,41.69999],[-89.16745,41.68623],[-89.16745,41.68575],[-89.16744,41.68567],[-89.16739,41.67177],[-89.1674,41.67136],[-89.1674,41.67087],[-89.18665,41.67094],[-89.18909,41.67095],[-89.18965,41.67096],[-89.18984,41.67096],[-89.19025,41.67096],[-89.20855,41.67111],[-89.20898,41.67111],[-89.20922,41.67112],[-89.20949,41.67112],[-89.228,41.67121],[-89.22824,41.67121],[-89.22873,41.67121],[-89.23466,41.67124],[-89.23646,41.67125],[-89.23805,41.67126],[-89.24752,41.67129],[-89.24759,41.67129],[-89.24799,41.67129],[-89.2499,41.6713],[-89.26656,41.67141],[-89.26696,41.67141],[-89.2672,41.67141],[-89.28567,41.67153],[-89.28624,41.67154],[-89.28624,41.6716],[-89.28611,41.68575],[-89.28611,41.68589],[-89.28583,41.70031],[-89.28583,41.70034],[-89.28583,41.70051],[-89.28583,41.70057],[-89.28563,41.71469],[-89.28563,41.71476],[-89.28549,41.72906],[-89.28548,41.72912],[-89.28548,41.72921],[-89.28508,41.74346],[-89.28508,41.7435],[-89.28508,41.74358],[-89.28507,41.7437],[-89.28505,41.75825],[-89.28398,41.75825],[-89.26753,41.75825],[-89.26457,41.75824],[-89.24811,41.75796],[-89.24579,41.75796],[-89.22924,41.75801],[-89.22871,41.75802],[-89.2266,41.75802],[-89.22657,41.75804],[-89.21333,41.75803],[-89.20944,41.75803],[-89.20779,41.75803],[-89.20727,41.75803],[-89.19024,41.75808],[-89.18798,41.75808],[-89.17701,41.75805],[-89.16865,41.75803],[-89.16829,41.75803]]]},"properties":{"OBJECTID":289,"Join_Count":1,"TARGET_FID":289,"JOIN_FID":2506,"ASSET_NAME":"304","Feeder":"H675","Feeder_N":"F3031","PV_HC_kW":16.01,"EV_HC_kW":730,"BESS_HC":16.01,"ORIG_FID":6517,"Feeder_Q":0,"SS_N":"S0285","Queue_RD":"03/06/2026","Shape__Length_1":null,"Shape__Area":0.010238242099603667,"Shape__Length":0.4095056837820331}},{"type":"Feature","id":290,"geometry":{"type":"Polygon","coordinates":[[[-88.81682,41.54414],[-88.81682,41.54404],[-88.81702,41.54403],[-88.82584,41.54381],[-88.82635,41.5438],[-88.82662,41.54379],[-88.83452,41.54359],[-88.83593,41.54355],[-88.83593,41.54355],[-88.83617,41.54355],[-88.83626,41.54354],[-88.85506,41.54317],[-88.85516,41.54317],[-88.85525,41.54316],[-88.85551,41.54316],[-88.85557,41.54316],[-88.87456,41.54277],[-88.87473,41.54277],[-88.87495,41.54276],[-88.89404,41.54225],[-88.89466,41.54223],[-88.89718,41.54216],[-88.91314,41.54173],[-88.92495,41.54151],[-88.92514,41.54151],[-88.93677,41.54129],[-88.93684,41.54298],[-88.93686,41.54359],[-88.93687,41.54377],[-88.93699,41.54904],[-88.93714,41.55563],[-88.93714,41.55571],[-88.93715,41.55578],[-88.93715,41.55586],[-88.93739,41.56834],[-88.93743,41.57018],[-88.93745,41.57023],[-88.93744,41.57039],[-88.9378,41.58474],[-88.9378,41.58488],[-88.93791,41.59166],[-88.93803,41.59926],[-88.93803,41.5994],[-88.93826,41.61378],[-88.93826,41.61393],[-88.93867,41.62485],[-88.93876,41.62809],[-88.93877,41.62833],[-88.93862,41.62833],[-88.93368,41.62849],[-88.92676,41.62873],[-88.92479,41.6288],[-88.92024,41.62889],[-88.91518,41.629],[-88.91508,41.629],[-88.91498,41.629],[-88.912,41.62909],[-88.89569,41.62956],[-88.89563,41.62956],[-88.87631,41.62991],[-88.87498,41.62994],[-88.87166,41.62993],[-88.85722,41.63036],[-88.85707,41.63037],[-88.85681,41.63038],[-88.8378,41.63088],[-88.83769,41.63089],[-88.83754,41.63089],[-88.83162,41.63101],[-88.8183,41.63129],[-88.81819,41.62503],[-88.81789,41.61669],[-88.81789,41.61663],[-88.81772,41.60228],[-88.81772,41.60216],[-88.81771,41.60202],[-88.81745,41.5877],[-88.81744,41.58765],[-88.81718,41.57338],[-88.81718,41.5733],[-88.81718,41.57315],[-88.81695,41.55865],[-88.81694,41.55848],[-88.81693,41.55576],[-88.81686,41.54826],[-88.81686,41.54787],[-88.81683,41.54423],[-88.81682,41.54414]]]},"properties":{"OBJECTID":290,"Join_Count":1,"TARGET_FID":290,"JOIN_FID":2486,"ASSET_NAME":"345","Feeder":"H501","Feeder_N":"F3311","PV_HC_kW":0,"EV_HC_kW":680,"BESS_HC":0,"ORIG_FID":6521,"Feeder_Q":0,"SS_N":"S0668","Queue_RD":"03/06/2026","Shape__Length_1":null,"Shape__Area":0.010497516618443115,"Shape__Length":0.414819545399625}},{"type":"Feature","id":291,"geometry":{"type":"Polygon","coordinates":[[[-88.02493,41.55413],[-88.04404,41.55359],[-88.06326,41.5531],[-88.08247,41.55261],[-88.10176,41.55217],[-88.121,41.55167],[-88.14164,41.55105],[-88.14226,41.56555],[-88.14279,41.58011],[-88.14335,41.59467],[-88.14394,41.60894],[-88.14442,41.62356],[-88.14506,41.63831],[-88.12423,41.63878],[-88.12403,41.63878],[-88.10464,41.63927],[-88.10446,41.63927],[-88.08549,41.63992],[-88.08511,41.63993],[-88.06618,41.6405],[-88.06583,41.6405],[-88.04681,41.64087],[-88.04666,41.64087],[-88.02772,41.64132],[-88.02727,41.62674],[-88.0267,41.61245],[-88.02629,41.59787],[-88.0257,41.58318],[-88.0254,41.56875],[-88.02493,41.55413]]]},"properties":{"OBJECTID":291,"Join_Count":1,"TARGET_FID":291,"JOIN_FID":3037,"ASSET_NAME":"484","Feeder":"L1862","Feeder_N":"F1878","PV_HC_kW":17087.65,"EV_HC_kW":5920,"BESS_HC":5920,"ORIG_FID":6585,"Feeder_Q":0,"SS_N":"S0524","Queue_RD":"03/06/2026","Shape__Length_1":null,"Shape__Area":0.010222661931493349,"Shape__Length":0.40870608621068044}},{"type":"Feature","id":292,"geometry":{"type":"Polygon","coordinates":[[[-87.62478,41.91122],[-87.62902,41.91115],[-87.64809,41.91083],[-87.66754,41.91053],[-87.68708,41.91025],[-87.68752,41.92487],[-87.68788,41.93944],[-87.68823,41.95396],[-87.68871,41.96857],[-87.68916,41.98311],[-87.68958,41.99773],[-87.67004,41.99801],[-87.65517,41.9982],[-87.65494,41.99818],[-87.65487,41.99814],[-87.65475,41.99807],[-87.65485,41.9975],[-87.65479,41.99705],[-87.65445,41.99699],[-87.65442,41.99698],[-87.6544,41.99652],[-87.65439,41.99642],[-87.65453,41.99632],[-87.65468,41.99621],[-87.65468,41.9962],[-87.65468,41.99591],[-87.65467,41.99556],[-87.65467,41.99553],[-87.65466,41.99531],[-87.65465,41.99461],[-87.65464,41.99461],[-87.65461,41.99458],[-87.65461,41.99458],[-87.65452,41.99452],[-87.65451,41.99451],[-87.65443,41.99445],[-87.65447,41.99391],[-87.65448,41.99386],[-87.65451,41.99378],[-87.65466,41.99336],[-87.65465,41.99334],[-87.65461,41.99299],[-87.65459,41.9928],[-87.65422,41.99272],[-87.6542,41.99263],[-87.65418,41.99248],[-87.65416,41.99235],[-87.65422,41.99229],[-87.65423,41.99229],[-87.65454,41.992],[-87.65446,41.99118],[-87.65441,41.99102],[-87.6544,41.99098],[-87.65437,41.99091],[-87.65436,41.99086],[-87.65434,41.99081],[-87.65432,41.99075],[-87.6542,41.99037],[-87.65419,41.99034],[-87.65415,41.9902],[-87.6542,41.9902],[-87.65463,41.99012],[-87.65471,41.99011],[-87.65484,41.9901],[-87.65481,41.99002],[-87.65466,41.9896],[-87.65461,41.98946],[-87.6546,41.98941],[-87.65449,41.98886],[-87.65457,41.98875],[-87.65434,41.98859],[-87.6543,41.98855],[-87.65426,41.98851],[-87.65405,41.98826],[-87.65382,41.98798],[-87.65355,41.98765],[-87.6533,41.9874],[-87.65169,41.98575],[-87.65098,41.9853],[-87.6502,41.98496],[-87.65049,41.98401],[-87.6505,41.98398],[-87.65052,41.9839],[-87.65056,41.9837],[-87.65075,41.98263],[-87.65078,41.98242],[-87.6508,41.98232],[-87.65077,41.98137],[-87.65075,41.98128],[-87.65072,41.98116],[-87.65051,41.98034],[-87.65019,41.97976],[-87.65035,41.9794],[-87.65036,41.97939],[-87.65046,41.97917],[-87.65034,41.97881],[-87.64958,41.97761],[-87.64954,41.97763],[-87.64902,41.97782],[-87.64848,41.97782],[-87.64838,41.97781],[-87.64757,41.97772],[-87.64693,41.97758],[-87.64691,41.97757],[-87.6468,41.97747],[-87.64651,41.97722],[-87.64639,41.9769],[-87.64637,41.97685],[-87.64637,41.97684],[-87.64633,41.97675],[-87.64631,41.97643],[-87.64607,41.97267],[-87.64606,41.97262],[-87.64601,41.97253],[-87.64532,41.97124],[-87.64386,41.96942],[-87.64342,41.96899],[-87.64338,41.96896],[-87.64276,41.96836],[-87.64268,41.96831],[-87.6426,41.96826],[-87.64215,41.96795],[-87.64123,41.96733],[-87.64076,41.96702],[-87.63903,41.96613],[-87.63888,41.96609],[-87.63666,41.96546],[-87.63433,41.96517],[-87.63232,41.96515],[-87.63203,41.96515],[-87.63181,41.96514],[-87.63139,41.96342],[-87.63138,41.96336],[-87.63137,41.96334],[-87.63136,41.9633],[-87.63136,41.96329],[-87.63135,41.9631],[-87.63135,41.96304],[-87.63134,41.96286],[-87.63146,41.96279],[-87.63149,41.96277],[-87.63204,41.96242],[-87.63209,41.96239],[-87.63242,41.96226],[-87.63242,41.96226],[-87.63353,41.96178],[-87.63402,41.96158],[-87.63619,41.95984],[-87.63642,41.95977],[-87.63656,41.95972],[-87.63703,41.95957],[-87.63812,41.95948],[-87.63998,41.95981],[-87.64065,41.96003],[-87.64069,41.96004],[-87.64078,41.96036],[-87.64067,41.96067],[-87.64043,41.96082],[-87.63973,41.96068],[-87.63854,41.96025],[-87.63753,41.96038],[-87.63654,41.96079],[-87.6352,41.962],[-87.63519,41.9623],[-87.63557,41.96269],[-87.63641,41.96278],[-87.64143,41.96232],[-87.64206,41.96166],[-87.64206,41.96102],[-87.64152,41.96034],[-87.64148,41.96002],[-87.6415,41.95937],[-87.6415,41.95935],[-87.64151,41.95931],[-87.64151,41.95929],[-87.64154,41.95849],[-87.64154,41.95849],[-87.64156,41.9583],[-87.64155,41.95823],[-87.64156,41.95788],[-87.64126,41.95595],[-87.64113,41.95516],[-87.64106,41.95472],[-87.64102,41.9546],[-87.64102,41.9546],[-87.64016,41.95222],[-87.63946,41.9509],[-87.63914,41.9503],[-87.63914,41.9503],[-87.63895,41.94994],[-87.63866,41.94943],[-87.63784,41.94764],[-87.63721,41.94687],[-87.63721,41.94687],[-87.63712,41.94672],[-87.63708,41.94667],[-87.63706,41.94665],[-87.63654,41.94606],[-87.63653,41.94606],[-87.63623,41.94569],[-87.63418,41.94366],[-87.63382,41.94333],[-87.63324,41.94274],[-87.63319,41.94263],[-87.63314,41.94249],[-87.63317,41.94227],[-87.63317,41.94226],[-87.63327,41.94216],[-87.63334,41.94213],[-87.63374,41.94219],[-87.63388,41.94252],[-87.63417,41.94301],[-87.6346,41.94309],[-87.63537,41.94284],[-87.63586,41.94284],[-87.63609,41.94302],[-87.63695,41.94454],[-87.63683,41.94485],[-87.63741,41.94574],[-87.63851,41.94604],[-87.63895,41.94618],[-87.63969,41.94619],[-87.64025,41.94646],[-87.64025,41.94661],[-87.64101,41.94735],[-87.64173,41.94784],[-87.64205,41.94783],[-87.64194,41.94746],[-87.64099,41.94667],[-87.64002,41.9458],[-87.64032,41.9447],[-87.63953,41.94354],[-87.63907,41.94333],[-87.6385,41.94238],[-87.63841,41.94135],[-87.63805,41.94076],[-87.63737,41.94016],[-87.63679,41.93967],[-87.63624,41.93943],[-87.6356,41.93959],[-87.63487,41.94015],[-87.63464,41.94086],[-87.63448,41.94151],[-87.63397,41.94151],[-87.63396,41.94147],[-87.634,41.94143],[-87.634,41.94142],[-87.634,41.94141],[-87.63399,41.94117],[-87.63399,41.94106],[-87.63398,41.9408],[-87.634,41.94067],[-87.63402,41.94058],[-87.63406,41.94032],[-87.63392,41.93999],[-87.63385,41.93984],[-87.63337,41.93874],[-87.63335,41.9387],[-87.63335,41.9387],[-87.63269,41.93767],[-87.63216,41.93685],[-87.632,41.93587],[-87.63195,41.9358],[-87.63156,41.93502],[-87.63122,41.93458],[-87.63122,41.93458],[-87.63117,41.93451],[-87.63109,41.93442],[-87.63066,41.93387],[-87.63063,41.93383],[-87.63045,41.9336],[-87.63047,41.93343],[-87.63048,41.93332],[-87.63049,41.93322],[-87.63067,41.9331],[-87.63078,41.93303],[-87.6311,41.93297],[-87.6311,41.93297],[-87.63125,41.93294],[-87.63132,41.93285],[-87.63138,41.93278],[-87.63139,41.93276],[-87.63143,41.9327],[-87.63148,41.93265],[-87.63193,41.9326],[-87.63193,41.93257],[-87.63193,41.93238],[-87.63138,41.93232],[-87.63133,41.93231],[-87.63091,41.9321],[-87.63092,41.93156],[-87.63103,41.93087],[-87.63103,41.93087],[-87.63111,41.9305],[-87.63108,41.9296],[-87.63103,41.92941],[-87.631,41.92886],[-87.63082,41.92859],[-87.63074,41.92838],[-87.63054,41.92789],[-87.62991,41.92723],[-87.62962,41.9268],[-87.62951,41.92643],[-87.62954,41.9264],[-87.62963,41.92626],[-87.62975,41.92609],[-87.62975,41.92609],[-87.62982,41.92599],[-87.62991,41.92597],[-87.62979,41.92558],[-87.62972,41.92545],[-87.62972,41.92545],[-87.62965,41.92514],[-87.62935,41.9247],[-87.62944,41.92455],[-87.62951,41.92443],[-87.62958,41.9243],[-87.62883,41.92313],[-87.62877,41.92292],[-87.62889,41.92284],[-87.62902,41.92275],[-87.62931,41.92254],[-87.62936,41.9225],[-87.62939,41.92248],[-87.62937,41.92245],[-87.62943,41.92241],[-87.62911,41.9217],[-87.62864,41.92101],[-87.62863,41.92099],[-87.62877,41.92085],[-87.62877,41.92085],[-87.62884,41.92078],[-87.62892,41.9207],[-87.62896,41.92066],[-87.62895,41.92064],[-87.62897,41.92062],[-87.62872,41.92029],[-87.62849,41.91995],[-87.62815,41.91943],[-87.62839,41.91924],[-87.62839,41.91924],[-87.6284,41.91924],[-87.62844,41.9192],[-87.62845,41.9192],[-87.6285,41.91916],[-87.62844,41.91908],[-87.62849,41.91904],[-87.62756,41.91787],[-87.62764,41.91776],[-87.62764,41.91776],[-87.62776,41.91761],[-87.62771,41.91755],[-87.62772,41.91754],[-87.62753,41.91708],[-87.62678,41.91637],[-87.62679,41.9163],[-87.62679,41.91629],[-87.62679,41.91625],[-87.62679,41.91623],[-87.62679,41.9162],[-87.62678,41.91619],[-87.62688,41.91602],[-87.62566,41.91523],[-87.62418,41.91421],[-87.6234,41.91382],[-87.62257,41.91352],[-87.62172,41.91348],[-87.62123,41.9136],[-87.62026,41.9141],[-87.62025,41.91409],[-87.62026,41.91378],[-87.62026,41.91377],[-87.62026,41.91369],[-87.62037,41.91348],[-87.62038,41.91348],[-87.62046,41.91333],[-87.62094,41.91305],[-87.6211,41.91302],[-87.62121,41.913],[-87.62182,41.9129],[-87.62204,41.91287],[-87.62228,41.91283],[-87.6225,41.91279],[-87.62282,41.91263],[-87.62288,41.91262],[-87.62296,41.91256],[-87.62334,41.91236],[-87.62433,41.91156],[-87.62435,41.91153],[-87.62446,41.91143],[-87.62478,41.91122]]]},"properties":{"OBJECTID":292,"Join_Count":1,"TARGET_FID":292,"JOIN_FID":4360,"ASSET_NAME":"448","Feeder":"X11044","Feeder_N":"F0442","PV_HC_kW":1033.06,"EV_HC_kW":960,"BESS_HC":960,"ORIG_FID":6671,"Feeder_Q":0,"SS_N":"S0645","Queue_RD":"03/06/2026","Shape__Length_1":null,"Shape__Area":0.004261617035353993,"Shape__Length":0.355169176513269}},{"type":"Feature","id":293,"geometry":{"type":"Polygon","coordinates":[[[-89.51649,42.50186],[-89.51635,42.49017],[-89.51634,42.48996],[-89.51649,42.47578],[-89.51649,42.47564],[-89.51649,42.47555],[-89.51656,42.46113],[-89.53589,42.46105],[-89.53603,42.46105],[-89.53615,42.46106],[-89.54408,42.46106],[-89.55557,42.46108],[-89.55573,42.46108],[-89.56814,42.4611],[-89.57536,42.46111],[-89.5754,42.46111],[-89.57552,42.46111],[-89.59469,42.46123],[-89.59477,42.46121],[-89.59482,42.46121],[-89.59504,42.46121],[-89.61408,42.46126],[-89.61414,42.46126],[-89.61417,42.46126],[-89.61445,42.46125],[-89.62494,42.46119],[-89.63429,42.46102],[-89.63435,42.47537],[-89.63435,42.47568],[-89.63435,42.47581],[-89.63435,42.47602],[-89.63439,42.48973],[-89.63439,42.49005],[-89.63439,42.49042],[-89.63439,42.49051],[-89.63431,42.50427],[-89.63431,42.5043],[-89.63431,42.5043],[-89.63432,42.50436],[-89.63432,42.50449],[-89.62401,42.5042],[-89.62161,42.50414],[-89.62161,42.50414],[-89.61422,42.50397],[-89.61422,42.50397],[-89.61369,42.50395],[-89.61368,42.50395],[-89.61349,42.50394],[-89.61336,42.50394],[-89.60415,42.50367],[-89.60297,42.50368],[-89.59574,42.5035],[-89.59535,42.50348],[-89.59361,42.50345],[-89.59165,42.50336],[-89.59165,42.50336],[-89.59165,42.50336],[-89.59165,42.50336],[-89.59165,42.50336],[-89.58404,42.50303],[-89.57448,42.50283],[-89.57443,42.50275],[-89.57396,42.50274],[-89.56474,42.50258],[-89.55569,42.50243],[-89.5555,42.50242],[-89.55518,42.50241],[-89.55514,42.50241],[-89.55505,42.50241],[-89.55504,42.50241],[-89.54519,42.5022],[-89.53579,42.50211],[-89.53579,42.50211],[-89.53528,42.5021],[-89.52589,42.50198],[-89.51649,42.50186]]]},"properties":{"OBJECTID":293,"Join_Count":1,"TARGET_FID":293,"JOIN_FID":616,"ASSET_NAME":"253","Feeder":"B475","Feeder_N":"F5368","PV_HC_kW":0,"EV_HC_kW":150,"BESS_HC":0,"ORIG_FID":6838,"Feeder_Q":0,"SS_N":"S0653","Queue_RD":"03/06/2026","Shape__Length_1":null,"Shape__Area":0.004933309777698014,"Shape__Length":0.31983953668588594}},{"type":"Feature","id":294,"geometry":{"type":"Polygon","coordinates":[[[-88.47189,42.24039],[-88.47187,42.22592],[-88.47195,42.21149],[-88.47197,42.19699],[-88.47188,42.1824],[-88.47192,42.16793],[-88.47187,42.15344],[-88.49133,42.15336],[-88.5,42.15352],[-88.5,42.15361],[-88.50585,42.15363],[-88.51076,42.15365],[-88.51081,42.15365],[-88.51089,42.15365],[-88.51094,42.15365],[-88.511,42.15365],[-88.51108,42.15365],[-88.53017,42.15365],[-88.53028,42.15365],[-88.53043,42.15365],[-88.53062,42.15365],[-88.54962,42.15365],[-88.54971,42.15365],[-88.54975,42.15365],[-88.54983,42.15365],[-88.54988,42.15365],[-88.54993,42.15365],[-88.56406,42.15362],[-88.56908,42.15361],[-88.56912,42.15361],[-88.56918,42.15361],[-88.56924,42.15361],[-88.56928,42.15361],[-88.56934,42.15361],[-88.56943,42.15361],[-88.58833,42.15362],[-88.58849,42.15362],[-88.58861,42.16808],[-88.58861,42.16811],[-88.58861,42.16816],[-88.58861,42.1682],[-88.58869,42.18241],[-88.58869,42.18252],[-88.58869,42.18259],[-88.58874,42.19684],[-88.58875,42.19699],[-88.58875,42.19706],[-88.58877,42.21126],[-88.58876,42.21149],[-88.58877,42.21157],[-88.58881,42.22573],[-88.58881,42.22586],[-88.58881,42.22603],[-88.58894,42.24056],[-88.58864,42.24056],[-88.56973,42.2406],[-88.56966,42.2406],[-88.5696,42.2406],[-88.56946,42.2406],[-88.55033,42.24065],[-88.55015,42.24065],[-88.54999,42.24065],[-88.53063,42.24065],[-88.53036,42.24064],[-88.5111,42.24057],[-88.51105,42.24057],[-88.5107,42.24057],[-88.50005,42.24054],[-88.50005,42.24062],[-88.49149,42.24051],[-88.47189,42.24039]]]},"properties":{"OBJECTID":294,"Join_Count":1,"TARGET_FID":294,"JOIN_FID":2953,"ASSET_NAME":"410","Feeder":"L12372","Feeder_N":"F1760","PV_HC_kW":8127.9,"EV_HC_kW":2300,"BESS_HC":2300,"ORIG_FID":6845,"Feeder_Q":0,"SS_N":"S0655","Queue_RD":"03/06/2026","Shape__Length_1":null,"Shape__Area":0.010162454100282048,"Shape__Length":0.40774408499324993}},{"type":"Feature","id":295,"geometry":{"type":"MultiPolygon","coordinates":[[[[-90.10258,42.39699],[-90.10239,42.38678],[-90.10239,42.38673],[-90.10239,42.38666],[-90.10238,42.38647],[-90.10212,42.375],[-90.10204,42.37208],[-90.10221,42.37782],[-90.10224,42.37883],[-90.10226,42.37938],[-90.10231,42.38219],[-90.10232,42.38263],[-90.10232,42.38292],[-90.10628,42.38059],[-90.10725,42.38001],[-90.10864,42.37999],[-90.10867,42.38056],[-90.10867,42.38211],[-90.1075,42.38213],[-90.10357,42.38482],[-90.10353,42.38523],[-90.10519,42.38448],[-90.10524,42.38628],[-90.10721,42.38617],[-90.10729,42.38931],[-90.10328,42.38937],[-90.10314,42.38937],[-90.10324,42.39634],[-90.1051,42.39631],[-90.10511,42.39697],[-90.10269,42.39699],[-90.10258,42.39699]]],[[[-90.10395,42.40052],[-90.10619,42.40049],[-90.10623,42.40125],[-90.10608,42.40125],[-90.10609,42.40143],[-90.10318,42.40149],[-90.10271,42.40216],[-90.10266,42.40223],[-90.10268,42.4084],[-90.10268,42.4087],[-90.10269,42.41413],[-90.10266,42.40139],[-90.10266,42.40127],[-90.10266,42.40115],[-90.10265,42.40054],[-90.10395,42.40052]]],[[[-90.12388,42.45958],[-90.12322,42.45956],[-90.11314,42.45958],[-90.10414,42.45938],[-90.10305,42.45936],[-90.10305,42.45923],[-90.10304,42.45844],[-90.10334,42.45844],[-90.12325,42.45848],[-90.12928,42.45849],[-90.12926,42.45755],[-90.12925,42.4569],[-90.12916,42.45335],[-90.12913,42.45197],[-90.13027,42.45195],[-90.13027,42.45193],[-90.14309,42.45169],[-90.14309,42.45173],[-90.14386,42.45171],[-90.14405,42.45755],[-90.14409,42.45853],[-90.16308,42.45857],[-90.16398,42.45858],[-90.16395,42.45756],[-90.16381,42.45293],[-90.16971,42.45285],[-90.17571,42.45276],[-90.17585,42.45756],[-90.17588,42.45859],[-90.18276,42.4586],[-90.22241,42.45867],[-90.22269,42.45867],[-90.22271,42.45954],[-90.20291,42.45941],[-90.20239,42.45941],[-90.1829,42.45944],[-90.18268,42.45945],[-90.16304,42.45948],[-90.16297,42.45948],[-90.16289,42.45948],[-90.15467,42.4595],[-90.1432,42.45953],[-90.14306,42.45953],[-90.12495,42.4596],[-90.12388,42.45958]]]]},"properties":{"OBJECTID":295,"Join_Count":0,"TARGET_FID":295,"JOIN_FID":-1,"ASSET_NAME":"172","Feeder":null,"Feeder_N":null,"PV_HC_kW":null,"EV_HC_kW":null,"BESS_HC":0,"ORIG_FID":6846,"Feeder_Q":null,"SS_N":null,"Queue_RD":null,"Shape__Length_1":null,"Shape__Area":0.0003227531026368524,"Shape__Length":0.37606969019798525}},{"type":"Feature","id":296,"geometry":{"type":"Polygon","coordinates":[[[-88.47146,42.49474],[-88.47152,42.48673],[-88.47152,42.48656],[-88.47174,42.47226],[-88.47173,42.47213],[-88.47177,42.45764],[-88.47202,42.44317],[-88.47197,42.42872],[-88.47185,42.41424],[-88.49193,42.41438],[-88.51096,42.41449],[-88.53025,42.41461],[-88.53057,42.41461],[-88.5497,42.41466],[-88.55015,42.41467],[-88.55028,42.41467],[-88.56565,42.41466],[-88.56928,42.41465],[-88.56947,42.41465],[-88.56961,42.41465],[-88.56982,42.41465],[-88.58887,42.41478],[-88.58899,42.41478],[-88.58903,42.41478],[-88.58903,42.41483],[-88.58915,42.42918],[-88.58915,42.42922],[-88.58915,42.42925],[-88.58915,42.42931],[-88.58917,42.44338],[-88.58917,42.44373],[-88.58917,42.44385],[-88.58921,42.45804],[-88.58921,42.4582],[-88.58921,42.4583],[-88.58921,42.45834],[-88.58919,42.4723],[-88.58919,42.47235],[-88.58919,42.47256],[-88.58919,42.47271],[-88.58919,42.47298],[-88.58917,42.47929],[-88.58913,42.48692],[-88.58913,42.48713],[-88.58913,42.48717],[-88.58913,42.48735],[-88.58914,42.48822],[-88.58922,42.49495],[-88.58909,42.49494],[-88.56957,42.4949],[-88.56937,42.4949],[-88.55005,42.49485],[-88.54997,42.49485],[-88.53054,42.4948],[-88.53036,42.4948],[-88.5107,42.49474],[-88.51064,42.49474],[-88.49093,42.49475],[-88.47146,42.49474]]]},"properties":{"OBJECTID":296,"Join_Count":1,"TARGET_FID":296,"JOIN_FID":556,"ASSET_NAME":"380","Feeder":"B182","Feeder_N":"F5248","PV_HC_kW":0,"EV_HC_kW":30,"BESS_HC":0,"ORIG_FID":6847,"Feeder_Q":4400,"SS_N":"S0655","Queue_RD":"03/06/2026","Shape__Length_1":null,"Shape__Area":0.009419847954859506,"Shape__Length":0.395608596446081}},{"type":"Feature","id":297,"geometry":{"type":"Polygon","coordinates":[[[-89.17271,42.15022],[-89.17271,42.14912],[-89.17266,42.14503],[-89.17259,42.13838],[-89.17258,42.13623],[-89.17258,42.13571],[-89.17257,42.13057],[-89.17255,42.12502],[-89.17253,42.12163],[-89.17253,42.12135],[-89.1725,42.11606],[-89.17296,42.11606],[-89.18041,42.11606],[-89.18059,42.11606],[-89.18063,42.11606],[-89.18114,42.11606],[-89.20013,42.11606],[-89.20027,42.11607],[-89.20037,42.11607],[-89.20056,42.11607],[-89.2196,42.11617],[-89.21967,42.11617],[-89.21978,42.11617],[-89.23919,42.11621],[-89.23923,42.11621],[-89.23932,42.11621],[-89.25841,42.11667],[-89.278,42.11667],[-89.27798,42.1313],[-89.27802,42.14555],[-89.27809,42.14555],[-89.27842,42.16008],[-89.27873,42.17485],[-89.27863,42.18977],[-89.27906,42.20339],[-89.25962,42.20382],[-89.24993,42.20334],[-89.24062,42.20345],[-89.23989,42.20346],[-89.22115,42.20367],[-89.22028,42.20368],[-89.20184,42.20389],[-89.20113,42.2039],[-89.20058,42.20391],[-89.18236,42.20416],[-89.18127,42.20417],[-89.17289,42.20429],[-89.17286,42.19382],[-89.17285,42.19125],[-89.17284,42.1886],[-89.17284,42.1884],[-89.17277,42.17903],[-89.17275,42.17435],[-89.17274,42.17397],[-89.17271,42.16953],[-89.17271,42.16829],[-89.17273,42.1646],[-89.17274,42.16262],[-89.17275,42.15942],[-89.17276,42.15654],[-89.17277,42.15506],[-89.17271,42.15022]]]},"properties":{"OBJECTID":297,"Join_Count":1,"TARGET_FID":297,"JOIN_FID":592,"ASSET_NAME":"299","Feeder":"B295","Feeder_N":"F5320","PV_HC_kW":85.83,"EV_HC_kW":570,"BESS_HC":85.83,"ORIG_FID":6850,"Feeder_Q":0,"SS_N":"S0686","Queue_RD":"03/06/2026","Shape__Length_1":null,"Shape__Area":0.009243036694897455,"Shape__Length":0.38672676094138597}},{"type":"Feature","id":298,"geometry":{"type":"Polygon","coordinates":[[[-88.35514,42.4945],[-88.35512,42.48661],[-88.35508,42.47214],[-88.35504,42.4577],[-88.35509,42.44325],[-88.35506,42.42874],[-88.3553,42.41426],[-88.37489,42.41422],[-88.39421,42.41438],[-88.41367,42.4144],[-88.41373,42.41439],[-88.4333,42.41429],[-88.43343,42.4143],[-88.45267,42.41425],[-88.45283,42.41425],[-88.47185,42.41424],[-88.47197,42.42872],[-88.47202,42.44317],[-88.47177,42.45764],[-88.47173,42.47213],[-88.47174,42.47226],[-88.47152,42.48656],[-88.47152,42.48673],[-88.47146,42.49474],[-88.4521,42.4946],[-88.43206,42.49447],[-88.41277,42.49463],[-88.39381,42.49458],[-88.37447,42.49462],[-88.35514,42.4945]]]},"properties":{"OBJECTID":298,"Join_Count":1,"TARGET_FID":298,"JOIN_FID":1734,"ASSET_NAME":"381","Feeder":"E176","Feeder_N":"F3526","PV_HC_kW":0,"EV_HC_kW":0,"BESS_HC":0,"ORIG_FID":6858,"Feeder_Q":7000,"SS_N":"S0188","Queue_RD":"03/06/2026","Shape__Length_1":null,"Shape__Area":0.009369960818958134,"Shape__Length":0.3936120971910031}},{"type":"Feature","id":299,"geometry":{"type":"Polygon","coordinates":[[[-88.03225,41.90435],[-88.05186,41.90386],[-88.05279,41.90377],[-88.07163,41.90321],[-88.07203,41.9032],[-88.07203,41.90315],[-88.09106,41.90251],[-88.09171,41.90251],[-88.11049,41.90201],[-88.1115,41.90197],[-88.13031,41.90133],[-88.13124,41.90129],[-88.14571,41.90074],[-88.14555,41.91526],[-88.14553,41.91545],[-88.14546,41.92996],[-88.14538,41.94451],[-88.14538,41.94467],[-88.14525,41.95913],[-88.14514,41.97353],[-88.1451,41.97392],[-88.14485,41.98819],[-88.12981,41.98874],[-88.12897,41.98877],[-88.11024,41.9897],[-88.1096,41.98972],[-88.09069,41.99054],[-88.09,41.99057],[-88.07031,41.99132],[-88.0509,41.99181],[-88.03119,41.99248],[-88.03119,41.9781],[-88.03119,41.97797],[-88.03142,41.96356],[-88.03142,41.96343],[-88.03147,41.94865],[-88.03147,41.94854],[-88.03182,41.9337],[-88.03193,41.91902],[-88.03225,41.90435]]]},"properties":{"OBJECTID":299,"Join_Count":1,"TARGET_FID":299,"JOIN_FID":3196,"ASSET_NAME":"444","Feeder":"L7966","Feeder_N":"F2196","PV_HC_kW":6300.75,"EV_HC_kW":8630,"BESS_HC":6300.75,"ORIG_FID":6864,"Feeder_Q":0,"SS_N":"S0733","Queue_RD":"03/06/2026","Shape__Length_1":null,"Shape__Area":0.009990376365522025,"Shape__Length":0.4029175003364432}},{"type":"Feature","id":300,"geometry":{"type":"Polygon","coordinates":[[[-88.82797,41.89241],[-88.82792,41.88214],[-88.8279,41.87807],[-88.8279,41.87784],[-88.8279,41.87778],[-88.82793,41.87501],[-88.82786,41.86334],[-88.82786,41.8633],[-88.82786,41.86322],[-88.82787,41.8489],[-88.82787,41.84884],[-88.82787,41.84869],[-88.82787,41.84864],[-88.82793,41.83667],[-88.82794,41.8342],[-88.82794,41.83417],[-88.82794,41.83413],[-88.82812,41.81965],[-88.82812,41.81957],[-88.82812,41.81953],[-88.82802,41.80508],[-88.82802,41.80494],[-88.82807,41.80494],[-88.8474,41.80489],[-88.84748,41.80489],[-88.86689,41.80482],[-88.86747,41.80482],[-88.86758,41.80481],[-88.87494,41.80479],[-88.87931,41.80478],[-88.8863,41.80475],[-88.88694,41.80475],[-88.90073,41.80469],[-88.90558,41.80467],[-88.90564,41.80467],[-88.90602,41.80465],[-88.90623,41.80464],[-88.92505,41.80461],[-88.92534,41.80461],[-88.92559,41.80461],[-88.94079,41.80449],[-88.94115,41.80449],[-88.94115,41.80468],[-88.9412,41.819],[-88.94119,41.81912],[-88.94116,41.81919],[-88.94117,41.81923],[-88.94127,41.83355],[-88.94128,41.83385],[-88.94128,41.8339],[-88.94123,41.8481],[-88.94123,41.84822],[-88.94123,41.84836],[-88.94123,41.86255],[-88.94122,41.86258],[-88.94121,41.86286],[-88.9412,41.86292],[-88.9412,41.8631],[-88.94112,41.875],[-88.9411,41.87711],[-88.9411,41.87714],[-88.9411,41.87729],[-88.9411,41.87738],[-88.94109,41.89178],[-88.9252,41.89186],[-88.92497,41.89186],[-88.90578,41.89201],[-88.90536,41.89202],[-88.90504,41.89202],[-88.88627,41.89212],[-88.87499,41.89218],[-88.86696,41.89224],[-88.86685,41.89224],[-88.84793,41.89231],[-88.84788,41.89231],[-88.8475,41.89232],[-88.84744,41.89232],[-88.82813,41.89242],[-88.82797,41.89241]]]},"properties":{"OBJECTID":300,"Join_Count":1,"TARGET_FID":300,"JOIN_FID":645,"ASSET_NAME":"342","Feeder":"B7504","Feeder_N":"F5424","PV_HC_kW":0,"EV_HC_kW":2360,"BESS_HC":0,"ORIG_FID":6950,"Feeder_Q":5070,"SS_N":"S0559","Queue_RD":"03/06/2026","Shape__Length_1":null,"Shape__Area":0.009893843221789211,"Shape__Length":0.40104021080966934}},{"type":"Feature","id":301,"geometry":{"type":"Polygon","coordinates":[[[-88.01152,41.20556],[-88.03116,41.20523],[-88.04987,41.20501],[-88.07009,41.20468],[-88.08953,41.20439],[-88.10841,41.20398],[-88.1283,41.20373],[-88.129,41.21832],[-88.12967,41.23298],[-88.13023,41.24736],[-88.13074,41.26199],[-88.13109,41.27654],[-88.13119,41.27995],[-88.13155,41.291],[-88.11633,41.29133],[-88.11208,41.29142],[-88.11078,41.29145],[-88.09299,41.29162],[-88.09135,41.29163],[-88.07384,41.29182],[-88.07166,41.29184],[-88.0545,41.29197],[-88.05225,41.29199],[-88.03507,41.29216],[-88.03282,41.29218],[-88.01593,41.29238],[-88.01382,41.2924],[-88.01355,41.27811],[-88.01328,41.26377],[-88.01328,41.26374],[-88.01266,41.24915],[-88.01215,41.23454],[-88.01183,41.22025],[-88.01152,41.20556]]]},"properties":{"OBJECTID":301,"Join_Count":1,"TARGET_FID":301,"JOIN_FID":2627,"ASSET_NAME":"564","Feeder":"J325","Feeder_N":"F2745","PV_HC_kW":585.94,"EV_HC_kW":70,"BESS_HC":70,"ORIG_FID":6953,"Feeder_Q":29.99,"SS_N":"S0304","Queue_RD":"03/06/2026","Shape__Length_1":null,"Shape__Area":0.010235848686079407,"Shape__Length":0.4087407902894476}},{"type":"Feature","id":302,"geometry":{"type":"Polygon","coordinates":[[[-89.28155,42.37602],[-89.28178,42.37602],[-89.301,42.37567],[-89.30106,42.37567],[-89.30115,42.37566],[-89.30119,42.37566],[-89.32013,42.37547],[-89.32034,42.37547],[-89.33968,42.3754],[-89.33979,42.3754],[-89.359,42.37538],[-89.35928,42.37537],[-89.37504,42.37534],[-89.37852,42.37531],[-89.37869,42.37531],[-89.39791,42.3752],[-89.39792,42.37565],[-89.39806,42.38273],[-89.3982,42.38962],[-89.39821,42.38988],[-89.39824,42.39149],[-89.39849,42.40394],[-89.3985,42.40432],[-89.39862,42.41045],[-89.39878,42.41841],[-89.39879,42.41885],[-89.39906,42.43277],[-89.39907,42.43285],[-89.39907,42.43298],[-89.3995,42.44727],[-89.39954,42.44736],[-89.39954,42.4474],[-89.39954,42.4477],[-89.39979,42.45622],[-89.39993,42.46153],[-89.39968,42.46153],[-89.38135,42.46178],[-89.38125,42.46178],[-89.38119,42.46178],[-89.37499,42.46182],[-89.36202,42.46193],[-89.3619,42.46193],[-89.36178,42.46193],[-89.36171,42.46193],[-89.34256,42.46197],[-89.34251,42.46197],[-89.34232,42.46197],[-89.34218,42.46198],[-89.32326,42.46211],[-89.32313,42.46211],[-89.323,42.46211],[-89.3226,42.46211],[-89.30373,42.46226],[-89.30356,42.46226],[-89.30336,42.46226],[-89.2842,42.46254],[-89.28419,42.46248],[-89.28375,42.44904],[-89.28374,42.44873],[-89.28372,42.44827],[-89.28371,42.44806],[-89.28335,42.43461],[-89.28334,42.43431],[-89.28333,42.43381],[-89.28333,42.43369],[-89.28322,42.42926],[-89.28314,42.42611],[-89.28298,42.41984],[-89.28297,42.41953],[-89.28297,42.41936],[-89.28251,42.40533],[-89.2825,42.40507],[-89.28249,42.40504],[-89.28249,42.40489],[-89.2821,42.39084],[-89.28208,42.39063],[-89.28208,42.39054],[-89.28207,42.3905],[-89.28155,42.37615],[-89.28155,42.37602]]]},"properties":{"OBJECTID":302,"Join_Count":1,"TARGET_FID":302,"JOIN_FID":631,"ASSET_NAME":"282","Feeder":"B552","Feeder_N":"F5396","PV_HC_kW":45.74,"EV_HC_kW":200,"BESS_HC":45.74,"ORIG_FID":6958,"Feeder_Q":0,"SS_N":"S0653","Queue_RD":"03/06/2026","Shape__Length_1":null,"Shape__Area":0.010034160132136094,"Shape__Length":0.40503013507947366}},{"type":"Feature","id":303,"geometry":{"type":"Polygon","coordinates":[[[-89.86713,42.5056],[-89.86713,42.50556],[-89.86712,42.50462],[-89.86711,42.50321],[-89.8671,42.50292],[-89.8671,42.50289],[-89.8671,42.50281],[-89.86669,42.48882],[-89.8667,42.48865],[-89.86668,42.48856],[-89.86668,42.48842],[-89.86646,42.47387],[-89.86646,42.4735],[-89.86645,42.4734],[-89.86645,42.47332],[-89.8662,42.45956],[-89.86637,42.45956],[-89.87496,42.45961],[-89.88593,42.45958],[-89.88614,42.45958],[-89.89803,42.45954],[-89.90563,42.45951],[-89.90585,42.45951],[-89.92555,42.45939],[-89.9256,42.45939],[-89.9256,42.4593],[-89.94477,42.4593],[-89.945,42.4593],[-89.94511,42.4593],[-89.94528,42.4593],[-89.96471,42.45928],[-89.96499,42.45927],[-89.98519,42.45919],[-89.98531,42.45919],[-89.98531,42.45928],[-89.98558,42.46889],[-89.98571,42.47362],[-89.98571,42.47379],[-89.98621,42.48841],[-89.98621,42.48849],[-89.98621,42.48869],[-89.98628,42.49143],[-89.98638,42.49611],[-89.9867,42.50294],[-89.98667,42.50307],[-89.98668,42.50327],[-89.98675,42.50648],[-89.98523,42.50644],[-89.98161,42.50635],[-89.97803,42.50626],[-89.96641,42.50594],[-89.96604,42.50594],[-89.96591,42.50593],[-89.96326,42.50589],[-89.95621,42.50571],[-89.95555,42.50572],[-89.95214,42.50572],[-89.9463,42.50563],[-89.94593,42.50564],[-89.93809,42.50568],[-89.92676,42.50573],[-89.92659,42.50573],[-89.92652,42.50573],[-89.90769,42.50575],[-89.9067,42.50575],[-89.90662,42.50575],[-89.88686,42.50575],[-89.88674,42.50574],[-89.87498,42.50569],[-89.86713,42.5056]]]},"properties":{"OBJECTID":303,"Join_Count":1,"TARGET_FID":303,"JOIN_FID":611,"ASSET_NAME":"209","Feeder":"B447","Feeder_N":"F5358","PV_HC_kW":0,"EV_HC_kW":1610,"BESS_HC":0,"ORIG_FID":6961,"Feeder_Q":0,"SS_N":"S0688","Queue_RD":"03/06/2026","Shape__Length_1":null,"Shape__Area":0.0055402645004960505,"Shape__Length":0.33220489782710366}},{"type":"Feature","id":304,"geometry":{"type":"Polygon","coordinates":[[[-90.20755,41.75804],[-90.20812,41.75804],[-90.22704,41.75801],[-90.22711,41.75801],[-90.22717,41.75802],[-90.22735,41.75802],[-90.23533,41.75801],[-90.2439,41.75801],[-90.24416,41.75801],[-90.24411,41.75807],[-90.24316,41.75936],[-90.24304,41.75956],[-90.24287,41.75973],[-90.24277,41.75981],[-90.24264,41.75986],[-90.24239,41.75989],[-90.24134,41.76014],[-90.23986,41.76053],[-90.23986,41.76053],[-90.23907,41.76069],[-90.23815,41.7609],[-90.23795,41.761],[-90.23795,41.761],[-90.23781,41.7611],[-90.23717,41.76193],[-90.23695,41.76216],[-90.23679,41.76242],[-90.23679,41.76242],[-90.23679,41.76242],[-90.23685,41.76251],[-90.23688,41.76257],[-90.23698,41.76262],[-90.23749,41.76297],[-90.2382,41.7635],[-90.23852,41.76369],[-90.24009,41.7648],[-90.24017,41.76481],[-90.24036,41.7648],[-90.24191,41.76478],[-90.24208,41.76476],[-90.24215,41.76474],[-90.24219,41.76473],[-90.24227,41.76462],[-90.24235,41.76445],[-90.24264,41.76358],[-90.24278,41.76317],[-90.24285,41.76294],[-90.24307,41.76233],[-90.24333,41.76233],[-90.24396,41.76235],[-90.24454,41.76236],[-90.24612,41.7624],[-90.24615,41.7624],[-90.24615,41.7624],[-90.24704,41.76242],[-90.24724,41.76247],[-90.2473,41.76252],[-90.24732,41.76435],[-90.24731,41.76461],[-90.24726,41.76478],[-90.24724,41.7648],[-90.24714,41.76495],[-90.24674,41.7653],[-90.24668,41.76535],[-90.24637,41.76563],[-90.24624,41.76576],[-90.24588,41.76611],[-90.24511,41.76677],[-90.24501,41.76688],[-90.24494,41.76696],[-90.2449,41.767],[-90.2447,41.76717],[-90.24466,41.76726],[-90.24474,41.76854],[-90.24476,41.76874],[-90.2448,41.76917],[-90.245,41.77109],[-90.24495,41.7712],[-90.245,41.77171],[-90.24483,41.77195],[-90.24477,41.77202],[-90.24471,41.77207],[-90.24459,41.7722],[-90.24437,41.7725],[-90.24429,41.77261],[-90.24376,41.77407],[-90.24375,41.77414],[-90.24339,41.77492],[-90.24278,41.77558],[-90.24217,41.77636],[-90.24202,41.77687],[-90.24237,41.78296],[-90.22556,41.79146],[-90.22459,41.79187],[-90.22417,41.79211],[-90.22388,41.79231],[-90.22227,41.79312],[-90.21689,41.79532],[-90.2128,41.79648],[-90.21227,41.79663],[-90.21022,41.79722],[-90.20952,41.79742],[-90.20758,41.79797],[-90.207,41.79813],[-90.20701,41.79793],[-90.20707,41.79501],[-90.20724,41.78688],[-90.20744,41.77261],[-90.20744,41.77253],[-90.20755,41.75804]]]},"properties":{"OBJECTID":304,"Join_Count":1,"TARGET_FID":304,"JOIN_FID":2467,"ASSET_NAME":"160","Feeder":"H321","Feeder_N":"F3863","PV_HC_kW":0,"EV_HC_kW":800,"BESS_HC":0,"ORIG_FID":6964,"Feeder_Q":4059.76,"SS_N":"S0662","Queue_RD":"03/06/2026","Shape__Length_1":null,"Shape__Area":0.0011864762138884544,"Shape__Length":0.15991354219157503}},{"type":"Feature","id":305,"geometry":{"type":"Polygon","coordinates":[[[-87.88287,42.49366],[-87.88316,42.48637],[-87.88338,42.47189],[-87.88377,42.45747],[-87.88376,42.44303],[-87.88376,42.4429],[-87.88409,42.42844],[-87.88436,42.41397],[-87.90392,42.41409],[-87.9235,42.41433],[-87.94299,42.41448],[-87.94317,42.41448],[-87.9627,42.41466],[-87.9629,42.41467],[-87.98218,42.41489],[-87.98243,42.41489],[-88.00376,42.41507],[-88.00362,42.4296],[-88.00332,42.44426],[-88.00322,42.45871],[-88.0031,42.47319],[-88.00311,42.47334],[-88.00296,42.48779],[-88.00296,42.48795],[-88.00297,42.49514],[-87.98129,42.49481],[-87.9706,42.49488],[-87.95358,42.49469],[-87.95097,42.49465],[-87.94222,42.49441],[-87.93158,42.49429],[-87.92257,42.49412],[-87.92258,42.49356],[-87.91274,42.49353],[-87.91253,42.49353],[-87.91238,42.49383],[-87.91259,42.49389],[-87.91251,42.49405],[-87.91205,42.49405],[-87.91175,42.49394],[-87.91191,42.49352],[-87.90275,42.49349],[-87.90259,42.49349],[-87.90201,42.49381],[-87.90181,42.49392],[-87.88287,42.49366]]]},"properties":{"OBJECTID":305,"Join_Count":1,"TARGET_FID":305,"JOIN_FID":3014,"ASSET_NAME":"385","Feeder":"L1668","Feeder_N":"F1862","PV_HC_kW":1276.8,"EV_HC_kW":3520,"BESS_HC":1276.8,"ORIG_FID":6973,"Feeder_Q":5700,"SS_N":"S0523","Queue_RD":"03/06/2026","Shape__Length_1":null,"Shape__Area":0.009552073530130656,"Shape__Length":0.4013246282031076}},{"type":"Feature","id":306,"geometry":{"type":"Polygon","coordinates":[[[-88.2521,41.46273],[-88.27142,41.46211],[-88.2909,41.46177],[-88.31014,41.46141],[-88.3296,41.46098],[-88.34896,41.46071],[-88.36517,41.46044],[-88.36538,41.47503],[-88.36546,41.48959],[-88.36576,41.50412],[-88.36585,41.51698],[-88.36591,41.5187],[-88.36591,41.51886],[-88.36604,41.53325],[-88.36605,41.53343],[-88.3663,41.54793],[-88.35225,41.54826],[-88.33301,41.54859],[-88.31351,41.54883],[-88.29417,41.54925],[-88.29179,41.5493],[-88.27458,41.54957],[-88.25518,41.55007],[-88.25459,41.53545],[-88.25422,41.52092],[-88.25421,41.52066],[-88.25381,41.50642],[-88.2538,41.50639],[-88.25322,41.49176],[-88.25322,41.49172],[-88.25263,41.47733],[-88.25262,41.47728],[-88.25262,41.47723],[-88.2521,41.46273]]]},"properties":{"OBJECTID":306,"Join_Count":1,"TARGET_FID":306,"JOIN_FID":2589,"ASSET_NAME":"492","Feeder":"J176","Feeder_N":"F3361","PV_HC_kW":0,"EV_HC_kW":560,"BESS_HC":0,"ORIG_FID":6974,"Feeder_Q":7000,"SS_N":"S0569","Queue_RD":"03/06/2026","Shape__Length_1":null,"Shape__Area":0.009808592717718057,"Shape__Length":0.39913817350599673}},{"type":"Feature","id":307,"geometry":{"type":"Polygon","coordinates":[[[-88.12149,42.15398],[-88.12151,42.13925],[-88.12157,42.12496],[-88.12158,42.11058],[-88.12164,42.09609],[-88.12163,42.08157],[-88.12161,42.06706],[-88.12922,42.06701],[-88.14106,42.06694],[-88.1444,42.06694],[-88.16046,42.06694],[-88.16424,42.06694],[-88.18005,42.06694],[-88.18388,42.06694],[-88.19913,42.06692],[-88.20315,42.06691],[-88.21815,42.06697],[-88.2226,42.06699],[-88.238,42.06692],[-88.2382,42.08126],[-88.23822,42.09588],[-88.23833,42.11028],[-88.23827,42.1248],[-88.2385,42.12494],[-88.23856,42.13942],[-88.23849,42.15422],[-88.21929,42.15418],[-88.21912,42.15418],[-88.19977,42.15423],[-88.18061,42.15419],[-88.16077,42.15418],[-88.14123,42.15412],[-88.12149,42.15398]]]},"properties":{"OBJECTID":307,"Join_Count":1,"TARGET_FID":307,"JOIN_FID":2898,"ASSET_NAME":"423","Feeder":"L10231","Feeder_N":"F1650","PV_HC_kW":6717.57,"EV_HC_kW":6540,"BESS_HC":6540,"ORIG_FID":7026,"Feeder_Q":0,"SS_N":"S0639","Queue_RD":"03/06/2026","Shape__Length_1":null,"Shape__Area":0.010181449640185747,"Shape__Length":0.40772681687207474}},{"type":"Feature","id":308,"geometry":{"type":"Polygon","coordinates":[[[-89.74687,41.7575],[-89.7474,41.74371],[-89.7474,41.7434],[-89.74741,41.74328],[-89.7476,41.72923],[-89.7476,41.729],[-89.7476,41.72889],[-89.7476,41.72867],[-89.74765,41.72094],[-89.74769,41.7147],[-89.74769,41.71435],[-89.74773,41.70742],[-89.74777,41.70019],[-89.74777,41.70006],[-89.74778,41.70001],[-89.74794,41.68561],[-89.74794,41.68552],[-89.74795,41.67112],[-89.75001,41.67108],[-89.75834,41.67108],[-89.767,41.67108],[-89.76714,41.67108],[-89.76723,41.67108],[-89.76748,41.67108],[-89.78625,41.67115],[-89.78677,41.67115],[-89.80561,41.67113],[-89.80584,41.67113],[-89.80621,41.67112],[-89.82489,41.67116],[-89.82494,41.67116],[-89.82551,41.67116],[-89.84435,41.67122],[-89.84441,41.67121],[-89.84462,41.67121],[-89.84487,41.67122],[-89.8624,41.67131],[-89.8624,41.67147],[-89.86241,41.68582],[-89.86241,41.686],[-89.86237,41.70025],[-89.86237,41.7003],[-89.86237,41.70036],[-89.8623,41.71471],[-89.8623,41.7148],[-89.8623,41.71486],[-89.8623,41.71489],[-89.86239,41.72918],[-89.86238,41.72929],[-89.86238,41.72938],[-89.86246,41.74355],[-89.86247,41.74382],[-89.86278,41.75778],[-89.84369,41.75781],[-89.82442,41.75772],[-89.80511,41.75758],[-89.7859,41.75773],[-89.76684,41.75753],[-89.74716,41.7575],[-89.74687,41.7575]]]},"properties":{"OBJECTID":308,"Join_Count":1,"TARGET_FID":308,"JOIN_FID":2478,"ASSET_NAME":"234","Feeder":"H415","Feeder_N":"F3307","PV_HC_kW":0,"EV_HC_kW":1270,"BESS_HC":0,"ORIG_FID":7028,"Feeder_Q":1000,"SS_N":"S0663","Queue_RD":"03/06/2026","Shape__Length_1":null,"Shape__Area":0.009929925918413574,"Shape__Length":0.4032344695502057}},{"type":"Feature","id":309,"geometry":{"type":"Polygon","coordinates":[[[-89.62842,41.93052],[-89.64749,41.93038],[-89.66665,41.93067],[-89.66673,41.93067],[-89.686,41.93074],[-89.70544,41.93034],[-89.72475,41.93063],[-89.74455,41.93066],[-89.74451,41.94519],[-89.74413,41.95958],[-89.74387,41.97391],[-89.74361,41.98848],[-89.74392,42.00321],[-89.74408,42.02449],[-89.74408,42.02457],[-89.74267,42.02459],[-89.72461,42.02483],[-89.72355,42.02486],[-89.70523,42.02515],[-89.70393,42.02517],[-89.68575,42.02535],[-89.68456,42.02535],[-89.66633,42.02591],[-89.66521,42.02595],[-89.64683,42.02594],[-89.64579,42.02594],[-89.62669,42.0262],[-89.62788,42.00285],[-89.62786,42.00249],[-89.62788,42.00223],[-89.62767,41.99729],[-89.6273,41.98837],[-89.62728,41.9878],[-89.62736,41.9878],[-89.6277,41.97353],[-89.62791,41.95907],[-89.62824,41.94478],[-89.62842,41.93052]]]},"properties":{"OBJECTID":309,"Join_Count":1,"TARGET_FID":309,"JOIN_FID":2914,"ASSET_NAME":"245","Feeder":"L10766","Feeder_N":"F1682","PV_HC_kW":1770.29,"EV_HC_kW":9320,"BESS_HC":1770.29,"ORIG_FID":7032,"Feeder_Q":0,"SS_N":"S0643","Queue_RD":"03/06/2026","Shape__Length_1":null,"Shape__Area":0.011036096561610975,"Shape__Length":0.42327265679319226}},{"type":"Feature","id":310,"geometry":{"type":"Polygon","coordinates":[[[-88.01038,41.11799],[-88.0181,41.11794],[-88.02969,41.11786],[-88.03834,41.11773],[-88.04874,41.11758],[-88.05756,41.11753],[-88.06816,41.11741],[-88.07712,41.11731],[-88.08733,41.11708],[-88.09651,41.11687],[-88.10634,41.11671],[-88.11611,41.11656],[-88.12584,41.1164],[-88.12629,41.13092],[-88.12645,41.14562],[-88.12701,41.16017],[-88.12728,41.17466],[-88.12783,41.189],[-88.12785,41.18929],[-88.1283,41.20373],[-88.10841,41.20398],[-88.08953,41.20439],[-88.07009,41.20468],[-88.04987,41.20501],[-88.03116,41.20523],[-88.01152,41.20556],[-88.01106,41.19107],[-88.01077,41.17641],[-88.01044,41.16175],[-88.01029,41.14719],[-88.01031,41.13264],[-88.01038,41.11799]]]},"properties":{"OBJECTID":310,"Join_Count":1,"TARGET_FID":310,"JOIN_FID":2814,"ASSET_NAME":"594","Feeder":"K155","Feeder_N":"F1512","PV_HC_kW":0,"EV_HC_kW":110,"BESS_HC":0,"ORIG_FID":7033,"Feeder_Q":0,"SS_N":"S0328","Queue_RD":"03/06/2026","Shape__Length_1":null,"Shape__Area":0.01016589537971413,"Shape__Length":0.407224607578719}},{"type":"Feature","id":311,"geometry":{"type":"Polygon","coordinates":[[[-89.86278,41.75778],[-89.86247,41.74382],[-89.86246,41.74355],[-89.86238,41.72938],[-89.86238,41.72929],[-89.86239,41.72918],[-89.8623,41.71489],[-89.8623,41.71486],[-89.8623,41.7148],[-89.8623,41.71471],[-89.86237,41.70036],[-89.86237,41.7003],[-89.86237,41.70025],[-89.86241,41.686],[-89.86241,41.68582],[-89.8624,41.67147],[-89.8624,41.67131],[-89.87496,41.67131],[-89.87496,41.67151],[-89.88223,41.67153],[-89.90141,41.67143],[-89.90181,41.67143],[-89.92131,41.67117],[-89.94022,41.67104],[-89.95895,41.67094],[-89.9782,41.67075],[-89.97829,41.68514],[-89.97835,41.6996],[-89.97822,41.71392],[-89.97814,41.72852],[-89.97789,41.74295],[-89.97844,41.75772],[-89.95953,41.75784],[-89.94023,41.75777],[-89.92077,41.75763],[-89.90135,41.75788],[-89.88215,41.75785],[-89.86278,41.75778]]]},"properties":{"OBJECTID":311,"Join_Count":1,"TARGET_FID":311,"JOIN_FID":2463,"ASSET_NAME":"218","Feeder":"H285","Feeder_N":"F3859","PV_HC_kW":0,"EV_HC_kW":420,"BESS_HC":0,"ORIG_FID":7037,"Feeder_Q":34.5,"SS_N":"S0663","Queue_RD":"03/06/2026","Shape__Length_1":null,"Shape__Area":0.010026513818729654,"Shape__Length":0.4051191978199961}},{"type":"Feature","id":312,"geometry":{"type":"MultiPolygon","coordinates":[[[[-88.94053,42.4429],[-88.94058,42.42857],[-88.94058,42.42838],[-88.94058,42.42834],[-88.94071,42.41387],[-88.94071,42.41383],[-88.96026,42.41367],[-88.96036,42.41367],[-88.96041,42.41367],[-88.9605,42.41367],[-88.97988,42.41342],[-88.98005,42.41342],[-88.98015,42.41342],[-88.98035,42.41341],[-88.9994,42.41306],[-88.99944,42.41306],[-88.99996,42.41305],[-88.99996,42.41315],[-89.01862,42.4129],[-89.01959,42.41287],[-89.0386,42.41248],[-89.03973,42.41245],[-89.05915,42.41244],[-89.05915,42.4268],[-89.05915,42.42708],[-89.05915,42.42724],[-89.05371,42.42726],[-89.05373,42.4316],[-89.05186,42.43179],[-89.05157,42.43188],[-89.05264,42.43296],[-89.05317,42.43373],[-89.05371,42.43418],[-89.05407,42.43458],[-89.05432,42.435],[-89.0545,42.43572],[-89.05479,42.43623],[-89.05502,42.43729],[-89.05525,42.43755],[-89.05551,42.43837],[-89.05557,42.4388],[-89.05527,42.44001],[-89.05505,42.44024],[-89.05508,42.44091],[-89.05533,42.4415],[-89.05551,42.44177],[-89.05572,42.44257],[-89.05579,42.44283],[-89.05613,42.44331],[-89.05764,42.44472],[-89.05817,42.44539],[-89.05838,42.44578],[-89.05845,42.44635],[-89.05835,42.44708],[-89.0586,42.44777],[-89.05885,42.44806],[-89.05915,42.44823],[-89.05915,42.44845],[-89.05851,42.44846],[-89.05745,42.44846],[-89.05549,42.44847],[-89.0542,42.44848],[-89.05377,42.44859],[-89.05303,42.44904],[-89.05004,42.4491],[-89.04523,42.44919],[-89.04128,42.44914],[-89.03941,42.44909],[-89.0394,42.44908],[-89.0394,42.44936],[-89.0387,42.44935],[-89.03875,42.45637],[-89.02887,42.4566],[-89.02882,42.44926],[-89.02876,42.44191],[-89.02876,42.44182],[-89.02582,42.44189],[-89.02588,42.44795],[-89.01923,42.44808],[-89.01894,42.44803],[-89.01876,42.44802],[-89.01852,42.44682],[-89.01839,42.44621],[-89.01828,42.44565],[-89.01792,42.44566],[-89.01759,42.44381],[-89.01725,42.443],[-89.01704,42.44267],[-89.01646,42.442],[-89.01645,42.44199],[-89.01508,42.44201],[-89.01174,42.44207],[-89.01113,42.44208],[-89.00179,42.44222],[-89.00004,42.44221],[-88.99992,42.43879],[-88.99016,42.43884],[-88.99079,42.44063],[-88.98986,42.44061],[-88.98929,42.44036],[-88.98766,42.44039],[-88.98669,42.44056],[-88.98472,42.44092],[-88.98324,42.44058],[-88.98221,42.44],[-88.98239,42.43973],[-88.98129,42.43942],[-88.98119,42.43937],[-88.98002,42.43869],[-88.98021,42.43875],[-88.98032,42.43875],[-88.98042,42.43872],[-88.98052,42.43867],[-88.98085,42.43838],[-88.98095,42.43833],[-88.98104,42.43825],[-88.98106,42.43818],[-88.98104,42.4381],[-88.98093,42.43805],[-88.98089,42.43798],[-88.98089,42.43785],[-88.98083,42.43776],[-88.98073,42.43769],[-88.9806,42.43765],[-88.98055,42.43759],[-88.98052,42.43751],[-88.98046,42.43744],[-88.98041,42.43736],[-88.9804,42.43725],[-88.98043,42.43714],[-88.98047,42.43705],[-88.98052,42.43697],[-88.98058,42.43693],[-88.98066,42.43695],[-88.98075,42.43699],[-88.98088,42.43704],[-88.98096,42.43704],[-88.98117,42.43698],[-88.98138,42.4369],[-88.98147,42.43681],[-88.98152,42.43672],[-88.98152,42.43661],[-88.98149,42.43649],[-88.98147,42.43637],[-88.98151,42.43628],[-88.98159,42.4362],[-88.98171,42.43615],[-88.98192,42.43615],[-88.98208,42.43614],[-88.98218,42.43611],[-88.98228,42.43605],[-88.9824,42.43595],[-88.98247,42.43587],[-88.98254,42.43576],[-88.98266,42.43567],[-88.98273,42.43558],[-88.9828,42.43543],[-88.98281,42.4353],[-88.98089,42.43536],[-88.98092,42.43533],[-88.98122,42.43501],[-88.98137,42.43468],[-88.98025,42.43443],[-88.97992,42.43472],[-88.97969,42.43486],[-88.97567,42.43491],[-88.97563,42.43396],[-88.97453,42.43421],[-88.97391,42.43429],[-88.97344,42.43426],[-88.97159,42.43424],[-88.97142,42.43414],[-88.97136,42.4336],[-88.96027,42.4337],[-88.96027,42.43553],[-88.95548,42.43556],[-88.95552,42.43576],[-88.95562,42.43598],[-88.9558,42.43625],[-88.95605,42.4365],[-88.95624,42.43664],[-88.9556,42.43723],[-88.95538,42.4374],[-88.95478,42.43817],[-88.95415,42.43875],[-88.9535,42.43911],[-88.95256,42.43934],[-88.95226,42.43937],[-88.95203,42.43931],[-88.95164,42.43931],[-88.95041,42.43929],[-88.9504,42.44287],[-88.95037,42.4501],[-88.95034,42.4573],[-88.9503,42.46458],[-88.94054,42.46464],[-88.94041,42.46464],[-88.94041,42.46459],[-88.94041,42.45743],[-88.9404,42.45738],[-88.94054,42.44294],[-88.94053,42.4429]]],[[[-88.94031,42.48643],[-88.94031,42.48637],[-88.94031,42.48625],[-88.94031,42.48614],[-88.94038,42.47751],[-88.94039,42.47547],[-88.94039,42.47547],[-88.94037,42.479],[-88.94037,42.47916],[-88.94047,42.47916],[-88.94327,42.47915],[-88.94317,42.48642],[-88.94848,42.48639],[-88.94837,42.49511],[-88.94837,42.49516],[-88.94022,42.49503],[-88.94023,42.49274],[-88.94031,42.48643]]]]},"properties":{"OBJECTID":312,"Join_Count":1,"TARGET_FID":312,"JOIN_FID":3485,"ASSET_NAME":"322","Feeder":"R8874","Feeder_N":"F2079","PV_HC_kW":0,"EV_HC_kW":640,"BESS_HC":0,"ORIG_FID":7041,"Feeder_Q":5039.98,"SS_N":"S0564","Queue_RD":"03/06/2026","Shape__Length_1":null,"Shape__Area":0.0037356948728302086,"Shape__Length":0.47176803026249864}},{"type":"Feature","id":313,"geometry":{"type":"Polygon","coordinates":[[[-88.13488,41.37806],[-88.15424,41.37742],[-88.17342,41.377],[-88.1924,41.37676],[-88.21151,41.37637],[-88.23065,41.37599],[-88.24904,41.37559],[-88.24951,41.38974],[-88.25014,41.40425],[-88.25063,41.41873],[-88.25111,41.43373],[-88.25146,41.44807],[-88.25153,41.45093],[-88.2521,41.46273],[-88.23486,41.463],[-88.23448,41.463],[-88.21562,41.46339],[-88.2152,41.4634],[-88.1963,41.46378],[-88.19588,41.46379],[-88.17695,41.46408],[-88.17673,41.46408],[-88.15746,41.46447],[-88.13818,41.46473],[-88.13758,41.45031],[-88.13711,41.43573],[-88.13657,41.42139],[-88.13624,41.40681],[-88.13567,41.39237],[-88.13488,41.37806]]]},"properties":{"OBJECTID":313,"Join_Count":1,"TARGET_FID":313,"JOIN_FID":2568,"ASSET_NAME":"503","Feeder":"J156","Feeder_N":"F3961","PV_HC_kW":867.17,"EV_HC_kW":1110,"BESS_HC":867.17,"ORIG_FID":7047,"Feeder_Q":0,"SS_N":"S0569","Queue_RD":"03/06/2026","Shape__Length_1":null,"Shape__Area":0.009923991680807376,"Shape__Length":0.4020625369629053}},{"type":"Feature","id":314,"geometry":{"type":"Polygon","coordinates":[[[-88.37511,41.72264],[-88.39038,41.72243],[-88.39044,41.72243],[-88.39441,41.72239],[-88.4098,41.72222],[-88.40986,41.72223],[-88.41391,41.72219],[-88.42923,41.722],[-88.4293,41.72199],[-88.43332,41.72195],[-88.44878,41.7217],[-88.44886,41.7217],[-88.45292,41.72166],[-88.46827,41.72145],[-88.46834,41.72144],[-88.47234,41.7214],[-88.48872,41.72106],[-88.48884,41.73561],[-88.48884,41.73572],[-88.48887,41.75024],[-88.48887,41.75039],[-88.48908,41.76472],[-88.48908,41.7649],[-88.4892,41.77932],[-88.4892,41.77949],[-88.48934,41.79389],[-88.48934,41.79399],[-88.48943,41.80843],[-88.47362,41.80858],[-88.47333,41.80859],[-88.45423,41.80878],[-88.45386,41.80879],[-88.43468,41.80898],[-88.43441,41.80898],[-88.41484,41.80922],[-88.41462,41.80923],[-88.39548,41.8095],[-88.39529,41.8095],[-88.37575,41.80988],[-88.37577,41.79526],[-88.37561,41.78085],[-88.37557,41.76619],[-88.3755,41.75168],[-88.37516,41.73707],[-88.37511,41.73708],[-88.37511,41.72264]]]},"properties":{"OBJECTID":314,"Join_Count":1,"TARGET_FID":314,"JOIN_FID":4141,"ASSET_NAME":"461","Feeder":"W6922","Feeder_N":"F1471","PV_HC_kW":734.16,"EV_HC_kW":1780,"BESS_HC":734.16,"ORIG_FID":7082,"Feeder_Q":0,"SS_N":"S0621","Queue_RD":"03/06/2026","Shape__Length_1":null,"Shape__Area":0.009896505757751584,"Shape__Length":0.4019848160005177}},{"type":"Feature","id":315,"geometry":{"type":"Polygon","coordinates":[[[-87.67472,42.06388],[-87.67472,42.06298],[-87.67437,42.06193],[-87.67355,42.06193],[-87.67373,42.06137],[-87.67362,42.06125],[-87.67388,42.06104],[-87.67394,42.0605],[-87.67274,42.05958],[-87.67175,42.05945],[-87.67174,42.05946],[-87.67148,42.05935],[-87.67089,42.06007],[-87.67028,42.05984],[-87.66987,42.05952],[-87.66962,42.05919],[-87.66969,42.05864],[-87.67007,42.05722],[-87.66988,42.0546],[-87.6698,42.05432],[-87.66966,42.05348],[-87.66943,42.05254],[-87.66924,42.05208],[-87.66935,42.05189],[-87.66966,42.05174],[-87.67,42.05151],[-87.67043,42.05166],[-87.67032,42.05217],[-87.66981,42.05192],[-87.66993,42.05266],[-87.67013,42.05323],[-87.67031,42.05409],[-87.6704,42.05484],[-87.67041,42.05545],[-87.67031,42.05675],[-87.67023,42.05747],[-87.67016,42.05815],[-87.67016,42.05864],[-87.67075,42.05856],[-87.6732,42.05892],[-87.67378,42.05929],[-87.67432,42.05924],[-87.67434,42.05788],[-87.67417,42.05759],[-87.67421,42.05727],[-87.67391,42.05696],[-87.67394,42.05596],[-87.67342,42.05595],[-87.67349,42.05564],[-87.67421,42.05561],[-87.67423,42.05552],[-87.67435,42.05489],[-87.67433,42.05418],[-87.67408,42.05336],[-87.67375,42.05279],[-87.67359,42.05178],[-87.67327,42.05172],[-87.67322,42.05082],[-87.67322,42.05019],[-87.6734,42.04999],[-87.6734,42.04998],[-87.67351,42.04996],[-87.67332,42.0495],[-87.67327,42.0492],[-87.67313,42.04903],[-87.67304,42.04879],[-87.67238,42.04805],[-87.67308,42.04789],[-87.67303,42.04777],[-87.67313,42.04774],[-87.67261,42.04659],[-87.67251,42.04639],[-87.67213,42.04493],[-87.67207,42.04412],[-87.67189,42.0438],[-87.67178,42.0432],[-87.671,42.04242],[-87.67049,42.04203],[-87.67045,42.0419],[-87.66944,42.04095],[-87.66926,42.04056],[-87.66912,42.03999],[-87.66939,42.03893],[-87.66945,42.03783],[-87.66995,42.03714],[-87.67,42.03676],[-87.66982,42.03641],[-87.66907,42.03552],[-87.66987,42.03542],[-87.66967,42.03492],[-87.66957,42.03432],[-87.66962,42.03379],[-87.66911,42.03372],[-87.66896,42.03258],[-87.66892,42.03198],[-87.66876,42.02982],[-87.66844,42.02819],[-87.66821,42.02745],[-87.66787,42.02722],[-87.6673,42.02664],[-87.66568,42.02412],[-87.66551,42.02379],[-87.66522,42.02293],[-87.66502,42.02208],[-87.66422,42.02132],[-87.6642,42.02097],[-87.66388,42.02033],[-87.66388,42.02032],[-87.66386,42.02017],[-87.66384,42.02008],[-87.66404,42.01991],[-87.66386,42.01936],[-87.66374,42.01914],[-87.66376,42.01869],[-87.66338,42.01824],[-87.66344,42.01792],[-87.66323,42.01757],[-87.66315,42.0171],[-87.66322,42.01686],[-87.66292,42.01653],[-87.66278,42.01622],[-87.66278,42.01584],[-87.66238,42.01528],[-87.66237,42.01522],[-87.66211,42.01453],[-87.66215,42.01443],[-87.66194,42.01407],[-87.66194,42.01407],[-87.66148,42.01284],[-87.66144,42.01269],[-87.66127,42.01212],[-87.66037,42.01122],[-87.66028,42.01115],[-87.66009,42.011],[-87.66,42.01085],[-87.65878,42.00985],[-87.6588,42.0097],[-87.65882,42.00956],[-87.65888,42.00951],[-87.65878,42.00945],[-87.65878,42.00945],[-87.65823,42.00866],[-87.65669,42.00714],[-87.65631,42.00663],[-87.65612,42.00651],[-87.65737,42.00632],[-87.65737,42.00627],[-87.65738,42.0062],[-87.65742,42.00569],[-87.65741,42.00547],[-87.6574,42.00535],[-87.65737,42.00452],[-87.65725,42.0042],[-87.65725,42.0042],[-87.65711,42.00383],[-87.65711,42.00383],[-87.65711,42.00367],[-87.65693,42.00294],[-87.65678,42.00225],[-87.65663,42.00192],[-87.65624,42.00125],[-87.65619,42.00099],[-87.6563,42.00082],[-87.65605,42.00023],[-87.65605,42.00021],[-87.65604,42.00021],[-87.65588,41.9998],[-87.65582,41.99969],[-87.65583,41.99957],[-87.65571,41.99942],[-87.65517,41.9982],[-87.67004,41.99801],[-87.68958,41.99773],[-87.69019,42.00875],[-87.69027,42.01212],[-87.6901,42.0266],[-87.68978,42.0411],[-87.68959,42.05566],[-87.68942,42.06409],[-87.67472,42.06388]]]},"properties":{"OBJECTID":315,"Join_Count":1,"TARGET_FID":315,"JOIN_FID":3215,"ASSET_NAME":"438","Feeder":"L8565","Feeder_N":"F2254","PV_HC_kW":23584.3,"EV_HC_kW":1790,"BESS_HC":1790,"ORIG_FID":7139,"Feeder_Q":0,"SS_N":"S0738","Queue_RD":"03/06/2026","Shape__Length_1":null,"Shape__Area":0.0015249431062329677,"Shape__Length":0.2194325104757284}},{"type":"Feature","id":316,"geometry":{"type":"Polygon","coordinates":[[[-88.58922,42.49495],[-88.58914,42.48822],[-88.58913,42.48735],[-88.58913,42.48717],[-88.58913,42.48713],[-88.58913,42.48692],[-88.58917,42.47929],[-88.58919,42.47298],[-88.58919,42.47271],[-88.58919,42.47256],[-88.58919,42.47235],[-88.58919,42.4723],[-88.58921,42.45834],[-88.58921,42.4583],[-88.58921,42.4582],[-88.58921,42.45804],[-88.58917,42.44385],[-88.58917,42.44373],[-88.58917,42.44338],[-88.58915,42.42931],[-88.58915,42.42925],[-88.58915,42.42922],[-88.58915,42.42918],[-88.58903,42.41483],[-88.58903,42.41478],[-88.60834,42.41483],[-88.60846,42.41483],[-88.60851,42.41483],[-88.62495,42.41477],[-88.62779,42.41479],[-88.62799,42.41479],[-88.62812,42.41479],[-88.64722,42.41478],[-88.64757,42.41479],[-88.64764,42.41478],[-88.64772,42.41478],[-88.66664,42.41489],[-88.66679,42.41489],[-88.66701,42.41489],[-88.66721,42.41489],[-88.68444,42.41494],[-88.68636,42.41494],[-88.68675,42.41494],[-88.68688,42.41494],[-88.69533,42.41495],[-88.70558,42.41496],[-88.70577,42.41497],[-88.70602,42.42939],[-88.70602,42.42954],[-88.70606,42.43485],[-88.7061,42.44386],[-88.70611,42.44399],[-88.70633,42.45831],[-88.70633,42.45835],[-88.70634,42.45845],[-88.70634,42.45863],[-88.7068,42.4728],[-88.70682,42.47297],[-88.70682,42.47304],[-88.70682,42.47314],[-88.70721,42.48738],[-88.70721,42.48748],[-88.70721,42.48761],[-88.70721,42.48768],[-88.70726,42.49061],[-88.69781,42.49058],[-88.68802,42.49075],[-88.68797,42.48765],[-88.67809,42.48767],[-88.67799,42.48767],[-88.66821,42.4877],[-88.66812,42.48769],[-88.65825,42.48762],[-88.65816,42.48762],[-88.64828,42.48754],[-88.63853,42.48751],[-88.62877,42.48748],[-88.61889,42.48748],[-88.60901,42.48747],[-88.60908,42.49471],[-88.60094,42.49466],[-88.60094,42.49497],[-88.58922,42.49495]]]},"properties":{"OBJECTID":316,"Join_Count":1,"TARGET_FID":316,"JOIN_FID":534,"ASSET_NAME":"361","Feeder":"B102","Feeder_N":"F5204","PV_HC_kW":269.51,"EV_HC_kW":90,"BESS_HC":90,"ORIG_FID":7156,"Feeder_Q":0,"SS_N":"S0655","Queue_RD":"03/06/2026","Shape__Length_1":null,"Shape__Area":0.008725734816152908,"Shape__Length":0.4012799507667177}},{"type":"Feature","id":317,"geometry":{"type":"Polygon","coordinates":[[[-89.28505,41.75825],[-89.28507,41.7437],[-89.28508,41.74358],[-89.28508,41.7435],[-89.28508,41.74346],[-89.28548,41.72921],[-89.28548,41.72912],[-89.28549,41.72906],[-89.28563,41.71476],[-89.28563,41.71469],[-89.28583,41.70057],[-89.28583,41.70051],[-89.28583,41.70034],[-89.28583,41.70031],[-89.28611,41.68589],[-89.28611,41.68575],[-89.28624,41.6716],[-89.28624,41.67154],[-89.29283,41.67152],[-89.30489,41.67148],[-89.3056,41.67148],[-89.32413,41.67155],[-89.32451,41.67156],[-89.32476,41.67156],[-89.3248,41.67156],[-89.34342,41.67156],[-89.34364,41.67156],[-89.344,41.67156],[-89.3627,41.67157],[-89.36337,41.67157],[-89.36349,41.67157],[-89.36361,41.67157],[-89.3749,41.67145],[-89.38203,41.67148],[-89.38231,41.67148],[-89.38237,41.67148],[-89.40099,41.67148],[-89.40136,41.67148],[-89.40143,41.67148],[-89.40131,41.6857],[-89.40131,41.68581],[-89.40131,41.68595],[-89.40131,41.6861],[-89.40099,41.70027],[-89.40099,41.70037],[-89.40099,41.70049],[-89.40099,41.70068],[-89.40074,41.71453],[-89.40074,41.71463],[-89.40073,41.71479],[-89.40073,41.71502],[-89.40037,41.72904],[-89.40037,41.72914],[-89.40036,41.7293],[-89.40036,41.72953],[-89.40029,41.74349],[-89.40029,41.74362],[-89.40028,41.74377],[-89.40026,41.744],[-89.39926,41.75825],[-89.38063,41.75815],[-89.36179,41.75828],[-89.34333,41.75814],[-89.34235,41.75813],[-89.32398,41.75815],[-89.32314,41.75816],[-89.30481,41.75825],[-89.30373,41.75826],[-89.30373,41.75831],[-89.30344,41.7583],[-89.30344,41.75826],[-89.28505,41.75825]]]},"properties":{"OBJECTID":317,"Join_Count":1,"TARGET_FID":317,"JOIN_FID":2506,"ASSET_NAME":"290","Feeder":"H675","Feeder_N":"F3031","PV_HC_kW":16.01,"EV_HC_kW":730,"BESS_HC":16.01,"ORIG_FID":7168,"Feeder_Q":0,"SS_N":"S0285","Queue_RD":"03/06/2026","Shape__Length_1":null,"Shape__Area":0.009972194387501077,"Shape__Length":0.40301964544997726}},{"type":"Feature","id":318,"geometry":{"type":"Polygon","coordinates":[[[-87.88625,42.23985],[-87.88631,42.22548],[-87.88654,42.21101],[-87.88665,42.19651],[-87.88686,42.18194],[-87.88709,42.16742],[-87.88732,42.15296],[-87.90692,42.15305],[-87.92645,42.15322],[-87.94614,42.1534],[-87.96555,42.15349],[-87.98498,42.15363],[-88.00439,42.15355],[-88.00452,42.16792],[-88.00435,42.18248],[-88.00421,42.19722],[-88.00414,42.21165],[-88.00404,42.22608],[-88.00405,42.22624],[-88.0041,42.2406],[-87.98436,42.2406],[-87.96443,42.24039],[-87.94469,42.24037],[-87.92548,42.24019],[-87.90588,42.24006],[-87.88625,42.23985]]]},"properties":{"OBJECTID":318,"Join_Count":1,"TARGET_FID":318,"JOIN_FID":2900,"ASSET_NAME":"415","Feeder":"L10233","Feeder_N":"F1654","PV_HC_kW":2850,"EV_HC_kW":5840,"BESS_HC":2850,"ORIG_FID":7241,"Feeder_Q":0,"SS_N":"S0639","Queue_RD":"03/06/2026","Shape__Length_1":null,"Shape__Area":0.010223377635156794,"Shape__Length":0.40888961697012843}},{"type":"Feature","id":319,"geometry":{"type":"Polygon","coordinates":[[[-88.70549,42.15351],[-88.725,42.15358],[-88.72509,42.15357],[-88.74457,42.15353],[-88.74474,42.15353],[-88.74999,42.15351],[-88.76358,42.15352],[-88.76387,42.15352],[-88.76394,42.15352],[-88.76403,42.15352],[-88.7641,42.15352],[-88.7642,42.15352],[-88.78346,42.15349],[-88.78361,42.15349],[-88.8028,42.15345],[-88.80287,42.15345],[-88.80305,42.15345],[-88.80324,42.15345],[-88.82211,42.15342],[-88.82227,42.15342],[-88.82227,42.15355],[-88.82227,42.16771],[-88.82226,42.16796],[-88.82225,42.18218],[-88.82224,42.1825],[-88.82224,42.18261],[-88.82221,42.19701],[-88.82221,42.19709],[-88.82216,42.21139],[-88.82216,42.21157],[-88.82216,42.21161],[-88.82216,42.21167],[-88.82218,42.22585],[-88.82218,42.22594],[-88.82218,42.226],[-88.82218,42.22605],[-88.82211,42.24053],[-88.82211,42.24063],[-88.82185,42.24063],[-88.8033,42.24064],[-88.80313,42.24064],[-88.80297,42.24064],[-88.78393,42.24068],[-88.78375,42.24068],[-88.78366,42.24068],[-88.78296,42.24069],[-88.76411,42.24081],[-88.76393,42.24082],[-88.76379,42.24082],[-88.7635,42.24082],[-88.74998,42.24081],[-88.74454,42.2408],[-88.74416,42.2408],[-88.72502,42.24084],[-88.72474,42.24084],[-88.70538,42.24093],[-88.70537,42.24078],[-88.70532,42.23003],[-88.70529,42.22629],[-88.70529,42.2262],[-88.70532,42.2118],[-88.70532,42.21167],[-88.70532,42.21159],[-88.70529,42.21154],[-88.70534,42.21036],[-88.70542,42.19728],[-88.70542,42.19714],[-88.70542,42.19705],[-88.70542,42.19488],[-88.70543,42.19108],[-88.70545,42.18272],[-88.70544,42.18268],[-88.70544,42.18251],[-88.70544,42.18247],[-88.70547,42.17761],[-88.70551,42.16834],[-88.70551,42.16812],[-88.70551,42.168],[-88.70551,42.16796],[-88.70549,42.15388],[-88.70549,42.15351]]]},"properties":{"OBJECTID":319,"Join_Count":1,"TARGET_FID":319,"JOIN_FID":564,"ASSET_NAME":"351","Feeder":"B207","Feeder_N":"F5264","PV_HC_kW":296.9,"EV_HC_kW":440,"BESS_HC":296.9,"ORIG_FID":7243,"Feeder_Q":0,"SS_N":"S0654","Queue_RD":"03/06/2026","Shape__Length_1":null,"Shape__Area":0.010191917966949404,"Shape__Length":0.40815438210958943}},{"type":"Feature","id":320,"geometry":{"type":"Polygon","coordinates":[[[-88.24361,41.20159],[-88.26307,41.20115],[-88.282,41.201],[-88.28261,41.201],[-88.30152,41.20039],[-88.30196,41.20038],[-88.32088,41.19991],[-88.34032,41.19937],[-88.35969,41.19894],[-88.36027,41.21369],[-88.36092,41.22812],[-88.3613,41.24272],[-88.36148,41.25702],[-88.36148,41.25723],[-88.36166,41.27151],[-88.36166,41.27167],[-88.36211,41.28615],[-88.34302,41.28645],[-88.32376,41.28692],[-88.3046,41.28728],[-88.28545,41.28771],[-88.26614,41.2881],[-88.24703,41.28854],[-88.24652,41.2742],[-88.24617,41.25951],[-88.24527,41.24519],[-88.24429,41.23084],[-88.24393,41.21599],[-88.24361,41.20159]]]},"properties":{"OBJECTID":320,"Join_Count":1,"TARGET_FID":320,"JOIN_FID":2758,"ASSET_NAME":"562","Feeder":"J685","Feeder_N":"F1404","PV_HC_kW":1211.57,"EV_HC_kW":50,"BESS_HC":50,"ORIG_FID":7249,"Feeder_Q":0,"SS_N":"S0319","Queue_RD":"03/06/2026","Shape__Length_1":null,"Shape__Area":0.010079922490376703,"Shape__Length":0.4055194847671655}},{"type":"Feature","id":321,"geometry":{"type":"Polygon","coordinates":[[[-88.24074,41.11427],[-88.25168,41.11419],[-88.26003,41.11412],[-88.27051,41.11382],[-88.27914,41.11365],[-88.28982,41.11329],[-88.29858,41.11315],[-88.30935,41.11289],[-88.31785,41.11273],[-88.32867,41.1123],[-88.33695,41.11228],[-88.34807,41.11184],[-88.35604,41.11178],[-88.35693,41.12616],[-88.3572,41.14089],[-88.3578,41.15539],[-88.35838,41.16995],[-88.35898,41.18451],[-88.35899,41.1848],[-88.35969,41.19894],[-88.34032,41.19937],[-88.32088,41.19991],[-88.30196,41.20038],[-88.30152,41.20039],[-88.28261,41.201],[-88.282,41.201],[-88.26307,41.20115],[-88.24361,41.20159],[-88.24315,41.1873],[-88.24258,41.17273],[-88.24217,41.15818],[-88.24179,41.14337],[-88.24132,41.12882],[-88.24074,41.11427]]]},"properties":{"OBJECTID":321,"Join_Count":1,"TARGET_FID":321,"JOIN_FID":2761,"ASSET_NAME":"592","Feeder":"J696","Feeder_N":"F1410","PV_HC_kW":0,"EV_HC_kW":1280,"BESS_HC":0,"ORIG_FID":7258,"Feeder_Q":0,"SS_N":"S0320","Queue_RD":"03/06/2026","Shape__Length_1":null,"Shape__Area":0.010097574074734439,"Shape__Length":0.4060630138954946}},{"type":"Feature","id":322,"geometry":{"type":"Polygon","coordinates":[[[-87.59807,41.82401],[-87.60692,41.82378],[-87.62615,41.82361],[-87.6457,41.82335],[-87.66524,41.82311],[-87.68456,41.82286],[-87.68507,41.83749],[-87.68535,41.85192],[-87.6858,41.86648],[-87.68642,41.88109],[-87.68643,41.88136],[-87.68671,41.89572],[-87.68708,41.91025],[-87.66754,41.91053],[-87.64809,41.91083],[-87.62902,41.91115],[-87.62478,41.91122],[-87.62466,41.91119],[-87.62472,41.91076],[-87.62473,41.91072],[-87.62473,41.9107],[-87.62476,41.91064],[-87.62539,41.9099],[-87.62503,41.90849],[-87.62429,41.9052],[-87.6241,41.90416],[-87.62408,41.90407],[-87.62405,41.90404],[-87.62402,41.90401],[-87.624,41.90393],[-87.62272,41.90266],[-87.62259,41.90237],[-87.6226,41.90178],[-87.62008,41.9015],[-87.61971,41.90148],[-87.61942,41.90128],[-87.61907,41.90096],[-87.61879,41.90059],[-87.61798,41.89938],[-87.61716,41.89799],[-87.61716,41.89799],[-87.61713,41.89793],[-87.61641,41.89671],[-87.61639,41.89669],[-87.61392,41.89307],[-87.61383,41.89307],[-87.61379,41.89301],[-87.6125,41.89306],[-87.61197,41.89328],[-87.61018,41.89616],[-87.6079,41.89621],[-87.6068,41.89619],[-87.6068,41.8963],[-87.60569,41.89631],[-87.60558,41.8962],[-87.60225,41.89625],[-87.60226,41.89333],[-87.60246,41.89332],[-87.60872,41.89315],[-87.60927,41.89314],[-87.60927,41.89307],[-87.60982,41.89306],[-87.60976,41.89196],[-87.59858,41.89222],[-87.59852,41.89222],[-87.59852,41.8922],[-87.59853,41.89138],[-87.60088,41.89138],[-87.60102,41.89122],[-87.60106,41.89122],[-87.60537,41.89107],[-87.60609,41.89105],[-87.60609,41.89105],[-87.60875,41.89095],[-87.60875,41.8909],[-87.60943,41.89088],[-87.60944,41.8892],[-87.61115,41.88918],[-87.61122,41.88932],[-87.61129,41.88932],[-87.61133,41.88932],[-87.61133,41.88932],[-87.6115,41.89051],[-87.61163,41.89051],[-87.61166,41.8906],[-87.61166,41.89062],[-87.61335,41.89059],[-87.61404,41.89058],[-87.61402,41.89022],[-87.61398,41.89022],[-87.61398,41.89016],[-87.61275,41.89014],[-87.61275,41.89014],[-87.61266,41.88962],[-87.61266,41.88934],[-87.61266,41.88912],[-87.6132,41.88897],[-87.61335,41.88893],[-87.6137,41.88883],[-87.61397,41.88875],[-87.61398,41.8881],[-87.61392,41.88809],[-87.61392,41.88809],[-87.61392,41.88799],[-87.61356,41.88788],[-87.61352,41.88662],[-87.6135,41.88633],[-87.6137,41.88626],[-87.6135,41.88617],[-87.61346,41.8846],[-87.61385,41.88435],[-87.61472,41.88426],[-87.61657,41.8842],[-87.61656,41.88398],[-87.61443,41.88403],[-87.61444,41.8834],[-87.61646,41.88342],[-87.6165,41.88211],[-87.61641,41.88133],[-87.61576,41.88052],[-87.61655,41.88045],[-87.61609,41.87496],[-87.61614,41.87446],[-87.61614,41.87446],[-87.61616,41.87446],[-87.61616,41.8743],[-87.61616,41.8743],[-87.6162,41.87384],[-87.6162,41.87189],[-87.61622,41.87169],[-87.61618,41.8714],[-87.61615,41.86889],[-87.61614,41.86889],[-87.61614,41.86887],[-87.61611,41.86885],[-87.61565,41.86859],[-87.61555,41.86854],[-87.61527,41.86824],[-87.61465,41.8682],[-87.61407,41.86838],[-87.61312,41.86807],[-87.61312,41.86807],[-87.61309,41.86804],[-87.61309,41.86804],[-87.61305,41.86805],[-87.61303,41.86804],[-87.6127,41.86756],[-87.6133,41.86684],[-87.61334,41.86666],[-87.60772,41.86673],[-87.60708,41.8671],[-87.60603,41.86698],[-87.60553,41.86649],[-87.60558,41.86611],[-87.60601,41.86559],[-87.60601,41.86472],[-87.60666,41.86501],[-87.60727,41.86463],[-87.60737,41.86373],[-87.60693,41.8626],[-87.60667,41.86239],[-87.60645,41.86194],[-87.60606,41.86194],[-87.60591,41.85996],[-87.60709,41.85993],[-87.60646,41.85329],[-87.60886,41.85303],[-87.60957,41.85328],[-87.60941,41.85643],[-87.60928,41.85682],[-87.60995,41.85762],[-87.60984,41.85861],[-87.61043,41.85925],[-87.6103,41.85982],[-87.61063,41.86014],[-87.6106,41.86057],[-87.6104,41.8613],[-87.60971,41.86242],[-87.6097,41.86396],[-87.60995,41.86457],[-87.6104,41.8652],[-87.6105,41.86579],[-87.6127,41.86577],[-87.61262,41.86519],[-87.61288,41.86516],[-87.6133,41.86378],[-87.61326,41.86233],[-87.61253,41.86126],[-87.61249,41.8607],[-87.61217,41.86018],[-87.61237,41.85998],[-87.61217,41.85933],[-87.61216,41.85847],[-87.61256,41.85839],[-87.61302,41.85761],[-87.61295,41.85645],[-87.61285,41.85615],[-87.6131,41.85559],[-87.61267,41.85515],[-87.61238,41.85488],[-87.61195,41.85495],[-87.61115,41.85328],[-87.61095,41.853],[-87.61083,41.85256],[-87.61076,41.85198],[-87.61061,41.85199],[-87.6105,41.8515],[-87.61105,41.85133],[-87.61104,41.85088],[-87.61136,41.85057],[-87.61118,41.8501],[-87.6109,41.84987],[-87.61073,41.84901],[-87.61021,41.84839],[-87.60983,41.84785],[-87.60967,41.84705],[-87.60968,41.84657],[-87.60916,41.84614],[-87.60931,41.84514],[-87.60896,41.84396],[-87.60865,41.84319],[-87.60846,41.84275],[-87.60806,41.84235],[-87.60795,41.84121],[-87.60751,41.84065],[-87.6071,41.83971],[-87.60603,41.83865],[-87.60608,41.83703],[-87.60585,41.8364],[-87.60532,41.83559],[-87.60451,41.83482],[-87.60497,41.83416],[-87.60487,41.83367],[-87.60451,41.83313],[-87.60397,41.83292],[-87.60331,41.83287],[-87.60271,41.83229],[-87.60274,41.83128],[-87.60217,41.83022],[-87.60158,41.82973],[-87.60168,41.82924],[-87.60148,41.82845],[-87.60112,41.82778],[-87.60069,41.82725],[-87.6004,41.82681],[-87.59909,41.82642],[-87.59842,41.82563],[-87.59843,41.82441],[-87.59807,41.82401]]]},"properties":{"OBJECTID":322,"Join_Count":1,"TARGET_FID":322,"JOIN_FID":4997,"ASSET_NAME":"458","Feeder":"Y6854","Feeder_N":"F0863","PV_HC_kW":1935,"EV_HC_kW":1470,"BESS_HC":1470,"ORIG_FID":7682,"Feeder_Q":0,"SS_N":"S0723","Queue_RD":"03/06/2026","Shape__Length_1":null,"Shape__Area":0.006489947906629823,"Shape__Length":0.44780064514024437}},{"type":"Feature","id":323,"geometry":{"type":"Polygon","coordinates":[[[-88.70081,40.93132],[-88.71992,40.93103],[-88.73933,40.93097],[-88.75886,40.93073],[-88.77808,40.93044],[-88.79717,40.93026],[-88.81647,40.93005],[-88.81623,40.94467],[-88.81602,40.95929],[-88.81581,40.97403],[-88.81536,40.98848],[-88.81571,41.00312],[-88.81533,41.01768],[-88.79683,41.01772],[-88.79655,41.01773],[-88.77769,41.01815],[-88.7774,41.01815],[-88.75831,41.01864],[-88.73859,41.01857],[-88.71924,41.0188],[-88.70021,41.01902],[-88.7005,41.00433],[-88.70062,40.98979],[-88.70067,40.97524],[-88.70067,40.97502],[-88.70096,40.96066],[-88.70122,40.94607],[-88.70081,40.93132]]]},"properties":{"OBJECTID":323,"Join_Count":1,"TARGET_FID":323,"JOIN_FID":3114,"ASSET_NAME":"648","Feeder":"L6165","Feeder_N":"F2038","PV_HC_kW":0,"EV_HC_kW":1830,"BESS_HC":0,"ORIG_FID":7931,"Feeder_Q":0,"SS_N":"Networked*","Queue_RD":"03/06/2026","Shape__Length_1":null,"Shape__Area":0.010091388008049762,"Shape__Length":0.4061775898648871}},{"type":"Feature","id":324,"geometry":{"type":"Polygon","coordinates":[[[-90.08784,41.41056],[-90.08782,41.40973],[-90.08968,41.40974],[-90.12669,41.41001],[-90.13519,41.41007],[-90.1352,41.40397],[-90.14489,41.40407],[-90.15479,41.40419],[-90.15475,41.41129],[-90.14479,41.41123],[-90.14434,41.41122],[-90.12556,41.41113],[-90.12463,41.4111],[-90.10571,41.4107],[-90.08784,41.41056]]]},"properties":{"OBJECTID":324,"Join_Count":0,"TARGET_FID":324,"JOIN_FID":-1,"ASSET_NAME":"184","Feeder":null,"Feeder_N":null,"PV_HC_kW":null,"EV_HC_kW":null,"BESS_HC":0,"ORIG_FID":7933,"Feeder_Q":null,"SS_N":null,"Queue_RD":null,"Shape__Length_1":null,"Shape__Area":0.00018518104957365722,"Shape__Length":0.14789094265013802}},{"type":"Feature","id":325,"geometry":{"type":"Polygon","coordinates":[[[-88.82178,42.06612],[-88.82946,42.06606],[-88.82967,42.06606],[-88.84119,42.06597],[-88.84286,42.06596],[-88.84896,42.06593],[-88.84917,42.06593],[-88.85026,42.06593],[-88.85863,42.0658],[-88.86082,42.06578],[-88.86853,42.0657],[-88.86863,42.0657],[-88.86942,42.0657],[-88.87498,42.06568],[-88.88026,42.06564],[-88.88507,42.0656],[-88.88813,42.06556],[-88.88825,42.06556],[-88.89976,42.06544],[-88.90315,42.0654],[-88.90721,42.06536],[-88.90784,42.06536],[-88.91927,42.06526],[-88.92744,42.06518],[-88.92782,42.06518],[-88.93875,42.06508],[-88.93872,42.06513],[-88.93873,42.06549],[-88.93873,42.06563],[-88.93888,42.07965],[-88.93889,42.08004],[-88.93904,42.09416],[-88.93905,42.09455],[-88.9392,42.10867],[-88.93921,42.10909],[-88.93936,42.12319],[-88.93937,42.12348],[-88.93938,42.12497],[-88.93957,42.13765],[-88.93957,42.13807],[-88.93964,42.15224],[-88.9392,42.15225],[-88.91993,42.1524],[-88.91975,42.1524],[-88.90052,42.1526],[-88.90008,42.1526],[-88.88102,42.15288],[-88.8809,42.15289],[-88.88084,42.15289],[-88.88072,42.15289],[-88.87504,42.15291],[-88.86149,42.15303],[-88.86137,42.15303],[-88.8613,42.15303],[-88.86122,42.15303],[-88.86113,42.15303],[-88.84208,42.1533],[-88.8419,42.1533],[-88.84179,42.1533],[-88.84164,42.1533],[-88.84156,42.1533],[-88.84117,42.15331],[-88.82227,42.15342],[-88.82224,42.13888],[-88.82224,42.13879],[-88.82224,42.13876],[-88.82224,42.13866],[-88.82227,42.13128],[-88.82229,42.125],[-88.82229,42.12433],[-88.82229,42.12424],[-88.82229,42.12405],[-88.82224,42.11801],[-88.82219,42.10974],[-88.82219,42.10968],[-88.82219,42.10964],[-88.82209,42.09543],[-88.82209,42.09518],[-88.82189,42.08093],[-88.82189,42.08066],[-88.82175,42.06626],[-88.82175,42.06621],[-88.82175,42.06615],[-88.82178,42.06612]]]},"properties":{"OBJECTID":325,"Join_Count":1,"TARGET_FID":325,"JOIN_FID":542,"ASSET_NAME":"339","Feeder":"B155","Feeder_N":"F5220","PV_HC_kW":0,"EV_HC_kW":650,"BESS_HC":0,"ORIG_FID":7934,"Feeder_Q":0,"SS_N":"S0654","Queue_RD":"03/06/2026","Shape__Length_1":null,"Shape__Area":0.010213302553438552,"Shape__Length":0.4088312788740319}},{"type":"Feature","id":326,"geometry":{"type":"Polygon","coordinates":[[[-88.94073,42.23937],[-88.95994,42.23904],[-88.96025,42.23904],[-88.96031,42.23904],[-88.96043,42.23904],[-88.97858,42.23883],[-88.97941,42.23882],[-88.97969,42.23881],[-88.97987,42.23881],[-88.99845,42.23856],[-88.99879,42.23856],[-88.99908,42.23856],[-88.9995,42.23856],[-89.01834,42.23835],[-89.01891,42.23834],[-89.01905,42.23834],[-89.01916,42.23834],[-89.03812,42.23809],[-89.0387,42.23808],[-89.03886,42.23808],[-89.03905,42.23808],[-89.05708,42.23791],[-89.05752,42.23791],[-89.05756,42.23791],[-89.05713,42.25291],[-89.05746,42.26736],[-89.05753,42.28177],[-89.05763,42.29638],[-89.05772,42.31084],[-89.05782,42.32534],[-89.03839,42.32556],[-89.01947,42.32615],[-89.01873,42.32618],[-88.99954,42.32625],[-88.99897,42.32625],[-88.99895,42.3261],[-88.97984,42.32626],[-88.97972,42.32626],[-88.9796,42.32626],[-88.97893,42.32627],[-88.95991,42.32651],[-88.95978,42.32651],[-88.95972,42.32651],[-88.94028,42.32665],[-88.94012,42.32665],[-88.94012,42.32662],[-88.94028,42.31877],[-88.94041,42.31261],[-88.94041,42.31258],[-88.94041,42.31241],[-88.94041,42.31216],[-88.94061,42.29797],[-88.94061,42.29793],[-88.94062,42.29765],[-88.94062,42.29753],[-88.94078,42.28341],[-88.94078,42.28332],[-88.94078,42.28318],[-88.94078,42.28308],[-88.94083,42.26895],[-88.94083,42.26871],[-88.94083,42.26856],[-88.94083,42.26853],[-88.94083,42.25439],[-88.94083,42.25403],[-88.94083,42.25003],[-88.94074,42.23968],[-88.94073,42.23937]]]},"properties":{"OBJECTID":326,"Join_Count":1,"TARGET_FID":326,"JOIN_FID":3416,"ASSET_NAME":"324","Feeder":"R6383","Feeder_N":"F2660","PV_HC_kW":1031.64,"EV_HC_kW":1210,"BESS_HC":1031.64,"ORIG_FID":7958,"Feeder_Q":0,"SS_N":"S0680","Queue_RD":"03/06/2026","Shape__Length_1":null,"Shape__Area":0.010229841386944827,"Shape__Length":0.40940545877264745}},{"type":"Feature","id":327,"geometry":{"type":"Polygon","coordinates":[[[-89.62942,41.84382],[-89.62981,41.83033],[-89.63007,41.81567],[-89.63043,41.802],[-89.63036,41.80181],[-89.63059,41.78715],[-89.63059,41.77243],[-89.63084,41.75814],[-89.65044,41.75784],[-89.66959,41.75813],[-89.6888,41.75797],[-89.70811,41.75785],[-89.72723,41.75761],[-89.74687,41.7575],[-89.74713,41.77233],[-89.74716,41.78651],[-89.74694,41.801],[-89.7467,41.81541],[-89.74649,41.83025],[-89.74646,41.84398],[-89.72591,41.84385],[-89.70713,41.84373],[-89.70676,41.84372],[-89.68732,41.84373],[-89.66837,41.844],[-89.64872,41.84384],[-89.62942,41.84382]],[[-89.71863,41.77599],[-89.71853,41.7749],[-89.72355,41.77532],[-89.72356,41.77578],[-89.72566,41.7758],[-89.72563,41.77384],[-89.7256,41.7724],[-89.7247,41.77241],[-89.7236,41.77241],[-89.72359,41.77463],[-89.71844,41.77426],[-89.71849,41.77393],[-89.71869,41.77341],[-89.71863,41.77314],[-89.71889,41.77241],[-89.71718,41.77243],[-89.71408,41.77245],[-89.7132,41.77242],[-89.71325,41.77142],[-89.71326,41.77081],[-89.71325,41.7702],[-89.7132,41.76855],[-89.70958,41.76865],[-89.70882,41.76864],[-89.70882,41.76831],[-89.70881,41.76806],[-89.70881,41.76769],[-89.7088,41.7671],[-89.7096,41.7671],[-89.70959,41.76662],[-89.70879,41.76663],[-89.70879,41.76652],[-89.70879,41.76608],[-89.70955,41.76607],[-89.70954,41.76582],[-89.70879,41.76581],[-89.70879,41.76564],[-89.7088,41.76536],[-89.70881,41.76435],[-89.70881,41.76216],[-89.70876,41.7617],[-89.70566,41.76173],[-89.70564,41.76041],[-89.70423,41.76044],[-89.70421,41.75954],[-89.70315,41.75955],[-89.69978,41.75954],[-89.69977,41.76089],[-89.69927,41.7609],[-89.69881,41.7609],[-89.69879,41.76056],[-89.69879,41.76036],[-89.69862,41.76035],[-89.69733,41.76036],[-89.69736,41.76086],[-89.69731,41.76242],[-89.69725,41.76246],[-89.69465,41.76244],[-89.69454,41.75827],[-89.69019,41.75831],[-89.68972,41.75857],[-89.68779,41.76097],[-89.68548,41.76421],[-89.68457,41.76392],[-89.6844,41.76403],[-89.67992,41.76958],[-89.67963,41.77008],[-89.67941,41.77017],[-89.67928,41.77023],[-89.67929,41.77014],[-89.6794,41.76542],[-89.67934,41.76209],[-89.67531,41.76076],[-89.67359,41.76022],[-89.6737,41.7654],[-89.67028,41.76531],[-89.67026,41.76243],[-89.67025,41.76149],[-89.66558,41.7614],[-89.66557,41.76226],[-89.66556,41.7646],[-89.66552,41.76594],[-89.66661,41.76657],[-89.67024,41.76869],[-89.67357,41.77057],[-89.66541,41.77062],[-89.66533,41.77062],[-89.6653,41.77176],[-89.66541,41.77176],[-89.66627,41.77173],[-89.66626,41.77242],[-89.66973,41.77244],[-89.66968,41.77177],[-89.67379,41.77175],[-89.67374,41.77261],[-89.67373,41.77464],[-89.67295,41.77529],[-89.67301,41.77582],[-89.67294,41.77637],[-89.67286,41.77654],[-89.67223,41.7763],[-89.67208,41.77651],[-89.6719,41.77674],[-89.67171,41.77668],[-89.67099,41.77756],[-89.67129,41.77769],[-89.67106,41.7779],[-89.67038,41.77772],[-89.6654,41.7761],[-89.66546,41.77611],[-89.66533,41.77607],[-89.66536,41.77246],[-89.66522,41.77245],[-89.66193,41.77242],[-89.66198,41.77418],[-89.66141,41.77495],[-89.66309,41.77543],[-89.66321,41.7789],[-89.66642,41.77888],[-89.66643,41.77972],[-89.66486,41.77973],[-89.66498,41.78326],[-89.66496,41.78567],[-89.66496,41.78601],[-89.66769,41.78605],[-89.66898,41.78598],[-89.67036,41.786],[-89.67037,41.78568],[-89.67039,41.78537],[-89.67135,41.78528],[-89.67137,41.78508],[-89.67068,41.78509],[-89.67071,41.78484],[-89.67144,41.78484],[-89.67143,41.78402],[-89.67081,41.78402],[-89.67082,41.78427],[-89.67056,41.78429],[-89.67051,41.7836],[-89.67055,41.78275],[-89.67085,41.78276],[-89.67074,41.78169],[-89.67378,41.78165],[-89.6738,41.78216],[-89.67461,41.78216],[-89.67462,41.78165],[-89.67504,41.78164],[-89.67505,41.78124],[-89.67507,41.78043],[-89.67523,41.78043],[-89.67599,41.7805],[-89.67607,41.77999],[-89.67602,41.7797],[-89.67632,41.77975],[-89.67696,41.77986],[-89.67702,41.78057],[-89.67704,41.78073],[-89.67795,41.78079],[-89.67795,41.78],[-89.67952,41.77998],[-89.68007,41.77997],[-89.67968,41.78318],[-89.6791,41.78322],[-89.67812,41.78532],[-89.67815,41.7854],[-89.67778,41.78544],[-89.6776,41.78547],[-89.67747,41.78523],[-89.67655,41.78665],[-89.67616,41.78739],[-89.67624,41.78765],[-89.67651,41.78781],[-89.67665,41.78783],[-89.67753,41.78771],[-89.67875,41.78722],[-89.67922,41.78863],[-89.67934,41.78861],[-89.69006,41.78555],[-89.69343,41.78472],[-89.69446,41.78437],[-89.69481,41.78435],[-89.69488,41.78432],[-89.69768,41.78165],[-89.6991,41.78094],[-89.70637,41.78061],[-89.70634,41.7803],[-89.70782,41.78029],[-89.70879,41.77996],[-89.70951,41.77958],[-89.71018,41.77884],[-89.71063,41.77844],[-89.71169,41.77796],[-89.71261,41.77771],[-89.71857,41.77733],[-89.7186,41.77611],[-89.71863,41.77599]]]},"properties":{"OBJECTID":327,"Join_Count":1,"TARGET_FID":327,"JOIN_FID":2984,"ASSET_NAME":"247","Feeder":"L13348","Feeder_N":"F1812","PV_HC_kW":6985.5,"EV_HC_kW":5390,"BESS_HC":5390,"ORIG_FID":8021,"Feeder_Q":0,"SS_N":"S0663","Queue_RD":"03/06/2026","Shape__Length_1":null,"Shape__Area":0.009030199633571101,"Shape__Length":0.6893186065712952}},{"type":"Feature","id":328,"geometry":{"type":"Polygon","coordinates":[[[-87.89544,41.20645],[-87.91499,41.20629],[-87.93434,41.20612],[-87.95551,41.20594],[-87.97314,41.20576],[-87.99248,41.20525],[-88.01152,41.20556],[-88.01183,41.22025],[-88.01215,41.23454],[-88.01266,41.24915],[-88.01328,41.26374],[-88.01328,41.26377],[-88.01355,41.27811],[-88.01382,41.2924],[-87.99658,41.29263],[-87.99469,41.29264],[-87.97758,41.29298],[-87.97532,41.29301],[-87.96616,41.29312],[-87.95819,41.29324],[-87.956,41.29327],[-87.93878,41.29353],[-87.93654,41.29356],[-87.91963,41.29393],[-87.91701,41.29402],[-87.90021,41.29426],[-87.89757,41.2943],[-87.89723,41.27941],[-87.89722,41.27921],[-87.89697,41.26477],[-87.89682,41.25015],[-87.89612,41.23568],[-87.89611,41.23555],[-87.89577,41.22104],[-87.89544,41.20645]]]},"properties":{"OBJECTID":328,"Join_Count":1,"TARGET_FID":328,"JOIN_FID":2814,"ASSET_NAME":"565","Feeder":"K155","Feeder_N":"F1512","PV_HC_kW":0,"EV_HC_kW":110,"BESS_HC":0,"ORIG_FID":8024,"Feeder_Q":0,"SS_N":"S0328","Queue_RD":"03/06/2026","Shape__Length_1":null,"Shape__Area":0.010152787109745987,"Shape__Length":0.4071290636811803}},{"type":"Feature","id":329,"geometry":{"type":"MultiPolygon","coordinates":[[[[-88.26236,41.91369],[-88.26221,41.89912],[-88.277,41.89884],[-88.277,41.89892],[-88.27702,41.89894],[-88.27701,41.89925],[-88.27701,41.89958],[-88.277,41.90009],[-88.277,41.90049],[-88.27697,41.90098],[-88.27699,41.90311],[-88.27743,41.90311],[-88.27742,41.90353],[-88.27741,41.90383],[-88.28019,41.90379],[-88.28027,41.90379],[-88.27994,41.90609],[-88.27978,41.90722],[-88.27845,41.90715],[-88.27716,41.90708],[-88.27732,41.9077],[-88.27738,41.90793],[-88.2774,41.908],[-88.27204,41.90762],[-88.26464,41.90709],[-88.26464,41.90696],[-88.26467,41.90638],[-88.26434,41.90637],[-88.26258,41.90629],[-88.26258,41.90681],[-88.26259,41.90788],[-88.26259,41.90999],[-88.26259,41.91091],[-88.26262,41.91334],[-88.26259,41.91669],[-88.26256,41.91669],[-88.26252,41.91669],[-88.26239,41.91668],[-88.26236,41.91369]]],[[[-88.27897,41.93634],[-88.27908,41.93522],[-88.27973,41.93527],[-88.28042,41.93535],[-88.28024,41.93597],[-88.28004,41.93634],[-88.27942,41.93638],[-88.27897,41.93634]]],[[[-88.26254,41.95739],[-88.26267,41.94291],[-88.26267,41.94274],[-88.26267,41.94255],[-88.26251,41.92829],[-88.26244,41.92114],[-88.2626,41.92114],[-88.26414,41.92112],[-88.26355,41.92197],[-88.26352,41.92312],[-88.26351,41.92361],[-88.26478,41.92361],[-88.26648,41.92363],[-88.26649,41.92415],[-88.26663,41.92817],[-88.26671,41.93063],[-88.26745,41.93063],[-88.26748,41.93081],[-88.26758,41.93093],[-88.2679,41.93113],[-88.26804,41.93118],[-88.26822,41.93121],[-88.2687,41.93121],[-88.269,41.93118],[-88.26929,41.9311],[-88.26936,41.93105],[-88.26946,41.93098],[-88.26971,41.93061],[-88.27133,41.93055],[-88.27131,41.929],[-88.27207,41.92912],[-88.27238,41.9291],[-88.27276,41.92899],[-88.27295,41.92929],[-88.27303,41.92939],[-88.27325,41.92958],[-88.27356,41.92971],[-88.27454,41.92983],[-88.27602,41.92993],[-88.27604,41.92802],[-88.27654,41.92804],[-88.27653,41.92789],[-88.27653,41.92787],[-88.27739,41.92785],[-88.27795,41.92787],[-88.27849,41.92792],[-88.27916,41.92791],[-88.2803,41.92817],[-88.28004,41.92835],[-88.27991,41.92851],[-88.27981,41.92872],[-88.27977,41.92892],[-88.27979,41.92911],[-88.27984,41.92932],[-88.28,41.9296],[-88.28025,41.92977],[-88.28051,41.92991],[-88.28082,41.93001],[-88.28107,41.93006],[-88.28141,41.93004],[-88.2817,41.92998],[-88.2818,41.9302],[-88.28194,41.93034],[-88.28202,41.93037],[-88.2801,41.934],[-88.2792,41.93405],[-88.2791,41.93507],[-88.27813,41.93516],[-88.27814,41.93509],[-88.27819,41.93461],[-88.27823,41.93453],[-88.27821,41.93448],[-88.27823,41.93422],[-88.2774,41.93418],[-88.27742,41.93384],[-88.27553,41.93374],[-88.27234,41.93354],[-88.2716,41.93349],[-88.27118,41.93529],[-88.27097,41.93618],[-88.26579,41.93618],[-88.26543,41.94137],[-88.26457,41.94138],[-88.26452,41.94269],[-88.26441,41.9461],[-88.26277,41.94612],[-88.26276,41.94612],[-88.26276,41.94636],[-88.26277,41.94636],[-88.26454,41.94752],[-88.2703,41.94758],[-88.27053,41.94672],[-88.27102,41.94687],[-88.27119,41.94678],[-88.27129,41.94676],[-88.27169,41.94694],[-88.27242,41.94717],[-88.27253,41.94697],[-88.27262,41.94685],[-88.27275,41.94662],[-88.27379,41.94492],[-88.27481,41.94322],[-88.27552,41.94194],[-88.27635,41.94088],[-88.27848,41.9387],[-88.28161,41.93888],[-88.2816,41.93706],[-88.28211,41.9371],[-88.28632,41.93738],[-88.28688,41.93742],[-88.28688,41.93642],[-88.2891,41.93641],[-88.28946,41.93737],[-88.28905,41.93732],[-88.28832,41.93718],[-88.28832,41.93808],[-88.28904,41.93808],[-88.28902,41.93842],[-88.29154,41.93808],[-88.29223,41.938],[-88.2922,41.93785],[-88.29445,41.9378],[-88.29438,41.93506],[-88.29618,41.93502],[-88.29641,41.93776],[-88.2981,41.93762],[-88.29811,41.93783],[-88.29811,41.94092],[-88.29881,41.94141],[-88.29881,41.94193],[-88.29848,41.94193],[-88.29846,41.94199],[-88.29823,41.94261],[-88.297,41.94245],[-88.29561,41.94222],[-88.2956,41.94203],[-88.2956,41.94196],[-88.2922,41.94204],[-88.2922,41.94209],[-88.2922,41.94372],[-88.2922,41.94497],[-88.29221,41.94929],[-88.29286,41.94928],[-88.29481,41.94929],[-88.29481,41.94906],[-88.2948,41.94862],[-88.29711,41.94862],[-88.29711,41.94936],[-88.29711,41.94998],[-88.29764,41.94998],[-88.30152,41.94998],[-88.30515,41.94998],[-88.30514,41.94928],[-88.30576,41.94928],[-88.30621,41.94753],[-88.30629,41.94623],[-88.30626,41.94594],[-88.3038,41.94649],[-88.30384,41.94632],[-88.30156,41.94632],[-88.30153,41.94589],[-88.30316,41.94548],[-88.30317,41.94302],[-88.30569,41.94301],[-88.30569,41.94258],[-88.30633,41.94259],[-88.30636,41.94307],[-88.31028,41.94298],[-88.31084,41.94282],[-88.31118,41.94271],[-88.31186,41.94251],[-88.31257,41.94253],[-88.31795,41.94264],[-88.31889,41.94269],[-88.3222,41.94269],[-88.3223,41.94199],[-88.32301,41.942],[-88.323,41.94268],[-88.32326,41.94269],[-88.32347,41.9427],[-88.32518,41.94272],[-88.32524,41.94514],[-88.32531,41.94636],[-88.32086,41.94643],[-88.31805,41.94647],[-88.3172,41.95083],[-88.32754,41.9507],[-88.33034,41.95066],[-88.3305,41.95072],[-88.33211,41.95129],[-88.33303,41.95163],[-88.33525,41.95214],[-88.33538,41.95204],[-88.33542,41.95185],[-88.33488,41.94928],[-88.33492,41.94887],[-88.335,41.94878],[-88.33491,41.94836],[-88.33474,41.94804],[-88.33447,41.94782],[-88.33383,41.94753],[-88.33356,41.94723],[-88.33347,41.94697],[-88.33351,41.94676],[-88.33358,41.94661],[-88.33376,41.94643],[-88.33394,41.94631],[-88.33424,41.94622],[-88.33454,41.94622],[-88.33501,41.94631],[-88.33577,41.94684],[-88.33625,41.94699],[-88.33678,41.94709],[-88.33756,41.947],[-88.33826,41.94662],[-88.33858,41.9463],[-88.33878,41.94592],[-88.3388,41.94544],[-88.3387,41.9452],[-88.33849,41.94481],[-88.33833,41.94442],[-88.33831,41.94403],[-88.33853,41.94357],[-88.33901,41.9437],[-88.33957,41.94373],[-88.33973,41.94365],[-88.34026,41.94362],[-88.34021,41.9413],[-88.34021,41.94101],[-88.34028,41.94019],[-88.34045,41.93943],[-88.34103,41.93766],[-88.34125,41.93618],[-88.34122,41.9355],[-88.341,41.93234],[-88.34087,41.93161],[-88.34071,41.9312],[-88.34034,41.93041],[-88.3401,41.92931],[-88.34007,41.92645],[-88.34003,41.92351],[-88.34002,41.92319],[-88.34007,41.92319],[-88.34002,41.92081],[-88.34176,41.92068],[-88.34213,41.92066],[-88.34224,41.91927],[-88.34178,41.91712],[-88.34187,41.91328],[-88.34317,41.91328],[-88.34316,41.91421],[-88.34388,41.91421],[-88.3439,41.91273],[-88.34098,41.91262],[-88.34097,41.91217],[-88.34095,41.91134],[-88.34025,41.91133],[-88.34016,41.90866],[-88.34012,41.90761],[-88.34133,41.90762],[-88.3414,41.90719],[-88.34229,41.90718],[-88.34232,41.90749],[-88.34465,41.90753],[-88.34467,41.90656],[-88.34473,41.90485],[-88.34473,41.90466],[-88.34474,41.90443],[-88.34405,41.90442],[-88.34413,41.90321],[-88.34502,41.90333],[-88.34708,41.90345],[-88.34939,41.90337],[-88.34928,41.90041],[-88.34029,41.90051],[-88.33998,41.90054],[-88.33985,41.90181],[-88.33937,41.90158],[-88.33927,41.89772],[-88.33927,41.89772],[-88.33993,41.8977],[-88.34024,41.89769],[-88.3593,41.89728],[-88.35969,41.89728],[-88.37498,41.89702],[-88.37501,41.9115],[-88.37521,41.92611],[-88.37545,41.9406],[-88.37552,41.95528],[-88.37551,41.96998],[-88.37557,41.98451],[-88.36024,41.98492],[-88.3599,41.98492],[-88.34069,41.98512],[-88.34054,41.98512],[-88.32157,41.98538],[-88.32123,41.98539],[-88.30181,41.98566],[-88.30174,41.98566],[-88.28226,41.9861],[-88.26265,41.98634],[-88.26258,41.97202],[-88.26254,41.95739]]]]},"properties":{"OBJECTID":329,"Join_Count":1,"TARGET_FID":329,"JOIN_FID":2976,"ASSET_NAME":"442","Feeder":"L13155","Feeder_N":"F1796","PV_HC_kW":4170,"EV_HC_kW":7260,"BESS_HC":4170,"ORIG_FID":8029,"Feeder_Q":0,"SS_N":"S0661","Queue_RD":"03/06/2026","Shape__Length_1":null,"Shape__Area":0.006483333873347874,"Shape__Length":0.707642891669263}},{"type":"Feature","id":330,"geometry":{"type":"Polygon","coordinates":[[[-88.12015,42.41534],[-88.13965,42.4154],[-88.15936,42.41546],[-88.17873,42.41548],[-88.19849,42.41545],[-88.21811,42.41551],[-88.23754,42.41536],[-88.23763,42.42995],[-88.23769,42.44436],[-88.23773,42.45892],[-88.23769,42.47337],[-88.23778,42.48782],[-88.23779,42.49481],[-88.21871,42.495],[-88.19947,42.49507],[-88.17964,42.49534],[-88.15953,42.49553],[-88.15942,42.49553],[-88.15299,42.49558],[-88.15297,42.49558],[-88.15012,42.49561],[-88.15004,42.49558],[-88.14787,42.49559],[-88.14774,42.49563],[-88.14059,42.49569],[-88.13952,42.49569],[-88.13875,42.49561],[-88.13846,42.49561],[-88.1382,42.49562],[-88.13086,42.49566],[-88.12114,42.4957],[-88.12118,42.48803],[-88.12093,42.47347],[-88.12082,42.45895],[-88.12062,42.44439],[-88.12034,42.42988],[-88.12015,42.41534]]]},"properties":{"OBJECTID":330,"Join_Count":1,"TARGET_FID":330,"JOIN_FID":491,"ASSET_NAME":"383","Feeder":"A713","Feeder_N":"F5116","PV_HC_kW":790.55,"EV_HC_kW":830,"BESS_HC":790.55,"ORIG_FID":8066,"Feeder_Q":150,"SS_N":"S0704","Queue_RD":"03/06/2026","Shape__Length_1":null,"Shape__Area":0.009341901233710814,"Shape__Length":0.39387362288956845}},{"type":"Feature","id":331,"geometry":{"type":"Polygon","coordinates":[[[-87.67499,41.55718],[-87.67486,41.54251],[-87.67477,41.52798],[-87.67477,41.52765],[-87.67449,41.51334],[-87.67449,41.51315],[-87.67437,41.49881],[-87.67436,41.49868],[-87.67392,41.48432],[-87.67401,41.46967],[-87.69071,41.46954],[-87.6935,41.46952],[-87.70971,41.46946],[-87.71272,41.46956],[-87.72891,41.46958],[-87.73207,41.4696],[-87.74817,41.46965],[-87.7512,41.46975],[-87.76725,41.46971],[-87.77075,41.46972],[-87.78721,41.46981],[-87.79001,41.46988],[-87.78995,41.48443],[-87.78997,41.49892],[-87.7904,41.5132],[-87.79039,41.52782],[-87.79032,41.53902],[-87.79211,41.53767],[-87.79221,41.54383],[-87.79274,41.55844],[-87.77399,41.55869],[-87.76449,41.55882],[-87.76713,41.55683],[-87.75216,41.55692],[-87.73325,41.55705],[-87.71378,41.55711],[-87.6944,41.55712],[-87.67499,41.55718]]]},"properties":{"OBJECTID":331,"Join_Count":1,"TARGET_FID":331,"JOIN_FID":2968,"ASSET_NAME":"497","Feeder":"L12735","Feeder_N":"F2108","PV_HC_kW":2785.8,"EV_HC_kW":1600,"BESS_HC":1600,"ORIG_FID":8130,"Feeder_Q":9950,"SS_N":"S0659","Queue_RD":"03/06/2026","Shape__Length_1":null,"Shape__Area":0.01019596779906351,"Shape__Length":0.4194010756506008}},{"type":"Feature","id":332,"geometry":{"type":"Polygon","coordinates":[[[-89.04864,41.26874],[-89.04868,41.26562],[-89.0485,41.25081],[-89.04902,41.23624],[-89.04864,41.22172],[-89.04855,41.20715],[-89.04858,41.19245],[-89.06768,41.19216],[-89.0863,41.19228],[-89.08722,41.19228],[-89.1051,41.19246],[-89.10656,41.19248],[-89.12479,41.19272],[-89.12568,41.19271],[-89.14427,41.19265],[-89.14484,41.19265],[-89.15838,41.19254],[-89.1451,41.20376],[-89.09166,41.2488],[-89.06797,41.26875],[-89.04869,41.26874],[-89.04864,41.26874]]]},"properties":{"OBJECTID":332,"Join_Count":1,"TARGET_FID":332,"JOIN_FID":3113,"ASSET_NAME":"555","Feeder":"L6162","Feeder_N":"F2036","PV_HC_kW":2846.96,"EV_HC_kW":1470,"BESS_HC":1470,"ORIG_FID":8134,"Feeder_Q":0,"SS_N":"S0719","Queue_RD":"03/06/2026","Shape__Length_1":null,"Shape__Area":0.004926913992449045,"Shape__Length":0.3236811409162576}},{"type":"Feature","id":333,"geometry":{"type":"Polygon","coordinates":[[[-88.70094,41.107],[-88.71773,41.10683],[-88.72019,41.10697],[-88.73693,41.10685],[-88.73923,41.10688],[-88.75647,41.1067],[-88.75683,41.1067],[-88.75923,41.10669],[-88.77611,41.10665],[-88.77913,41.10675],[-88.79444,41.10656],[-88.7948,41.10655],[-88.79824,41.10651],[-88.81303,41.1063],[-88.8167,41.10636],[-88.81689,41.12117],[-88.81698,41.13561],[-88.81682,41.15017],[-88.81689,41.16478],[-88.81693,41.17936],[-88.81696,41.19361],[-88.79965,41.19382],[-88.79818,41.19384],[-88.78016,41.1939],[-88.77924,41.1939],[-88.76121,41.19373],[-88.7602,41.19371],[-88.74065,41.19412],[-88.72161,41.19393],[-88.70256,41.19415],[-88.70228,41.17971],[-88.70227,41.16502],[-88.70184,41.15078],[-88.70141,41.13623],[-88.7013,41.12165],[-88.70094,41.107]]]},"properties":{"OBJECTID":333,"Join_Count":1,"TARGET_FID":333,"JOIN_FID":3544,"ASSET_NAME":"588","Feeder":"S375","Feeder_N":"F2137","PV_HC_kW":371.54,"EV_HC_kW":450,"BESS_HC":371.54,"ORIG_FID":8139,"Feeder_Q":0,"SS_N":"S0719","Queue_RD":"03/06/2026","Shape__Length_1":null,"Shape__Area":0.010033637580136201,"Shape__Length":0.4046030957234197}},{"type":"Feature","id":334,"geometry":{"type":"Polygon","coordinates":[[[-89.86794,41.49658],[-89.95254,41.47999],[-89.96843,41.47995],[-89.97246,41.47994],[-89.97244,41.48209],[-89.97261,41.49662],[-89.95387,41.49673],[-89.95306,41.4967],[-89.93443,41.49644],[-89.93406,41.49644],[-89.91507,41.49649],[-89.89581,41.49674],[-89.87666,41.4966],[-89.86794,41.49658]]]},"properties":{"OBJECTID":334,"Join_Count":0,"TARGET_FID":334,"JOIN_FID":-1,"ASSET_NAME":"221","Feeder":null,"Feeder_N":null,"PV_HC_kW":null,"EV_HC_kW":null,"BESS_HC":0,"ORIG_FID":8144,"Feeder_Q":null,"SS_N":null,"Queue_RD":null,"Shape__Length_1":null,"Shape__Area":0.0010356995915117295,"Shape__Length":0.22748614959118849}},{"type":"Feature","id":335,"geometry":{"type":"Polygon","coordinates":[[[-88.58408,40.77911],[-88.58438,40.7791],[-88.59368,40.779],[-88.60328,40.77889],[-88.61272,40.77875],[-88.62216,40.7786],[-88.63204,40.77848],[-88.64193,40.77836],[-88.65144,40.77826],[-88.66095,40.77816],[-88.6705,40.77806],[-88.67778,40.78526],[-88.68018,40.78523],[-88.68279,40.78521],[-88.68292,40.79262],[-88.69977,40.8003],[-88.69985,40.80034],[-88.70012,40.81406],[-88.70012,40.81445],[-88.7001,40.8286],[-88.7001,40.82886],[-88.70031,40.84397],[-88.68098,40.84429],[-88.66225,40.84455],[-88.66176,40.84456],[-88.64313,40.84477],[-88.64281,40.84477],[-88.62369,40.84492],[-88.60449,40.84512],[-88.60394,40.84512],[-88.58511,40.84513],[-88.58484,40.82997],[-88.58451,40.81558],[-88.58444,40.80103],[-88.58409,40.78638],[-88.58408,40.77911]]]},"properties":{"OBJECTID":335,"Join_Count":1,"TARGET_FID":335,"JOIN_FID":3198,"ASSET_NAME":"709","Feeder":"L8033","Feeder_N":"F2200","PV_HC_kW":0,"EV_HC_kW":5840,"BESS_HC":0,"ORIG_FID":8145,"Feeder_Q":10971,"SS_N":"Networked*","Queue_RD":"03/06/2026","Shape__Length_1":null,"Shape__Area":0.007277142436350914,"Shape__Length":0.35256586657934635}},{"type":"Feature","id":336,"geometry":{"type":"Polygon","coordinates":[[[-89.278,42.11667],[-89.29712,42.11654],[-89.29742,42.11655],[-89.31642,42.11629],[-89.3167,42.11631],[-89.33587,42.11612],[-89.3554,42.11599],[-89.37504,42.11575],[-89.39382,42.11574],[-89.39439,42.13045],[-89.39462,42.14505],[-89.39469,42.14505],[-89.39529,42.15898],[-89.39531,42.15937],[-89.39551,42.17365],[-89.39606,42.18825],[-89.39592,42.20219],[-89.37614,42.20241],[-89.35702,42.2026],[-89.35627,42.2026],[-89.33787,42.20273],[-89.33751,42.20273],[-89.33697,42.20273],[-89.31808,42.20287],[-89.31787,42.20289],[-89.31755,42.2029],[-89.29855,42.20337],[-89.29844,42.20327],[-89.27906,42.20339],[-89.27863,42.18977],[-89.27873,42.17485],[-89.27842,42.16008],[-89.27809,42.14555],[-89.27802,42.14555],[-89.27798,42.1313],[-89.278,42.11667]]]},"properties":{"OBJECTID":336,"Join_Count":1,"TARGET_FID":336,"JOIN_FID":592,"ASSET_NAME":"285","Feeder":"B295","Feeder_N":"F5320","PV_HC_kW":85.83,"EV_HC_kW":570,"BESS_HC":85.83,"ORIG_FID":8153,"Feeder_Q":0,"SS_N":"S0686","Queue_RD":"03/06/2026","Shape__Length_1":null,"Shape__Area":0.01011491031499645,"Shape__Length":0.4061077331176658}},{"type":"Feature","id":337,"geometry":{"type":"Polygon","coordinates":[[[-88.2614,41.72456],[-88.26139,41.72436],[-88.28062,41.72406],[-88.30019,41.72387],[-88.31893,41.72358],[-88.31928,41.72358],[-88.31983,41.72358],[-88.33877,41.72318],[-88.33941,41.72324],[-88.35876,41.72287],[-88.36524,41.72278],[-88.37119,41.72264],[-88.37511,41.72264],[-88.37511,41.73708],[-88.37516,41.73707],[-88.3755,41.75168],[-88.37557,41.76619],[-88.37561,41.78085],[-88.37577,41.79526],[-88.37575,41.80988],[-88.35989,41.81015],[-88.35963,41.81016],[-88.34052,41.8105],[-88.3403,41.8105],[-88.32107,41.81079],[-88.32079,41.8108],[-88.3017,41.81112],[-88.28212,41.81165],[-88.28213,41.81167],[-88.26279,41.81204],[-88.26264,41.79749],[-88.26264,41.79734],[-88.26264,41.7972],[-88.26228,41.78287],[-88.26228,41.76825],[-88.26202,41.7537],[-88.26179,41.73915],[-88.2614,41.72456]]]},"properties":{"OBJECTID":337,"Join_Count":1,"TARGET_FID":337,"JOIN_FID":3099,"ASSET_NAME":"462","Feeder":"L5639","Feeder_N":"F2008","PV_HC_kW":15389.07,"EV_HC_kW":4210,"BESS_HC":4210,"ORIG_FID":8165,"Feeder_Q":0,"SS_N":"S0715","Queue_RD":"03/06/2026","Shape__Length_1":null,"Shape__Area":0.009901842412773476,"Shape__Length":0.40176045742244443}},{"type":"Feature","id":338,"geometry":{"type":"Polygon","coordinates":[[[-89.17044,41.9764],[-89.17043,41.97614],[-89.17035,41.97152],[-89.17017,41.962],[-89.17017,41.96188],[-89.17017,41.96166],[-89.17017,41.96163],[-89.17003,41.95652],[-89.16978,41.9474],[-89.16977,41.94734],[-89.16977,41.94726],[-89.16977,41.9471],[-89.16935,41.93305],[-89.16935,41.93295],[-89.16934,41.93272],[-89.16945,41.93271],[-89.18502,41.9324],[-89.18877,41.93235],[-89.18932,41.93234],[-89.20441,41.93214],[-89.20824,41.93209],[-89.21921,41.93194],[-89.224,41.93187],[-89.22446,41.93187],[-89.22766,41.93182],[-89.22796,41.93181],[-89.24332,41.93157],[-89.24692,41.93153],[-89.26214,41.93141],[-89.26273,41.9314],[-89.26572,41.93132],[-89.28145,41.93132],[-89.28054,41.94587],[-89.28016,41.96036],[-89.27959,41.97474],[-89.27878,41.98937],[-89.27898,42.00354],[-89.27788,42.02964],[-89.2755,42.02968],[-89.26376,42.02988],[-89.26376,42.02994],[-89.25737,42.02995],[-89.25606,42.02997],[-89.24997,42.02998],[-89.24997,42.02985],[-89.24509,42.0299],[-89.2449,42.0299],[-89.23721,42.02998],[-89.23379,42.03001],[-89.23026,42.03005],[-89.2258,42.03007],[-89.2183,42.0301],[-89.21749,42.0301],[-89.20848,42.03011],[-89.20692,42.03012],[-89.2067,42.03013],[-89.20027,42.0302],[-89.19829,42.03022],[-89.18899,42.03036],[-89.18775,42.03037],[-89.18741,42.03038],[-89.17883,42.03043],[-89.17293,42.03046],[-89.17201,42.03048],[-89.17179,42.03049],[-89.17159,42.02075],[-89.17158,42.02009],[-89.17132,42.00788],[-89.17127,42.00577],[-89.17123,42.00554],[-89.17125,42.00515],[-89.17107,42.00002],[-89.17084,41.99107],[-89.17081,41.99095],[-89.17082,41.99057],[-89.17045,41.97643],[-89.17044,41.9764]]]},"properties":{"OBJECTID":338,"Join_Count":1,"TARGET_FID":338,"JOIN_FID":629,"ASSET_NAME":"301","Feeder":"B541","Feeder_N":"F5392","PV_HC_kW":0,"EV_HC_kW":80,"BESS_HC":0,"ORIG_FID":8236,"Feeder_Q":4300,"SS_N":"S0686","Queue_RD":"03/06/2026","Shape__Length_1":null,"Shape__Area":0.0106908734649096,"Shape__Length":0.4146171220064151}},{"type":"Feature","id":339,"geometry":{"type":"MultiPolygon","coordinates":[[[[-89.0917,41.8902],[-89.0924,41.89019],[-89.0917,41.8902],[-89.0917,41.8902]]],[[[-89.13519,41.91338],[-89.13386,41.91228],[-89.13331,41.91228],[-89.09773,41.91246],[-89.09326,41.90873],[-89.09326,41.90813],[-89.09324,41.89018],[-89.11185,41.88998],[-89.12498,41.88983],[-89.13129,41.88977],[-89.13139,41.88977],[-89.1508,41.88952],[-89.16853,41.88936],[-89.16853,41.8895],[-89.16876,41.90385],[-89.16876,41.90405],[-89.16876,41.90416],[-89.16888,41.9123],[-89.16898,41.91843],[-89.16898,41.91848],[-89.16898,41.91865],[-89.16924,41.92861],[-89.16934,41.93272],[-89.16935,41.93295],[-89.16935,41.93305],[-89.16977,41.9471],[-89.16977,41.94726],[-89.16977,41.94734],[-89.16978,41.9474],[-89.17003,41.95652],[-89.17017,41.96163],[-89.17017,41.96166],[-89.17017,41.96188],[-89.17017,41.962],[-89.17035,41.97152],[-89.17043,41.97614],[-89.17044,41.9764],[-89.15268,41.9767],[-89.15253,41.9767],[-89.15241,41.9767],[-89.15208,41.97671],[-89.13761,41.97687],[-89.13761,41.97676],[-89.1376,41.97653],[-89.13717,41.95127],[-89.14682,41.94878],[-89.14636,41.92272],[-89.13519,41.91338]]]]},"properties":{"OBJECTID":339,"Join_Count":0,"TARGET_FID":339,"JOIN_FID":-1,"ASSET_NAME":"315","Feeder":null,"Feeder_N":null,"PV_HC_kW":null,"EV_HC_kW":null,"BESS_HC":0,"ORIG_FID":8238,"Feeder_Q":null,"SS_N":null,"Queue_RD":null,"Shape__Length_1":null,"Shape__Area":0.0034937759937747614,"Shape__Length":0.33503502295945}},{"type":"Feature","id":340,"geometry":{"type":"Polygon","coordinates":[[[-90.09251,41.75715],[-90.0921,41.74315],[-90.0921,41.74305],[-90.09209,41.74293],[-90.09216,41.72897],[-90.09216,41.72881],[-90.09216,41.72874],[-90.09216,41.72862],[-90.09228,41.71434],[-90.09228,41.7142],[-90.09239,41.70025],[-90.09239,41.69985],[-90.09257,41.68547],[-90.09257,41.68542],[-90.09257,41.68537],[-90.093,41.67111],[-90.09325,41.67111],[-90.09608,41.67114],[-90.10027,41.67117],[-90.1124,41.67126],[-90.1125,41.67126],[-90.11261,41.67125],[-90.11333,41.67126],[-90.12131,41.67129],[-90.12491,41.67131],[-90.13145,41.67128],[-90.13178,41.67128],[-90.1321,41.67128],[-90.13634,41.6713],[-90.15082,41.67138],[-90.15113,41.67139],[-90.15135,41.67139],[-90.15171,41.67139],[-90.17012,41.67139],[-90.17069,41.67139],[-90.17098,41.67139],[-90.17165,41.67139],[-90.17313,41.6714],[-90.17717,41.67141],[-90.18977,41.67146],[-90.19067,41.67146],[-90.19149,41.67147],[-90.19176,41.67147],[-90.20413,41.67155],[-90.20874,41.67158],[-90.2086,41.6857],[-90.20859,41.68581],[-90.20859,41.68599],[-90.20844,41.70021],[-90.20843,41.70029],[-90.20843,41.70044],[-90.20843,41.70047],[-90.20826,41.71467],[-90.20825,41.71495],[-90.20825,41.71517],[-90.20813,41.72905],[-90.20812,41.72935],[-90.20812,41.72962],[-90.20812,41.73001],[-90.20796,41.74353],[-90.20795,41.74414],[-90.20795,41.74422],[-90.20788,41.75001],[-90.20756,41.7579],[-90.20755,41.75804],[-90.19066,41.75802],[-90.18936,41.75801],[-90.18881,41.75801],[-90.18837,41.75801],[-90.17042,41.75793],[-90.16936,41.75793],[-90.16881,41.75793],[-90.16853,41.75793],[-90.15081,41.75782],[-90.15015,41.75781],[-90.14961,41.7578],[-90.13089,41.75769],[-90.13061,41.75769],[-90.1303,41.75767],[-90.11211,41.75724],[-90.11133,41.75724],[-90.09251,41.75715]]]},"properties":{"OBJECTID":340,"Join_Count":1,"TARGET_FID":340,"JOIN_FID":2467,"ASSET_NAME":"180","Feeder":"H321","Feeder_N":"F3863","PV_HC_kW":0,"EV_HC_kW":800,"BESS_HC":0,"ORIG_FID":8239,"Feeder_Q":4059.76,"SS_N":"S0662","Queue_RD":"03/06/2026","Shape__Length_1":null,"Shape__Area":0.010007822759007468,"Shape__Length":0.4033261553047576}},{"type":"Feature","id":341,"geometry":{"type":"Polygon","coordinates":[[[-88.93964,42.15224],[-88.95921,42.15204],[-88.95957,42.15204],[-88.97878,42.15184],[-88.99825,42.15163],[-89.00001,42.15162],[-89.01785,42.15137],[-89.03722,42.1511],[-89.03729,42.1511],[-89.03735,42.1511],[-89.05692,42.15091],[-89.05692,42.15112],[-89.05696,42.16548],[-89.05698,42.16652],[-89.05705,42.17053],[-89.05723,42.17995],[-89.05723,42.18007],[-89.05733,42.1945],[-89.05733,42.19466],[-89.05743,42.20893],[-89.05743,42.20913],[-89.05743,42.22352],[-89.05743,42.22375],[-89.05756,42.23791],[-89.05752,42.23791],[-89.05708,42.23791],[-89.03905,42.23808],[-89.03886,42.23808],[-89.0387,42.23808],[-89.03812,42.23809],[-89.01916,42.23834],[-89.01905,42.23834],[-89.01891,42.23834],[-89.01834,42.23835],[-88.9995,42.23856],[-88.99908,42.23856],[-88.99879,42.23856],[-88.99845,42.23856],[-88.97987,42.23881],[-88.97969,42.23881],[-88.97941,42.23882],[-88.97858,42.23883],[-88.96043,42.23904],[-88.96031,42.23904],[-88.96025,42.23904],[-88.95994,42.23904],[-88.94073,42.23937],[-88.9405,42.22505],[-88.9405,42.22496],[-88.94027,42.2106],[-88.94026,42.21039],[-88.94,42.196],[-88.93999,42.19591],[-88.93983,42.1815],[-88.93983,42.18144],[-88.93983,42.18134],[-88.93971,42.16701],[-88.93971,42.16685],[-88.93971,42.16677],[-88.93971,42.16673],[-88.93964,42.15263],[-88.93964,42.15224]]]},"properties":{"OBJECTID":341,"Join_Count":1,"TARGET_FID":341,"JOIN_FID":3465,"ASSET_NAME":"325","Feeder":"R8482","Feeder_N":"F2063","PV_HC_kW":780,"EV_HC_kW":1540,"BESS_HC":780,"ORIG_FID":8247,"Feeder_Q":0,"SS_N":"S0561","Queue_RD":"03/06/2026","Shape__Length_1":null,"Shape__Area":0.010195279561230564,"Shape__Length":0.408270299792444}},{"type":"Feature","id":342,"geometry":{"type":"Polygon","coordinates":[[[-87.52532,41.55764],[-87.52532,41.55756],[-87.52532,41.55647],[-87.52533,41.55479],[-87.52533,41.5542],[-87.52533,41.55397],[-87.52532,41.55233],[-87.52532,41.55232],[-87.52532,41.55171],[-87.52531,41.55021],[-87.52531,41.55021],[-87.5253,41.54863],[-87.5253,41.54821],[-87.52529,41.54775],[-87.52529,41.54774],[-87.52529,41.54774],[-87.52531,41.54341],[-87.52531,41.54302],[-87.52531,41.54283],[-87.52529,41.54217],[-87.52537,41.52845],[-87.52537,41.52834],[-87.52539,41.52259],[-87.52541,41.52104],[-87.52543,41.52007],[-87.52539,41.51374],[-87.52542,41.51247],[-87.52543,41.5086],[-87.52553,41.49908],[-87.52553,41.49898],[-87.52553,41.49897],[-87.52553,41.49897],[-87.52553,41.49897],[-87.52553,41.49897],[-87.52553,41.49897],[-87.52553,41.49897],[-87.52553,41.49897],[-87.52553,41.49897],[-87.52553,41.49897],[-87.52553,41.49897],[-87.52553,41.49897],[-87.52553,41.49897],[-87.52553,41.49897],[-87.52553,41.49897],[-87.52553,41.49897],[-87.52553,41.4977],[-87.52553,41.49686],[-87.52553,41.49466],[-87.52644,41.49305],[-87.52556,41.49251],[-87.52556,41.49225],[-87.52556,41.49225],[-87.52556,41.49185],[-87.52556,41.49185],[-87.52556,41.49044],[-87.52556,41.49044],[-87.52556,41.48708],[-87.52556,41.48708],[-87.52556,41.48707],[-87.52563,41.48462],[-87.52557,41.4773],[-87.52557,41.47019],[-87.52557,41.47019],[-87.52557,41.47019],[-87.52557,41.47019],[-87.53633,41.47006],[-87.53834,41.47006],[-87.55555,41.47003],[-87.55581,41.47003],[-87.55771,41.47003],[-87.55772,41.48452],[-87.5581,41.49919],[-87.5581,41.51362],[-87.55828,41.52832],[-87.5582,41.54268],[-87.5582,41.54292],[-87.55835,41.55758],[-87.53908,41.55756],[-87.52532,41.55764]]]},"properties":{"OBJECTID":342,"Join_Count":1,"TARGET_FID":342,"JOIN_FID":2119,"ASSET_NAME":"499","Feeder":"F462","Feeder_N":"F3129","PV_HC_kW":785.52,"EV_HC_kW":350,"BESS_HC":350,"ORIG_FID":8257,"Feeder_Q":29.99,"SS_N":"S0582","Queue_RD":"03/06/2026","Shape__Length_1":null,"Shape__Area":0.0028547820643325394,"Shape__Length":0.24090663263401266}},{"type":"Feature","id":343,"geometry":{"type":"Polygon","coordinates":[[[-87.67401,41.46967],[-87.67107,41.46957],[-87.67074,41.45641],[-87.67084,41.44207],[-87.67039,41.42741],[-87.67068,41.41282],[-87.67033,41.39844],[-87.67052,41.38378],[-87.69,41.38363],[-87.7094,41.38364],[-87.72862,41.38354],[-87.74758,41.38358],[-87.76645,41.38337],[-87.78601,41.38309],[-87.78632,41.39771],[-87.78655,41.41222],[-87.7868,41.42643],[-87.78693,41.44116],[-87.78707,41.45568],[-87.78721,41.46981],[-87.77075,41.46972],[-87.76725,41.46971],[-87.7512,41.46975],[-87.74817,41.46965],[-87.73207,41.4696],[-87.72891,41.46958],[-87.71272,41.46956],[-87.70971,41.46946],[-87.6935,41.46952],[-87.69071,41.46954],[-87.67401,41.46967]]]},"properties":{"OBJECTID":343,"Join_Count":1,"TARGET_FID":343,"JOIN_FID":2968,"ASSET_NAME":"507","Feeder":"L12735","Feeder_N":"F2108","PV_HC_kW":2785.8,"EV_HC_kW":1600,"BESS_HC":1600,"ORIG_FID":8288,"Feeder_Q":9950,"SS_N":"S0659","Queue_RD":"03/06/2026","Shape__Length_1":null,"Shape__Area":0.009995014253263435,"Shape__Length":0.4041877121541285}},{"type":"Feature","id":344,"geometry":{"type":"Polygon","coordinates":[[[-87.89403,41.1185],[-87.90731,41.11844],[-87.91344,41.11838],[-87.92676,41.11821],[-87.93272,41.11822],[-87.9463,41.11824],[-87.95213,41.11819],[-87.96556,41.11809],[-87.97139,41.11809],[-87.98469,41.1181],[-87.99101,41.11808],[-88.00376,41.11802],[-88.01038,41.11799],[-88.01031,41.13264],[-88.01029,41.14719],[-88.01044,41.16175],[-88.01077,41.17641],[-88.01106,41.19107],[-88.01152,41.20556],[-87.99248,41.20525],[-87.97314,41.20576],[-87.95551,41.20594],[-87.93434,41.20612],[-87.91499,41.20629],[-87.89544,41.20645],[-87.89531,41.19172],[-87.89505,41.1771],[-87.89492,41.16248],[-87.89474,41.14784],[-87.89432,41.13328],[-87.89403,41.1185]]]},"properties":{"OBJECTID":344,"Join_Count":1,"TARGET_FID":344,"JOIN_FID":2866,"ASSET_NAME":"595","Feeder":"K7092","Feeder_N":"F1616","PV_HC_kW":859.1,"EV_HC_kW":1300,"BESS_HC":859.1,"ORIG_FID":8296,"Feeder_Q":0,"SS_N":"S0725","Queue_RD":"03/06/2026","Shape__Length_1":null,"Shape__Area":0.010155738365938305,"Shape__Length":0.408001779739854}},{"type":"Feature","id":345,"geometry":{"type":"Polygon","coordinates":[[[-88.48939,42.06655],[-88.48943,42.05518],[-88.48943,42.05485],[-88.4893,42.04056],[-88.4893,42.04023],[-88.48915,42.02615],[-88.48916,42.0261],[-88.48904,42.01158],[-88.48904,42.01134],[-88.48881,41.99737],[-88.48881,41.99708],[-88.48864,41.98256],[-88.50817,41.98231],[-88.52753,41.98207],[-88.52758,41.98207],[-88.52767,41.98207],[-88.54684,41.98191],[-88.5471,41.98191],[-88.56632,41.98172],[-88.56646,41.98172],[-88.5665,41.98172],[-88.58579,41.98152],[-88.58589,41.98151],[-88.58598,41.98151],[-88.601,41.98132],[-88.60114,41.98132],[-88.60115,41.98147],[-88.60129,41.99343],[-88.60131,41.99601],[-88.60131,41.99607],[-88.60131,41.99612],[-88.6013,41.99998],[-88.60134,42.0061],[-88.60137,42.01049],[-88.60137,42.01053],[-88.60137,42.01065],[-88.60148,42.0249],[-88.60148,42.02509],[-88.60148,42.0252],[-88.60155,42.03936],[-88.60155,42.03972],[-88.60155,42.03975],[-88.60156,42.03982],[-88.60171,42.05438],[-88.60172,42.05442],[-88.60184,42.0664],[-88.60187,42.06644],[-88.5972,42.06643],[-88.58821,42.06641],[-88.58742,42.06641],[-88.58698,42.06641],[-88.58666,42.06641],[-88.58012,42.06643],[-88.57274,42.06646],[-88.56854,42.06648],[-88.56847,42.06648],[-88.56786,42.06648],[-88.56769,42.06648],[-88.56385,42.06649],[-88.54917,42.06652],[-88.54806,42.06652],[-88.54772,42.06652],[-88.53001,42.0666],[-88.52843,42.06661],[-88.52828,42.06661],[-88.51297,42.06668],[-88.51047,42.06669],[-88.51007,42.06669],[-88.50893,42.06669],[-88.49999,42.0667],[-88.49999,42.06659],[-88.49091,42.06653],[-88.48939,42.06655]]]},"properties":{"OBJECTID":345,"Join_Count":1,"TARGET_FID":345,"JOIN_FID":546,"ASSET_NAME":"430","Feeder":"B162","Feeder_N":"F5228","PV_HC_kW":0,"EV_HC_kW":160,"BESS_HC":0,"ORIG_FID":8300,"Feeder_Q":35.2,"SS_N":"S0655","Queue_RD":"03/06/2026","Shape__Length_1":null,"Shape__Area":0.009507516709390984,"Shape__Length":0.3942460710171718}},{"type":"Feature","id":346,"geometry":{"type":"Polygon","coordinates":[[[-89.17334,42.29158],[-89.17328,42.28085],[-89.17307,42.28085],[-89.173,42.27705],[-89.17339,42.27705],[-89.17368,42.26627],[-89.17363,42.26372],[-89.17368,42.26259],[-89.17339,42.25169],[-89.17321,42.24783],[-89.1732,42.24743],[-89.17306,42.23702],[-89.17303,42.23492],[-89.173,42.23322],[-89.173,42.23314],[-89.17291,42.22496],[-89.17288,42.22288],[-89.17285,42.22061],[-89.17286,42.21915],[-89.17286,42.2187],[-89.17289,42.20836],[-89.1729,42.20614],[-89.1729,42.2046],[-89.17289,42.20429],[-89.18127,42.20417],[-89.18236,42.20416],[-89.20058,42.20391],[-89.20113,42.2039],[-89.20184,42.20389],[-89.22028,42.20368],[-89.22115,42.20367],[-89.23989,42.20346],[-89.24062,42.20345],[-89.24993,42.20334],[-89.25962,42.20382],[-89.27906,42.20339],[-89.27923,42.21827],[-89.27978,42.23269],[-89.27998,42.24725],[-89.28062,42.26077],[-89.28062,42.26108],[-89.28063,42.26158],[-89.28088,42.27518],[-89.28088,42.27534],[-89.28088,42.27566],[-89.28089,42.27571],[-89.28103,42.28191],[-89.2812,42.28963],[-89.28106,42.28963],[-89.26189,42.28981],[-89.26155,42.28981],[-89.26119,42.28981],[-89.24285,42.29065],[-89.24249,42.29065],[-89.22346,42.2909],[-89.22303,42.2909],[-89.20454,42.29123],[-89.20335,42.29125],[-89.18472,42.2916],[-89.1835,42.2916],[-89.17334,42.29158]]]},"properties":{"OBJECTID":346,"Join_Count":1,"TARGET_FID":346,"JOIN_FID":3397,"ASSET_NAME":"298","Feeder":"R6202","Feeder_N":"F2622","PV_HC_kW":0,"EV_HC_kW":520,"BESS_HC":0,"ORIG_FID":8303,"Feeder_Q":0,"SS_N":"S0679","Queue_RD":"03/06/2026","Shape__Length_1":null,"Shape__Area":0.009301819487745888,"Shape__Length":0.38825080077093516}},{"type":"Feature","id":347,"geometry":{"type":"Polygon","coordinates":[[[-88.81647,40.93005],[-88.83575,40.92955],[-88.8549,40.92911],[-88.87436,40.9287],[-88.8932,40.92833],[-88.89345,40.92833],[-88.91238,40.92786],[-88.91275,40.92786],[-88.93142,40.92761],[-88.9312,40.94223],[-88.93119,40.94264],[-88.93124,40.95187],[-88.93122,40.95692],[-88.93127,40.95729],[-88.93098,40.97156],[-88.93095,40.97193],[-88.9309,40.98605],[-88.93077,40.98657],[-88.9314,41.00059],[-88.93134,41.00116],[-88.93113,41.01539],[-88.91197,41.0158],[-88.9115,41.0158],[-88.89251,41.016],[-88.89188,41.016],[-88.87318,41.01661],[-88.85412,41.01681],[-88.83493,41.01722],[-88.81533,41.01768],[-88.81571,41.00312],[-88.81536,40.98848],[-88.81581,40.97403],[-88.81602,40.95929],[-88.81623,40.94467],[-88.81647,40.93005]]]},"properties":{"OBJECTID":347,"Join_Count":1,"TARGET_FID":347,"JOIN_FID":3529,"ASSET_NAME":"647","Feeder":"S206","Feeder_N":"F1755","PV_HC_kW":149.28,"EV_HC_kW":1120,"BESS_HC":149.28,"ORIG_FID":8309,"Feeder_Q":0,"SS_N":"S0689","Queue_RD":"03/06/2026","Shape__Length_1":null,"Shape__Area":0.01011823939347778,"Shape__Length":0.40628473104044527}},{"type":"Feature","id":348,"geometry":{"type":"Polygon","coordinates":[[[-88.3663,41.54793],[-88.38551,41.54739],[-88.40482,41.54686],[-88.42422,41.5464],[-88.44369,41.54593],[-88.46315,41.54543],[-88.48401,41.54495],[-88.48447,41.55936],[-88.48494,41.5739],[-88.48549,41.58847],[-88.48605,41.60287],[-88.48605,41.60303],[-88.48654,41.61751],[-88.48724,41.63195],[-88.46619,41.6326],[-88.4659,41.63261],[-88.44672,41.63311],[-88.44656,41.63311],[-88.42733,41.6337],[-88.40794,41.6343],[-88.40769,41.63431],[-88.38862,41.63466],[-88.38841,41.63467],[-88.36939,41.635],[-88.3688,41.62073],[-88.36878,41.62048],[-88.36829,41.60616],[-88.36829,41.606],[-88.36791,41.5916],[-88.36791,41.59152],[-88.36725,41.57704],[-88.36676,41.56247],[-88.3663,41.54793]]]},"properties":{"OBJECTID":348,"Join_Count":1,"TARGET_FID":348,"JOIN_FID":3693,"ASSET_NAME":"481","Feeder":"W186","Feeder_N":"F1609","PV_HC_kW":475.05,"EV_HC_kW":440,"BESS_HC":440,"ORIG_FID":8316,"Feeder_Q":57.61,"SS_N":"S0387","Queue_RD":"03/06/2026","Shape__Length_1":null,"Shape__Area":0.01027773094551776,"Shape__Length":0.409811917748121}},{"type":"Feature","id":349,"geometry":{"type":"Polygon","coordinates":[[[-88.59351,41.36961],[-88.59354,41.36961],[-88.61288,41.36927],[-88.61293,41.36927],[-88.62495,41.36916],[-88.63203,41.36906],[-88.63216,41.36906],[-88.64572,41.36894],[-88.64744,41.41282],[-88.64766,41.41841],[-88.65147,41.41838],[-88.65148,41.42066],[-88.64775,41.42066],[-88.64877,41.44647],[-88.64888,41.44923],[-88.63199,41.45438],[-88.62499,41.45652],[-88.62499,41.45652],[-88.62499,41.45652],[-88.61532,41.45682],[-88.59602,41.45706],[-88.59601,41.457],[-88.5957,41.44235],[-88.5957,41.44229],[-88.59535,41.42784],[-88.59534,41.42779],[-88.59534,41.42765],[-88.59498,41.41338],[-88.59498,41.41335],[-88.59497,41.41323],[-88.59497,41.41309],[-88.59455,41.39905],[-88.59454,41.39884],[-88.59452,41.39855],[-88.59406,41.38535],[-88.59402,41.38447],[-88.59402,41.38421],[-88.59401,41.384],[-88.59401,41.38392],[-88.59373,41.37499],[-88.59351,41.3698],[-88.59351,41.36961]]]},"properties":{"OBJECTID":349,"Join_Count":1,"TARGET_FID":349,"JOIN_FID":2755,"ASSET_NAME":"373","Feeder":"J656","Feeder_N":"F1398","PV_HC_kW":0,"EV_HC_kW":300,"BESS_HC":0,"ORIG_FID":8317,"Feeder_Q":0,"SS_N":"S0731","Queue_RD":"03/06/2026","Shape__Length_1":null,"Shape__Area":0.004518730395602688,"Shape__Length":0.2815705012692259}},{"type":"Feature","id":350,"geometry":{"type":"Polygon","coordinates":[[[-89.39409,42.02785],[-89.3949,42.00306],[-89.39495,42.00306],[-89.39494,42.00232],[-89.39494,42.00196],[-89.39478,41.9955],[-89.39461,41.989],[-89.39458,41.98833],[-89.39466,41.98833],[-89.39539,41.97482],[-89.39533,41.97482],[-89.39539,41.9737],[-89.39544,41.9737],[-89.39594,41.9598],[-89.39629,41.94553],[-89.39732,41.93116],[-89.4165,41.93118],[-89.43549,41.93109],[-89.45496,41.93089],[-89.47439,41.93096],[-89.49338,41.93071],[-89.51254,41.93085],[-89.51183,41.94522],[-89.51159,41.95982],[-89.51091,41.97414],[-89.51054,41.98853],[-89.5103,42.00335],[-89.50986,42.0271],[-89.50985,42.02722],[-89.50965,42.02723],[-89.50965,42.0271],[-89.50912,42.0271],[-89.50911,42.02722],[-89.49109,42.02703],[-89.49046,42.02704],[-89.47173,42.02726],[-89.4711,42.02734],[-89.4523,42.02763],[-89.45164,42.02764],[-89.43272,42.02772],[-89.43166,42.02772],[-89.41357,42.02784],[-89.41357,42.02789],[-89.41248,42.02789],[-89.40435,42.02787],[-89.39409,42.02785]]]},"properties":{"OBJECTID":350,"Join_Count":1,"TARGET_FID":350,"JOIN_FID":602,"ASSET_NAME":"273","Feeder":"B365","Feeder_N":"F5340","PV_HC_kW":0,"EV_HC_kW":2270,"BESS_HC":0,"ORIG_FID":8319,"Feeder_Q":2000,"SS_N":"S0656","Queue_RD":"03/06/2026","Shape__Length_1":null,"Shape__Area":0.011157345744550184,"Shape__Length":0.4247069796391227}},{"type":"Feature","id":351,"geometry":{"type":"Polygon","coordinates":[[[-89.51656,42.46113],[-89.51633,42.44983],[-89.51628,42.44738],[-89.51624,42.4472],[-89.51627,42.4466],[-89.51598,42.43272],[-89.51598,42.43262],[-89.51598,42.43236],[-89.51598,42.43228],[-89.51598,42.43215],[-89.51557,42.41805],[-89.51556,42.4178],[-89.51556,42.41775],[-89.51556,42.41766],[-89.5154,42.40366],[-89.51539,42.40349],[-89.51539,42.40335],[-89.51539,42.40323],[-89.51534,42.39944],[-89.51521,42.38879],[-89.51521,42.3887],[-89.51489,42.375],[-89.51488,42.37428],[-89.51927,42.37429],[-89.53427,42.37432],[-89.53442,42.37432],[-89.53449,42.37432],[-89.53459,42.37432],[-89.55398,42.37427],[-89.55417,42.37427],[-89.55424,42.37427],[-89.55445,42.37427],[-89.57339,42.3742],[-89.57349,42.3742],[-89.57374,42.3742],[-89.57405,42.3742],[-89.5931,42.37419],[-89.59367,42.37419],[-89.61227,42.37419],[-89.61278,42.37419],[-89.61304,42.37419],[-89.61312,42.37419],[-89.62498,42.37425],[-89.63287,42.37421],[-89.6329,42.37421],[-89.63296,42.37497],[-89.63318,42.38862],[-89.63318,42.38867],[-89.63346,42.40301],[-89.63347,42.4032],[-89.63347,42.40341],[-89.63375,42.4176],[-89.63375,42.41776],[-89.63375,42.4178],[-89.63376,42.41783],[-89.63397,42.43206],[-89.63397,42.43235],[-89.63397,42.43269],[-89.63418,42.44652],[-89.63418,42.44666],[-89.63418,42.44686],[-89.63418,42.44695],[-89.63428,42.4606],[-89.63429,42.46102],[-89.62494,42.46119],[-89.61445,42.46125],[-89.61417,42.46126],[-89.61414,42.46126],[-89.61408,42.46126],[-89.59504,42.46121],[-89.59482,42.46121],[-89.59477,42.46121],[-89.59469,42.46123],[-89.57552,42.46111],[-89.5754,42.46111],[-89.57536,42.46111],[-89.56814,42.4611],[-89.55573,42.46108],[-89.55557,42.46108],[-89.54408,42.46106],[-89.53615,42.46106],[-89.53603,42.46105],[-89.53589,42.46105],[-89.51656,42.46113]]]},"properties":{"OBJECTID":351,"Join_Count":1,"TARGET_FID":351,"JOIN_FID":631,"ASSET_NAME":"254","Feeder":"B552","Feeder_N":"F5396","PV_HC_kW":45.74,"EV_HC_kW":200,"BESS_HC":45.74,"ORIG_FID":8324,"Feeder_Q":0,"SS_N":"S0653","Queue_RD":"03/06/2026","Shape__Length_1":null,"Shape__Area":0.010254181469917967,"Shape__Length":0.4094490650375318}},{"type":"Feature","id":352,"geometry":{"type":"Polygon","coordinates":[[[-90.09266,41.84379],[-90.11176,41.84376],[-90.13058,41.84375],[-90.13071,41.84375],[-90.13081,41.84375],[-90.13106,41.84375],[-90.14978,41.8437],[-90.15001,41.84369],[-90.15015,41.84369],[-90.15029,41.84369],[-90.16926,41.84358],[-90.1696,41.84358],[-90.18134,41.84351],[-90.18017,41.84612],[-90.17984,41.8466],[-90.17947,41.84682],[-90.17913,41.84726],[-90.17875,41.84764],[-90.17844,41.848],[-90.17806,41.84851],[-90.17753,41.84921],[-90.17738,41.84948],[-90.17725,41.84976],[-90.17673,41.85067],[-90.17654,41.85091],[-90.1759,41.85188],[-90.17557,41.85248],[-90.17509,41.85357],[-90.17505,41.85362],[-90.17481,41.85403],[-90.17432,41.8548],[-90.17423,41.85502],[-90.17423,41.85504],[-90.17392,41.85558],[-90.17301,41.85739],[-90.17292,41.85808],[-90.17272,41.85878],[-90.17271,41.85897],[-90.17281,41.85952],[-90.17282,41.85981],[-90.17294,41.86095],[-90.17298,41.86151],[-90.17307,41.86206],[-90.17313,41.8628],[-90.17314,41.86283],[-90.1732,41.86391],[-90.17284,41.86563],[-90.17223,41.86719],[-90.1721,41.86753],[-90.1718,41.86835],[-90.1715,41.86877],[-90.17139,41.86901],[-90.17128,41.86923],[-90.17112,41.86977],[-90.17098,41.87043],[-90.17088,41.87122],[-90.17085,41.87168],[-90.17063,41.87372],[-90.17055,41.87403],[-90.17056,41.87437],[-90.17049,41.87502],[-90.17004,41.87643],[-90.16865,41.87831],[-90.16787,41.87938],[-90.16633,41.88178],[-90.16588,41.88247],[-90.16507,41.88377],[-90.16471,41.88439],[-90.16442,41.88484],[-90.16354,41.88613],[-90.16325,41.88659],[-90.1631,41.88682],[-90.16305,41.88689],[-90.16299,41.887],[-90.16235,41.88833],[-90.16224,41.88853],[-90.16171,41.88949],[-90.16139,41.88999],[-90.16029,41.89179],[-90.15991,41.89251],[-90.15905,41.89378],[-90.15875,41.89425],[-90.15803,41.89574],[-90.15774,41.89642],[-90.15762,41.89676],[-90.15728,41.89755],[-90.15727,41.89756],[-90.15702,41.89801],[-90.15695,41.89818],[-90.15661,41.89885],[-90.15639,41.89934],[-90.15575,41.90107],[-90.15565,41.90135],[-90.15538,41.90211],[-90.15399,41.9056],[-90.15359,41.9066],[-90.15355,41.90751],[-90.15342,41.90794],[-90.15318,41.9088],[-90.15282,41.91056],[-90.15276,41.91231],[-90.1527,41.91273],[-90.15283,41.91366],[-90.15294,41.91507],[-90.15295,41.91558],[-90.15296,41.91577],[-90.1529,41.91667],[-90.15242,41.9193],[-90.15218,41.92114],[-90.15213,41.92253],[-90.15213,41.92265],[-90.15217,41.9235],[-90.15224,41.9243],[-90.15237,41.92524],[-90.15238,41.92562],[-90.15226,41.92679],[-90.1521,41.9276],[-90.1521,41.92769],[-90.15184,41.92901],[-90.13272,41.92927],[-90.13259,41.92927],[-90.11339,41.92966],[-90.09393,41.92984],[-90.09357,41.91652],[-90.09357,41.91531],[-90.09351,41.90204],[-90.0935,41.90159],[-90.09319,41.88757],[-90.09319,41.88707],[-90.09299,41.87277],[-90.09281,41.85828],[-90.09266,41.84379]]]},"properties":{"OBJECTID":352,"Join_Count":1,"TARGET_FID":352,"JOIN_FID":2455,"ASSET_NAME":"178","Feeder":"H235","Feeder_N":"F3851","PV_HC_kW":118.08,"EV_HC_kW":1000,"BESS_HC":118.08,"ORIG_FID":8326,"Feeder_Q":0,"SS_N":"S0662","Queue_RD":"03/06/2026","Shape__Length_1":null,"Shape__Area":0.006044643819450357,"Shape__Length":0.32576912305451433}},{"type":"Feature","id":353,"geometry":{"type":"Polygon","coordinates":[[[-89.39592,42.20219],[-89.41501,42.20207],[-89.43448,42.20186],[-89.45369,42.20162],[-89.4732,42.20112],[-89.49283,42.20125],[-89.51215,42.20096],[-89.51246,42.21528],[-89.51241,42.22965],[-89.51241,42.2302],[-89.51232,42.24424],[-89.51234,42.24478],[-89.51295,42.25843],[-89.51295,42.25858],[-89.51311,42.27274],[-89.51311,42.27279],[-89.51312,42.27294],[-89.51312,42.27298],[-89.51334,42.2873],[-89.51334,42.28749],[-89.51331,42.28749],[-89.51306,42.28749],[-89.50761,42.28747],[-89.49999,42.28745],[-89.49466,42.28751],[-89.49455,42.28751],[-89.49441,42.28751],[-89.47524,42.28776],[-89.47514,42.28777],[-89.45592,42.28805],[-89.45582,42.28806],[-89.45576,42.28806],[-89.43654,42.28823],[-89.43638,42.28823],[-89.43627,42.28823],[-89.41708,42.28852],[-89.41699,42.28852],[-89.41685,42.28852],[-89.39732,42.28868],[-89.39726,42.28055],[-89.39721,42.27457],[-89.39721,42.2743],[-89.39712,42.26772],[-89.39701,42.26004],[-89.397,42.25977],[-89.39681,42.24999],[-89.39681,42.24619],[-89.39653,42.23153],[-89.39612,42.21714],[-89.39592,42.20219]]]},"properties":{"OBJECTID":353,"Join_Count":1,"TARGET_FID":353,"JOIN_FID":605,"ASSET_NAME":"270","Feeder":"B395","Feeder_N":"F5346","PV_HC_kW":0,"EV_HC_kW":450,"BESS_HC":0,"ORIG_FID":8330,"Feeder_Q":0,"SS_N":"S0656","Queue_RD":"03/06/2026","Shape__Length_1":null,"Shape__Area":0.010026275253039785,"Shape__Length":0.405328522389405}},{"type":"Feature","id":354,"geometry":{"type":"Polygon","coordinates":[[[-89.51469,41.75801],[-89.51489,41.7439],[-89.51489,41.74386],[-89.51489,41.74373],[-89.51489,41.74367],[-89.51524,41.72953],[-89.51524,41.72927],[-89.51524,41.72914],[-89.51558,41.71502],[-89.51559,41.71478],[-89.51563,41.71476],[-89.51595,41.70073],[-89.51596,41.7005],[-89.51597,41.70042],[-89.51633,41.68626],[-89.51634,41.68608],[-89.51635,41.68595],[-89.51672,41.67157],[-89.53593,41.6716],[-89.55515,41.67162],[-89.5553,41.67162],[-89.57439,41.67161],[-89.57449,41.67161],[-89.59348,41.67159],[-89.5937,41.67159],[-89.61268,41.67155],[-89.61299,41.67155],[-89.62496,41.67153],[-89.6319,41.67148],[-89.63221,41.67148],[-89.63221,41.67153],[-89.63204,41.68271],[-89.632,41.6859],[-89.632,41.68597],[-89.63199,41.68601],[-89.63186,41.70033],[-89.63186,41.70036],[-89.63186,41.70044],[-89.63186,41.70053],[-89.6318,41.7148],[-89.6318,41.71484],[-89.6318,41.71489],[-89.6318,41.71503],[-89.63171,41.72906],[-89.6317,41.72934],[-89.6317,41.72941],[-89.63168,41.73748],[-89.63168,41.73785],[-89.63165,41.74371],[-89.63165,41.74374],[-89.63165,41.74382],[-89.63165,41.74395],[-89.63151,41.75002],[-89.63084,41.75814],[-89.61214,41.75793],[-89.61213,41.75797],[-89.61087,41.75797],[-89.61087,41.75793],[-89.60561,41.75798],[-89.59268,41.75812],[-89.59161,41.75813],[-89.57338,41.75792],[-89.57235,41.75793],[-89.55349,41.7581],[-89.53387,41.75805],[-89.51469,41.75801]]]},"properties":{"OBJECTID":354,"Join_Count":1,"TARGET_FID":354,"JOIN_FID":2445,"ASSET_NAME":"262","Feeder":"H1702","Feeder_N":"F3841","PV_HC_kW":0,"EV_HC_kW":200,"BESS_HC":0,"ORIG_FID":8332,"Feeder_Q":4650,"SS_N":"S0556","Queue_RD":"03/06/2026","Shape__Length_1":null,"Shape__Area":0.01004093126243788,"Shape__Length":0.4048954402532488}},{"type":"Feature","id":355,"geometry":{"type":"Polygon","coordinates":[[[-88.71233,41.63051],[-88.73159,41.63068],[-88.73164,41.63068],[-88.74506,41.63076],[-88.75012,41.6308],[-88.7505,41.63079],[-88.75085,41.63078],[-88.75094,41.63078],[-88.77,41.63095],[-88.77027,41.63095],[-88.77036,41.63095],[-88.78887,41.63106],[-88.78968,41.63106],[-88.78981,41.63106],[-88.80844,41.6313],[-88.809,41.63131],[-88.80915,41.63131],[-88.81814,41.63129],[-88.81819,41.63129],[-88.8183,41.63129],[-88.8183,41.63147],[-88.81855,41.64585],[-88.81855,41.64603],[-88.81861,41.66032],[-88.81861,41.66049],[-88.81866,41.67279],[-88.81867,41.67488],[-88.81867,41.67512],[-88.81873,41.68943],[-88.81873,41.68955],[-88.81888,41.69902],[-88.81895,41.70373],[-88.81896,41.7038],[-88.81896,41.70386],[-88.81908,41.71768],[-88.81881,41.71768],[-88.81218,41.71771],[-88.81052,41.71772],[-88.81021,41.71772],[-88.79295,41.7178],[-88.79111,41.71779],[-88.79077,41.71779],[-88.77344,41.71793],[-88.77181,41.71793],[-88.77114,41.71793],[-88.75401,41.71796],[-88.75263,41.71795],[-88.75212,41.71796],[-88.75005,41.718],[-88.74294,41.71809],[-88.73472,41.71819],[-88.73468,41.71819],[-88.73311,41.7182],[-88.71531,41.71838],[-88.71365,41.71839],[-88.71355,41.7099],[-88.71349,41.70319],[-88.71322,41.68874],[-88.71322,41.6886],[-88.71299,41.67417],[-88.71299,41.67409],[-88.71276,41.65961],[-88.71276,41.6594],[-88.71274,41.65831],[-88.71249,41.64497],[-88.71249,41.64486],[-88.71233,41.63051]]]},"properties":{"OBJECTID":355,"Join_Count":1,"TARGET_FID":355,"JOIN_FID":2492,"ASSET_NAME":"357","Feeder":"H541","Feeder_N":"F3887","PV_HC_kW":0,"EV_HC_kW":850,"BESS_HC":0,"ORIG_FID":8334,"Feeder_Q":0,"SS_N":"S0276","Queue_RD":"03/06/2026","Shape__Length_1":null,"Shape__Area":0.009201728228390493,"Shape__Length":0.38569685636683926}},{"type":"Feature","id":356,"geometry":{"type":"Polygon","coordinates":[[[-87.77194,41.03445],[-87.79121,41.03421],[-87.81036,41.03368],[-87.82957,41.03338],[-87.8298,41.03338],[-87.84901,41.03316],[-87.86809,41.03283],[-87.88657,41.03251],[-87.88654,41.04753],[-87.88675,41.06189],[-87.887,41.07665],[-87.88714,41.09123],[-87.8875,41.10612],[-87.88778,41.11853],[-87.87508,41.11842],[-87.86919,41.11837],[-87.85564,41.11868],[-87.85059,41.1188],[-87.83582,41.1189],[-87.83159,41.11893],[-87.81679,41.11915],[-87.81247,41.11918],[-87.79777,41.11928],[-87.79298,41.11932],[-87.77846,41.11942],[-87.77376,41.11945],[-87.77348,41.10739],[-87.77347,41.10717],[-87.77303,41.09269],[-87.77303,41.09264],[-87.77294,41.07827],[-87.77294,41.07805],[-87.77254,41.06372],[-87.77253,41.06355],[-87.77231,41.04896],[-87.77194,41.03445]]]},"properties":{"OBJECTID":356,"Join_Count":1,"TARGET_FID":356,"JOIN_FID":2845,"ASSET_NAME":"627","Feeder":"K5778","Feeder_N":"F1574","PV_HC_kW":544.37,"EV_HC_kW":480,"BESS_HC":480,"ORIG_FID":8345,"Feeder_Q":0,"SS_N":"S0677","Queue_RD":"03/06/2026","Shape__Length_1":null,"Shape__Area":0.009760869501178604,"Shape__Length":0.3997341920101684}},{"type":"Feature","id":357,"geometry":{"type":"MultiPolygon","coordinates":[[[[-90.09627,42.23975],[-90.09622,42.22596],[-90.09623,42.22669],[-90.09625,42.23249],[-90.09625,42.23303],[-90.09665,42.23254],[-90.09758,42.23141],[-90.09784,42.23151],[-90.09903,42.23202],[-90.09819,42.23334],[-90.09798,42.2357],[-90.09786,42.237],[-90.09694,42.23792],[-90.09675,42.241],[-90.09668,42.24104],[-90.09631,42.24121],[-90.09651,42.2471],[-90.09655,42.24825],[-90.09667,42.25449],[-90.09668,42.25486],[-90.0967,42.25615],[-90.09669,42.25559],[-90.09668,42.25486],[-90.09667,42.25449],[-90.0963,42.2408],[-90.09631,42.24012],[-90.09627,42.23975]]],[[[-90.09694,42.26889],[-90.09676,42.25927],[-90.097,42.25924],[-90.09839,42.25906],[-90.09874,42.25915],[-90.10025,42.25954],[-90.10041,42.26538],[-90.09954,42.26777],[-90.09902,42.26765],[-90.09833,42.26749],[-90.09691,42.26715],[-90.09695,42.26889],[-90.09696,42.26926],[-90.09695,42.26902],[-90.09694,42.26889]]],[[[-90.09731,42.28482],[-90.09713,42.27614],[-90.10121,42.28002],[-90.10227,42.27883],[-90.10518,42.27801],[-90.10531,42.27785],[-90.11167,42.28011],[-90.11094,42.28125],[-90.10979,42.28084],[-90.10589,42.27931],[-90.10521,42.27912],[-90.10286,42.27978],[-90.10196,42.28088],[-90.10269,42.28124],[-90.10592,42.28132],[-90.10712,42.28132],[-90.10714,42.28243],[-90.10591,42.28244],[-90.10241,42.28233],[-90.1014,42.28189],[-90.10046,42.28305],[-90.09951,42.28247],[-90.09906,42.2822],[-90.09948,42.28165],[-90.09993,42.28104],[-90.09944,42.28054],[-90.09731,42.27832],[-90.09717,42.27819],[-90.09724,42.28117],[-90.0973,42.28417],[-90.09956,42.28412],[-90.09996,42.28411],[-90.09998,42.28479],[-90.09837,42.2848],[-90.09731,42.28482]]]]},"properties":{"OBJECTID":357,"Join_Count":0,"TARGET_FID":357,"JOIN_FID":-1,"ASSET_NAME":"174","Feeder":null,"Feeder_N":null,"PV_HC_kW":null,"EV_HC_kW":null,"BESS_HC":0,"ORIG_FID":8354,"Feeder_Q":null,"SS_N":null,"Queue_RD":null,"Shape__Length_1":null,"Shape__Area":7.348691565312038e-05,"Shape__Length":0.1627077375031834}},{"type":"Feature","id":358,"geometry":{"type":"Polygon","coordinates":[[[-88.23837,42.32859],[-88.23849,42.31401],[-88.23846,42.29952],[-88.23846,42.29941],[-88.23837,42.28504],[-88.23827,42.27056],[-88.23827,42.27042],[-88.23787,42.25599],[-88.23798,42.24168],[-88.25719,42.2415],[-88.27673,42.2413],[-88.2963,42.24124],[-88.316,42.24105],[-88.33572,42.2409],[-88.35432,42.24075],[-88.35457,42.25568],[-88.35473,42.26984],[-88.35472,42.26993],[-88.35477,42.28421],[-88.35477,42.28434],[-88.35468,42.29886],[-88.35497,42.31336],[-88.35464,42.32786],[-88.3358,42.32786],[-88.31619,42.32807],[-88.29645,42.32827],[-88.27707,42.32849],[-88.25729,42.32865],[-88.23837,42.32859]]]},"properties":{"OBJECTID":358,"Join_Count":1,"TARGET_FID":358,"JOIN_FID":3158,"ASSET_NAME":"402","Feeder":"L7541","Feeder_N":"F2122","PV_HC_kW":11268.35,"EV_HC_kW":4730,"BESS_HC":4730,"ORIG_FID":8384,"Feeder_Q":996,"SS_N":"S0729","Queue_RD":"03/06/2026","Shape__Length_1":null,"Shape__Area":0.010136120538618343,"Shape__Length":0.4066509545360412}},{"type":"Feature","id":359,"geometry":{"type":"Polygon","coordinates":[[[-88.58903,42.41478],[-88.58897,42.40041],[-88.58897,42.40021],[-88.58897,42.40012],[-88.58886,42.3858],[-88.58886,42.38576],[-88.58886,42.38565],[-88.58886,42.38551],[-88.58878,42.37497],[-88.58874,42.37112],[-88.58875,42.37109],[-88.58875,42.37105],[-88.58872,42.36542],[-88.58868,42.3567],[-88.58868,42.35662],[-88.58868,42.3565],[-88.58858,42.34213],[-88.58858,42.34203],[-88.58855,42.32768],[-88.5886,42.32768],[-88.60818,42.32768],[-88.60831,42.32768],[-88.625,42.32769],[-88.62757,42.3277],[-88.62762,42.3277],[-88.62773,42.32773],[-88.62783,42.3277],[-88.64348,42.3277],[-88.64703,42.3277],[-88.64733,42.3277],[-88.65064,42.32772],[-88.66662,42.32782],[-88.66682,42.32782],[-88.6859,42.32785],[-88.68621,42.32785],[-88.68631,42.32785],[-88.68644,42.32785],[-88.70518,42.32785],[-88.70544,42.32785],[-88.70547,42.34227],[-88.70547,42.34233],[-88.70547,42.34237],[-88.70547,42.34244],[-88.70557,42.35687],[-88.70557,42.35691],[-88.70557,42.357],[-88.70557,42.3571],[-88.70557,42.37116],[-88.70557,42.3713],[-88.70557,42.37149],[-88.70557,42.37501],[-88.70567,42.38579],[-88.70567,42.38584],[-88.70567,42.38594],[-88.70567,42.38599],[-88.70562,42.40005],[-88.70562,42.40009],[-88.70562,42.40016],[-88.70565,42.40046],[-88.70565,42.40049],[-88.70563,42.40052],[-88.70577,42.41497],[-88.70558,42.41496],[-88.69533,42.41495],[-88.68688,42.41494],[-88.68675,42.41494],[-88.68636,42.41494],[-88.68444,42.41494],[-88.66721,42.41489],[-88.66701,42.41489],[-88.66679,42.41489],[-88.66664,42.41489],[-88.64772,42.41478],[-88.64764,42.41478],[-88.64757,42.41479],[-88.64722,42.41478],[-88.62812,42.41479],[-88.62799,42.41479],[-88.62779,42.41479],[-88.62495,42.41477],[-88.60851,42.41483],[-88.60846,42.41483],[-88.60834,42.41483],[-88.58903,42.41478]]]},"properties":{"OBJECTID":359,"Join_Count":1,"TARGET_FID":359,"JOIN_FID":534,"ASSET_NAME":"362","Feeder":"B102","Feeder_N":"F5204","PV_HC_kW":269.51,"EV_HC_kW":90,"BESS_HC":90,"ORIG_FID":8390,"Feeder_Q":0,"SS_N":"S0655","Queue_RD":"03/06/2026","Shape__Length_1":null,"Shape__Area":0.010174249616511588,"Shape__Length":0.4078943006241401}},{"type":"Feature","id":360,"geometry":{"type":"Polygon","coordinates":[[[-88.60193,41.71955],[-88.60342,41.71951],[-88.60364,41.71951],[-88.61,41.71946],[-88.62115,41.71937],[-88.62128,41.71937],[-88.6229,41.71936],[-88.62499,41.7194],[-88.64064,41.71926],[-88.64226,41.7192],[-88.64246,41.7192],[-88.66003,41.71896],[-88.6618,41.71893],[-88.66202,41.71893],[-88.67943,41.71887],[-88.68098,41.71882],[-88.68132,41.71882],[-88.69903,41.71851],[-88.70062,41.71849],[-88.70068,41.71848],[-88.71348,41.71839],[-88.71365,41.71839],[-88.71531,41.71838],[-88.7153,41.73281],[-88.7153,41.73291],[-88.71524,41.7461],[-88.71523,41.74742],[-88.71523,41.74749],[-88.71521,41.75],[-88.71522,41.762],[-88.71522,41.76203],[-88.71522,41.76215],[-88.71512,41.7766],[-88.71512,41.77668],[-88.71512,41.77678],[-88.71507,41.79113],[-88.71507,41.79122],[-88.71507,41.79127],[-88.71506,41.79164],[-88.71495,41.80568],[-88.71482,41.80568],[-88.6993,41.80578],[-88.69892,41.80578],[-88.67992,41.80584],[-88.67956,41.80584],[-88.66046,41.80605],[-88.66039,41.80604],[-88.64107,41.80621],[-88.64088,41.80621],[-88.62484,41.80631],[-88.62194,41.80633],[-88.6218,41.80634],[-88.6025,41.80652],[-88.60232,41.80653],[-88.60223,41.7932],[-88.60222,41.79264],[-88.6022,41.79259],[-88.60222,41.79201],[-88.60207,41.77805],[-88.60207,41.77786],[-88.60207,41.77748],[-88.60203,41.76354],[-88.60203,41.76338],[-88.60202,41.76302],[-88.60202,41.76295],[-88.60191,41.75],[-88.60191,41.74862],[-88.60191,41.74854],[-88.60196,41.73862],[-88.60197,41.73408],[-88.60197,41.73143],[-88.60193,41.71962],[-88.60193,41.71955]]]},"properties":{"OBJECTID":360,"Join_Count":1,"TARGET_FID":360,"JOIN_FID":2990,"ASSET_NAME":"369","Feeder":"L14630","Feeder_N":"F0009","PV_HC_kW":888.81,"EV_HC_kW":4810,"BESS_HC":888.81,"ORIG_FID":8401,"Feeder_Q":8500,"SS_N":"S0671","Queue_RD":"03/06/2026","Shape__Length_1":null,"Shape__Area":0.009848875839907123,"Shape__Length":0.4003265033496323}},{"type":"Feature","id":361,"geometry":{"type":"Polygon","coordinates":[[[-88.00439,42.15355],[-88.00461,42.13899],[-88.0046,42.12456],[-88.00442,42.1101],[-88.00447,42.09562],[-88.00466,42.08114],[-88.00469,42.06662],[-88.01949,42.06662],[-88.02441,42.06663],[-88.03047,42.06665],[-88.04395,42.06676],[-88.04984,42.06681],[-88.06325,42.0669],[-88.06957,42.06694],[-88.08272,42.06695],[-88.08921,42.06696],[-88.10212,42.06704],[-88.10886,42.06708],[-88.12161,42.06706],[-88.12163,42.08157],[-88.12164,42.09609],[-88.12158,42.11058],[-88.12157,42.12496],[-88.12151,42.13925],[-88.12149,42.15398],[-88.10175,42.1539],[-88.08234,42.15384],[-88.06279,42.15374],[-88.04336,42.15375],[-88.02406,42.15365],[-88.00439,42.15355]]]},"properties":{"OBJECTID":361,"Join_Count":1,"TARGET_FID":361,"JOIN_FID":2898,"ASSET_NAME":"424","Feeder":"L10231","Feeder_N":"F1650","PV_HC_kW":6717.57,"EV_HC_kW":6540,"BESS_HC":6540,"ORIG_FID":8465,"Feeder_Q":0,"SS_N":"S0639","Queue_RD":"03/06/2026","Shape__Length_1":null,"Shape__Area":0.010172487396175711,"Shape__Length":0.40786992018572066}},{"type":"Feature","id":362,"geometry":{"type":"Polygon","coordinates":[[[-88.58855,42.32768],[-88.58855,42.32756],[-88.58855,42.31327],[-88.58855,42.31312],[-88.58855,42.31303],[-88.58856,42.31293],[-88.58863,42.30499],[-88.58868,42.29871],[-88.58868,42.29857],[-88.58868,42.29852],[-88.58878,42.28417],[-88.58878,42.28412],[-88.58878,42.28407],[-88.58885,42.26966],[-88.58885,42.2696],[-88.58885,42.26954],[-88.58888,42.25526],[-88.58888,42.25505],[-88.58887,42.24998],[-88.58894,42.24074],[-88.58894,42.24056],[-88.60822,42.24065],[-88.60842,42.24065],[-88.61139,42.24066],[-88.62495,42.24067],[-88.62773,42.24068],[-88.62788,42.24068],[-88.62794,42.24068],[-88.64706,42.24072],[-88.64729,42.24072],[-88.64735,42.24072],[-88.66657,42.24079],[-88.66674,42.24079],[-88.66679,42.24079],[-88.66692,42.24079],[-88.68192,42.24078],[-88.68568,42.24078],[-88.68593,42.24078],[-88.68613,42.24078],[-88.68635,42.24078],[-88.68949,42.24081],[-88.70505,42.24093],[-88.70532,42.24093],[-88.70538,42.24093],[-88.70538,42.25001],[-88.70536,42.25512],[-88.70536,42.25536],[-88.70547,42.26979],[-88.70556,42.28408],[-88.70556,42.28416],[-88.70556,42.28421],[-88.70554,42.29871],[-88.70554,42.29875],[-88.70557,42.31317],[-88.70557,42.31333],[-88.70557,42.31339],[-88.70544,42.32777],[-88.70544,42.32785],[-88.70518,42.32785],[-88.68644,42.32785],[-88.68631,42.32785],[-88.68621,42.32785],[-88.6859,42.32785],[-88.66682,42.32782],[-88.66662,42.32782],[-88.65064,42.32772],[-88.64733,42.3277],[-88.64703,42.3277],[-88.64348,42.3277],[-88.62783,42.3277],[-88.62773,42.32773],[-88.62762,42.3277],[-88.62757,42.3277],[-88.625,42.32769],[-88.60831,42.32768],[-88.60818,42.32768],[-88.5886,42.32768],[-88.58855,42.32768]]]},"properties":{"OBJECTID":362,"Join_Count":1,"TARGET_FID":362,"JOIN_FID":2956,"ASSET_NAME":"363","Feeder":"L12375","Feeder_N":"F1766","PV_HC_kW":4156.58,"EV_HC_kW":3100,"BESS_HC":3100,"ORIG_FID":8483,"Feeder_Q":0,"SS_N":"S0655","Queue_RD":"03/06/2026","Shape__Length_1":null,"Shape__Area":0.010159024506037895,"Shape__Length":0.4073860158673173}},{"type":"Feature","id":363,"geometry":{"type":"Polygon","coordinates":[[[-89.28624,41.67154],[-89.28624,41.6715],[-89.286,41.65759],[-89.28599,41.65739],[-89.286,41.6572],[-89.28592,41.64308],[-89.28592,41.64288],[-89.28592,41.64284],[-89.28576,41.62854],[-89.28576,41.62849],[-89.28576,41.62832],[-89.28577,41.62497],[-89.28572,41.614],[-89.28572,41.61397],[-89.28565,41.59952],[-89.28565,41.59934],[-89.28558,41.5852],[-89.28558,41.58507],[-89.29089,41.58505],[-89.29581,41.58503],[-89.30006,41.58502],[-89.30229,41.58501],[-89.30473,41.58503],[-89.30859,41.58499],[-89.31486,41.58498],[-89.31525,41.58498],[-89.31893,41.58496],[-89.32375,41.58496],[-89.32397,41.58496],[-89.33463,41.58495],[-89.34302,41.58493],[-89.34316,41.58493],[-89.35409,41.58492],[-89.36212,41.5849],[-89.36233,41.5849],[-89.37439,41.58488],[-89.37488,41.58493],[-89.38146,41.58486],[-89.38156,41.58486],[-89.39452,41.58486],[-89.40051,41.58486],[-89.40061,41.58486],[-89.40078,41.59898],[-89.40078,41.59919],[-89.40094,41.6137],[-89.40094,41.61376],[-89.40102,41.62053],[-89.40107,41.62495],[-89.40114,41.62815],[-89.40114,41.62822],[-89.40117,41.63053],[-89.40133,41.64238],[-89.40133,41.64258],[-89.40147,41.6569],[-89.40147,41.65703],[-89.40143,41.67144],[-89.40143,41.67148],[-89.40136,41.67148],[-89.40099,41.67148],[-89.38237,41.67148],[-89.38231,41.67148],[-89.38203,41.67148],[-89.3749,41.67145],[-89.36361,41.67157],[-89.36349,41.67157],[-89.36337,41.67157],[-89.3627,41.67157],[-89.344,41.67156],[-89.34364,41.67156],[-89.34342,41.67156],[-89.3248,41.67156],[-89.32476,41.67156],[-89.32451,41.67156],[-89.32413,41.67155],[-89.3056,41.67148],[-89.30489,41.67148],[-89.29283,41.67152],[-89.28624,41.67154]]]},"properties":{"OBJECTID":363,"Join_Count":1,"TARGET_FID":363,"JOIN_FID":2508,"ASSET_NAME":"291","Feeder":"H705","Feeder_N":"F3323","PV_HC_kW":0,"EV_HC_kW":0,"BESS_HC":0,"ORIG_FID":8485,"Feeder_Q":28.36,"SS_N":"S0286","Queue_RD":"03/06/2026","Shape__Length_1":null,"Shape__Area":0.00998165843316201,"Shape__Length":0.40332437839261553}},{"type":"Feature","id":364,"geometry":{"type":"Polygon","coordinates":[[[-89.63145,41.58487],[-89.64759,41.5849],[-89.64777,41.5849],[-89.65063,41.58491],[-89.66756,41.58482],[-89.66774,41.58482],[-89.6698,41.5848],[-89.66985,41.5848],[-89.68743,41.58462],[-89.68776,41.58461],[-89.68787,41.58461],[-89.68932,41.5846],[-89.70677,41.58444],[-89.70731,41.58444],[-89.70735,41.58444],[-89.70862,41.58454],[-89.72649,41.58445],[-89.72668,41.58445],[-89.72775,41.58445],[-89.74468,41.58437],[-89.74478,41.58437],[-89.74483,41.58437],[-89.74707,41.58437],[-89.74702,41.58442],[-89.74702,41.58472],[-89.74702,41.58491],[-89.74712,41.5988],[-89.74712,41.59887],[-89.74712,41.59895],[-89.74728,41.61322],[-89.74728,41.61326],[-89.7473,41.61346],[-89.74731,41.6137],[-89.74747,41.62382],[-89.74748,41.62502],[-89.74748,41.62779],[-89.74749,41.62783],[-89.74766,41.64218],[-89.74766,41.64224],[-89.74766,41.64228],[-89.7478,41.65646],[-89.7478,41.65659],[-89.7478,41.65666],[-89.74795,41.6709],[-89.74795,41.67112],[-89.7287,41.6713],[-89.72852,41.6713],[-89.70946,41.67125],[-89.70926,41.67125],[-89.69001,41.67128],[-89.68993,41.67128],[-89.68388,41.67129],[-89.67069,41.6713],[-89.67064,41.6713],[-89.6515,41.67143],[-89.63818,41.67146],[-89.63221,41.67148],[-89.63205,41.65734],[-89.63205,41.65721],[-89.63205,41.65716],[-89.63185,41.64286],[-89.63185,41.64283],[-89.63185,41.64274],[-89.63181,41.63897],[-89.63171,41.62844],[-89.6317,41.62836],[-89.6317,41.6283],[-89.6317,41.62826],[-89.6317,41.62499],[-89.63169,41.61832],[-89.63168,41.61414],[-89.63168,41.61386],[-89.63162,41.60873],[-89.63152,41.59953],[-89.63152,41.59936],[-89.63136,41.58518],[-89.63135,41.58493],[-89.63145,41.58487]]]},"properties":{"OBJECTID":364,"Join_Count":1,"TARGET_FID":364,"JOIN_FID":2470,"ASSET_NAME":"249","Feeder":"H365","Feeder_N":"F3303","PV_HC_kW":0.48,"EV_HC_kW":720,"BESS_HC":0.48,"ORIG_FID":8488,"Feeder_Q":0,"SS_N":"S0657","Queue_RD":"03/06/2026","Shape__Length_1":null,"Shape__Area":0.01002906993517172,"Shape__Length":0.4048151818305396}},{"type":"Feature","id":365,"geometry":{"type":"Polygon","coordinates":[[[-89.04773,41.01327],[-89.04689,40.99903],[-89.0469,40.99859],[-89.04719,40.98396],[-89.04714,40.96973],[-89.04723,40.96922],[-89.04737,40.95489],[-89.04755,40.94036],[-89.04757,40.92563],[-89.06693,40.92594],[-89.08622,40.92617],[-89.10522,40.92656],[-89.12429,40.92689],[-89.12455,40.92685],[-89.14358,40.92709],[-89.16034,40.92698],[-89.16054,40.94122],[-89.16055,40.94178],[-89.16081,40.95606],[-89.16083,40.95657],[-89.16073,40.97081],[-89.16074,40.97134],[-89.16119,40.98549],[-89.1612,40.98596],[-89.16174,41.00076],[-89.16173,41.0155],[-89.14434,41.01516],[-89.14385,41.01515],[-89.12472,41.01469],[-89.10582,41.01435],[-89.0865,41.01384],[-89.06689,41.01366],[-89.04773,41.01327]]]},"properties":{"OBJECTID":365,"Join_Count":1,"TARGET_FID":365,"JOIN_FID":3529,"ASSET_NAME":"645","Feeder":"S206","Feeder_N":"F1755","PV_HC_kW":149.28,"EV_HC_kW":1120,"BESS_HC":149.28,"ORIG_FID":8493,"Feeder_Q":0,"SS_N":"S0689","Queue_RD":"03/06/2026","Shape__Length_1":null,"Shape__Area":0.009988456174369276,"Shape__Length":0.403032672474678}},{"type":"Feature","id":366,"geometry":{"type":"Polygon","coordinates":[[[-88.8167,41.10636],[-88.83176,41.10619],[-88.83573,41.10616],[-88.85197,41.10594],[-88.85503,41.10609],[-88.87085,41.10599],[-88.8741,41.10602],[-88.89039,41.10602],[-88.89307,41.10608],[-88.90993,41.10604],[-88.93106,41.10592],[-88.9316,41.10592],[-88.93164,41.12012],[-88.93188,41.13476],[-88.93189,41.14926],[-88.93189,41.14953],[-88.93175,41.16399],[-88.93205,41.1785],[-88.93242,41.19267],[-88.91296,41.19289],[-88.89413,41.19302],[-88.8936,41.19302],[-88.87525,41.19297],[-88.87454,41.19298],[-88.85593,41.1932],[-88.85542,41.19321],[-88.83648,41.19351],[-88.81696,41.19361],[-88.81693,41.17936],[-88.81689,41.16478],[-88.81682,41.15017],[-88.81698,41.13561],[-88.81689,41.12117],[-88.8167,41.10636]]]},"properties":{"OBJECTID":366,"Join_Count":1,"TARGET_FID":366,"JOIN_FID":3113,"ASSET_NAME":"587","Feeder":"L6162","Feeder_N":"F2036","PV_HC_kW":2846.96,"EV_HC_kW":1470,"BESS_HC":1470,"ORIG_FID":8497,"Feeder_Q":0,"SS_N":"S0719","Queue_RD":"03/06/2026","Shape__Length_1":null,"Shape__Area":0.010010532980231801,"Shape__Length":0.40438369182476186}},{"type":"Feature","id":367,"geometry":{"type":"Polygon","coordinates":[[[-88.47152,40.9339],[-88.49087,40.9335],[-88.5098,40.93351],[-88.51002,40.9335],[-88.52893,40.93332],[-88.52947,40.93332],[-88.54805,40.93302],[-88.54881,40.93301],[-88.56737,40.9328],[-88.5679,40.9328],[-88.58607,40.93274],[-88.5861,40.9467],[-88.5858,40.9618],[-88.58575,40.97602],[-88.58575,40.97638],[-88.58593,40.99054],[-88.58575,41.00481],[-88.58538,41.0194],[-88.5666,41.01973],[-88.56612,41.01975],[-88.54745,41.01981],[-88.547,41.01982],[-88.52785,41.0202],[-88.50883,41.02041],[-88.48953,41.02062],[-88.47011,41.02087],[-88.47019,41.00632],[-88.47052,40.99202],[-88.47081,40.97744],[-88.47102,40.96292],[-88.47142,40.94809],[-88.47152,40.9339]]]},"properties":{"OBJECTID":367,"Join_Count":1,"TARGET_FID":367,"JOIN_FID":3172,"ASSET_NAME":"650","Feeder":"L7767","Feeder_N":"F2150","PV_HC_kW":0,"EV_HC_kW":5010,"BESS_HC":0,"ORIG_FID":8514,"Feeder_Q":5000,"SS_N":"Networked*","Queue_RD":"03/06/2026","Shape__Length_1":null,"Shape__Area":0.009997089249281998,"Shape__Length":0.40349517299284055}},{"type":"Feature","id":368,"geometry":{"type":"Polygon","coordinates":[[[-88.13147,40.98314],[-88.13147,40.98305],[-88.13141,40.97805],[-88.13141,40.97805],[-88.13141,40.97804],[-88.13141,40.97804],[-88.13138,40.97577],[-88.13129,40.96851],[-88.13129,40.9684],[-88.13083,40.95373],[-88.13082,40.95354],[-88.13069,40.94691],[-88.13069,40.94691],[-88.13068,40.94643],[-88.13053,40.93912],[-88.14983,40.93853],[-88.16923,40.93798],[-88.18821,40.93775],[-88.2074,40.93716],[-88.22629,40.93674],[-88.2453,40.93636],[-88.24576,40.95079],[-88.24616,40.96555],[-88.24691,40.97998],[-88.24751,40.99457],[-88.24757,41.00874],[-88.24824,41.02313],[-88.22893,41.02383],[-88.20956,41.02455],[-88.19008,41.0252],[-88.17092,41.02593],[-88.15179,41.02639],[-88.13297,41.02704],[-88.13249,41.01221],[-88.13273,40.99781],[-88.13184,40.99786],[-88.13147,40.98314]]]},"properties":{"OBJECTID":368,"Join_Count":1,"TARGET_FID":368,"JOIN_FID":2829,"ASSET_NAME":"653","Feeder":"K345","Feeder_N":"F1542","PV_HC_kW":0,"EV_HC_kW":180,"BESS_HC":0,"ORIG_FID":8518,"Feeder_Q":0,"SS_N":"S0336","Queue_RD":"03/06/2026","Shape__Length_1":null,"Shape__Area":0.010079367406206075,"Shape__Length":0.4058575278627055}},{"type":"Feature","id":369,"geometry":{"type":"Polygon","coordinates":[[[-88.93079,40.84041],[-88.94993,40.84005],[-88.96902,40.83958],[-88.98836,40.83936],[-89.00805,40.83893],[-89.02741,40.83868],[-89.04706,40.83812],[-89.04753,40.85281],[-89.04726,40.86737],[-89.04765,40.88222],[-89.04767,40.89667],[-89.0476,40.91122],[-89.04757,40.92563],[-89.02747,40.926],[-89.00827,40.92644],[-88.98916,40.92685],[-88.96994,40.92699],[-88.95065,40.92733],[-88.93142,40.92761],[-88.93137,40.91323],[-88.93134,40.89854],[-88.93146,40.884],[-88.93112,40.86949],[-88.93103,40.85498],[-88.93079,40.84041]]]},"properties":{"OBJECTID":369,"Join_Count":1,"TARGET_FID":369,"JOIN_FID":3026,"ASSET_NAME":"676","Feeder":"L18262","Feeder_N":"F1874","PV_HC_kW":0,"EV_HC_kW":3580,"BESS_HC":0,"ORIG_FID":8521,"Feeder_Q":14474,"SS_N":"S0689","Queue_RD":"03/06/2026","Shape__Length_1":null,"Shape__Area":0.010162009913756265,"Shape__Length":0.4071842915667245}},{"type":"Feature","id":370,"geometry":{"type":"Polygon","coordinates":[[[-87.79001,41.46988],[-87.78721,41.46981],[-87.78707,41.45568],[-87.78693,41.44116],[-87.7868,41.42643],[-87.78655,41.41222],[-87.78632,41.39771],[-87.78601,41.38309],[-87.80534,41.38285],[-87.82487,41.38246],[-87.84414,41.38225],[-87.86342,41.38209],[-87.88288,41.38179],[-87.90249,41.38151],[-87.90264,41.396],[-87.90288,41.4106],[-87.90308,41.4252],[-87.90332,41.43966],[-87.90359,41.45344],[-87.90565,41.45188],[-87.90577,41.45498],[-87.90636,41.4697],[-87.88699,41.46995],[-87.88181,41.46998],[-87.88296,41.46911],[-87.86756,41.47007],[-87.86505,41.47006],[-87.84837,41.46996],[-87.84541,41.46997],[-87.82895,41.47],[-87.82607,41.46999],[-87.80949,41.46995],[-87.80645,41.46994],[-87.79001,41.46988]]]},"properties":{"OBJECTID":370,"Join_Count":1,"TARGET_FID":370,"JOIN_FID":2674,"ASSET_NAME":"506","Feeder":"J4076","Feeder_N":"F3071","PV_HC_kW":662.88,"EV_HC_kW":30,"BESS_HC":30,"ORIG_FID":8527,"Feeder_Q":0,"SS_N":"S0669","Queue_RD":"03/06/2026","Shape__Length_1":null,"Shape__Area":0.010239399064630561,"Shape__Length":0.41733870066716217}},{"type":"Feature","id":371,"geometry":{"type":"Polygon","coordinates":[[[-90.08505,41.49779],[-90.08524,41.48327],[-90.08521,41.48271],[-90.08562,41.46904],[-90.08564,41.46855],[-90.08558,41.45434],[-90.08575,41.45391],[-90.08599,41.43952],[-90.08621,41.42506],[-90.08646,41.41054],[-90.08784,41.41056],[-90.08784,41.41056],[-90.10571,41.4107],[-90.12463,41.4111],[-90.12556,41.41113],[-90.14434,41.41122],[-90.14479,41.41123],[-90.15475,41.41129],[-90.15475,41.41131],[-90.15398,41.4113],[-90.14903,41.41131],[-90.14905,41.41134],[-90.15141,41.41579],[-90.15192,41.41676],[-90.17497,41.417],[-90.17961,41.41705],[-90.1796,41.41724],[-90.17956,41.41884],[-90.18763,41.41889],[-90.18766,41.41766],[-90.18767,41.41714],[-90.19889,41.41728],[-90.19824,41.48405],[-90.19203,41.48399],[-90.19179,41.49156],[-90.19156,41.49912],[-90.18124,41.49911],[-90.16267,41.49902],[-90.16204,41.49901],[-90.14296,41.49875],[-90.12493,41.4983],[-90.12362,41.49824],[-90.10452,41.49807],[-90.10437,41.49807],[-90.08505,41.49779]]]},"properties":{"OBJECTID":371,"Join_Count":1,"TARGET_FID":371,"JOIN_FID":2472,"ASSET_NAME":"183","Feeder":"H385","Feeder_N":"F2881","PV_HC_kW":0,"EV_HC_kW":750,"BESS_HC":0,"ORIG_FID":8529,"Feeder_Q":0,"SS_N":"S0657","Queue_RD":"03/06/2026","Shape__Length_1":null,"Shape__Area":0.009482841805038333,"Shape__Length":0.4126515218672443}},{"type":"Feature","id":372,"geometry":{"type":"Polygon","coordinates":[[[-89.05194,41.62669],[-89.05194,41.62666],[-89.05193,41.62648],[-89.05188,41.62502],[-89.05165,41.6123],[-89.05165,41.61218],[-89.05165,41.61204],[-89.05139,41.59776],[-89.05098,41.58318],[-89.05097,41.58305],[-89.05097,41.58301],[-89.05067,41.56865],[-89.05067,41.56855],[-89.05038,41.55416],[-89.05038,41.55405],[-89.05037,41.55397],[-89.05004,41.53955],[-89.05004,41.53943],[-89.06929,41.53978],[-89.06934,41.53978],[-89.06948,41.53978],[-89.07639,41.5399],[-89.08845,41.54011],[-89.08885,41.54012],[-89.08916,41.54013],[-89.10804,41.54046],[-89.10808,41.54046],[-89.11054,41.54048],[-89.12499,41.54061],[-89.12724,41.54061],[-89.12745,41.54061],[-89.14677,41.54103],[-89.14684,41.54103],[-89.16614,41.54152],[-89.16645,41.54153],[-89.1664,41.54695],[-89.16638,41.54824],[-89.16633,41.55388],[-89.16633,41.55465],[-89.16633,41.55477],[-89.16633,41.55542],[-89.16634,41.56817],[-89.16634,41.56821],[-89.16634,41.56827],[-89.16635,41.56993],[-89.16644,41.58435],[-89.16645,41.58516],[-89.16645,41.58525],[-89.16662,41.59884],[-89.16663,41.59977],[-89.16663,41.5999],[-89.16684,41.6134],[-89.16684,41.61345],[-89.16686,41.61431],[-89.16711,41.62499],[-89.16712,41.6286],[-89.16705,41.62864],[-89.16683,41.62863],[-89.16676,41.62863],[-89.14886,41.6283],[-89.1487,41.6283],[-89.14858,41.6283],[-89.14838,41.6283],[-89.14822,41.62829],[-89.14165,41.62816],[-89.14153,41.62816],[-89.12947,41.62791],[-89.12904,41.6279],[-89.12498,41.62782],[-89.10989,41.62754],[-89.1098,41.62754],[-89.10946,41.62753],[-89.09061,41.62728],[-89.09025,41.62727],[-89.0713,41.62701],[-89.07118,41.62701],[-89.07099,41.62701],[-89.05194,41.62669]]]},"properties":{"OBJECTID":372,"Join_Count":1,"TARGET_FID":372,"JOIN_FID":2435,"ASSET_NAME":"319","Feeder":"H113","Feeder_N":"F3831","PV_HC_kW":340.44,"EV_HC_kW":1060,"BESS_HC":340.44,"ORIG_FID":8530,"Feeder_Q":0,"SS_N":"S0668","Queue_RD":"03/06/2026","Shape__Length_1":null,"Shape__Area":0.010073955190136985,"Shape__Length":0.4060004055039315}},{"type":"Feature","id":373,"geometry":{"type":"Polygon","coordinates":[[[-87.52673,41.20896],[-87.52663,41.19434],[-87.52676,41.17984],[-87.52677,41.17372],[-87.52681,41.17372],[-87.52687,41.15561],[-87.52674,41.15561],[-87.52672,41.15076],[-87.52672,41.15072],[-87.52672,41.14927],[-87.52687,41.14927],[-87.52681,41.14338],[-87.52671,41.136],[-87.52671,41.13587],[-87.5267,41.12869],[-87.52669,41.12416],[-87.52669,41.12416],[-87.52669,41.12416],[-87.52669,41.12159],[-87.52669,41.12159],[-87.52669,41.12138],[-87.54385,41.1212],[-87.54565,41.12119],[-87.54593,41.13581],[-87.54627,41.15047],[-87.5465,41.16513],[-87.54681,41.17963],[-87.54697,41.1942],[-87.5475,41.20876],[-87.52812,41.20897],[-87.52777,41.20897],[-87.52673,41.20896]]]},"properties":{"OBJECTID":373,"Join_Count":1,"TARGET_FID":373,"JOIN_FID":2815,"ASSET_NAME":"599","Feeder":"K187","Feeder_N":"F1514","PV_HC_kW":0,"EV_HC_kW":760,"BESS_HC":0,"ORIG_FID":8544,"Feeder_Q":3250,"SS_N":"S0725","Queue_RD":"03/06/2026","Shape__Length_1":null,"Shape__Area":0.0017312855190994014,"Shape__Length":0.21523468600366616}},{"type":"Feature","id":374,"geometry":{"type":"Polygon","coordinates":[[[-89.16645,41.58516],[-89.16644,41.58435],[-89.16635,41.56993],[-89.16634,41.56827],[-89.16634,41.56821],[-89.16634,41.56817],[-89.16633,41.55542],[-89.16633,41.55477],[-89.16633,41.55465],[-89.16633,41.55388],[-89.16638,41.54824],[-89.1664,41.54695],[-89.16645,41.54153],[-89.16647,41.53928],[-89.16647,41.53919],[-89.16649,41.5353],[-89.16649,41.535],[-89.16647,41.52706],[-89.16647,41.52486],[-89.16647,41.52474],[-89.16646,41.51249],[-89.16646,41.51026],[-89.16646,41.51009],[-89.16646,41.51005],[-89.16646,41.50132],[-89.16654,41.50132],[-89.16654,41.50132],[-89.1801,41.50127],[-89.18002,41.51088],[-89.16711,41.51084],[-89.16712,41.52477],[-89.16712,41.52544],[-89.18028,41.52534],[-89.18021,41.55217],[-89.27664,41.5516],[-89.2767,41.5532],[-89.27671,41.55328],[-89.27671,41.55335],[-89.27671,41.55346],[-89.27666,41.56584],[-89.27666,41.56749],[-89.27666,41.56775],[-89.27666,41.5678],[-89.27668,41.56915],[-89.27691,41.5851],[-89.27652,41.5851],[-89.26673,41.58514],[-89.26594,41.58514],[-89.26106,41.58516],[-89.25641,41.58516],[-89.25619,41.58516],[-89.24992,41.58517],[-89.24699,41.58518],[-89.2414,41.58519],[-89.23891,41.5852],[-89.23097,41.58522],[-89.2277,41.58522],[-89.22459,41.58523],[-89.21949,41.58524],[-89.21934,41.58524],[-89.20839,41.58522],[-89.20808,41.58522],[-89.20026,41.58523],[-89.19981,41.58523],[-89.19858,41.58523],[-89.196,41.58522],[-89.18914,41.58519],[-89.18327,41.58517],[-89.18087,41.58516],[-89.17468,41.58516],[-89.16645,41.58516]]]},"properties":{"OBJECTID":374,"Join_Count":1,"TARGET_FID":374,"JOIN_FID":2475,"ASSET_NAME":"306","Feeder":"H394","Feeder_N":"F3871","PV_HC_kW":0,"EV_HC_kW":1480,"BESS_HC":0,"ORIG_FID":8545,"Feeder_Q":0,"SS_N":"S0668","Queue_RD":"03/06/2026","Shape__Length_1":null,"Shape__Area":0.00418054650049271,"Shape__Length":0.41497167728541334}},{"type":"Feature","id":375,"geometry":{"type":"Polygon","coordinates":[[[-89.98166,42.37158],[-89.98166,42.37148],[-89.98109,42.35812],[-89.98104,42.35707],[-89.98104,42.35698],[-89.98103,42.35686],[-89.98102,42.35654],[-89.98085,42.35174],[-89.98051,42.34215],[-89.98051,42.34199],[-89.9805,42.34193],[-89.97994,42.3277],[-89.97994,42.3276],[-89.97994,42.32756],[-89.97993,42.32728],[-89.9795,42.31309],[-89.97949,42.31292],[-89.97949,42.31288],[-89.97949,42.31277],[-89.97893,42.29844],[-89.97892,42.29829],[-89.97892,42.29821],[-89.97852,42.28373],[-89.97852,42.2836],[-89.98248,42.2837],[-89.99796,42.28406],[-89.99836,42.28406],[-89.99995,42.28409],[-90.01765,42.2842],[-90.01807,42.2842],[-90.01842,42.28421],[-90.0193,42.28421],[-90.03741,42.28437],[-90.03791,42.28436],[-90.03835,42.28437],[-90.05692,42.2846],[-90.05738,42.2846],[-90.05785,42.28461],[-90.06464,42.28469],[-90.07687,42.28484],[-90.07715,42.28484],[-90.07729,42.28484],[-90.07774,42.28484],[-90.09731,42.28482],[-90.09734,42.28504],[-90.09788,42.29097],[-90.09782,42.29103],[-90.09766,42.29117],[-90.0975,42.29131],[-90.09728,42.29142],[-90.09706,42.29151],[-90.09684,42.2916],[-90.09661,42.29169],[-90.09639,42.29176],[-90.09616,42.29183],[-90.09593,42.2919],[-90.09569,42.29195],[-90.09546,42.292],[-90.09522,42.29204],[-90.09499,42.29208],[-90.09475,42.2921],[-90.09451,42.29212],[-90.09427,42.29214],[-90.09403,42.29214],[-90.09379,42.29214],[-90.09355,42.29213],[-90.09312,42.29243],[-90.09229,42.29571],[-90.08826,42.29606],[-90.08506,42.29934],[-90.07851,42.29935],[-90.06863,42.2992],[-90.05875,42.29905],[-90.05897,42.30635],[-90.05897,42.30642],[-90.05918,42.31372],[-90.05953,42.32097],[-90.05954,42.32104],[-90.05961,42.32199],[-90.06833,42.32212],[-90.08527,42.32238],[-90.09991,42.3226],[-90.10013,42.32657],[-90.10023,42.32837],[-90.10025,42.32861],[-90.10026,42.3289],[-90.10066,42.33725],[-90.10088,42.34193],[-90.10093,42.343],[-90.10093,42.34306],[-90.10093,42.3431],[-90.10094,42.34322],[-90.10141,42.35438],[-90.10153,42.35728],[-90.10154,42.35762],[-90.10155,42.35773],[-90.10156,42.35785],[-90.10203,42.37154],[-90.10204,42.37208],[-90.102,42.37208],[-90.0818,42.37187],[-90.08132,42.37186],[-90.08109,42.37186],[-90.08105,42.37186],[-90.06147,42.37175],[-90.06115,42.37174],[-90.06101,42.37174],[-90.06092,42.37174],[-90.04984,42.37159],[-90.04184,42.37148],[-90.0413,42.37148],[-90.02213,42.37151],[-90.02167,42.37151],[-90.02158,42.37151],[-90.02149,42.37151],[-90.01917,42.37152],[-90.0024,42.37157],[-90.0018,42.37157],[-90.00174,42.37157],[-89.99998,42.37158],[-89.98189,42.37157],[-89.98166,42.37158]]]},"properties":{"OBJECTID":375,"Join_Count":1,"TARGET_FID":375,"JOIN_FID":610,"ASSET_NAME":"192","Feeder":"B436","Feeder_N":"F5356","PV_HC_kW":0,"EV_HC_kW":520,"BESS_HC":0,"ORIG_FID":8547,"Feeder_Q":2800,"SS_N":"S0688","Queue_RD":"03/06/2026","Shape__Length_1":null,"Shape__Area":0.009491401599916571,"Shape__Length":0.489621825983732}},{"type":"Feature","id":376,"geometry":{"type":"Polygon","coordinates":[[[-89.51215,42.20096],[-89.5327,42.20085],[-89.55188,42.20083],[-89.57099,42.20096],[-89.57151,42.20096],[-89.59026,42.20082],[-89.59039,42.20082],[-89.60992,42.2006],[-89.62934,42.20057],[-89.63029,42.21524],[-89.63026,42.22957],[-89.63096,42.24417],[-89.63111,42.25846],[-89.63111,42.25859],[-89.63111,42.25866],[-89.63134,42.27287],[-89.63134,42.27291],[-89.63135,42.27309],[-89.63135,42.27315],[-89.63167,42.28727],[-89.63167,42.28736],[-89.62495,42.28719],[-89.62301,42.28713],[-89.61144,42.28674],[-89.61136,42.28674],[-89.61128,42.28674],[-89.5919,42.28686],[-89.59174,42.28686],[-89.57732,42.28707],[-89.5722,42.28714],[-89.57206,42.28714],[-89.56249,42.28726],[-89.55273,42.28731],[-89.55266,42.28731],[-89.53307,42.2874],[-89.53288,42.2874],[-89.53268,42.2874],[-89.51334,42.28749],[-89.51334,42.2873],[-89.51312,42.27298],[-89.51312,42.27294],[-89.51311,42.27279],[-89.51311,42.27274],[-89.51295,42.25858],[-89.51295,42.25843],[-89.51234,42.24478],[-89.51232,42.24424],[-89.51241,42.2302],[-89.51241,42.22965],[-89.51246,42.21528],[-89.51215,42.20096]]]},"properties":{"OBJECTID":376,"Join_Count":1,"TARGET_FID":376,"JOIN_FID":2943,"ASSET_NAME":"256","Feeder":"L12164","Feeder_N":"F1740","PV_HC_kW":3831.08,"EV_HC_kW":370,"BESS_HC":370,"ORIG_FID":8557,"Feeder_Q":8890,"SS_N":"S0653","Queue_RD":"03/06/2026","Shape__Length_1":null,"Shape__Area":0.010195776808586743,"Shape__Length":0.4089341884739036}},{"type":"Feature","id":377,"geometry":{"type":"Polygon","coordinates":[[[-87.52581,41.45649],[-87.52594,41.45407],[-87.52579,41.45407],[-87.52579,41.45361],[-87.52579,41.45361],[-87.52579,41.45361],[-87.52579,41.45361],[-87.52594,41.44902],[-87.52594,41.44902],[-87.52594,41.44901],[-87.52596,41.44776],[-87.52592,41.44776],[-87.52587,41.44324],[-87.52585,41.44302],[-87.52586,41.44021],[-87.52587,41.43544],[-87.52585,41.4329],[-87.5263,41.38503],[-87.55454,41.38471],[-87.55581,41.47003],[-87.55581,41.47009],[-87.52557,41.47019],[-87.52557,41.47019],[-87.52557,41.47019],[-87.5256,41.4687],[-87.52554,41.46868],[-87.52553,41.46751],[-87.52563,41.45681],[-87.52574,41.45681],[-87.52581,41.45649]]]},"properties":{"OBJECTID":377,"Join_Count":1,"TARGET_FID":377,"JOIN_FID":2113,"ASSET_NAME":"509","Feeder":"F365","Feeder_N":"F2933","PV_HC_kW":0,"EV_HC_kW":950,"BESS_HC":0,"ORIG_FID":8560,"Feeder_Q":0,"SS_N":"S0728","Queue_RD":"03/06/2026","Shape__Length_1":null,"Shape__Area":0.0024929564901867707,"Shape__Length":0.22940363158550836}},{"type":"Feature","id":101,"geometry":{"type":"MultiPolygon","coordinates":[[[[-89.05915,42.44845],[-89.05915,42.44823],[-89.05954,42.44844],[-89.05915,42.44845]]],[[[-89.15249,42.49721],[-89.15221,42.46956],[-89.14687,42.46957],[-89.13712,42.4696],[-89.12735,42.46967],[-89.11758,42.46974],[-89.11768,42.46257],[-89.11778,42.4554],[-89.11779,42.44815],[-89.1178,42.44089],[-89.11788,42.43362],[-89.11797,42.42634],[-89.10816,42.42645],[-89.09836,42.42656],[-89.08861,42.42661],[-89.07886,42.42667],[-89.069,42.42673],[-89.06099,42.42679],[-89.06099,42.42679],[-89.06077,42.42679],[-89.06076,42.42723],[-89.05915,42.42724],[-89.05915,42.42708],[-89.05915,42.4268],[-89.05915,42.41244],[-89.07787,42.41197],[-89.07906,42.41197],[-89.09692,42.41194],[-89.09844,42.41194],[-89.11643,42.4118],[-89.11643,42.41176],[-89.11786,42.41175],[-89.11786,42.41177],[-89.13675,42.41164],[-89.13796,42.41164],[-89.15608,42.4116],[-89.15713,42.4116],[-89.17416,42.41154],[-89.17425,42.41154],[-89.17418,42.42168],[-89.1742,42.42604],[-89.17425,42.436],[-89.17421,42.44038],[-89.17419,42.45038],[-89.17411,42.45505],[-89.174,42.46483],[-89.17401,42.46947],[-89.17403,42.47911],[-89.17405,42.48409],[-89.17408,42.49351],[-89.17393,42.49748],[-89.16536,42.49738],[-89.1568,42.49728],[-89.15663,42.49727],[-89.15249,42.49722],[-89.15249,42.49721]]]]},"properties":{"OBJECTID":101,"Join_Count":1,"TARGET_FID":101,"JOIN_FID":3412,"ASSET_NAME":"309","Feeder":"R6378","Feeder_N":"F2652","PV_HC_kW":0,"EV_HC_kW":1180,"BESS_HC":0,"ORIG_FID":1647,"Feeder_Q":3984,"SS_N":"S0680","Queue_RD":"03/06/2026","Shape__Length_1":null,"Shape__Area":0.004727585258024192,"Shape__Length":0.403349196521477}},{"type":"Feature","id":102,"geometry":{"type":"Polygon","coordinates":[[[-89.97261,41.49662],[-89.97244,41.48209],[-89.97246,41.47994],[-89.97249,41.47994],[-89.97475,41.47993],[-89.97477,41.47887],[-89.97485,41.47554],[-89.99421,41.47557],[-90.00092,41.47558],[-90.01301,41.47726],[-90.01547,41.4776],[-90.01769,41.47935],[-90.01914,41.4805],[-90.02615,41.48055],[-90.03149,41.47935],[-90.03472,41.47862],[-90.05595,41.45312],[-90.08352,41.41996],[-90.08206,41.41998],[-90.08181,41.41987],[-90.07715,41.41769],[-90.07728,41.41046],[-90.07728,41.41046],[-90.0863,41.41054],[-90.08646,41.41054],[-90.08621,41.42506],[-90.08599,41.43952],[-90.08575,41.45391],[-90.08558,41.45434],[-90.08564,41.46855],[-90.08562,41.46904],[-90.08521,41.48271],[-90.08524,41.48327],[-90.08505,41.49779],[-90.06838,41.49745],[-90.06768,41.49745],[-90.0492,41.49719],[-90.04851,41.49717],[-90.02982,41.49667],[-90.01065,41.49638],[-89.99168,41.49643],[-89.97261,41.49662]]]},"properties":{"OBJECTID":102,"Join_Count":1,"TARGET_FID":102,"JOIN_FID":2472,"ASSET_NAME":"202","Feeder":"H385","Feeder_N":"F2881","PV_HC_kW":0,"EV_HC_kW":750,"BESS_HC":0,"ORIG_FID":1649,"Feeder_Q":0,"SS_N":"S0657","Queue_RD":"03/06/2026","Shape__Length_1":null,"Shape__Area":0.003787616896943291,"Shape__Length":0.3839563597839208}},{"type":"Feature","id":103,"geometry":{"type":"Polygon","coordinates":[[[-89.51469,41.75801],[-89.53387,41.75805],[-89.55349,41.7581],[-89.57235,41.75793],[-89.57338,41.75792],[-89.59161,41.75813],[-89.59268,41.75812],[-89.60561,41.75798],[-89.61087,41.75793],[-89.61087,41.75797],[-89.61213,41.75797],[-89.61214,41.75793],[-89.63084,41.75814],[-89.63059,41.77243],[-89.63059,41.78715],[-89.63036,41.80181],[-89.63043,41.802],[-89.63007,41.81567],[-89.62981,41.83033],[-89.62942,41.84382],[-89.61155,41.84388],[-89.59215,41.84397],[-89.57282,41.84405],[-89.55356,41.84404],[-89.53409,41.84448],[-89.51494,41.84459],[-89.51482,41.83027],[-89.51495,41.81583],[-89.5148,41.80149],[-89.51433,41.78708],[-89.51463,41.77261],[-89.51469,41.75801]]]},"properties":{"OBJECTID":103,"Join_Count":1,"TARGET_FID":103,"JOIN_FID":2913,"ASSET_NAME":"261","Feeder":"L10764","Feeder_N":"F1680","PV_HC_kW":5270.5,"EV_HC_kW":6130,"BESS_HC":5270.5,"ORIG_FID":1657,"Feeder_Q":0,"SS_N":"S0643","Queue_RD":"03/06/2026","Shape__Length_1":null,"Shape__Area":0.009945537804014748,"Shape__Length":0.40301924025715663}},{"type":"Feature","id":104,"geometry":{"type":"Polygon","coordinates":[[[-90.22271,42.45954],[-90.22269,42.45867],[-90.2425,42.4587],[-90.24749,42.45871],[-90.24752,42.45754],[-90.24753,42.45723],[-90.258,42.4573],[-90.258,42.45753],[-90.25796,42.45866],[-90.26283,42.4587],[-90.29918,42.45899],[-90.31338,42.4591],[-90.3134,42.45988],[-90.31341,42.4604],[-90.30365,42.46046],[-90.30294,42.46046],[-90.30288,42.46046],[-90.30283,42.46047],[-90.28365,42.46023],[-90.28325,42.46022],[-90.28311,42.46022],[-90.28284,42.46021],[-90.26337,42.46],[-90.26328,42.45999],[-90.26302,42.45998],[-90.25315,42.46001],[-90.25,42.45991],[-90.24315,42.45972],[-90.24301,42.45972],[-90.24255,42.45972],[-90.22308,42.45954],[-90.22271,42.45954]]]},"properties":{"OBJECTID":104,"Join_Count":0,"TARGET_FID":104,"JOIN_FID":-1,"ASSET_NAME":"156","Feeder":null,"Feeder_N":null,"PV_HC_kW":null,"EV_HC_kW":null,"BESS_HC":0,"ORIG_FID":1658,"Feeder_Q":null,"SS_N":null,"Queue_RD":null,"Shape__Length_1":null,"Shape__Area":0.0001278966492463951,"Shape__Length":0.18641299448877266}},{"type":"Feature","id":105,"geometry":{"type":"Polygon","coordinates":[[[-87.67499,41.55718],[-87.6944,41.55712],[-87.71378,41.55711],[-87.73325,41.55705],[-87.75216,41.55692],[-87.76713,41.55683],[-87.76449,41.55882],[-87.77399,41.55869],[-87.79274,41.55844],[-87.7932,41.573],[-87.79357,41.58756],[-87.79391,41.60213],[-87.79453,41.6169],[-87.79504,41.63155],[-87.79591,41.64611],[-87.77703,41.64638],[-87.75751,41.64673],[-87.73811,41.64701],[-87.71861,41.6474],[-87.69927,41.64774],[-87.67993,41.64815],[-87.67912,41.63354],[-87.67887,41.62479],[-87.67546,41.62736],[-87.67548,41.61528],[-87.67531,41.60068],[-87.67518,41.58616],[-87.67516,41.57159],[-87.67499,41.55718]]]},"properties":{"OBJECTID":105,"Join_Count":1,"TARGET_FID":105,"JOIN_FID":3168,"ASSET_NAME":"487","Feeder":"L7666","Feeder_N":"F2142","PV_HC_kW":23760.48,"EV_HC_kW":7610,"BESS_HC":7610,"ORIG_FID":1715,"Feeder_Q":0,"SS_N":"S0730","Queue_RD":"03/06/2026","Shape__Length_1":null,"Shape__Area":0.010569446781801162,"Shape__Length":0.4252653530256643}},{"type":"Feature","id":106,"geometry":{"type":"Polygon","coordinates":[[[-88.47032,41.10902],[-88.48959,41.10878],[-88.50849,41.1082],[-88.52762,41.10828],[-88.54672,41.10826],[-88.56554,41.10815],[-88.57846,41.10814],[-88.58417,41.10814],[-88.58588,41.10814],[-88.58595,41.12267],[-88.58593,41.13721],[-88.58641,41.15179],[-88.58617,41.16632],[-88.58669,41.18077],[-88.5866,41.19515],[-88.56846,41.19511],[-88.56738,41.19513],[-88.54891,41.19533],[-88.54831,41.19533],[-88.52916,41.19537],[-88.51052,41.19562],[-88.49123,41.19616],[-88.47169,41.19629],[-88.47173,41.18187],[-88.47118,41.16729],[-88.47156,41.15258],[-88.47115,41.13791],[-88.47122,41.12365],[-88.47032,41.10902]]]},"properties":{"OBJECTID":106,"Join_Count":1,"TARGET_FID":106,"JOIN_FID":3538,"ASSET_NAME":"590","Feeder":"S265","Feeder_N":"F2131","PV_HC_kW":119.58,"EV_HC_kW":700,"BESS_HC":119.58,"ORIG_FID":1718,"Feeder_Q":24.36,"SS_N":"S0364","Queue_RD":"03/06/2026","Shape__Length_1":null,"Shape__Area":0.0100206258059643,"Shape__Length":0.4048447694500358}},{"type":"Feature","id":107,"geometry":{"type":"Polygon","coordinates":[[[-88.01593,41.29238],[-88.03282,41.29218],[-88.03507,41.29216],[-88.05225,41.29199],[-88.0545,41.29197],[-88.07166,41.29184],[-88.07384,41.29182],[-88.09135,41.29163],[-88.09299,41.29162],[-88.11078,41.29145],[-88.11208,41.29142],[-88.11633,41.29133],[-88.13155,41.291],[-88.13202,41.30563],[-88.13252,41.32009],[-88.13301,41.33477],[-88.13349,41.34913],[-88.13412,41.36356],[-88.13488,41.37806],[-88.11584,41.37859],[-88.09636,41.37897],[-88.07714,41.37926],[-88.0578,41.3796],[-88.03832,41.37991],[-88.01902,41.38034],[-88.01848,41.36604],[-88.01762,41.36678],[-88.01769,41.36525],[-88.0174,41.35054],[-88.01679,41.33599],[-88.01646,41.32147],[-88.01608,41.30687],[-88.01593,41.29238]]]},"properties":{"OBJECTID":107,"Join_Count":1,"TARGET_FID":107,"JOIN_FID":2993,"ASSET_NAME":"534","Feeder":"L14952","Feeder_N":"F5491","PV_HC_kW":3250,"EV_HC_kW":4590,"BESS_HC":3250,"ORIG_FID":1724,"Feeder_Q":0,"SS_N":"S0672","Queue_RD":"03/06/2026","Shape__Length_1":null,"Shape__Area":0.010154282806752235,"Shape__Length":0.4085072956717432}},{"type":"Feature","id":108,"geometry":{"type":"Polygon","coordinates":[[[-89.40143,41.67148],[-89.40143,41.67144],[-89.40147,41.65703],[-89.40147,41.6569],[-89.40133,41.64258],[-89.40133,41.64238],[-89.40117,41.63053],[-89.40114,41.62822],[-89.40114,41.62815],[-89.40107,41.62495],[-89.40102,41.62053],[-89.40094,41.61376],[-89.40094,41.6137],[-89.40078,41.59919],[-89.40078,41.59898],[-89.40061,41.58486],[-89.41281,41.58486],[-89.41506,41.58486],[-89.41972,41.58487],[-89.42001,41.58487],[-89.42159,41.58487],[-89.4325,41.58489],[-89.43908,41.58488],[-89.43925,41.58488],[-89.45167,41.5849],[-89.45443,41.5849],[-89.45828,41.5849],[-89.45833,41.5849],[-89.47111,41.58488],[-89.47278,41.58488],[-89.4743,41.58488],[-89.47759,41.58489],[-89.48457,41.58492],[-89.49045,41.58495],[-89.4932,41.58496],[-89.49667,41.58497],[-89.49673,41.58497],[-89.49986,41.58499],[-89.50707,41.58501],[-89.51217,41.58504],[-89.51222,41.58503],[-89.51253,41.58503],[-89.51574,41.58503],[-89.51575,41.58515],[-89.51588,41.59937],[-89.51589,41.59957],[-89.51593,41.60319],[-89.51607,41.61387],[-89.51607,41.61396],[-89.51607,41.61408],[-89.51625,41.62495],[-89.5163,41.62852],[-89.5163,41.62858],[-89.51649,41.6426],[-89.51648,41.64274],[-89.51648,41.64281],[-89.51649,41.64312],[-89.5167,41.65686],[-89.5167,41.65699],[-89.5167,41.65729],[-89.51671,41.65761],[-89.51672,41.67157],[-89.51655,41.67158],[-89.49999,41.67149],[-89.49757,41.67147],[-89.49741,41.67147],[-89.47851,41.67138],[-89.47832,41.67138],[-89.47817,41.67138],[-89.47797,41.67138],[-89.45929,41.6713],[-89.45898,41.6713],[-89.45879,41.6713],[-89.45875,41.6713],[-89.43998,41.67135],[-89.43982,41.67135],[-89.43964,41.67135],[-89.43926,41.67135],[-89.42082,41.67131],[-89.42062,41.67131],[-89.42047,41.67131],[-89.42018,41.67131],[-89.4074,41.67143],[-89.40143,41.67148]]]},"properties":{"OBJECTID":108,"Join_Count":1,"TARGET_FID":108,"JOIN_FID":2481,"ASSET_NAME":"277","Feeder":"H446","Feeder_N":"F3877","PV_HC_kW":0,"EV_HC_kW":780,"BESS_HC":0,"ORIG_FID":1725,"Feeder_Q":0,"SS_N":"S0657","Queue_RD":"03/06/2026","Shape__Length_1":null,"Shape__Area":0.00995964072217248,"Shape__Length":0.4036019147540735}},{"type":"Feature","id":109,"geometry":{"type":"Polygon","coordinates":[[[-87.79591,41.64611],[-87.81504,41.64573],[-87.81516,41.64573],[-87.83411,41.64529],[-87.83473,41.64528],[-87.85377,41.64492],[-87.87318,41.64443],[-87.87361,41.64442],[-87.89278,41.64421],[-87.91209,41.64381],[-87.91235,41.65841],[-87.91301,41.67291],[-87.91354,41.68742],[-87.9139,41.70188],[-87.91422,41.71647],[-87.91423,41.71675],[-87.91451,41.72372],[-87.9148,41.73098],[-87.89533,41.7314],[-87.87662,41.73177],[-87.87636,41.73177],[-87.85704,41.7323],[-87.83804,41.73281],[-87.83781,41.73282],[-87.81831,41.73315],[-87.79888,41.73351],[-87.79847,41.71923],[-87.7979,41.70449],[-87.79748,41.69003],[-87.79699,41.6752],[-87.7965,41.66055],[-87.79591,41.64611]]]},"properties":{"OBJECTID":109,"Join_Count":1,"TARGET_FID":109,"JOIN_FID":3109,"ASSET_NAME":"476","Feeder":"L6031","Feeder_N":"F2028","PV_HC_kW":6374.15,"EV_HC_kW":2630,"BESS_HC":2630,"ORIG_FID":1772,"Feeder_Q":0,"SS_N":"S0718","Queue_RD":"03/06/2026","Shape__Length_1":null,"Shape__Area":0.010137034390254485,"Shape__Length":0.4068131652952749}},{"type":"Feature","id":110,"geometry":{"type":"Polygon","coordinates":[[[-89.2812,42.28963],[-89.30035,42.28959],[-89.30056,42.28959],[-89.30061,42.28959],[-89.31977,42.28944],[-89.31993,42.28944],[-89.33932,42.28935],[-89.33978,42.28934],[-89.35883,42.28918],[-89.35931,42.28918],[-89.37498,42.28923],[-89.37828,42.28918],[-89.37832,42.28918],[-89.39708,42.28869],[-89.39728,42.28868],[-89.39732,42.28868],[-89.39732,42.28919],[-89.39744,42.29661],[-89.39754,42.30316],[-89.39754,42.30323],[-89.39754,42.30346],[-89.39755,42.30356],[-89.39759,42.3077],[-89.3977,42.31755],[-89.3977,42.31778],[-89.3977,42.31795],[-89.3977,42.31799],[-89.3976,42.32986],[-89.39758,42.33198],[-89.39757,42.33215],[-89.39758,42.33234],[-89.39758,42.3325],[-89.39764,42.33699],[-89.39775,42.34642],[-89.39775,42.34658],[-89.39776,42.34685],[-89.39776,42.34704],[-89.3978,42.35622],[-89.3978,42.35652],[-89.39783,42.36075],[-89.39783,42.3608],[-89.39783,42.36105],[-89.39783,42.36154],[-89.3979,42.375],[-89.39791,42.3752],[-89.37869,42.37531],[-89.37852,42.37531],[-89.37504,42.37534],[-89.35928,42.37537],[-89.359,42.37538],[-89.33979,42.3754],[-89.33968,42.3754],[-89.32034,42.37547],[-89.32013,42.37547],[-89.30119,42.37566],[-89.30115,42.37566],[-89.30106,42.37567],[-89.301,42.37567],[-89.28178,42.37602],[-89.28155,42.37602],[-89.28151,42.375],[-89.28148,42.36207],[-89.28148,42.36163],[-89.28146,42.35159],[-89.28145,42.34763],[-89.28145,42.34744],[-89.28145,42.34729],[-89.28143,42.33608],[-89.28142,42.3339],[-89.28142,42.33355],[-89.28142,42.33311],[-89.28142,42.33294],[-89.28142,42.33285],[-89.28137,42.31892],[-89.28135,42.31868],[-89.28137,42.31856],[-89.28136,42.31838],[-89.28126,42.30436],[-89.28126,42.30411],[-89.28124,42.2981],[-89.2812,42.28996],[-89.2812,42.28963]]]},"properties":{"OBJECTID":110,"Join_Count":1,"TARGET_FID":110,"JOIN_FID":3473,"ASSET_NAME":"283","Feeder":"R8601","Feeder_N":"F2067","PV_HC_kW":0,"EV_HC_kW":820,"BESS_HC":0,"ORIG_FID":1774,"Feeder_Q":4000,"SS_N":"S0562","Queue_RD":"03/06/2026","Shape__Length_1":null,"Shape__Area":0.010018068442150252,"Shape__Length":0.4053990358442176}},{"type":"Feature","id":111,"geometry":{"type":"Polygon","coordinates":[[[-89.85991,42.10992],[-89.8599,42.1091],[-89.88014,42.1091],[-89.89987,42.10915],[-89.90794,42.10916],[-89.90794,42.10916],[-89.90794,42.10946],[-89.90794,42.10978],[-89.90792,42.11267],[-89.89624,42.11266],[-89.89635,42.16028],[-89.89973,42.16027],[-89.89968,42.16772],[-89.89977,42.17499],[-89.89986,42.18226],[-89.90958,42.18221],[-89.91121,42.1822],[-89.91145,42.1899],[-89.91907,42.19626],[-89.91911,42.19629],[-89.91965,42.19674],[-89.91966,42.19675],[-89.91966,42.19675],[-89.90018,42.19636],[-89.88024,42.19639],[-89.86088,42.19688],[-89.8608,42.18326],[-89.86078,42.18271],[-89.86023,42.1688],[-89.86022,42.16796],[-89.86018,42.15381],[-89.86018,42.15322],[-89.86024,42.13911],[-89.86023,42.13843],[-89.86009,42.12409],[-89.86009,42.12354],[-89.85991,42.10992]]]},"properties":{"OBJECTID":111,"Join_Count":1,"TARGET_FID":111,"JOIN_FID":621,"ASSET_NAME":"213","Feeder":"B501","Feeder_N":"F5376","PV_HC_kW":0,"EV_HC_kW":510,"BESS_HC":0,"ORIG_FID":1778,"Feeder_Q":0,"SS_N":"S0688","Queue_RD":"03/06/2026","Shape__Length_1":null,"Shape__Area":0.0035041101489241555,"Shape__Length":0.3125596332012505}},{"type":"Feature","id":112,"geometry":{"type":"Polygon","coordinates":[[[-88.02772,41.64132],[-88.04666,41.64087],[-88.04681,41.64087],[-88.06583,41.6405],[-88.06618,41.6405],[-88.08511,41.63993],[-88.08549,41.63992],[-88.10446,41.63927],[-88.10464,41.63927],[-88.12403,41.63878],[-88.12423,41.63878],[-88.14506,41.63831],[-88.14552,41.65296],[-88.14593,41.66732],[-88.14593,41.66747],[-88.14615,41.67373],[-88.14644,41.68182],[-88.14687,41.69622],[-88.1469,41.69687],[-88.14752,41.71079],[-88.14755,41.71146],[-88.14756,41.71164],[-88.14706,41.71185],[-88.14654,41.71207],[-88.14627,41.7115],[-88.14565,41.71017],[-88.14531,41.70953],[-88.14528,41.70954],[-88.14524,41.70949],[-88.14511,41.70952],[-88.14495,41.70962],[-88.14337,41.70877],[-88.1427,41.70832],[-88.14201,41.7078],[-88.14199,41.70752],[-88.14208,41.70755],[-88.14221,41.70751],[-88.1425,41.7074],[-88.14234,41.70739],[-88.14216,41.70744],[-88.14204,41.70744],[-88.14188,41.7073],[-88.14186,41.70729],[-88.14167,41.70718],[-88.1415,41.70706],[-88.14137,41.70691],[-88.14125,41.70681],[-88.14112,41.70674],[-88.14103,41.70674],[-88.14093,41.70675],[-88.14084,41.70679],[-88.14079,41.70685],[-88.14072,41.70728],[-88.14071,41.70733],[-88.14066,41.70738],[-88.14061,41.70743],[-88.14011,41.70775],[-88.14004,41.70779],[-88.13982,41.70786],[-88.13979,41.70787],[-88.13977,41.70788],[-88.13941,41.70805],[-88.1389,41.70825],[-88.13839,41.70845],[-88.13765,41.70862],[-88.1374,41.70867],[-88.13737,41.70867],[-88.13717,41.7087],[-88.13689,41.70883],[-88.1369,41.70885],[-88.13759,41.71073],[-88.13808,41.71174],[-88.13841,41.71243],[-88.13862,41.71286],[-88.139,41.7133],[-88.13922,41.71342],[-88.13922,41.71342],[-88.13834,41.71396],[-88.13802,41.71407],[-88.13774,41.71409],[-88.13723,41.71419],[-88.13712,41.71426],[-88.13698,41.71434],[-88.13673,41.71447],[-88.13626,41.71466],[-88.13568,41.71416],[-88.13518,41.71359],[-88.13333,41.71306],[-88.13346,41.70838],[-88.13329,41.70836],[-88.13303,41.70838],[-88.13258,41.70844],[-88.13199,41.70856],[-88.132,41.70851],[-88.13136,41.70866],[-88.13114,41.7087],[-88.1307,41.70877],[-88.13041,41.70882],[-88.13026,41.70887],[-88.13026,41.70876],[-88.13012,41.70879],[-88.13,41.70884],[-88.12992,41.70888],[-88.12983,41.70892],[-88.12976,41.70896],[-88.12949,41.70907],[-88.12914,41.70915],[-88.12837,41.70892],[-88.12867,41.71052],[-88.12789,41.71122],[-88.12717,41.70854],[-88.12715,41.70847],[-88.11728,41.70844],[-88.11727,41.71154],[-88.11734,41.71299],[-88.11732,41.71371],[-88.11708,41.71374],[-88.11689,41.71377],[-88.11678,41.71384],[-88.11675,41.71384],[-88.11675,41.71383],[-88.11674,41.71376],[-88.11674,41.7137],[-88.11674,41.71363],[-88.11674,41.71358],[-88.11673,41.71353],[-88.11673,41.71351],[-88.11673,41.71346],[-88.11673,41.7134],[-88.11673,41.71335],[-88.11672,41.71329],[-88.11672,41.71322],[-88.11672,41.71317],[-88.11672,41.71311],[-88.11671,41.71304],[-88.11671,41.713],[-88.11671,41.71294],[-88.11671,41.71291],[-88.11671,41.71288],[-88.1167,41.71285],[-88.11581,41.71287],[-88.11346,41.71287],[-88.1134,41.71287],[-88.11334,41.71287],[-88.11317,41.71287],[-88.11298,41.71286],[-88.11262,41.71286],[-88.11235,41.71285],[-88.1122,41.71285],[-88.11204,41.71285],[-88.11184,41.71284],[-88.11177,41.71284],[-88.10693,41.71275],[-88.10407,41.71269],[-88.10427,41.71542],[-88.10397,41.71542],[-88.10397,41.71628],[-88.09829,41.71627],[-88.09825,41.72721],[-88.08804,41.72749],[-88.08286,41.72763],[-88.06889,41.72794],[-88.04989,41.72834],[-88.04943,41.72834],[-88.03023,41.72879],[-88.02977,41.71419],[-88.02917,41.69982],[-88.02916,41.68522],[-88.0284,41.6706],[-88.0281,41.65598],[-88.02772,41.64132]]]},"properties":{"OBJECTID":112,"Join_Count":1,"TARGET_FID":112,"JOIN_FID":3037,"ASSET_NAME":"474","Feeder":"L1862","Feeder_N":"F1878","PV_HC_kW":17087.65,"EV_HC_kW":5920,"BESS_HC":5920,"ORIG_FID":1798,"Feeder_Q":0,"SS_N":"S0524","Queue_RD":"03/06/2026","Shape__Length_1":null,"Shape__Area":0.009543003130374927,"Shape__Length":0.4390541199187371}},{"type":"Feature","id":113,"geometry":{"type":"Polygon","coordinates":[[[-88.46964,40.84669],[-88.4891,40.84625],[-88.50849,40.8461],[-88.52752,40.84585],[-88.54667,40.84555],[-88.56602,40.84528],[-88.58511,40.84513],[-88.58539,40.8595],[-88.5854,40.87413],[-88.5854,40.88867],[-88.58546,40.90316],[-88.58584,40.91804],[-88.58585,40.91827],[-88.58607,40.93274],[-88.5679,40.9328],[-88.56737,40.9328],[-88.54881,40.93301],[-88.54805,40.93302],[-88.52947,40.93332],[-88.52893,40.93332],[-88.51002,40.9335],[-88.5098,40.93351],[-88.49087,40.9335],[-88.47152,40.9339],[-88.47135,40.91926],[-88.47144,40.90467],[-88.47079,40.89011],[-88.47054,40.87573],[-88.47034,40.86114],[-88.46964,40.84669]]]},"properties":{"OBJECTID":113,"Join_Count":1,"TARGET_FID":113,"JOIN_FID":3547,"ASSET_NAME":"680","Feeder":"S405","Feeder_N":"F1435","PV_HC_kW":0,"EV_HC_kW":580,"BESS_HC":0,"ORIG_FID":1845,"Feeder_Q":0,"SS_N":"S0734","Queue_RD":"03/06/2026","Shape__Length_1":null,"Shape__Area":0.010026922549968731,"Shape__Length":0.4049093987751414}},{"type":"Feature","id":114,"geometry":{"type":"Polygon","coordinates":[[[-88.9304,40.81871],[-88.93057,40.82602],[-88.93079,40.84041],[-88.91606,40.84074],[-88.91585,40.82136],[-88.91585,40.82136],[-88.91584,40.82048],[-88.91582,40.81895],[-88.92053,40.81887],[-88.9304,40.81871]]]},"properties":{"OBJECTID":114,"Join_Count":0,"TARGET_FID":114,"JOIN_FID":-1,"ASSET_NAME":"707","Feeder":null,"Feeder_N":null,"PV_HC_kW":null,"EV_HC_kW":null,"BESS_HC":0,"ORIG_FID":1846,"Feeder_Q":null,"SS_N":null,"Queue_RD":null,"Shape__Length_1":null,"Shape__Area":0.00031919540560920723,"Shape__Length":0.07280924046303892}},{"type":"Feature","id":115,"geometry":{"type":"Polygon","coordinates":[[[-89.97852,42.2836],[-89.97849,42.2794],[-89.97842,42.26924],[-89.97842,42.26911],[-89.97842,42.269],[-89.97837,42.25471],[-89.97837,42.25457],[-89.9783,42.24103],[-89.9779,42.22604],[-89.9779,42.22515],[-89.9781,42.22515],[-89.99752,42.22545],[-90.00697,42.22512],[-90.01586,42.2248],[-90.01551,42.21136],[-90.03684,42.21131],[-90.03688,42.21396],[-90.03703,42.22465],[-90.04648,42.22477],[-90.04643,42.22171],[-90.05045,42.22173],[-90.06189,42.2218],[-90.06189,42.22493],[-90.07882,42.22489],[-90.0788,42.22335],[-90.08464,42.22326],[-90.08465,42.22484],[-90.09622,42.22468],[-90.09622,42.2253],[-90.09622,42.22596],[-90.09627,42.23975],[-90.09631,42.24012],[-90.0963,42.2408],[-90.09667,42.25449],[-90.09668,42.25486],[-90.09669,42.25559],[-90.0967,42.25615],[-90.09674,42.25927],[-90.09676,42.25927],[-90.09694,42.26889],[-90.09695,42.26902],[-90.09696,42.26926],[-90.09698,42.27024],[-90.09705,42.27288],[-90.09707,42.27389],[-90.09713,42.27614],[-90.09713,42.27614],[-90.09731,42.28482],[-90.07774,42.28484],[-90.07729,42.28484],[-90.07715,42.28484],[-90.07687,42.28484],[-90.06464,42.28469],[-90.05785,42.28461],[-90.05738,42.2846],[-90.05692,42.2846],[-90.03835,42.28437],[-90.03791,42.28436],[-90.03741,42.28437],[-90.0193,42.28421],[-90.01842,42.28421],[-90.01807,42.2842],[-90.01765,42.2842],[-89.99995,42.28409],[-89.99836,42.28406],[-89.99796,42.28406],[-89.98248,42.2837],[-89.97852,42.2836]]]},"properties":{"OBJECTID":115,"Join_Count":1,"TARGET_FID":115,"JOIN_FID":610,"ASSET_NAME":"193","Feeder":"B436","Feeder_N":"F5356","PV_HC_kW":0,"EV_HC_kW":520,"BESS_HC":0,"ORIG_FID":1847,"Feeder_Q":2800,"SS_N":"S0688","Queue_RD":"03/06/2026","Shape__Length_1":null,"Shape__Area":0.007377142010682292,"Shape__Length":0.3920848048062266}},{"type":"Feature","id":116,"geometry":{"type":"Polygon","coordinates":[[[-88.14571,41.90074],[-88.16547,41.90044],[-88.18478,41.90011],[-88.2044,41.89989],[-88.22385,41.89967],[-88.24323,41.8994],[-88.26221,41.89912],[-88.26236,41.91369],[-88.26239,41.91668],[-88.25722,41.91619],[-88.24985,41.91566],[-88.24978,41.91565],[-88.24964,41.92128],[-88.24963,41.92142],[-88.25045,41.92142],[-88.25414,41.92128],[-88.25409,41.92271],[-88.25309,41.92277],[-88.25313,41.92473],[-88.25827,41.92467],[-88.25831,41.92118],[-88.26244,41.92114],[-88.26251,41.92829],[-88.26267,41.94255],[-88.26267,41.94274],[-88.26267,41.94291],[-88.26254,41.95739],[-88.26258,41.97202],[-88.26265,41.98634],[-88.24258,41.98667],[-88.24247,41.98667],[-88.24226,41.98667],[-88.22307,41.98699],[-88.22286,41.98703],[-88.20355,41.9873],[-88.18406,41.98762],[-88.18368,41.98762],[-88.16446,41.98772],[-88.14485,41.98819],[-88.1451,41.97392],[-88.14514,41.97353],[-88.14525,41.95913],[-88.14538,41.94467],[-88.14538,41.94451],[-88.14546,41.92996],[-88.14553,41.91545],[-88.14555,41.91526],[-88.14571,41.90074]]]},"properties":{"OBJECTID":116,"Join_Count":1,"TARGET_FID":116,"JOIN_FID":3196,"ASSET_NAME":"443","Feeder":"L7966","Feeder_N":"F2196","PV_HC_kW":6300.75,"EV_HC_kW":8630,"BESS_HC":6300.75,"ORIG_FID":1852,"Feeder_Q":0,"SS_N":"S0733","Queue_RD":"03/06/2026","Shape__Length_1":null,"Shape__Area":0.010153319019309492,"Shape__Length":0.44461562806731847}},{"type":"Feature","id":117,"geometry":{"type":"Polygon","coordinates":[[[-89.97826,41.84406],[-89.99786,41.84391],[-90.01682,41.84371],[-90.03604,41.84381],[-90.05542,41.84393],[-90.07491,41.84387],[-90.09266,41.84379],[-90.09281,41.85828],[-90.09299,41.87277],[-90.09319,41.88707],[-90.09319,41.88757],[-90.0935,41.90159],[-90.09351,41.90204],[-90.09357,41.91531],[-90.09357,41.91652],[-90.09393,41.92984],[-90.08454,41.92997],[-90.07515,41.93009],[-90.06524,41.93017],[-90.05534,41.93026],[-90.04563,41.93031],[-90.03593,41.93037],[-90.01656,41.93061],[-90.00697,41.93076],[-90.00137,41.9309],[-89.99776,41.93097],[-89.99734,41.93101],[-89.99734,41.93101],[-89.99705,41.93103],[-89.99347,41.93104],[-89.98791,41.93105],[-89.97844,41.93108],[-89.97842,41.93108],[-89.97854,41.91655],[-89.97844,41.91655],[-89.9782,41.9016],[-89.97801,41.88741],[-89.97797,41.87297],[-89.97807,41.85858],[-89.97826,41.84406]]]},"properties":{"OBJECTID":117,"Join_Count":1,"TARGET_FID":117,"JOIN_FID":2456,"ASSET_NAME":"197","Feeder":"H236","Feeder_N":"F2879","PV_HC_kW":0,"EV_HC_kW":1860,"BESS_HC":0,"ORIG_FID":1907,"Feeder_Q":90,"SS_N":"S0662","Queue_RD":"03/06/2026","Shape__Length_1":null,"Shape__Area":0.009962972531866399,"Shape__Length":0.40308843625594265}},{"type":"Feature","id":118,"geometry":{"type":"Polygon","coordinates":[[[-90.09414,41.58436],[-90.08872,41.58431],[-90.08668,41.58428],[-90.08642,41.58428],[-90.08609,41.56983],[-90.08607,41.56886],[-90.08607,41.56877],[-90.08582,41.55799],[-90.08577,41.55586],[-90.08576,41.55557],[-90.08575,41.55485],[-90.08574,41.55449],[-90.0854,41.54112],[-90.08539,41.54046],[-90.08537,41.54005],[-90.08504,41.52703],[-90.08504,41.52661],[-90.08502,41.52591],[-90.08501,41.5256],[-90.08452,41.51283],[-90.08451,41.51229],[-90.08451,41.51226],[-90.08451,41.51206],[-90.08505,41.49779],[-90.10437,41.49807],[-90.10452,41.49807],[-90.12362,41.49824],[-90.12493,41.4983],[-90.14296,41.49875],[-90.16204,41.49901],[-90.16267,41.49902],[-90.18124,41.49911],[-90.19156,41.49912],[-90.19156,41.49912],[-90.19364,41.49912],[-90.19365,41.49914],[-90.19386,41.50002],[-90.19408,41.50138],[-90.19409,41.50167],[-90.19407,41.50444],[-90.19243,41.52543],[-90.19217,41.52704],[-90.19231,41.53156],[-90.19246,41.53193],[-90.19253,41.53373],[-90.19479,41.5341],[-90.19542,41.53442],[-90.19554,41.53469],[-90.19536,41.53516],[-90.19523,41.53616],[-90.19523,41.53766],[-90.19572,41.53801],[-90.19585,41.54041],[-90.19585,41.54041],[-90.19537,41.54064],[-90.19501,41.54087],[-90.19489,41.54095],[-90.19454,41.54121],[-90.19411,41.54156],[-90.1937,41.54194],[-90.1935,41.54213],[-90.19347,41.54217],[-90.1933,41.54236],[-90.19321,41.54246],[-90.19289,41.54276],[-90.19183,41.54411],[-90.19172,41.54435],[-90.19155,41.54458],[-90.19125,41.54509],[-90.19067,41.54578],[-90.19029,41.54633],[-90.18971,41.54742],[-90.18909,41.54853],[-90.18884,41.54895],[-90.18871,41.54914],[-90.18823,41.55002],[-90.18797,41.55042],[-90.18768,41.55101],[-90.1872,41.55164],[-90.18637,41.55288],[-90.18612,41.55328],[-90.18581,41.55384],[-90.18524,41.55501],[-90.18464,41.55598],[-90.18449,41.55628],[-90.1842,41.55675],[-90.18413,41.55691],[-90.18411,41.55696],[-90.18407,41.55704],[-90.18362,41.55824],[-90.18348,41.55875],[-90.18342,41.55892],[-90.18337,41.55902],[-90.18326,41.55933],[-90.18313,41.55959],[-90.18276,41.56048],[-90.18244,41.56142],[-90.18232,41.56192],[-90.18195,41.56296],[-90.18184,41.56324],[-90.18156,41.5638],[-90.18134,41.56435],[-90.1807,41.56566],[-90.18043,41.56646],[-90.18018,41.56731],[-90.18,41.56786],[-90.17987,41.56847],[-90.17967,41.5698],[-90.1796,41.57037],[-90.17948,41.57097],[-90.17942,41.5712],[-90.17937,41.57131],[-90.17934,41.5714],[-90.17908,41.57199],[-90.17899,41.57227],[-90.17884,41.57315],[-90.17881,41.57334],[-90.1788,41.57389],[-90.17882,41.57412],[-90.17886,41.57437],[-90.17892,41.57473],[-90.17894,41.57533],[-90.17894,41.57537],[-90.17891,41.57583],[-90.17895,41.57602],[-90.17905,41.57637],[-90.17933,41.57683],[-90.17947,41.57712],[-90.1796,41.57752],[-90.1797,41.57788],[-90.17973,41.57848],[-90.17999,41.57884],[-90.18059,41.57943],[-90.18073,41.57952],[-90.18098,41.57974],[-90.18116,41.57995],[-90.18131,41.58015],[-90.18163,41.58078],[-90.18175,41.58097],[-90.18218,41.5816],[-90.18233,41.58176],[-90.18284,41.58227],[-90.18303,41.58242],[-90.18348,41.58287],[-90.184,41.58332],[-90.18404,41.58336],[-90.18433,41.58356],[-90.18462,41.58381],[-90.18491,41.58406],[-90.18533,41.58451],[-90.18536,41.58457],[-90.18465,41.58457],[-90.18411,41.58457],[-90.17122,41.58462],[-90.16603,41.58461],[-90.16519,41.58461],[-90.16501,41.58461],[-90.1517,41.58459],[-90.14822,41.58458],[-90.14561,41.58457],[-90.14477,41.58457],[-90.13247,41.58451],[-90.12596,41.58449],[-90.12553,41.58449],[-90.12491,41.58449],[-90.11359,41.58454],[-90.11078,41.58455],[-90.10892,41.58456],[-90.10686,41.58453],[-90.10624,41.58453],[-90.10579,41.58452],[-90.09521,41.58437],[-90.09414,41.58436]]]},"properties":{"OBJECTID":118,"Join_Count":0,"TARGET_FID":118,"JOIN_FID":-1,"ASSET_NAME":"182","Feeder":null,"Feeder_N":null,"PV_HC_kW":null,"EV_HC_kW":null,"BESS_HC":0,"ORIG_FID":1909,"Feeder_Q":null,"SS_N":null,"Queue_RD":null,"Shape__Length_1":null,"Shape__Area":0.008874434147173815,"Shape__Length":0.38969824941879605}},{"type":"Feature","id":119,"geometry":{"type":"Polygon","coordinates":[[[-88.7042,41.2707],[-88.70413,41.26695],[-88.70413,41.26683],[-88.70387,41.25252],[-88.70387,41.25228],[-88.70386,41.25218],[-88.70338,41.23775],[-88.70321,41.22333],[-88.70293,41.20864],[-88.70256,41.19415],[-88.72161,41.19393],[-88.74065,41.19412],[-88.7602,41.19371],[-88.76121,41.19373],[-88.77924,41.1939],[-88.78016,41.1939],[-88.79818,41.19384],[-88.79965,41.19382],[-88.81696,41.19361],[-88.81706,41.20847],[-88.81744,41.22285],[-88.81724,41.23751],[-88.81685,41.25165],[-88.81685,41.25174],[-88.81684,41.25182],[-88.8169,41.26597],[-88.8169,41.26616],[-88.8169,41.26627],[-88.8169,41.26634],[-88.81693,41.26991],[-88.77119,41.27024],[-88.76536,41.27028],[-88.76535,41.27141],[-88.76529,41.27142],[-88.76492,41.27142],[-88.76177,41.27143],[-88.76177,41.27074],[-88.76164,41.27031],[-88.73281,41.27051],[-88.7233,41.27058],[-88.72333,41.27137],[-88.7236,41.27137],[-88.72361,41.27167],[-88.72296,41.27166],[-88.72292,41.27057],[-88.70434,41.27069],[-88.7042,41.2707]]]},"properties":{"OBJECTID":119,"Join_Count":1,"TARGET_FID":119,"JOIN_FID":3540,"ASSET_NAME":"558","Feeder":"S295","Feeder_N":"F2133","PV_HC_kW":148.85,"EV_HC_kW":220,"BESS_HC":148.85,"ORIG_FID":1912,"Feeder_Q":0,"SS_N":"S0719","Queue_RD":"03/06/2026","Shape__Length_1":null,"Shape__Area":0.008693740244780201,"Shape__Length":0.3848616728968137}},{"type":"Feature","id":120,"geometry":{"type":"Polygon","coordinates":[[[-87.68708,41.91025],[-87.70652,41.91005],[-87.72607,41.9098],[-87.72624,41.90981],[-87.74543,41.90953],[-87.74572,41.90952],[-87.7653,41.90923],[-87.76588,41.90922],[-87.78499,41.90902],[-87.80577,41.90875],[-87.80604,41.92343],[-87.80667,41.93798],[-87.80714,41.95273],[-87.80719,41.95365],[-87.80727,41.96714],[-87.80724,41.96826],[-87.80695,41.98151],[-87.80692,41.98276],[-87.80667,41.99696],[-87.78724,41.99717],[-87.76804,41.99709],[-87.74819,41.99725],[-87.74783,41.99725],[-87.72843,41.99727],[-87.71456,41.9973],[-87.70932,41.99738],[-87.70895,41.99739],[-87.68958,41.99773],[-87.68916,41.98311],[-87.68871,41.96857],[-87.68823,41.95396],[-87.68788,41.93944],[-87.68752,41.92487],[-87.68708,41.91025]]]},"properties":{"OBJECTID":120,"Join_Count":1,"TARGET_FID":120,"JOIN_FID":4425,"ASSET_NAME":"447","Feeder":"X3236","Feeder_N":"F0554","PV_HC_kW":1073.04,"EV_HC_kW":1010,"BESS_HC":1010,"ORIG_FID":2111,"Feeder_Q":0,"SS_N":"S0695","Queue_RD":"03/06/2026","Shape__Length_1":null,"Shape__Area":0.010390796105866684,"Shape__Length":0.411549049454294}},{"type":"Feature","id":121,"geometry":{"type":"Polygon","coordinates":[[[-89.39999,41.8449],[-89.3998,41.83043],[-89.39997,41.81591],[-89.3997,41.8019],[-89.3997,41.8016],[-89.3997,41.78718],[-89.39933,41.77279],[-89.39926,41.75825],[-89.41785,41.75833],[-89.41815,41.75832],[-89.43694,41.7582],[-89.43694,41.75815],[-89.43744,41.75814],[-89.43743,41.75821],[-89.4562,41.75837],[-89.4567,41.75838],[-89.47562,41.75827],[-89.47608,41.75826],[-89.49474,41.75818],[-89.49564,41.75817],[-89.49695,41.75816],[-89.49772,41.75816],[-89.4985,41.75815],[-89.49927,41.75814],[-89.50004,41.75814],[-89.50081,41.75813],[-89.50158,41.75812],[-89.50235,41.75812],[-89.50312,41.75811],[-89.50389,41.75811],[-89.50466,41.7581],[-89.50543,41.75809],[-89.5062,41.75808],[-89.50697,41.75808],[-89.50774,41.75807],[-89.50851,41.75806],[-89.50929,41.75806],[-89.51006,41.75805],[-89.51083,41.75804],[-89.5116,41.75804],[-89.51237,41.75803],[-89.51315,41.75803],[-89.51392,41.75802],[-89.51469,41.75801],[-89.51463,41.77261],[-89.51433,41.78708],[-89.5148,41.80149],[-89.51495,41.81583],[-89.51482,41.83027],[-89.51494,41.84459],[-89.49615,41.8447],[-89.47675,41.84475],[-89.4577,41.8447],[-89.43859,41.8449],[-89.41901,41.84494],[-89.39999,41.8449]]]},"properties":{"OBJECTID":121,"Join_Count":1,"TARGET_FID":121,"JOIN_FID":2913,"ASSET_NAME":"275","Feeder":"L10764","Feeder_N":"F1680","PV_HC_kW":5270.5,"EV_HC_kW":6130,"BESS_HC":5270.5,"ORIG_FID":2284,"Feeder_Q":0,"SS_N":"S0643","Queue_RD":"03/06/2026","Shape__Length_1":null,"Shape__Area":0.009955917583056362,"Shape__Length":0.4037655008504824}},{"type":"Feature","id":122,"geometry":{"type":"Polygon","coordinates":[[[-89.51254,41.93085],[-89.5317,41.93071],[-89.55101,41.93076],[-89.57047,41.93058],[-89.59016,41.93049],[-89.6094,41.93042],[-89.62842,41.93052],[-89.62824,41.94478],[-89.62791,41.95907],[-89.6277,41.97353],[-89.62736,41.9878],[-89.62728,41.9878],[-89.6273,41.98837],[-89.62767,41.99729],[-89.62788,42.00223],[-89.62786,42.00249],[-89.62788,42.00285],[-89.62669,42.0262],[-89.62574,42.02621],[-89.60714,42.02639],[-89.58753,42.02648],[-89.56785,42.02666],[-89.54861,42.02689],[-89.52934,42.0269],[-89.50986,42.0271],[-89.5103,42.00335],[-89.51054,41.98853],[-89.51091,41.97414],[-89.51159,41.95982],[-89.51183,41.94522],[-89.51254,41.93085]]]},"properties":{"OBJECTID":122,"Join_Count":1,"TARGET_FID":122,"JOIN_FID":2914,"ASSET_NAME":"259","Feeder":"L10766","Feeder_N":"F1682","PV_HC_kW":1770.29,"EV_HC_kW":9320,"BESS_HC":1770.29,"ORIG_FID":2288,"Feeder_Q":0,"SS_N":"S0643","Queue_RD":"03/06/2026","Shape__Length_1":null,"Shape__Area":0.011213414165013091,"Shape__Length":0.42482027416830975}},{"type":"Feature","id":123,"geometry":{"type":"Polygon","coordinates":[[[-88.47236,42.32722],[-88.4723,42.31271],[-88.47229,42.29831],[-88.4723,42.28374],[-88.47208,42.26925],[-88.47212,42.25491],[-88.47189,42.24039],[-88.49149,42.24051],[-88.50005,42.24062],[-88.50005,42.24054],[-88.5107,42.24057],[-88.51105,42.24057],[-88.5111,42.24057],[-88.53036,42.24064],[-88.53063,42.24065],[-88.54999,42.24065],[-88.55015,42.24065],[-88.55033,42.24065],[-88.56946,42.2406],[-88.5696,42.2406],[-88.56966,42.2406],[-88.56973,42.2406],[-88.58864,42.24056],[-88.58894,42.24056],[-88.58894,42.24074],[-88.58887,42.24998],[-88.58888,42.25505],[-88.58888,42.25526],[-88.58885,42.26954],[-88.58885,42.2696],[-88.58885,42.26966],[-88.58878,42.28407],[-88.58878,42.28412],[-88.58878,42.28417],[-88.58868,42.29852],[-88.58868,42.29857],[-88.58868,42.29871],[-88.58863,42.30499],[-88.58856,42.31293],[-88.58855,42.31303],[-88.58855,42.31312],[-88.58855,42.31327],[-88.58855,42.32756],[-88.58855,42.32768],[-88.56978,42.3277],[-88.56964,42.3277],[-88.56956,42.3277],[-88.56951,42.3277],[-88.55025,42.32758],[-88.55012,42.32758],[-88.55,42.32758],[-88.53073,42.32753],[-88.51125,42.32747],[-88.4915,42.32739],[-88.47236,42.32722]]]},"properties":{"OBJECTID":123,"Join_Count":1,"TARGET_FID":123,"JOIN_FID":2953,"ASSET_NAME":"400","Feeder":"L12372","Feeder_N":"F1760","PV_HC_kW":8127.9,"EV_HC_kW":2300,"BESS_HC":2300,"ORIG_FID":2296,"Feeder_Q":0,"SS_N":"S0655","Queue_RD":"03/06/2026","Shape__Length_1":null,"Shape__Area":0.01013257578597404,"Shape__Length":0.40726551234660235}},{"type":"Feature","id":124,"geometry":{"type":"Polygon","coordinates":[[[-87.55771,41.47003],[-87.57484,41.46992],[-87.57711,41.46991],[-87.58902,41.46986],[-87.59414,41.46983],[-87.59649,41.46985],[-87.61342,41.46974],[-87.616,41.46974],[-87.63252,41.46967],[-87.63512,41.46967],[-87.65187,41.46962],[-87.65444,41.46964],[-87.67107,41.46957],[-87.67401,41.46967],[-87.67392,41.48432],[-87.67436,41.49868],[-87.67437,41.49881],[-87.67449,41.51315],[-87.67449,41.51334],[-87.67477,41.52765],[-87.67477,41.52798],[-87.67486,41.54251],[-87.67499,41.55718],[-87.6558,41.55728],[-87.6362,41.55735],[-87.61665,41.55745],[-87.61643,41.55745],[-87.59721,41.55751],[-87.597,41.55751],[-87.57789,41.55754],[-87.55835,41.55758],[-87.5582,41.54292],[-87.5582,41.54268],[-87.55828,41.52832],[-87.5581,41.51362],[-87.5581,41.49919],[-87.55772,41.48452],[-87.55771,41.47003]]]},"properties":{"OBJECTID":124,"Join_Count":1,"TARGET_FID":124,"JOIN_FID":3152,"ASSET_NAME":"498","Feeder":"L7344","Feeder_N":"F2110","PV_HC_kW":23900,"EV_HC_kW":5220,"BESS_HC":5220,"ORIG_FID":2357,"Feeder_Q":0,"SS_N":"S0728","Queue_RD":"03/06/2026","Shape__Length_1":null,"Shape__Area":0.010204719789271621,"Shape__Length":0.408029052588805}},{"type":"Feature","id":125,"geometry":{"type":"Polygon","coordinates":[[[-87.55928,41.6448],[-87.57849,41.64481],[-87.59786,41.6448],[-87.61729,41.64485],[-87.63646,41.64445],[-87.6529,41.64441],[-87.64707,41.6488],[-87.66035,41.6485],[-87.67993,41.64815],[-87.68026,41.6627],[-87.68066,41.6772],[-87.68114,41.69173],[-87.68159,41.70637],[-87.68225,41.72081],[-87.68233,41.73547],[-87.66286,41.73576],[-87.64339,41.73602],[-87.62498,41.73622],[-87.60496,41.7365],[-87.58552,41.73681],[-87.56612,41.73709],[-87.56565,41.72245],[-87.56539,41.7096],[-87.55985,41.71403],[-87.55968,41.70265],[-87.55955,41.68832],[-87.55922,41.67366],[-87.5593,41.65933],[-87.55928,41.6448]]]},"properties":{"OBJECTID":125,"Join_Count":1,"TARGET_FID":125,"JOIN_FID":3168,"ASSET_NAME":"478","Feeder":"L7666","Feeder_N":"F2142","PV_HC_kW":23760.48,"EV_HC_kW":7610,"BESS_HC":7610,"ORIG_FID":2384,"Feeder_Q":0,"SS_N":"S0730","Queue_RD":"03/06/2026","Shape__Length_1":null,"Shape__Area":0.010876509366880782,"Shape__Length":0.4412093657891089}},{"type":"Feature","id":126,"geometry":{"type":"Polygon","coordinates":[[[-88.12015,42.41534],[-88.11998,42.40091],[-88.12041,42.3864],[-88.12029,42.37168],[-88.12005,42.35734],[-88.12029,42.34267],[-88.12041,42.3282],[-88.13989,42.32848],[-88.15963,42.32859],[-88.17901,42.32863],[-88.17921,42.32863],[-88.19846,42.32857],[-88.19885,42.32858],[-88.21811,42.32859],[-88.21832,42.32859],[-88.23837,42.32859],[-88.2382,42.34303],[-88.2382,42.34313],[-88.23785,42.35749],[-88.23801,42.37197],[-88.23762,42.38677],[-88.23748,42.40133],[-88.23754,42.41536],[-88.21811,42.41551],[-88.19849,42.41545],[-88.17873,42.41548],[-88.15936,42.41546],[-88.13965,42.4154],[-88.12015,42.41534]]]},"properties":{"OBJECTID":126,"Join_Count":1,"TARGET_FID":126,"JOIN_FID":3065,"ASSET_NAME":"393","Feeder":"L4285","Feeder_N":"F5658","PV_HC_kW":18523.98,"EV_HC_kW":4450,"BESS_HC":4450,"ORIG_FID":2506,"Feeder_Q":0,"SS_N":"S0704","Queue_RD":"03/06/2026","Shape__Length_1":null,"Shape__Area":0.010222244670785585,"Shape__Length":0.4092920601818125}},{"type":"Feature","id":127,"geometry":{"type":"Polygon","coordinates":[[[-88.14658,41.81318],[-88.14827,41.81316],[-88.15101,41.81387],[-88.15136,41.81312],[-88.15464,41.81307],[-88.15603,41.81343],[-88.1561,41.81345],[-88.15628,41.81351],[-88.15702,41.81368],[-88.15712,41.81371],[-88.1571,41.81335],[-88.1571,41.8131],[-88.15708,41.81304],[-88.16614,41.81292],[-88.16643,41.81292],[-88.18559,41.81297],[-88.18625,41.81295],[-88.19042,41.81292],[-88.19053,41.81297],[-88.19212,41.81295],[-88.19503,41.813],[-88.19509,41.81292],[-88.1951,41.81293],[-88.19897,41.8129],[-88.19897,41.81572],[-88.2003,41.81573],[-88.20415,41.81285],[-88.20414,41.81283],[-88.2047,41.81282],[-88.20495,41.81281],[-88.2241,41.81258],[-88.22437,41.81253],[-88.24364,41.81232],[-88.26279,41.81204],[-88.26285,41.82639],[-88.26257,41.84076],[-88.26256,41.84091],[-88.26256,41.84108],[-88.26258,41.85549],[-88.26258,41.86064],[-88.26258,41.86065],[-88.26258,41.86094],[-88.26258,41.86094],[-88.26258,41.86094],[-88.26258,41.8659],[-88.26258,41.86639],[-88.26257,41.87001],[-88.26256,41.87102],[-88.26257,41.87102],[-88.26238,41.88457],[-88.26221,41.89912],[-88.24323,41.8994],[-88.22385,41.89967],[-88.2044,41.89989],[-88.18478,41.90011],[-88.16547,41.90044],[-88.14571,41.90074],[-88.14591,41.88643],[-88.14591,41.88625],[-88.14603,41.87192],[-88.14604,41.87165],[-88.14615,41.85734],[-88.14629,41.84299],[-88.14629,41.84277],[-88.14649,41.82789],[-88.14658,41.81318]]]},"properties":{"OBJECTID":127,"Join_Count":1,"TARGET_FID":127,"JOIN_FID":2974,"ASSET_NAME":"453","Feeder":"L13153","Feeder_N":"F1792","PV_HC_kW":21600,"EV_HC_kW":8010,"BESS_HC":8010,"ORIG_FID":2516,"Feeder_Q":0,"SS_N":"S0661","Queue_RD":"03/06/2026","Shape__Length_1":null,"Shape__Area":0.01013893926824494,"Shape__Length":0.4126133636334395}},{"type":"Feature","id":128,"geometry":{"type":"Polygon","coordinates":[[[-87.80337,42.41338],[-87.80613,42.41339],[-87.81008,42.41343],[-87.81005,42.41368],[-87.81029,42.41368],[-87.81032,42.41347],[-87.81039,42.41344],[-87.82544,42.4136],[-87.82562,42.41361],[-87.84508,42.41372],[-87.84527,42.41372],[-87.8646,42.41385],[-87.86471,42.41385],[-87.88436,42.41397],[-87.88409,42.42844],[-87.88376,42.4429],[-87.88376,42.44303],[-87.88377,42.45747],[-87.88338,42.47189],[-87.88316,42.48637],[-87.88287,42.49366],[-87.86374,42.49333],[-87.84456,42.49303],[-87.835,42.49291],[-87.835,42.49288],[-87.8349,42.49288],[-87.83376,42.49286],[-87.83257,42.49285],[-87.83133,42.49283],[-87.8301,42.49281],[-87.82885,42.49281],[-87.8277,42.4928],[-87.8265,42.49278],[-87.82444,42.49275],[-87.82444,42.49279],[-87.82172,42.49276],[-87.82172,42.49273],[-87.81784,42.49271],[-87.81741,42.49272],[-87.81451,42.49268],[-87.81012,42.49261],[-87.80723,42.49256],[-87.80594,42.49254],[-87.80592,42.49232],[-87.80588,42.49221],[-87.80576,42.49215],[-87.80558,42.49213],[-87.80548,42.49213],[-87.80541,42.49213],[-87.80533,42.4922],[-87.80532,42.4922],[-87.80503,42.49227],[-87.80499,42.4923],[-87.80496,42.49242],[-87.80487,42.49251],[-87.80445,42.49251],[-87.80401,42.49251],[-87.80382,42.49251],[-87.80382,42.49251],[-87.80348,42.49249],[-87.80351,42.49175],[-87.80351,42.49174],[-87.80348,42.49158],[-87.80348,42.49158],[-87.80344,42.49131],[-87.80312,42.49023],[-87.80298,42.49004],[-87.80278,42.48987],[-87.80209,42.48979],[-87.80188,42.48976],[-87.80183,42.48965],[-87.80207,42.48967],[-87.80327,42.48981],[-87.80357,42.48985],[-87.80363,42.48986],[-87.8039,42.48939],[-87.80393,42.48933],[-87.80392,42.48931],[-87.80386,42.48918],[-87.80337,42.48808],[-87.80336,42.48806],[-87.80327,42.48799],[-87.80326,42.48799],[-87.80295,42.48806],[-87.80222,42.48821],[-87.80156,42.48836],[-87.80141,42.48839],[-87.80078,42.48756],[-87.80078,42.48755],[-87.801,42.48749],[-87.8011,42.48744],[-87.80113,42.48743],[-87.80254,42.48712],[-87.8031,42.48699],[-87.80448,42.48669],[-87.80458,42.48658],[-87.80439,42.48604],[-87.80432,42.48582],[-87.80432,42.48582],[-87.804,42.4849],[-87.80398,42.48475],[-87.80411,42.48463],[-87.80475,42.48443],[-87.80518,42.4843],[-87.80546,42.48409],[-87.80556,42.48395],[-87.80556,42.48395],[-87.80557,42.48394],[-87.80556,42.48392],[-87.80556,42.48392],[-87.8049,42.48219],[-87.80467,42.482],[-87.7992,42.48309],[-87.79897,42.48275],[-87.79891,42.48216],[-87.79878,42.48167],[-87.79877,42.48156],[-87.79881,42.48125],[-87.79881,42.48125],[-87.79887,42.48113],[-87.79884,42.48103],[-87.79889,42.48063],[-87.79898,42.48013],[-87.79916,42.47948],[-87.79935,42.47933],[-87.79946,42.47921],[-87.79954,42.47876],[-87.79954,42.4786],[-87.79954,42.47849],[-87.79921,42.47743],[-87.79829,42.4738],[-87.79775,42.47202],[-87.79774,42.472],[-87.79749,42.4714],[-87.79748,42.47137],[-87.79744,42.47128],[-87.79741,42.47117],[-87.79741,42.47117],[-87.79727,42.47107],[-87.79726,42.47098],[-87.79743,42.47075],[-87.79744,42.47075],[-87.79741,42.46997],[-87.79706,42.46913],[-87.79707,42.46899],[-87.79704,42.46886],[-87.79705,42.46885],[-87.79706,42.46885],[-87.79716,42.46876],[-87.79713,42.46828],[-87.79725,42.46804],[-87.79707,42.46777],[-87.79703,42.46771],[-87.79705,42.46766],[-87.79707,42.46765],[-87.7975,42.46743],[-87.79775,42.467],[-87.79831,42.46538],[-87.79831,42.46465],[-87.79837,42.46443],[-87.79844,42.46417],[-87.79846,42.46409],[-87.79838,42.4634],[-87.79859,42.46161],[-87.7987,42.45985],[-87.79871,42.45852],[-87.79879,42.45667],[-87.79881,42.45656],[-87.79896,42.45514],[-87.79914,42.45339],[-87.79912,42.45267],[-87.79951,42.45104],[-87.79984,42.44968],[-87.79986,42.4496],[-87.8,42.44907],[-87.79994,42.44775],[-87.79993,42.44774],[-87.79994,42.44771],[-87.8005,42.44565],[-87.80063,42.4443],[-87.80082,42.44342],[-87.80138,42.44243],[-87.80139,42.44241],[-87.80139,42.44241],[-87.8014,42.44236],[-87.8015,42.44202],[-87.80198,42.44111],[-87.80264,42.43906],[-87.80267,42.43885],[-87.80289,42.4385],[-87.80329,42.43579],[-87.80346,42.43293],[-87.80352,42.43267],[-87.8034,42.4323],[-87.8034,42.43136],[-87.80341,42.43133],[-87.80355,42.4299],[-87.80356,42.42733],[-87.80311,42.4182],[-87.80311,42.4182],[-87.80326,42.41712],[-87.80337,42.41338]]]},"properties":{"OBJECTID":128,"Join_Count":1,"TARGET_FID":128,"JOIN_FID":3011,"ASSET_NAME":"386","Feeder":"L1664","Feeder_N":"F1858","PV_HC_kW":2518.5,"EV_HC_kW":2670,"BESS_HC":2518.5,"ORIG_FID":2587,"Feeder_Q":0,"SS_N":"S0523","Queue_RD":"03/06/2026","Shape__Length_1":null,"Shape__Area":0.006553497238428463,"Shape__Length":0.3392576065618411}},{"type":"Feature","id":129,"geometry":{"type":"Polygon","coordinates":[[[-88.70544,42.32785],[-88.70544,42.32777],[-88.70557,42.31339],[-88.70557,42.31333],[-88.70557,42.31317],[-88.70554,42.29875],[-88.70554,42.29871],[-88.70556,42.28421],[-88.70556,42.28416],[-88.70556,42.28408],[-88.70547,42.26979],[-88.70536,42.25536],[-88.70536,42.25512],[-88.70538,42.25001],[-88.70538,42.24093],[-88.72474,42.24084],[-88.72502,42.24084],[-88.74416,42.2408],[-88.74454,42.2408],[-88.74998,42.24081],[-88.7635,42.24082],[-88.76379,42.24082],[-88.76393,42.24082],[-88.76411,42.24081],[-88.78296,42.24069],[-88.78366,42.24068],[-88.78375,42.24068],[-88.78393,42.24068],[-88.80297,42.24064],[-88.80313,42.24064],[-88.8033,42.24064],[-88.82185,42.24063],[-88.82211,42.24063],[-88.82206,42.25],[-88.82204,42.25518],[-88.82204,42.25522],[-88.82199,42.26964],[-88.82199,42.2697],[-88.82199,42.26975],[-88.82198,42.28411],[-88.82198,42.28417],[-88.82198,42.28423],[-88.82198,42.28426],[-88.82198,42.28644],[-88.82193,42.2985],[-88.82193,42.2986],[-88.82193,42.29864],[-88.82193,42.29872],[-88.82194,42.31313],[-88.82195,42.31318],[-88.82194,42.31344],[-88.82199,42.32787],[-88.80327,42.32787],[-88.80318,42.32787],[-88.78376,42.32787],[-88.78368,42.32787],[-88.76433,42.32789],[-88.76411,42.32789],[-88.75297,42.3279],[-88.74995,42.3279],[-88.74481,42.32796],[-88.74477,42.32796],[-88.74465,42.32796],[-88.74432,42.32796],[-88.72517,42.32785],[-88.7251,42.32785],[-88.725,42.32785],[-88.72472,42.32785],[-88.70544,42.32785]]]},"properties":{"OBJECTID":129,"Join_Count":1,"TARGET_FID":129,"JOIN_FID":2948,"ASSET_NAME":"350","Feeder":"L12264","Feeder_N":"F1750","PV_HC_kW":4100,"EV_HC_kW":580,"BESS_HC":580,"ORIG_FID":2594,"Feeder_Q":3992,"SS_N":"S0654","Queue_RD":"03/06/2026","Shape__Length_1":null,"Shape__Area":0.010149666331017215,"Shape__Length":0.40744350813954533}},{"type":"Feature","id":130,"geometry":{"type":"Polygon","coordinates":[[[-88.94167,41.71705],[-88.95947,41.71695],[-88.95972,41.71695],[-88.96098,41.71694],[-88.97922,41.71677],[-88.97928,41.71677],[-88.98028,41.71676],[-88.99858,41.71659],[-88.99872,41.71659],[-88.99965,41.71658],[-89.00005,41.71658],[-89.00778,41.71653],[-89.009,41.71652],[-89.0181,41.71647],[-89.01836,41.71647],[-89.01906,41.71648],[-89.0376,41.71628],[-89.03841,41.71627],[-89.05313,41.71615],[-89.05389,41.71614],[-89.05469,41.71613],[-89.05467,41.73031],[-89.05467,41.7306],[-89.05465,41.7308],[-89.05463,41.74512],[-89.05463,41.74518],[-89.05461,41.74542],[-89.0546,41.74547],[-89.0545,41.75],[-89.0545,41.75346],[-89.05449,41.75967],[-89.05449,41.7597],[-89.05449,41.75995],[-89.05438,41.77405],[-89.05438,41.77461],[-89.0543,41.78864],[-89.0543,41.7887],[-89.05429,41.78939],[-89.05429,41.78948],[-89.05408,41.80331],[-89.05408,41.80336],[-89.03928,41.80352],[-89.03845,41.80353],[-89.03841,41.80353],[-89.03062,41.80362],[-89.02071,41.80374],[-89.02038,41.80373],[-89.0189,41.80375],[-89.00058,41.80399],[-88.99998,41.804],[-88.99947,41.804],[-88.98069,41.80416],[-88.98048,41.80417],[-88.98002,41.8042],[-88.96086,41.80435],[-88.96081,41.80435],[-88.96052,41.80436],[-88.96048,41.80437],[-88.96031,41.80437],[-88.94115,41.80449],[-88.94115,41.79007],[-88.94115,41.79002],[-88.94118,41.78974],[-88.94118,41.78969],[-88.94125,41.77564],[-88.94125,41.77537],[-88.94125,41.77512],[-88.94129,41.76098],[-88.94128,41.76077],[-88.94136,41.75002],[-88.94151,41.74634],[-88.94152,41.74613],[-88.94157,41.73192],[-88.94157,41.7316],[-88.94166,41.71747],[-88.94167,41.71737],[-88.94167,41.71705]]]},"properties":{"OBJECTID":130,"Join_Count":1,"TARGET_FID":130,"JOIN_FID":2440,"ASSET_NAME":"330","Feeder":"H125","Feeder_N":"F2877","PV_HC_kW":0,"EV_HC_kW":1510,"BESS_HC":0,"ORIG_FID":2596,"Feeder_Q":30.48,"SS_N":"S0668","Queue_RD":"03/06/2026","Shape__Length_1":null,"Shape__Area":0.00988053470837258,"Shape__Length":0.4006410460574628}},{"type":"Feature","id":131,"geometry":{"type":"Polygon","coordinates":[[[-88.14164,41.55105],[-88.16112,41.55085],[-88.18034,41.55065],[-88.19968,41.55045],[-88.21894,41.55024],[-88.23817,41.55003],[-88.25518,41.55007],[-88.25581,41.56427],[-88.25581,41.56431],[-88.25645,41.57867],[-88.25646,41.57901],[-88.2565,41.57951],[-88.25651,41.57959],[-88.25708,41.59262],[-88.25713,41.59362],[-88.25781,41.60701],[-88.25782,41.60808],[-88.25858,41.62197],[-88.25856,41.62249],[-88.259,41.63606],[-88.24169,41.6363],[-88.22249,41.63665],[-88.20306,41.637],[-88.1889,41.63726],[-88.18381,41.63737],[-88.16428,41.6378],[-88.14506,41.63831],[-88.14442,41.62356],[-88.14394,41.60894],[-88.14335,41.59467],[-88.14279,41.58011],[-88.14226,41.56555],[-88.14164,41.55105]]]},"properties":{"OBJECTID":131,"Join_Count":1,"TARGET_FID":131,"JOIN_FID":2626,"ASSET_NAME":"483","Feeder":"J317","Feeder_N":"F4019","PV_HC_kW":1063.21,"EV_HC_kW":1260,"BESS_HC":1063.21,"ORIG_FID":2613,"Feeder_Q":0,"SS_N":"S0524","Queue_RD":"03/06/2026","Shape__Length_1":null,"Shape__Area":0.009858312810138159,"Shape__Length":0.40091563761579785}},{"type":"Feature","id":132,"geometry":{"type":"Polygon","coordinates":[[[-87.80577,41.90875],[-87.82528,41.90854],[-87.84509,41.90806],[-87.86434,41.90778],[-87.87026,41.90765],[-87.87028,41.90763],[-87.88374,41.90731],[-87.90319,41.90704],[-87.92005,41.90678],[-87.92044,41.92128],[-87.92021,41.93577],[-87.92025,41.95021],[-87.92025,41.95039],[-87.92025,41.95047],[-87.92025,41.96487],[-87.92024,41.96501],[-87.9204,41.97938],[-87.92046,41.99397],[-87.90528,41.99442],[-87.90382,41.99448],[-87.88558,41.99509],[-87.88459,41.99512],[-87.86663,41.99561],[-87.86529,41.99564],[-87.84653,41.99618],[-87.84567,41.9962],[-87.82665,41.99662],[-87.80667,41.99696],[-87.80692,41.98276],[-87.80695,41.98151],[-87.80724,41.96826],[-87.80727,41.96714],[-87.80719,41.95365],[-87.80714,41.95273],[-87.80667,41.93798],[-87.80604,41.92343],[-87.80577,41.90875]]]},"properties":{"OBJECTID":132,"Join_Count":1,"TARGET_FID":132,"JOIN_FID":3069,"ASSET_NAME":"446","Feeder":"L4653","Feeder_N":"F1944","PV_HC_kW":17310,"EV_HC_kW":12580,"BESS_HC":12580,"ORIG_FID":2764,"Feeder_Q":0,"SS_N":"S0707","Queue_RD":"03/06/2026","Shape__Length_1":null,"Shape__Area":0.009980556895243353,"Shape__Length":0.403580888047103}},{"type":"Feature","id":133,"geometry":{"type":"Polygon","coordinates":[[[-88.70021,41.01902],[-88.71924,41.0188],[-88.73859,41.01857],[-88.75831,41.01864],[-88.7774,41.01815],[-88.77769,41.01815],[-88.79655,41.01773],[-88.79683,41.01772],[-88.81533,41.01768],[-88.815,41.03201],[-88.81459,41.0465],[-88.81429,41.06101],[-88.81398,41.0761],[-88.81355,41.09084],[-88.81303,41.1063],[-88.79824,41.10651],[-88.7948,41.10655],[-88.79444,41.10656],[-88.77913,41.10675],[-88.77611,41.10665],[-88.75923,41.10669],[-88.75683,41.1067],[-88.75647,41.1067],[-88.73923,41.10688],[-88.73693,41.10685],[-88.72019,41.10697],[-88.71773,41.10683],[-88.70094,41.107],[-88.69832,41.10703],[-88.69875,41.09222],[-88.69875,41.09171],[-88.69892,41.07747],[-88.69892,41.07721],[-88.69933,41.06299],[-88.69935,41.06267],[-88.69959,41.04817],[-88.70007,41.03363],[-88.70021,41.01902]]]},"properties":{"OBJECTID":133,"Join_Count":1,"TARGET_FID":133,"JOIN_FID":3114,"ASSET_NAME":"618","Feeder":"L6165","Feeder_N":"F2038","PV_HC_kW":0,"EV_HC_kW":1830,"BESS_HC":0,"ORIG_FID":2856,"Feeder_Q":0,"SS_N":"Networked*","Queue_RD":"03/06/2026","Shape__Length_1":null,"Shape__Area":0.010153081436556022,"Shape__Length":0.40654377269776454}},{"type":"Feature","id":134,"geometry":{"type":"Polygon","coordinates":[[[-87.88436,42.41397],[-87.88457,42.39946],[-87.88486,42.3849],[-87.88492,42.37044],[-87.8849,42.35606],[-87.88485,42.35606],[-87.88485,42.35593],[-87.88499,42.34151],[-87.88518,42.32706],[-87.90467,42.32727],[-87.92426,42.32735],[-87.9439,42.32743],[-87.96348,42.32749],[-87.98309,42.32772],[-88.00433,42.32767],[-88.00428,42.34216],[-88.0042,42.35674],[-88.00401,42.37126],[-88.00404,42.38586],[-88.00385,42.40053],[-88.00376,42.41507],[-87.98243,42.41489],[-87.98218,42.41489],[-87.9629,42.41467],[-87.9627,42.41466],[-87.94317,42.41448],[-87.94299,42.41448],[-87.9235,42.41433],[-87.90392,42.41409],[-87.88436,42.41397]]]},"properties":{"OBJECTID":134,"Join_Count":1,"TARGET_FID":134,"JOIN_FID":3014,"ASSET_NAME":"395","Feeder":"L1668","Feeder_N":"F1862","PV_HC_kW":1276.8,"EV_HC_kW":3520,"BESS_HC":1276.8,"ORIG_FID":2907,"Feeder_Q":5700,"SS_N":"S0523","Queue_RD":"03/06/2026","Shape__Length_1":null,"Shape__Area":0.010381693044109852,"Shape__Length":0.4129187755833746}},{"type":"Feature","id":135,"geometry":{"type":"Polygon","coordinates":[[[-87.90636,41.4697],[-87.92567,41.46928],[-87.94495,41.46897],[-87.96425,41.4687],[-87.98349,41.46838],[-88.00257,41.46788],[-88.02201,41.46763],[-88.02243,41.48206],[-88.02303,41.49651],[-88.02355,41.51085],[-88.02355,41.51104],[-88.02398,41.5253],[-88.02455,41.5398],[-88.02456,41.54],[-88.02493,41.55413],[-88.00589,41.55456],[-87.98663,41.55509],[-87.96739,41.55547],[-87.948,41.55588],[-87.9287,41.55629],[-87.90958,41.55673],[-87.90905,41.54221],[-87.90859,41.5276],[-87.90859,41.52745],[-87.90817,41.51281],[-87.90744,41.49876],[-87.90743,41.49849],[-87.90691,41.48415],[-87.90688,41.48381],[-87.90636,41.4697]]]},"properties":{"OBJECTID":135,"Join_Count":1,"TARGET_FID":135,"JOIN_FID":2541,"ASSET_NAME":"495","Feeder":"J0622","Feeder_N":"F3339","PV_HC_kW":537.24,"EV_HC_kW":460,"BESS_HC":460,"ORIG_FID":2914,"Feeder_Q":0,"SS_N":"S0568","Queue_RD":"03/06/2026","Shape__Length_1":null,"Shape__Area":0.010032055679175755,"Shape__Length":0.4046893058607895}},{"type":"Feature","id":136,"geometry":{"type":"Polygon","coordinates":[[[-88.46898,40.78071],[-88.46898,40.78071],[-88.46899,40.78084],[-88.4691,40.78083],[-88.47853,40.78069],[-88.48807,40.78055],[-88.49763,40.78046],[-88.50719,40.78037],[-88.51674,40.78015],[-88.5263,40.77993],[-88.5358,40.77975],[-88.54531,40.77957],[-88.55479,40.77943],[-88.56427,40.7793],[-88.57417,40.77914],[-88.58408,40.77893],[-88.58408,40.77911],[-88.58409,40.78638],[-88.58444,40.80103],[-88.58451,40.81558],[-88.58484,40.82997],[-88.58511,40.84513],[-88.56602,40.84528],[-88.54667,40.84555],[-88.52752,40.84585],[-88.50849,40.8461],[-88.4891,40.84625],[-88.46964,40.84669],[-88.46962,40.8321],[-88.46962,40.83175],[-88.46959,40.81757],[-88.46958,40.81701],[-88.46929,40.80286],[-88.46929,40.80256],[-88.4692,40.78822],[-88.46919,40.78796],[-88.46898,40.78071]]]},"properties":{"OBJECTID":136,"Join_Count":1,"TARGET_FID":136,"JOIN_FID":3198,"ASSET_NAME":"710","Feeder":"L8033","Feeder_N":"F2200","PV_HC_kW":0,"EV_HC_kW":5840,"BESS_HC":0,"ORIG_FID":2938,"Feeder_Q":10971,"SS_N":"Networked*","Queue_RD":"03/06/2026","Shape__Length_1":null,"Shape__Area":0.007586050638792585,"Shape__Length":0.3629158143126759}},{"type":"Feature","id":137,"geometry":{"type":"Polygon","coordinates":[[[-87.9148,41.73098],[-87.93425,41.73064],[-87.9537,41.73019],[-87.97314,41.7298],[-87.99269,41.72942],[-88.01189,41.72944],[-88.03023,41.72879],[-88.03077,41.74341],[-88.03116,41.75785],[-88.03188,41.77089],[-88.03196,41.77239],[-88.03232,41.78693],[-88.03232,41.78703],[-88.033,41.80137],[-88.03301,41.80153],[-88.03386,41.81576],[-88.03386,41.81583],[-88.03021,41.81591],[-88.01497,41.81625],[-87.99559,41.81676],[-87.97729,41.81717],[-87.97614,41.8172],[-87.95709,41.81773],[-87.95666,41.81773],[-87.93752,41.81805],[-87.91822,41.81851],[-87.91757,41.80396],[-87.91694,41.78936],[-87.91653,41.77474],[-87.91596,41.76015],[-87.9153,41.74564],[-87.9148,41.73098]]]},"properties":{"OBJECTID":137,"Join_Count":1,"TARGET_FID":137,"JOIN_FID":4120,"ASSET_NAME":"465","Feeder":"W665Y","Feeder_N":"F2715","PV_HC_kW":1068.07,"EV_HC_kW":1170,"BESS_HC":1068.07,"ORIG_FID":3011,"Feeder_Q":0,"SS_N":"S0619","Queue_RD":"03/06/2026","Shape__Length_1":null,"Shape__Area":0.010082682789970931,"Shape__Length":0.4058462344017886}},{"type":"Feature","id":138,"geometry":{"type":"Polygon","coordinates":[[[-89.51057,42.11391],[-89.53018,42.11354],[-89.54925,42.11343],[-89.54988,42.11342],[-89.56863,42.11312],[-89.5695,42.11311],[-89.58852,42.11301],[-89.58915,42.113],[-89.6079,42.1128],[-89.60828,42.1128],[-89.62765,42.1126],[-89.62761,42.12759],[-89.62765,42.14181],[-89.62773,42.14181],[-89.62861,42.1565],[-89.62887,42.171],[-89.62962,42.18552],[-89.62934,42.20057],[-89.60992,42.2006],[-89.59039,42.20082],[-89.59026,42.20082],[-89.57151,42.20096],[-89.57099,42.20096],[-89.55188,42.20083],[-89.5327,42.20085],[-89.51215,42.20096],[-89.51184,42.18642],[-89.51156,42.17205],[-89.51128,42.15759],[-89.51138,42.14292],[-89.5113,42.14292],[-89.51088,42.12868],[-89.51057,42.11391]]]},"properties":{"OBJECTID":138,"Join_Count":1,"TARGET_FID":138,"JOIN_FID":604,"ASSET_NAME":"257","Feeder":"B375","Feeder_N":"F5344","PV_HC_kW":0,"EV_HC_kW":790,"BESS_HC":0,"ORIG_FID":3036,"Feeder_Q":56.95,"SS_N":"S0656","Queue_RD":"03/06/2026","Shape__Length_1":null,"Shape__Area":0.01026206420510789,"Shape__Length":0.4095265077076803}},{"type":"Feature","id":139,"geometry":{"type":"Polygon","coordinates":[[[-88.48401,41.54495],[-88.50304,41.54483],[-88.5223,41.54472],[-88.52245,41.54472],[-88.52249,41.54472],[-88.52249,41.54474],[-88.52274,41.55203],[-88.52298,41.5593],[-88.52323,41.56654],[-88.52345,41.5731],[-88.52348,41.57377],[-88.5236,41.57732],[-88.52373,41.58093],[-88.52383,41.58377],[-88.52699,41.5838],[-88.52393,41.58641],[-88.52394,41.58666],[-88.52403,41.58967],[-88.52418,41.59487],[-88.5242,41.59542],[-88.5242,41.59546],[-88.52442,41.60278],[-88.52471,41.61005],[-88.52471,41.6101],[-88.52496,41.61737],[-88.52497,41.61758],[-88.52721,41.61756],[-88.53964,41.61742],[-88.53996,41.62364],[-88.54026,41.6294],[-88.54029,41.62988],[-88.5403,41.6301],[-88.54065,41.62959],[-88.54081,41.62937],[-88.54134,41.62878],[-88.54194,41.62825],[-88.54253,41.62789],[-88.543,41.62774],[-88.54309,41.62771],[-88.54379,41.62748],[-88.54463,41.62732],[-88.54514,41.62709],[-88.54578,41.62661],[-88.54632,41.62586],[-88.54702,41.62513],[-88.54764,41.62424],[-88.54809,41.62385],[-88.55436,41.61937],[-88.55506,41.61872],[-88.55546,41.61836],[-88.55621,41.61804],[-88.55694,41.61781],[-88.55772,41.61747],[-88.55871,41.61657],[-88.56027,41.61524],[-88.56075,41.61473],[-88.56124,41.61406],[-88.56238,41.61028],[-88.56235,41.60959],[-88.56224,41.60916],[-88.56216,41.60886],[-88.56199,41.60741],[-88.56202,41.60605],[-88.56234,41.60498],[-88.56311,41.6036],[-88.56375,41.60231],[-88.56442,41.60136],[-88.56539,41.60053],[-88.56622,41.59984],[-88.56698,41.59917],[-88.56738,41.59868],[-88.56775,41.59809],[-88.56816,41.59751],[-88.56869,41.59682],[-88.56952,41.59613],[-88.57105,41.59471],[-88.57328,41.59252],[-88.57581,41.59013],[-88.57645,41.58964],[-88.57707,41.58928],[-88.57766,41.58873],[-88.57831,41.58793],[-88.57905,41.5866],[-88.58045,41.58486],[-88.58166,41.58357],[-88.58217,41.58303],[-88.58247,41.58262],[-88.58278,41.58224],[-88.58303,41.5818],[-88.58348,41.58136],[-88.58409,41.58086],[-88.58494,41.58021],[-88.5858,41.57965],[-88.5867,41.57912],[-88.58717,41.57882],[-88.58771,41.57837],[-88.58829,41.5778],[-88.58879,41.57732],[-88.58936,41.57691],[-88.59006,41.5764],[-88.59098,41.57577],[-88.59147,41.57528],[-88.59193,41.57473],[-88.59231,41.57422],[-88.59301,41.57322],[-88.59361,41.57321],[-88.60007,41.57317],[-88.60007,41.57317],[-88.60007,41.57322],[-88.60024,41.57878],[-88.60049,41.58765],[-88.60049,41.58776],[-88.60049,41.58783],[-88.60059,41.59039],[-88.60106,41.60229],[-88.60159,41.61679],[-88.60159,41.61684],[-88.60196,41.62499],[-88.60214,41.63118],[-88.60214,41.63143],[-88.60204,41.63143],[-88.5839,41.63142],[-88.58379,41.63142],[-88.56454,41.63153],[-88.54535,41.63163],[-88.54524,41.63163],[-88.54518,41.63163],[-88.5259,41.63179],[-88.52567,41.63178],[-88.50644,41.63178],[-88.50619,41.63179],[-88.50604,41.63179],[-88.506,41.63179],[-88.48724,41.63195],[-88.48654,41.61751],[-88.48605,41.60303],[-88.48605,41.60287],[-88.48549,41.58847],[-88.48494,41.5739],[-88.48447,41.55936],[-88.48401,41.54495]]]},"properties":{"OBJECTID":139,"Join_Count":1,"TARGET_FID":139,"JOIN_FID":2499,"ASSET_NAME":"480","Feeder":"H602","Feeder_N":"F3029","PV_HC_kW":159.54,"EV_HC_kW":980,"BESS_HC":159.54,"ORIG_FID":3040,"Feeder_Q":0,"SS_N":"S0281","Queue_RD":"03/06/2026","Shape__Length_1":null,"Shape__Area":0.0055767136122995,"Shape__Length":0.4914738248739959}},{"type":"Feature","id":140,"geometry":{"type":"Polygon","coordinates":[[[-89.39926,41.75825],[-89.40026,41.744],[-89.40028,41.74377],[-89.40029,41.74362],[-89.40029,41.74349],[-89.40036,41.72953],[-89.40036,41.7293],[-89.40037,41.72914],[-89.40037,41.72904],[-89.40073,41.71502],[-89.40073,41.71479],[-89.40074,41.71463],[-89.40074,41.71453],[-89.40099,41.70068],[-89.40099,41.70049],[-89.40099,41.70037],[-89.40099,41.70027],[-89.40131,41.6861],[-89.40131,41.68595],[-89.40131,41.68581],[-89.40131,41.6857],[-89.40143,41.67148],[-89.4074,41.67143],[-89.42018,41.67131],[-89.42047,41.67131],[-89.42062,41.67131],[-89.42082,41.67131],[-89.43926,41.67135],[-89.43964,41.67135],[-89.43982,41.67135],[-89.43998,41.67135],[-89.45875,41.6713],[-89.45879,41.6713],[-89.45898,41.6713],[-89.45929,41.6713],[-89.47797,41.67138],[-89.47817,41.67138],[-89.47832,41.67138],[-89.47851,41.67138],[-89.49741,41.67147],[-89.49757,41.67147],[-89.49999,41.67149],[-89.51655,41.67158],[-89.51672,41.67157],[-89.51635,41.68595],[-89.51634,41.68608],[-89.51633,41.68626],[-89.51597,41.70042],[-89.51596,41.7005],[-89.51595,41.70073],[-89.51563,41.71476],[-89.51559,41.71478],[-89.51558,41.71502],[-89.51524,41.72914],[-89.51524,41.72927],[-89.51524,41.72953],[-89.51489,41.74367],[-89.51489,41.74373],[-89.51489,41.74386],[-89.51489,41.7439],[-89.51469,41.75801],[-89.51392,41.75802],[-89.51315,41.75803],[-89.51237,41.75803],[-89.5116,41.75804],[-89.51083,41.75804],[-89.51006,41.75805],[-89.50929,41.75806],[-89.50851,41.75806],[-89.50774,41.75807],[-89.50697,41.75808],[-89.5062,41.75808],[-89.50543,41.75809],[-89.50466,41.7581],[-89.50389,41.75811],[-89.50312,41.75811],[-89.50235,41.75812],[-89.50158,41.75812],[-89.50081,41.75813],[-89.50004,41.75814],[-89.49927,41.75814],[-89.4985,41.75815],[-89.49772,41.75816],[-89.49695,41.75816],[-89.49564,41.75817],[-89.49474,41.75818],[-89.47608,41.75826],[-89.47562,41.75827],[-89.4567,41.75838],[-89.4562,41.75837],[-89.43743,41.75821],[-89.43744,41.75814],[-89.43694,41.75815],[-89.43694,41.7582],[-89.41815,41.75832],[-89.41785,41.75833],[-89.39926,41.75825]]]},"properties":{"OBJECTID":140,"Join_Count":1,"TARGET_FID":140,"JOIN_FID":2445,"ASSET_NAME":"276","Feeder":"H1702","Feeder_N":"F3841","PV_HC_kW":0,"EV_HC_kW":200,"BESS_HC":0,"ORIG_FID":3041,"Feeder_Q":4650,"SS_N":"S0556","Queue_RD":"03/06/2026","Shape__Length_1":null,"Shape__Area":0.009984419223201257,"Shape__Length":0.40415744332157455}},{"type":"Feature","id":141,"geometry":{"type":"Polygon","coordinates":[[[-89.6329,42.37421],[-89.65219,42.37385],[-89.65237,42.37384],[-89.65245,42.37384],[-89.67141,42.37352],[-89.67161,42.37352],[-89.67165,42.37352],[-89.67173,42.37352],[-89.67181,42.37351],[-89.69109,42.37297],[-89.69124,42.37296],[-89.69128,42.37296],[-89.69138,42.37296],[-89.69166,42.37295],[-89.71024,42.37254],[-89.7106,42.37253],[-89.71082,42.37252],[-89.71112,42.37252],[-89.72097,42.37225],[-89.72978,42.37221],[-89.73043,42.3722],[-89.7497,42.37191],[-89.74972,42.37492],[-89.74979,42.38634],[-89.74979,42.3865],[-89.74979,42.38659],[-89.74986,42.40081],[-89.74986,42.40103],[-89.74995,42.41531],[-89.74995,42.41541],[-89.75002,42.42293],[-89.75007,42.42984],[-89.75007,42.42989],[-89.75007,42.43001],[-89.75007,42.44419],[-89.75007,42.44422],[-89.75007,42.44447],[-89.75003,42.45872],[-89.74987,42.45872],[-89.73378,42.45898],[-89.7318,42.45902],[-89.73128,42.45902],[-89.73123,42.45902],[-89.71235,42.45933],[-89.71215,42.45933],[-89.71201,42.45933],[-89.71191,42.45934],[-89.69301,42.45971],[-89.69275,42.45972],[-89.69262,42.45972],[-89.67351,42.46015],[-89.67331,42.46015],[-89.6732,42.46016],[-89.65378,42.46057],[-89.63454,42.46101],[-89.63429,42.46102],[-89.63428,42.4606],[-89.63418,42.44695],[-89.63418,42.44686],[-89.63418,42.44666],[-89.63418,42.44652],[-89.63397,42.43269],[-89.63397,42.43235],[-89.63397,42.43206],[-89.63376,42.41783],[-89.63375,42.4178],[-89.63375,42.41776],[-89.63375,42.4176],[-89.63347,42.40341],[-89.63347,42.4032],[-89.63346,42.40301],[-89.63318,42.38867],[-89.63318,42.38862],[-89.63296,42.37497],[-89.6329,42.37421]]]},"properties":{"OBJECTID":141,"Join_Count":1,"TARGET_FID":141,"JOIN_FID":573,"ASSET_NAME":"240","Feeder":"B2181","Feeder_N":"F5282","PV_HC_kW":0,"EV_HC_kW":360,"BESS_HC":0,"ORIG_FID":3044,"Feeder_Q":34.99,"SS_N":"S0653","Queue_RD":"03/06/2026","Shape__Length_1":null,"Shape__Area":0.01008895156996914,"Shape__Length":0.40621121711958347}},{"type":"Feature","id":142,"geometry":{"type":"Polygon","coordinates":[[[-88.35432,42.24075],[-88.35465,42.2261],[-88.35464,42.21176],[-88.35458,42.19728],[-88.35445,42.18302],[-88.35445,42.18286],[-88.3544,42.16848],[-88.35445,42.15395],[-88.35445,42.15383],[-88.37374,42.15389],[-88.393,42.15381],[-88.39323,42.15381],[-88.39353,42.15382],[-88.41292,42.1538],[-88.43232,42.15377],[-88.45162,42.15375],[-88.47187,42.15344],[-88.47192,42.16793],[-88.47188,42.1824],[-88.47197,42.19699],[-88.47195,42.21149],[-88.47187,42.22592],[-88.47189,42.24039],[-88.45273,42.24049],[-88.45174,42.24049],[-88.4331,42.2405],[-88.4322,42.2405],[-88.41337,42.24052],[-88.4129,42.24052],[-88.39359,42.24064],[-88.37427,42.24079],[-88.35432,42.24075]]]},"properties":{"OBJECTID":142,"Join_Count":1,"TARGET_FID":142,"JOIN_FID":3158,"ASSET_NAME":"411","Feeder":"L7541","Feeder_N":"F2122","PV_HC_kW":11268.35,"EV_HC_kW":4730,"BESS_HC":4730,"ORIG_FID":3087,"Feeder_Q":996,"SS_N":"S0729","Queue_RD":"03/06/2026","Shape__Length_1":null,"Shape__Area":0.010190977421643765,"Shape__Length":0.408872496630429}},{"type":"Feature","id":143,"geometry":{"type":"Polygon","coordinates":[[[-89.04757,40.92563],[-89.0476,40.91122],[-89.04767,40.89667],[-89.04765,40.88222],[-89.04726,40.86737],[-89.04753,40.85281],[-89.04706,40.83812],[-89.06622,40.83816],[-89.08534,40.8382],[-89.10425,40.8383],[-89.12349,40.83846],[-89.13806,40.83855],[-89.13828,40.85039],[-89.1383,40.85123],[-89.14281,40.85312],[-89.14496,40.85477],[-89.15141,40.85483],[-89.15138,40.86049],[-89.15135,40.86588],[-89.15948,40.86579],[-89.15984,40.86578],[-89.15981,40.86781],[-89.15981,40.86827],[-89.15999,40.88277],[-89.16001,40.88312],[-89.16006,40.89719],[-89.16042,40.89719],[-89.16042,40.89776],[-89.16006,40.89777],[-89.1605,40.91172],[-89.16051,40.91224],[-89.16034,40.92698],[-89.14358,40.92709],[-89.12455,40.92685],[-89.12429,40.92689],[-89.10522,40.92656],[-89.08622,40.92617],[-89.06693,40.92594],[-89.04757,40.92563]]]},"properties":{"OBJECTID":143,"Join_Count":1,"TARGET_FID":143,"JOIN_FID":3529,"ASSET_NAME":"675","Feeder":"S206","Feeder_N":"F1755","PV_HC_kW":149.28,"EV_HC_kW":1120,"BESS_HC":149.28,"ORIG_FID":3093,"Feeder_Q":0,"SS_N":"S0689","Queue_RD":"03/06/2026","Shape__Length_1":null,"Shape__Area":0.009489299794722683,"Shape__Length":0.3994974262232796}},{"type":"Feature","id":144,"geometry":{"type":"Polygon","coordinates":[[[-89.9782,41.67075],[-89.97807,41.65616],[-89.97807,41.6559],[-89.97824,41.64164],[-89.9785,41.62738],[-89.97849,41.625],[-89.97828,41.625],[-89.97833,41.61283],[-89.97833,41.61258],[-89.97837,41.60518],[-89.9784,41.59825],[-89.9784,41.59819],[-89.97842,41.59078],[-89.97844,41.58404],[-89.97846,41.58358],[-89.99471,41.58365],[-89.99497,41.58365],[-89.99779,41.58365],[-90.00011,41.58364],[-90.00481,41.58369],[-90.01394,41.58373],[-90.01421,41.58373],[-90.01693,41.58373],[-90.02164,41.58373],[-90.03054,41.58378],[-90.03238,41.58379],[-90.03281,41.58379],[-90.0349,41.5838],[-90.03622,41.58381],[-90.05123,41.58389],[-90.05142,41.58389],[-90.05563,41.58393],[-90.05602,41.58393],[-90.0655,41.58402],[-90.06964,41.58407],[-90.07001,41.58407],[-90.07369,41.58412],[-90.07468,41.58413],[-90.08642,41.58428],[-90.08668,41.58428],[-90.08872,41.58431],[-90.09414,41.58436],[-90.09412,41.58454],[-90.09396,41.59878],[-90.09396,41.59912],[-90.0938,41.61332],[-90.09378,41.61336],[-90.09378,41.6134],[-90.09363,41.62504],[-90.09359,41.62742],[-90.09358,41.6277],[-90.09335,41.64204],[-90.09334,41.64212],[-90.09317,41.6566],[-90.09317,41.65665],[-90.093,41.67111],[-90.09076,41.67108],[-90.07418,41.6709],[-90.07359,41.67089],[-90.0732,41.67088],[-90.07284,41.67088],[-90.05529,41.67075],[-90.05497,41.67075],[-90.05438,41.67073],[-90.05392,41.67073],[-90.05381,41.67073],[-90.04186,41.6707],[-90.03629,41.67068],[-90.0358,41.67068],[-90.03482,41.67067],[-90.01711,41.67061],[-90.01648,41.67061],[-90.01603,41.67061],[-90.01583,41.67061],[-89.99992,41.67061],[-89.99992,41.67054],[-89.99739,41.67056],[-89.9969,41.67056],[-89.9782,41.67075]]]},"properties":{"OBJECTID":144,"Join_Count":1,"TARGET_FID":144,"JOIN_FID":2463,"ASSET_NAME":"200","Feeder":"H285","Feeder_N":"F3859","PV_HC_kW":0,"EV_HC_kW":420,"BESS_HC":0,"ORIG_FID":3095,"Feeder_Q":34.5,"SS_N":"S0663","Queue_RD":"03/06/2026","Shape__Length_1":null,"Shape__Area":0.010013763073857262,"Shape__Length":0.4046912804082839}},{"type":"Feature","id":145,"geometry":{"type":"Polygon","coordinates":[[[-88.58511,40.84513],[-88.60394,40.84512],[-88.60449,40.84512],[-88.62369,40.84492],[-88.64281,40.84477],[-88.64313,40.84477],[-88.66176,40.84456],[-88.66225,40.84455],[-88.68098,40.84429],[-88.70031,40.84397],[-88.70052,40.85848],[-88.70055,40.87316],[-88.70026,40.88755],[-88.70057,40.90231],[-88.70073,40.9165],[-88.70081,40.93132],[-88.68211,40.93142],[-88.68176,40.93142],[-88.66292,40.93157],[-88.66248,40.93157],[-88.64359,40.93179],[-88.64313,40.93179],[-88.62411,40.93195],[-88.60537,40.93229],[-88.58607,40.93274],[-88.58585,40.91827],[-88.58584,40.91804],[-88.58546,40.90316],[-88.5854,40.88867],[-88.5854,40.87413],[-88.58539,40.8595],[-88.58511,40.84513]]]},"properties":{"OBJECTID":145,"Join_Count":1,"TARGET_FID":145,"JOIN_FID":3562,"ASSET_NAME":"679","Feeder":"S665","Feeder_N":"F1392","PV_HC_kW":790.88,"EV_HC_kW":840,"BESS_HC":790.88,"ORIG_FID":3112,"Feeder_Q":96.56,"SS_N":"S0734","Queue_RD":"03/06/2026","Shape__Length_1":null,"Shape__Area":0.010023908160746942,"Shape__Length":0.4049323544546947}},{"type":"Feature","id":146,"geometry":{"type":"Polygon","coordinates":[[[-90.20875,41.67064],[-90.21455,41.67144],[-90.21471,41.67146],[-90.20919,41.67157],[-90.20874,41.67158],[-90.20874,41.6715],[-90.20875,41.67064]]]},"properties":{"OBJECTID":146,"Join_Count":0,"TARGET_FID":146,"JOIN_FID":-1,"ASSET_NAME":"162","Feeder":null,"Feeder_N":null,"PV_HC_kW":null,"EV_HC_kW":null,"BESS_HC":0,"ORIG_FID":3116,"Feeder_Q":null,"SS_N":null,"Queue_RD":null,"Shape__Length_1":null,"Shape__Area":2.814935442074784e-06,"Shape__Length":0.012929344770339943}},{"type":"Feature","id":147,"geometry":{"type":"Polygon","coordinates":[[[-88.58588,41.10814],[-88.60346,41.10807],[-88.6051,41.10805],[-88.62275,41.10784],[-88.6243,41.10793],[-88.64188,41.10766],[-88.64341,41.10767],[-88.66126,41.1075],[-88.66272,41.10744],[-88.68056,41.10735],[-88.68182,41.10693],[-88.69832,41.10703],[-88.70094,41.107],[-88.7013,41.12165],[-88.70141,41.13623],[-88.70184,41.15078],[-88.70227,41.16502],[-88.70228,41.17971],[-88.70256,41.19415],[-88.68356,41.19424],[-88.68254,41.19424],[-88.66419,41.1944],[-88.66347,41.19442],[-88.64434,41.19482],[-88.6256,41.19492],[-88.6249,41.19492],[-88.60596,41.1951],[-88.5866,41.19515],[-88.58669,41.18077],[-88.58617,41.16632],[-88.58641,41.15179],[-88.58593,41.13721],[-88.58595,41.12267],[-88.58588,41.10814]]]},"properties":{"OBJECTID":147,"Join_Count":1,"TARGET_FID":147,"JOIN_FID":3538,"ASSET_NAME":"589","Feeder":"S265","Feeder_N":"F2131","PV_HC_kW":119.58,"EV_HC_kW":700,"BESS_HC":119.58,"ORIG_FID":3119,"Feeder_Q":24.36,"SS_N":"S0364","Queue_RD":"03/06/2026","Shape__Length_1":null,"Shape__Area":0.010063426811711906,"Shape__Length":0.40530002681988125}},{"type":"Feature","id":148,"geometry":{"type":"Polygon","coordinates":[[[-89.74455,41.93066],[-89.76479,41.93117],[-89.78407,41.93102],[-89.80169,41.93088],[-89.80326,41.93087],[-89.80341,41.93087],[-89.82276,41.93141],[-89.82288,41.9314],[-89.84219,41.93148],[-89.84228,41.93148],[-89.8617,41.9315],[-89.86134,41.9315],[-89.86037,41.97348],[-89.85803,41.97521],[-89.85225,41.97951],[-89.83676,41.99099],[-89.83175,41.99087],[-89.83132,41.99588],[-89.83075,42.00243],[-89.8308,42.00799],[-89.83082,42.00968],[-89.8309,42.01868],[-89.83402,42.02235],[-89.82136,42.02256],[-89.80209,42.0229],[-89.80142,42.0229],[-89.78281,42.02299],[-89.78281,42.02303],[-89.78193,42.02305],[-89.78193,42.02299],[-89.76345,42.02346],[-89.76273,42.0235],[-89.76272,42.02347],[-89.74408,42.02449],[-89.74392,42.00321],[-89.74361,41.98848],[-89.74387,41.97391],[-89.74413,41.95958],[-89.74451,41.94519],[-89.74455,41.93066]]]},"properties":{"OBJECTID":148,"Join_Count":1,"TARGET_FID":148,"JOIN_FID":2914,"ASSET_NAME":"231","Feeder":"L10766","Feeder_N":"F1682","PV_HC_kW":1770.29,"EV_HC_kW":9320,"BESS_HC":1770.29,"ORIG_FID":3122,"Feeder_Q":0,"SS_N":"S0643","Queue_RD":"03/06/2026","Shape__Length_1":null,"Shape__Area":0.00957172196854117,"Shape__Length":0.41054213942123985}},{"type":"Feature","id":149,"geometry":{"type":"Polygon","coordinates":[[[-88.47595,41.28341],[-88.49524,41.28313],[-88.51445,41.28286],[-88.51464,41.28286],[-88.53346,41.28274],[-88.53363,41.28274],[-88.53388,41.28274],[-88.53397,41.28274],[-88.55272,41.2826],[-88.55287,41.2826],[-88.55319,41.2826],[-88.57204,41.28252],[-88.57214,41.28252],[-88.58908,41.28246],[-88.58908,41.28255],[-88.58909,41.28265],[-88.58966,41.29682],[-88.58967,41.29706],[-88.58968,41.29712],[-88.59032,41.31143],[-88.59113,41.32568],[-88.59115,41.32589],[-88.59116,41.32595],[-88.59196,41.34025],[-88.59198,41.34046],[-88.59274,41.35486],[-88.59275,41.35509],[-88.59277,41.35538],[-88.59351,41.36961],[-88.57619,41.36981],[-88.57612,41.36981],[-88.55675,41.37004],[-88.53776,41.37028],[-88.53729,41.37029],[-88.51822,41.37037],[-88.51797,41.37038],[-88.49881,41.37046],[-88.49866,41.37046],[-88.4794,41.37059],[-88.47883,41.35621],[-88.47883,41.35603],[-88.4784,41.3417],[-88.4784,41.3416],[-88.47784,41.32707],[-88.47709,41.31256],[-88.47708,41.31238],[-88.47636,41.29796],[-88.47636,41.29781],[-88.47595,41.28341]]]},"properties":{"OBJECTID":149,"Join_Count":1,"TARGET_FID":149,"JOIN_FID":2604,"ASSET_NAME":"530","Feeder":"J295","Feeder_N":"F3997","PV_HC_kW":0,"EV_HC_kW":10,"BESS_HC":0,"ORIG_FID":3123,"Feeder_Q":5046.58,"SS_N":"S0302","Queue_RD":"03/06/2026","Shape__Length_1":null,"Shape__Area":0.009921283784706247,"Shape__Length":0.40175576691919324}},{"type":"Feature","id":150,"geometry":{"type":"Polygon","coordinates":[[[-87.5475,41.20876],[-87.56702,41.20863],[-87.58641,41.20848],[-87.60564,41.20832],[-87.62498,41.20816],[-87.64387,41.20818],[-87.66355,41.20792],[-87.66372,41.2225],[-87.66386,41.23707],[-87.66404,41.25172],[-87.66404,41.26631],[-87.66437,41.28091],[-87.66449,41.29673],[-87.65768,41.29681],[-87.64986,41.29691],[-87.64558,41.29696],[-87.63067,41.29708],[-87.62632,41.29707],[-87.61134,41.29728],[-87.60732,41.2973],[-87.59215,41.29743],[-87.58807,41.2975],[-87.57274,41.29766],[-87.56902,41.29764],[-87.55347,41.29776],[-87.54978,41.29779],[-87.54947,41.28188],[-87.54896,41.26721],[-87.54852,41.25265],[-87.54824,41.23798],[-87.5478,41.22342],[-87.5475,41.20876]]]},"properties":{"OBJECTID":150,"Join_Count":1,"TARGET_FID":150,"JOIN_FID":2815,"ASSET_NAME":"568","Feeder":"K187","Feeder_N":"F1514","PV_HC_kW":0,"EV_HC_kW":760,"BESS_HC":0,"ORIG_FID":3128,"Feeder_Q":3250,"SS_N":"S0725","Queue_RD":"03/06/2026","Shape__Length_1":null,"Shape__Area":0.010264737932629941,"Shape__Length":0.4086470852950096}},{"type":"Feature","id":151,"geometry":{"type":"Polygon","coordinates":[[[-89.28145,41.93132],[-89.30122,41.9313],[-89.32066,41.93108],[-89.34022,41.93125],[-89.35922,41.93127],[-89.35964,41.93127],[-89.37865,41.93111],[-89.37895,41.9311],[-89.39732,41.93116],[-89.39629,41.94553],[-89.39594,41.9598],[-89.39544,41.9737],[-89.39539,41.9737],[-89.39533,41.97482],[-89.39539,41.97482],[-89.39466,41.98833],[-89.39458,41.98833],[-89.39461,41.989],[-89.39478,41.9955],[-89.39494,42.00196],[-89.39494,42.00232],[-89.39495,42.00306],[-89.3949,42.00306],[-89.39409,42.02785],[-89.39223,42.02788],[-89.37442,42.02821],[-89.37266,42.02824],[-89.35452,42.02862],[-89.35336,42.02866],[-89.33537,42.02882],[-89.33536,42.02894],[-89.33325,42.02897],[-89.33324,42.02885],[-89.31611,42.02916],[-89.31451,42.02919],[-89.29728,42.02936],[-89.29524,42.02939],[-89.27788,42.02964],[-89.27898,42.00354],[-89.27878,41.98937],[-89.27959,41.97474],[-89.28016,41.96036],[-89.28054,41.94587],[-89.28145,41.93132]]]},"properties":{"OBJECTID":151,"Join_Count":1,"TARGET_FID":151,"JOIN_FID":627,"ASSET_NAME":"287","Feeder":"B537","Feeder_N":"F5388","PV_HC_kW":281.89,"EV_HC_kW":300,"BESS_HC":281.89,"ORIG_FID":3136,"Feeder_Q":0,"SS_N":"S0656","Queue_RD":"03/06/2026","Shape__Length_1":null,"Shape__Area":0.011309899057550865,"Shape__Length":0.42774432290371267}},{"type":"Feature","id":152,"geometry":{"type":"Polygon","coordinates":[[[-87.78015,41.2071],[-87.79946,41.2069],[-87.81873,41.2068],[-87.8381,41.20658],[-87.85754,41.20659],[-87.87685,41.20656],[-87.89544,41.20645],[-87.89577,41.22104],[-87.89611,41.23555],[-87.89612,41.23568],[-87.89682,41.25015],[-87.89697,41.26477],[-87.89722,41.27921],[-87.89723,41.27941],[-87.89757,41.2943],[-87.88086,41.29455],[-87.87835,41.29463],[-87.86167,41.29482],[-87.85893,41.29483],[-87.8423,41.29506],[-87.83947,41.29507],[-87.82331,41.29522],[-87.82024,41.29524],[-87.80373,41.29544],[-87.80077,41.29548],[-87.78436,41.2957],[-87.78122,41.29571],[-87.781,41.28005],[-87.78083,41.26547],[-87.78082,41.26536],[-87.78066,41.25086],[-87.78067,41.23628],[-87.78039,41.22164],[-87.78015,41.2071]]]},"properties":{"OBJECTID":152,"Join_Count":1,"TARGET_FID":152,"JOIN_FID":3140,"ASSET_NAME":"566","Feeder":"L7065","Feeder_N":"F2084","PV_HC_kW":9845.59,"EV_HC_kW":6840,"BESS_HC":6840,"ORIG_FID":3152,"Feeder_Q":0,"SS_N":"S0725","Queue_RD":"03/06/2026","Shape__Length_1":null,"Shape__Area":0.010237389705025635,"Shape__Length":0.40816158854018797}},{"type":"Feature","id":153,"geometry":{"type":"MultiPolygon","coordinates":[[[[-87.80308,42.40752],[-87.80309,42.40741],[-87.80329,42.40738],[-87.80407,42.40742],[-87.80542,42.40743],[-87.80591,42.40737],[-87.80684,42.40751],[-87.80813,42.408],[-87.80901,42.40873],[-87.80944,42.40956],[-87.80942,42.40997],[-87.80912,42.41053],[-87.809,42.41197],[-87.80924,42.41265],[-87.80958,42.41307],[-87.81005,42.4134],[-87.81008,42.41342],[-87.81008,42.41343],[-87.80613,42.41339],[-87.80337,42.41338],[-87.80334,42.41233],[-87.80321,42.41133],[-87.8032,42.41007],[-87.80308,42.40752]]],[[[-87.8646,42.41385],[-87.84527,42.41372],[-87.84508,42.41372],[-87.82562,42.41361],[-87.82544,42.4136],[-87.81039,42.41344],[-87.81047,42.4134],[-87.81108,42.41315],[-87.81065,42.4121],[-87.81118,42.41196],[-87.81261,42.41098],[-87.81299,42.41045],[-87.81261,42.40743],[-87.81263,42.40693],[-87.81267,42.40644],[-87.81271,42.4059],[-87.81294,42.40535],[-87.81345,42.40465],[-87.81407,42.40433],[-87.81478,42.40402],[-87.81548,42.4038],[-87.81607,42.40362],[-87.81657,42.40347],[-87.81695,42.4032],[-87.81723,42.40292],[-87.81724,42.4027],[-87.81734,42.40234],[-87.81756,42.40211],[-87.81756,42.40194],[-87.81751,42.40168],[-87.81764,42.40143],[-87.81777,42.40125],[-87.81779,42.40112],[-87.81766,42.40096],[-87.81747,42.40083],[-87.81753,42.40072],[-87.81768,42.40062],[-87.81793,42.40055],[-87.81819,42.40046],[-87.81834,42.40037],[-87.81841,42.40032],[-87.81846,42.40023],[-87.81835,42.40009],[-87.81821,42.39996],[-87.81796,42.39976],[-87.81793,42.39958],[-87.81813,42.39942],[-87.81856,42.39911],[-87.81868,42.39898],[-87.81867,42.39883],[-87.81853,42.39885],[-87.81841,42.39909],[-87.81788,42.39951],[-87.81782,42.39971],[-87.81822,42.40008],[-87.81826,42.40023],[-87.8181,42.40037],[-87.81753,42.40057],[-87.81739,42.40075],[-87.81722,42.40085],[-87.8169,42.40115],[-87.81663,42.40145],[-87.81665,42.40198],[-87.81634,42.40232],[-87.81612,42.40264],[-87.81549,42.40304],[-87.8144,42.40305],[-87.81404,42.40341],[-87.81225,42.40443],[-87.81105,42.40528],[-87.81083,42.4062],[-87.81106,42.40657],[-87.81084,42.40675],[-87.8109,42.40717],[-87.8111,42.40743],[-87.81122,42.40796],[-87.81125,42.4086],[-87.81107,42.40957],[-87.81091,42.40992],[-87.81127,42.4106],[-87.81117,42.41151],[-87.81091,42.41183],[-87.8106,42.41183],[-87.81024,42.41128],[-87.81021,42.4106],[-87.80969,42.40978],[-87.80977,42.40917],[-87.80965,42.40869],[-87.80935,42.4084],[-87.80909,42.4081],[-87.80876,42.40769],[-87.80861,42.40694],[-87.80838,42.4067],[-87.80757,42.40678],[-87.80701,42.40692],[-87.80617,42.40703],[-87.80518,42.40718],[-87.80406,42.40729],[-87.80311,42.40716],[-87.80319,42.4063],[-87.80311,42.40486],[-87.80337,42.40235],[-87.80377,42.39891],[-87.80432,42.39532],[-87.80463,42.39179],[-87.80453,42.39023],[-87.80463,42.38936],[-87.80488,42.38642],[-87.80502,42.38431],[-87.80503,42.38426],[-87.80541,42.38414],[-87.80565,42.38386],[-87.80567,42.38384],[-87.80609,42.38335],[-87.80617,42.38329],[-87.80618,42.38329],[-87.80619,42.38328],[-87.80768,42.3837],[-87.80887,42.38328],[-87.80982,42.38332],[-87.81052,42.38304],[-87.81211,42.38305],[-87.81267,42.38318],[-87.8131,42.38297],[-87.813,42.38261],[-87.81368,42.38233],[-87.8136,42.38205],[-87.81416,42.38172],[-87.8139,42.3816],[-87.81312,42.38151],[-87.8127,42.38151],[-87.81076,42.38113],[-87.81021,42.38234],[-87.8093,42.38289],[-87.80747,42.38288],[-87.80936,42.38061],[-87.80953,42.37993],[-87.80981,42.37936],[-87.80982,42.37862],[-87.80974,42.37822],[-87.80981,42.37787],[-87.8102,42.37759],[-87.81099,42.37676],[-87.81194,42.37594],[-87.81274,42.37495],[-87.81392,42.37343],[-87.81456,42.37263],[-87.81538,42.3709],[-87.8158,42.36988],[-87.81583,42.36906],[-87.81579,42.36835],[-87.81581,42.36744],[-87.81578,42.36687],[-87.81563,42.36516],[-87.81581,42.36461],[-87.81604,42.36436],[-87.81572,42.36427],[-87.81572,42.36426],[-87.81575,42.36427],[-87.81615,42.36364],[-87.81667,42.36288],[-87.8167,42.3628],[-87.8169,42.36248],[-87.81692,42.36208],[-87.81692,42.36206],[-87.81674,42.36149],[-87.81682,42.36147],[-87.81711,42.36141],[-87.81983,42.36134],[-87.81988,42.36134],[-87.82086,42.36165],[-87.82191,42.36255],[-87.82191,42.36303],[-87.82191,42.36304],[-87.82182,42.36364],[-87.82178,42.36389],[-87.82141,42.36458],[-87.82136,42.36462],[-87.82109,42.36568],[-87.82075,42.36693],[-87.82067,42.36724],[-87.82068,42.36727],[-87.82056,42.36777],[-87.82085,42.36784],[-87.82098,42.36774],[-87.82102,42.36779],[-87.82108,42.36811],[-87.82133,42.36835],[-87.82201,42.36849],[-87.82296,42.36856],[-87.82298,42.36825],[-87.82301,42.36821],[-87.82299,42.36818],[-87.82299,42.36816],[-87.82253,42.36779],[-87.82243,42.36771],[-87.82231,42.36761],[-87.82172,42.36711],[-87.82171,42.36706],[-87.82167,42.36664],[-87.82172,42.36631],[-87.82194,42.36586],[-87.82196,42.36585],[-87.8224,42.36604],[-87.82241,42.36603],[-87.82243,42.36604],[-87.82271,42.36578],[-87.82245,42.36562],[-87.82243,42.3656],[-87.82241,42.36552],[-87.82219,42.36473],[-87.82263,42.36432],[-87.82282,42.36418],[-87.82456,42.36512],[-87.82514,42.36547],[-87.82514,42.36543],[-87.82514,42.36542],[-87.82532,42.36535],[-87.82523,42.36513],[-87.8251,42.36506],[-87.8251,42.36498],[-87.82339,42.36401],[-87.82329,42.36386],[-87.82314,42.36351],[-87.8232,42.36349],[-87.82352,42.36341],[-87.82353,42.3627],[-87.82354,42.36263],[-87.82366,42.36189],[-87.82372,42.36187],[-87.82389,42.36179],[-87.82391,42.36175],[-87.824,42.36172],[-87.82398,42.36162],[-87.82405,42.36151],[-87.82391,42.36095],[-87.82395,42.36054],[-87.824,42.36008],[-87.82389,42.3598],[-87.82391,42.35978],[-87.82488,42.35944],[-87.82484,42.35713],[-87.82463,42.35708],[-87.82464,42.35692],[-87.82487,42.35663],[-87.82498,42.35663],[-87.82526,42.35663],[-87.82558,42.35628],[-87.82567,42.35595],[-87.82569,42.35589],[-87.82575,42.35567],[-87.82576,42.35563],[-87.82577,42.3555],[-87.82625,42.34954],[-87.82642,42.34895],[-87.82667,42.34795],[-87.82658,42.34719],[-87.8269,42.34669],[-87.82681,42.34602],[-87.82694,42.34514],[-87.8267,42.34391],[-87.82672,42.34369],[-87.82672,42.34313],[-87.82672,42.34313],[-87.82676,42.34116],[-87.82654,42.34029],[-87.82657,42.3401],[-87.82657,42.3401],[-87.82672,42.33929],[-87.82672,42.33913],[-87.82675,42.33899],[-87.82674,42.33839],[-87.82677,42.33831],[-87.82677,42.33831],[-87.82677,42.33831],[-87.82689,42.33801],[-87.82689,42.33791],[-87.82692,42.33781],[-87.82689,42.33771],[-87.82689,42.33763],[-87.82717,42.33741],[-87.82717,42.33741],[-87.82717,42.33741],[-87.82721,42.33738],[-87.82721,42.33738],[-87.82726,42.33734],[-87.82724,42.33715],[-87.82731,42.33655],[-87.82815,42.33544],[-87.82834,42.33503],[-87.82844,42.33447],[-87.82854,42.33425],[-87.82856,42.33422],[-87.82874,42.33402],[-87.82874,42.33402],[-87.82874,42.33402],[-87.82876,42.33399],[-87.82888,42.33386],[-87.82924,42.33348],[-87.82929,42.3334],[-87.82929,42.3334],[-87.82929,42.3334],[-87.82948,42.33319],[-87.82962,42.33281],[-87.82962,42.33281],[-87.82977,42.33254],[-87.82996,42.33235],[-87.82996,42.33235],[-87.82997,42.33235],[-87.83018,42.33217],[-87.83018,42.33208],[-87.83018,42.33208],[-87.83018,42.33161],[-87.83075,42.33124],[-87.83094,42.33096],[-87.83091,42.33076],[-87.83095,42.33072],[-87.831,42.33068],[-87.83135,42.33053],[-87.83136,42.33053],[-87.83141,42.33041],[-87.83145,42.33038],[-87.83144,42.33033],[-87.83145,42.33031],[-87.83147,42.33016],[-87.8315,42.32987],[-87.83168,42.32947],[-87.83163,42.32879],[-87.83182,42.32867],[-87.83182,42.32867],[-87.83185,42.32849],[-87.83185,42.32848],[-87.83186,42.32842],[-87.83187,42.32802],[-87.83178,42.32749],[-87.83179,42.32681],[-87.83181,42.32672],[-87.84618,42.32682],[-87.8656,42.32686],[-87.88518,42.32706],[-87.88499,42.34151],[-87.88485,42.35593],[-87.88485,42.35606],[-87.8849,42.35606],[-87.88492,42.37044],[-87.88486,42.3849],[-87.88457,42.39946],[-87.88436,42.41397],[-87.86471,42.41385],[-87.8646,42.41385]]]]},"properties":{"OBJECTID":153,"Join_Count":1,"TARGET_FID":153,"JOIN_FID":3133,"ASSET_NAME":"396","Feeder":"L6932","Feeder_N":"F2072","PV_HC_kW":9967.82,"EV_HC_kW":4360,"BESS_HC":4360,"ORIG_FID":3223,"Feeder_Q":0,"SS_N":"S0724","Queue_RD":"03/06/2026","Shape__Length_1":null,"Shape__Area":0.005969731876120932,"Shape__Length":0.4229409895456984}},{"type":"Feature","id":154,"geometry":{"type":"Polygon","coordinates":[[[-88.82802,41.80494],[-88.82806,41.79443],[-88.82806,41.79047],[-88.82806,41.79034],[-88.82806,41.7903],[-88.82817,41.77605],[-88.82817,41.77591],[-88.82822,41.76155],[-88.82822,41.76129],[-88.82826,41.75],[-88.82829,41.747],[-88.8283,41.7468],[-88.82841,41.73717],[-88.82845,41.73248],[-88.82846,41.73223],[-88.82861,41.7179],[-88.82862,41.71763],[-88.83875,41.71761],[-88.83916,41.71761],[-88.84786,41.71764],[-88.85829,41.71765],[-88.85859,41.71765],[-88.86725,41.71753],[-88.87503,41.71743],[-88.8774,41.71747],[-88.88645,41.71743],[-88.89697,41.71739],[-88.89713,41.71739],[-88.90604,41.71729],[-88.91575,41.71718],[-88.91647,41.71718],[-88.91682,41.71717],[-88.92545,41.71711],[-88.94022,41.71703],[-88.94026,41.71703],[-88.94167,41.71705],[-88.94167,41.71737],[-88.94166,41.71747],[-88.94157,41.7316],[-88.94157,41.73192],[-88.94152,41.74613],[-88.94151,41.74634],[-88.94136,41.75002],[-88.94128,41.76077],[-88.94129,41.76098],[-88.94125,41.77512],[-88.94125,41.77537],[-88.94125,41.77564],[-88.94118,41.78969],[-88.94118,41.78974],[-88.94115,41.79002],[-88.94115,41.79007],[-88.94115,41.80449],[-88.94079,41.80449],[-88.92559,41.80461],[-88.92534,41.80461],[-88.92505,41.80461],[-88.90623,41.80464],[-88.90602,41.80465],[-88.90564,41.80467],[-88.90558,41.80467],[-88.90073,41.80469],[-88.88694,41.80475],[-88.8863,41.80475],[-88.87931,41.80478],[-88.87494,41.80479],[-88.86758,41.80481],[-88.86747,41.80482],[-88.86689,41.80482],[-88.84748,41.80489],[-88.8474,41.80489],[-88.82807,41.80494],[-88.82802,41.80494]]]},"properties":{"OBJECTID":154,"Join_Count":1,"TARGET_FID":154,"JOIN_FID":2494,"ASSET_NAME":"343","Feeder":"H565","Feeder_N":"F3315","PV_HC_kW":125.34,"EV_HC_kW":90,"BESS_HC":90,"ORIG_FID":3226,"Feeder_Q":0,"SS_N":"S0278","Queue_RD":"03/06/2026","Shape__Length_1":null,"Shape__Area":0.009878913278726031,"Shape__Length":0.40093469827536726}},{"type":"Feature","id":155,"geometry":{"type":"Polygon","coordinates":[[[-89.05356,41.8765],[-89.05356,41.87631],[-89.05357,41.87605],[-89.05357,41.87597],[-89.05358,41.87503],[-89.05368,41.86163],[-89.05368,41.86148],[-89.05368,41.86142],[-89.05376,41.84717],[-89.05375,41.84709],[-89.05374,41.84701],[-89.05375,41.84691],[-89.05386,41.83261],[-89.05386,41.83243],[-89.05397,41.81802],[-89.05397,41.81796],[-89.05397,41.81782],[-89.05408,41.80336],[-89.0543,41.80336],[-89.07362,41.80323],[-89.07371,41.80323],[-89.09307,41.80311],[-89.09315,41.80311],[-89.11253,41.8029],[-89.12494,41.80283],[-89.13182,41.80275],[-89.1321,41.80275],[-89.14594,41.80263],[-89.15132,41.80259],[-89.1516,41.80258],[-89.16827,41.8024],[-89.16821,41.81593],[-89.16821,41.81714],[-89.16821,41.81718],[-89.16823,41.82649],[-89.16823,41.83051],[-89.16824,41.8317],[-89.16814,41.84582],[-89.16814,41.84614],[-89.16815,41.84619],[-89.16823,41.85858],[-89.16824,41.8604],[-89.16824,41.86045],[-89.16822,41.86069],[-89.16824,41.86075],[-89.16837,41.87484],[-89.16837,41.87488],[-89.16834,41.87496],[-89.16835,41.87518],[-89.16835,41.87529],[-89.16853,41.88936],[-89.1508,41.88952],[-89.13139,41.88977],[-89.13129,41.88977],[-89.12498,41.88983],[-89.11185,41.88998],[-89.09324,41.89018],[-89.09324,41.89018],[-89.0924,41.89019],[-89.0917,41.8902],[-89.0917,41.88999],[-89.09179,41.87609],[-89.09158,41.87609],[-89.06184,41.87632],[-89.05356,41.87638],[-89.05356,41.8765],[-89.05356,41.8765]]]},"properties":{"OBJECTID":155,"Join_Count":1,"TARGET_FID":155,"JOIN_FID":2911,"ASSET_NAME":"316","Feeder":"L10762","Feeder_N":"F1676","PV_HC_kW":0,"EV_HC_kW":7030,"BESS_HC":0,"ORIG_FID":3231,"Feeder_Q":0,"SS_N":"Networked*","Queue_RD":"03/06/2026","Shape__Length_1":null,"Shape__Area":0.009426436041849229,"Shape__Length":0.4036354440113003}},{"type":"Feature","id":156,"geometry":{"type":"Polygon","coordinates":[[[-87.83181,42.32672],[-87.83181,42.32672],[-87.83182,42.32669],[-87.83184,42.32666],[-87.83181,42.32662],[-87.83175,42.32655],[-87.83176,42.3265],[-87.83189,42.32637],[-87.83189,42.32632],[-87.83184,42.32574],[-87.83192,42.32515],[-87.83203,42.32503],[-87.83209,42.32441],[-87.83188,42.32433],[-87.83168,42.32312],[-87.83124,42.32238],[-87.83113,42.32169],[-87.8314,42.32138],[-87.83112,42.32066],[-87.83096,42.3201],[-87.83098,42.31972],[-87.83086,42.31952],[-87.83092,42.31917],[-87.83088,42.31905],[-87.83095,42.31897],[-87.83089,42.31875],[-87.83075,42.31869],[-87.83074,42.31867],[-87.83105,42.31851],[-87.83105,42.31851],[-87.83111,42.31848],[-87.83111,42.31848],[-87.83112,42.31847],[-87.8312,42.3183],[-87.83122,42.31825],[-87.83119,42.31813],[-87.83119,42.31813],[-87.83119,42.31811],[-87.83118,42.3181],[-87.83116,42.31801],[-87.83102,42.31798],[-87.83091,42.3179],[-87.83096,42.31788],[-87.83096,42.31788],[-87.83096,42.31787],[-87.83114,42.31766],[-87.83111,42.31759],[-87.83112,42.31758],[-87.8311,42.31756],[-87.83101,42.3173],[-87.83093,42.31719],[-87.83091,42.31717],[-87.83062,42.31711],[-87.83057,42.31707],[-87.83088,42.31698],[-87.83102,42.31701],[-87.83113,42.31695],[-87.83126,42.31651],[-87.83121,42.31589],[-87.83095,42.31488],[-87.83035,42.31361],[-87.82998,42.31296],[-87.82971,42.31258],[-87.82925,42.31188],[-87.82917,42.31175],[-87.82915,42.31154],[-87.8299,42.31179],[-87.8311,42.31148],[-87.83205,42.31064],[-87.83237,42.30956],[-87.8321,42.3092],[-87.83205,42.30888],[-87.83283,42.30894],[-87.83299,42.30849],[-87.83417,42.30868],[-87.83414,42.30901],[-87.83582,42.30929],[-87.83586,42.30915],[-87.83535,42.30901],[-87.83495,42.3089],[-87.83468,42.30851],[-87.83305,42.30824],[-87.83301,42.30792],[-87.83218,42.30771],[-87.83259,42.30705],[-87.8326,42.30662],[-87.83366,42.30551],[-87.83338,42.30517],[-87.83311,42.30474],[-87.83335,42.30473],[-87.8334,42.30458],[-87.83354,42.30458],[-87.83403,42.30367],[-87.83423,42.30319],[-87.83423,42.30319],[-87.83435,42.3029],[-87.83441,42.30233],[-87.83441,42.30188],[-87.83441,42.30188],[-87.8344,42.30135],[-87.83434,42.3005],[-87.83434,42.3005],[-87.83432,42.30024],[-87.83431,42.30024],[-87.83372,42.29842],[-87.8336,42.29807],[-87.83356,42.29807],[-87.83354,42.298],[-87.83342,42.29794],[-87.83324,42.29743],[-87.83324,42.29743],[-87.83322,42.29717],[-87.83329,42.29712],[-87.83335,42.29648],[-87.83335,42.29648],[-87.83337,42.29622],[-87.83337,42.29622],[-87.83349,42.29616],[-87.83349,42.29616],[-87.83363,42.29608],[-87.83363,42.29607],[-87.83364,42.29559],[-87.83364,42.29558],[-87.83364,42.29521],[-87.83379,42.29461],[-87.83379,42.2946],[-87.8338,42.29403],[-87.83341,42.29235],[-87.83341,42.29235],[-87.83341,42.29234],[-87.83294,42.29137],[-87.83257,42.29073],[-87.83248,42.29028],[-87.83242,42.28999],[-87.83242,42.28999],[-87.83258,42.28995],[-87.83258,42.28995],[-87.83251,42.28932],[-87.83251,42.28932],[-87.83254,42.28917],[-87.83246,42.28878],[-87.83247,42.28862],[-87.83247,42.28862],[-87.83248,42.28858],[-87.83236,42.28823],[-87.83227,42.28778],[-87.83234,42.28773],[-87.83226,42.28755],[-87.83203,42.28702],[-87.83198,42.28692],[-87.83198,42.28692],[-87.83198,42.28691],[-87.83198,42.28691],[-87.83202,42.28675],[-87.83201,42.28674],[-87.83205,42.28669],[-87.83186,42.2861],[-87.83188,42.28608],[-87.83164,42.28538],[-87.83157,42.28502],[-87.83157,42.28502],[-87.8315,42.28468],[-87.83141,42.28447],[-87.83141,42.28446],[-87.83124,42.28396],[-87.8313,42.28388],[-87.83096,42.28314],[-87.83096,42.28314],[-87.83096,42.28313],[-87.83091,42.28299],[-87.8299,42.28078],[-87.82979,42.28051],[-87.82979,42.28051],[-87.82945,42.27952],[-87.82902,42.27829],[-87.82866,42.27761],[-87.82854,42.27727],[-87.829,42.27718],[-87.829,42.27658],[-87.829,42.27658],[-87.829,42.27613],[-87.82896,42.2758],[-87.82888,42.27496],[-87.82891,42.27451],[-87.82891,42.27451],[-87.82893,42.27408],[-87.82887,42.27392],[-87.82887,42.27372],[-87.82836,42.27224],[-87.82832,42.27207],[-87.82832,42.27207],[-87.82832,42.27204],[-87.82851,42.27204],[-87.82848,42.27194],[-87.82852,42.27194],[-87.8283,42.27143],[-87.82818,42.27109],[-87.82839,42.271],[-87.82839,42.27091],[-87.82841,42.2709],[-87.82835,42.26979],[-87.82786,42.26848],[-87.82767,42.26824],[-87.82762,42.26813],[-87.82747,42.26791],[-87.82747,42.2679],[-87.82693,42.26708],[-87.82676,42.26705],[-87.82676,42.26705],[-87.82676,42.26705],[-87.82653,42.26631],[-87.82692,42.2662],[-87.82672,42.26536],[-87.82625,42.26477],[-87.82605,42.26425],[-87.82605,42.26425],[-87.8256,42.26308],[-87.82516,42.26234],[-87.82471,42.2613],[-87.82471,42.2613],[-87.82463,42.26119],[-87.82463,42.26118],[-87.82386,42.26002],[-87.82346,42.25926],[-87.82346,42.25926],[-87.82337,42.25914],[-87.82336,42.25914],[-87.82238,42.25798],[-87.82163,42.25633],[-87.82163,42.25633],[-87.82057,42.25401],[-87.82057,42.25401],[-87.82023,42.25325],[-87.82017,42.2533],[-87.81994,42.25349],[-87.81983,42.25334],[-87.81986,42.25317],[-87.81983,42.25308],[-87.81986,42.25292],[-87.82002,42.2528],[-87.81879,42.2501],[-87.81824,42.24888],[-87.8181,42.24888],[-87.81726,42.24659],[-87.81685,42.24526],[-87.81693,42.24523],[-87.81678,42.24505],[-87.81642,42.2439],[-87.81624,42.24331],[-87.81628,42.2433],[-87.81622,42.24281],[-87.81598,42.24249],[-87.81598,42.24249],[-87.81584,42.24206],[-87.81587,42.24205],[-87.81508,42.23971],[-87.81504,42.23962],[-87.81497,42.2394],[-87.82761,42.23957],[-87.82761,42.23954],[-87.828,42.23954],[-87.84722,42.23981],[-87.84746,42.23981],[-87.86669,42.23981],[-87.86681,42.23981],[-87.88625,42.23985],[-87.88593,42.25439],[-87.88571,42.2689],[-87.88561,42.2834],[-87.8854,42.298],[-87.88522,42.31232],[-87.88522,42.31251],[-87.88518,42.32706],[-87.8656,42.32686],[-87.84618,42.32682],[-87.83181,42.32672]]]},"properties":{"OBJECTID":156,"Join_Count":1,"TARGET_FID":156,"JOIN_FID":3133,"ASSET_NAME":"406","Feeder":"L6932","Feeder_N":"F2072","PV_HC_kW":9967.82,"EV_HC_kW":4360,"BESS_HC":4360,"ORIG_FID":3267,"Feeder_Q":0,"SS_N":"S0724","Queue_RD":"03/06/2026","Shape__Length_1":null,"Shape__Area":0.005016050892209023,"Shape__Length":0.32068171236063314}},{"type":"Feature","id":157,"geometry":{"type":"Polygon","coordinates":[[[-89.8599,42.1091],[-89.85957,42.09558],[-89.85957,42.09503],[-89.85958,42.08097],[-89.85957,42.08042],[-89.85955,42.0658],[-89.8596,42.0658],[-89.8596,42.06541],[-89.85955,42.05767],[-89.85988,42.05815],[-89.86496,42.06551],[-89.86495,42.07045],[-89.86493,42.09133],[-89.87028,42.09134],[-89.89359,42.09136],[-89.8939,42.10868],[-89.90795,42.10874],[-89.90794,42.10916],[-89.89987,42.10915],[-89.88014,42.1091],[-89.8599,42.1091]]]},"properties":{"OBJECTID":157,"Join_Count":0,"TARGET_FID":157,"JOIN_FID":-1,"ASSET_NAME":"214","Feeder":null,"Feeder_N":null,"PV_HC_kW":null,"EV_HC_kW":null,"BESS_HC":0,"ORIG_FID":3270,"Feeder_Q":null,"SS_N":null,"Queue_RD":null,"Shape__Length_1":null,"Shape__Area":0.0007707218637733604,"Shape__Length":0.195320342253187}},{"type":"Feature","id":158,"geometry":{"type":"Polygon","coordinates":[[[-88.58908,41.28246],[-88.58931,41.28245],[-88.60802,41.28235],[-88.60817,41.28235],[-88.60821,41.28235],[-88.60831,41.28235],[-88.6249,41.28211],[-88.62733,41.28207],[-88.62753,41.28207],[-88.62757,41.28207],[-88.6423,41.2819],[-88.6423,41.28192],[-88.64346,41.31136],[-88.6437,41.3176],[-88.6423,41.31757],[-88.64231,41.31797],[-88.64247,41.32155],[-88.64148,41.32155],[-88.63956,41.32389],[-88.6388,41.32482],[-88.6396,41.32482],[-88.64399,41.32481],[-88.64571,41.36863],[-88.64572,41.36894],[-88.63216,41.36906],[-88.63203,41.36906],[-88.62495,41.36916],[-88.61293,41.36927],[-88.61288,41.36927],[-88.59354,41.36961],[-88.59351,41.36961],[-88.59277,41.35538],[-88.59275,41.35509],[-88.59274,41.35486],[-88.59198,41.34046],[-88.59196,41.34025],[-88.59116,41.32595],[-88.59115,41.32589],[-88.59113,41.32568],[-88.59032,41.31143],[-88.58968,41.29712],[-88.58967,41.29706],[-88.58966,41.29682],[-88.58909,41.28265],[-88.58908,41.28255],[-88.58908,41.28246]]]},"properties":{"OBJECTID":158,"Join_Count":1,"TARGET_FID":158,"JOIN_FID":2755,"ASSET_NAME":"509","Feeder":"J656","Feeder_N":"F1398","PV_HC_kW":0,"EV_HC_kW":300,"BESS_HC":0,"ORIG_FID":3271,"Feeder_Q":0,"SS_N":"S0731","Queue_RD":"03/06/2026","Shape__Length_1":null,"Shape__Area":0.004579847716740915,"Shape__Length":0.28838922132078787}},{"type":"Feature","id":159,"geometry":{"type":"Polygon","coordinates":[[[-88.82211,42.24063],[-88.84109,42.24047],[-88.84161,42.24047],[-88.86053,42.24036],[-88.86118,42.24035],[-88.86137,42.24035],[-88.87501,42.24022],[-88.88026,42.24015],[-88.88084,42.24015],[-88.89977,42.23999],[-88.90054,42.23999],[-88.90953,42.2399],[-88.91932,42.2398],[-88.91993,42.2398],[-88.92012,42.2398],[-88.92026,42.23979],[-88.94013,42.23938],[-88.94073,42.23937],[-88.94074,42.23968],[-88.94083,42.25003],[-88.94083,42.25403],[-88.94083,42.25439],[-88.94083,42.26853],[-88.94083,42.26856],[-88.94083,42.26871],[-88.94083,42.26895],[-88.94078,42.28308],[-88.94078,42.28318],[-88.94078,42.28332],[-88.94078,42.28341],[-88.94062,42.29753],[-88.94062,42.29765],[-88.94061,42.29793],[-88.94061,42.29797],[-88.94041,42.31216],[-88.94041,42.31241],[-88.94041,42.31258],[-88.94041,42.31261],[-88.94028,42.31877],[-88.94012,42.32662],[-88.94012,42.32665],[-88.92015,42.32679],[-88.91997,42.32679],[-88.91967,42.3268],[-88.91941,42.3268],[-88.90028,42.32703],[-88.89977,42.32704],[-88.88076,42.32726],[-88.8807,42.32727],[-88.88038,42.32727],[-88.88012,42.32727],[-88.875,42.32732],[-88.86161,42.32742],[-88.86135,42.32742],[-88.86112,42.32743],[-88.86082,42.32743],[-88.84173,42.3277],[-88.84157,42.32772],[-88.84148,42.3277],[-88.84142,42.3277],[-88.82203,42.32787],[-88.82199,42.32787],[-88.82194,42.31344],[-88.82195,42.31318],[-88.82194,42.31313],[-88.82193,42.29872],[-88.82193,42.29864],[-88.82193,42.2986],[-88.82193,42.2985],[-88.82198,42.28644],[-88.82198,42.28426],[-88.82198,42.28423],[-88.82198,42.28417],[-88.82198,42.28411],[-88.82199,42.26975],[-88.82199,42.2697],[-88.82199,42.26964],[-88.82204,42.25522],[-88.82204,42.25518],[-88.82206,42.25],[-88.82211,42.24063]]]},"properties":{"OBJECTID":159,"Join_Count":1,"TARGET_FID":159,"JOIN_FID":2947,"ASSET_NAME":"337","Feeder":"L12263","Feeder_N":"F1748","PV_HC_kW":3922.62,"EV_HC_kW":2250,"BESS_HC":2250,"ORIG_FID":3290,"Feeder_Q":0,"SS_N":"S0654","Queue_RD":"03/06/2026","Shape__Length_1":null,"Shape__Area":0.01033787152300647,"Shape__Length":0.41129987824957015}},{"type":"Feature","id":160,"geometry":{"type":"Polygon","coordinates":[[[-88.24457,40.91138],[-88.32371,40.90993],[-88.32985,40.90982],[-88.32973,40.90622],[-88.32952,40.89889],[-88.3293,40.89157],[-88.32908,40.88434],[-88.32886,40.87711],[-88.32871,40.86978],[-88.32856,40.86246],[-88.32829,40.8551],[-88.32809,40.84775],[-88.32777,40.84775],[-88.32777,40.84775],[-88.33715,40.84772],[-88.33767,40.84771],[-88.35533,40.8476],[-88.35564,40.86216],[-88.35574,40.87676],[-88.35612,40.89134],[-88.35669,40.90582],[-88.35703,40.92048],[-88.35745,40.93492],[-88.34083,40.93509],[-88.34031,40.93509],[-88.32175,40.93542],[-88.3213,40.93543],[-88.30244,40.93565],[-88.28309,40.93579],[-88.26398,40.93607],[-88.2453,40.93636],[-88.24471,40.92175],[-88.24457,40.91138]]]},"properties":{"OBJECTID":160,"Join_Count":0,"TARGET_FID":160,"JOIN_FID":-1,"ASSET_NAME":"682","Feeder":null,"Feeder_N":null,"PV_HC_kW":null,"EV_HC_kW":null,"BESS_HC":0,"ORIG_FID":3295,"Feeder_Q":null,"SS_N":null,"Queue_RD":null,"Shape__Length_1":null,"Shape__Area":0.004507002565787843,"Shape__Length":0.399771727142109}},{"type":"Feature","id":161,"geometry":{"type":"Polygon","coordinates":[[[-88.60187,42.06644],[-88.60184,42.0664],[-88.60172,42.05442],[-88.60171,42.05438],[-88.60156,42.03982],[-88.60155,42.03975],[-88.60155,42.03972],[-88.60155,42.03936],[-88.60148,42.0252],[-88.60148,42.02509],[-88.60148,42.0249],[-88.60137,42.01065],[-88.60137,42.01053],[-88.60137,42.01049],[-88.60134,42.0061],[-88.6013,41.99998],[-88.60131,41.99612],[-88.60131,41.99607],[-88.60131,41.99601],[-88.60129,41.99343],[-88.60115,41.98147],[-88.60114,41.98132],[-88.62032,41.9812],[-88.62054,41.9812],[-88.6209,41.9812],[-88.62501,41.98116],[-88.63963,41.98105],[-88.63993,41.98106],[-88.64008,41.98106],[-88.65945,41.98085],[-88.65972,41.98084],[-88.6598,41.98084],[-88.67909,41.98063],[-88.67914,41.98063],[-88.67959,41.98063],[-88.69837,41.98041],[-88.6986,41.98041],[-88.69887,41.98041],[-88.71419,41.98005],[-88.71459,41.98004],[-88.7146,41.98023],[-88.71458,41.99461],[-88.71458,41.99477],[-88.71458,41.99502],[-88.71455,42.00001],[-88.71461,42.00927],[-88.71484,42.02388],[-88.71484,42.02394],[-88.71513,42.03833],[-88.71513,42.03845],[-88.71541,42.05298],[-88.71542,42.05308],[-88.7155,42.06639],[-88.7155,42.06643],[-88.70787,42.06645],[-88.7049,42.06644],[-88.70171,42.06643],[-88.70003,42.06643],[-88.68572,42.06644],[-88.68529,42.06644],[-88.68032,42.06644],[-88.66672,42.06645],[-88.66612,42.06645],[-88.66603,42.06645],[-88.66205,42.06647],[-88.66057,42.06647],[-88.65897,42.06647],[-88.64638,42.06648],[-88.64352,42.06648],[-88.64088,42.06646],[-88.63748,42.06643],[-88.62717,42.06647],[-88.62669,42.06647],[-88.62497,42.06648],[-88.62159,42.06648],[-88.608,42.06682],[-88.60723,42.06677],[-88.60187,42.06644]]]},"properties":{"OBJECTID":161,"Join_Count":1,"TARGET_FID":161,"JOIN_FID":649,"ASSET_NAME":"366","Feeder":"B7570","Feeder_N":"F5432","PV_HC_kW":633.62,"EV_HC_kW":3200,"BESS_HC":633.62,"ORIG_FID":3303,"Feeder_Q":0,"SS_N":"S0559","Queue_RD":"03/06/2026","Shape__Length_1":null,"Shape__Area":0.009718974005181735,"Shape__Length":0.398640724948667}},{"type":"Feature","id":162,"geometry":{"type":"Polygon","coordinates":[[[-87.886,41.0029],[-87.89266,41.00273],[-87.8926,40.99732],[-87.89327,40.99729],[-87.89336,41.00295],[-87.90581,41.00245],[-87.90584,41.0028],[-87.90585,41.0029],[-87.90578,41.00296],[-87.90575,41.0048],[-87.90612,41.00481],[-87.90743,41.00506],[-87.90846,41.00528],[-87.90832,41.00563],[-87.90803,41.00649],[-87.90783,41.00702],[-87.91174,41.00693],[-87.91231,41.00553],[-87.91253,41.00521],[-87.91659,41.00507],[-87.91658,41.00428],[-87.91545,41.00428],[-87.91543,41.00262],[-87.91543,41.0026],[-87.91543,41.0026],[-87.92411,41.00239],[-87.92411,41.00239],[-87.92509,41.00237],[-87.92727,41.00231],[-87.92727,41.00231],[-87.93477,41.00212],[-87.9376,41.00204],[-87.9375,40.99928],[-87.9389,40.99925],[-87.939,41.002],[-87.93931,41.002],[-87.94004,41.00198],[-87.94445,41.00186],[-87.95002,41.00159],[-87.94985,40.99795],[-87.95006,40.99793],[-87.95131,40.99788],[-87.95161,41.00152],[-87.95417,41.00139],[-87.95636,41.00129],[-87.95634,41.00103],[-87.95746,41.00099],[-87.95741,41.00015],[-87.95627,41.0002],[-87.95618,40.99887],[-87.95858,40.99878],[-87.95866,41.00118],[-87.95949,41.00114],[-87.96114,41.00106],[-87.96121,41.00027],[-87.96198,41.00027],[-87.96204,40.99891],[-87.9637,40.99887],[-87.96376,41.00001],[-87.96297,41.00003],[-87.96299,41.00097],[-87.96388,41.00092],[-87.97345,41.00072],[-87.98262,41.00053],[-87.98262,41.00035],[-87.98862,41.00024],[-87.98833,40.99682],[-87.98984,40.9968],[-87.99009,41.0004],[-87.99068,41.0004],[-87.99075,41.00035],[-87.99075,41.00039],[-87.99076,41.00041],[-87.99734,41.00033],[-87.99734,40.99838],[-87.99985,40.99837],[-87.99986,41.00003],[-88.00199,41.00003],[-88.00199,41.00026],[-88.00217,41.01461],[-88.00222,41.02935],[-87.98371,41.03002],[-87.98335,41.03004],[-87.96423,41.03064],[-87.94487,41.0312],[-87.94443,41.03121],[-87.92541,41.03172],[-87.90599,41.0323],[-87.88657,41.03251],[-87.88619,41.01789],[-87.886,41.00346],[-87.886,41.0029]]]},"properties":{"OBJECTID":162,"Join_Count":1,"TARGET_FID":162,"JOIN_FID":2846,"ASSET_NAME":"656","Feeder":"K5781","Feeder_N":"F1576","PV_HC_kW":0,"EV_HC_kW":90,"BESS_HC":0,"ORIG_FID":3306,"Feeder_Q":5100,"SS_N":"S0677","Queue_RD":"03/06/2026","Shape__Length_1":null,"Shape__Area":0.003419715211748553,"Shape__Length":0.34896551337199844}},{"type":"Feature","id":163,"geometry":{"type":"Polygon","coordinates":[[[-88.35745,40.93492],[-88.37647,40.93475],[-88.39541,40.93458],[-88.39574,40.93458],[-88.41499,40.93441],[-88.43403,40.93428],[-88.45292,40.93413],[-88.45341,40.93413],[-88.47152,40.9339],[-88.47142,40.94809],[-88.47102,40.96292],[-88.47081,40.97744],[-88.47052,40.99202],[-88.47019,41.00632],[-88.47011,41.02087],[-88.45586,41.02086],[-88.45558,41.02086],[-88.43677,41.02106],[-88.41751,41.02127],[-88.39853,41.02158],[-88.39819,41.02159],[-88.37938,41.02171],[-88.35969,41.02222],[-88.35941,41.00771],[-88.35895,40.99344],[-88.35871,40.97839],[-88.35833,40.96386],[-88.35764,40.94942],[-88.35745,40.93492]]]},"properties":{"OBJECTID":163,"Join_Count":1,"TARGET_FID":163,"JOIN_FID":3551,"ASSET_NAME":"651","Feeder":"S433","Feeder_N":"F1577","PV_HC_kW":0,"EV_HC_kW":1260,"BESS_HC":0,"ORIG_FID":3307,"Feeder_Q":31.68,"SS_N":"S0731","Queue_RD":"03/06/2026","Shape__Length_1":null,"Shape__Area":0.009754263414379238,"Shape__Length":0.3988338634187738}},{"type":"Feature","id":164,"geometry":{"type":"Polygon","coordinates":[[[-89.05516,41.97897],[-89.05533,41.97897],[-89.0556,41.97897],[-89.05606,42.00301],[-89.08001,42.00283],[-89.09414,42.0027],[-89.09379,41.97755],[-89.12927,41.97712],[-89.12931,41.98053],[-89.13767,41.98046],[-89.13761,41.97687],[-89.15208,41.97671],[-89.15241,41.9767],[-89.15253,41.9767],[-89.15268,41.9767],[-89.17044,41.9764],[-89.17045,41.97643],[-89.17082,41.99057],[-89.17081,41.99095],[-89.17084,41.99107],[-89.17107,42.00002],[-89.17125,42.00515],[-89.17123,42.00554],[-89.17127,42.00577],[-89.17132,42.00788],[-89.17158,42.02009],[-89.17159,42.02075],[-89.17179,42.03049],[-89.17181,42.03131],[-89.1719,42.0346],[-89.1719,42.03474],[-89.17194,42.03605],[-89.17212,42.04506],[-89.17216,42.04703],[-89.17221,42.04917],[-89.17222,42.04941],[-89.17244,42.05844],[-89.17246,42.05946],[-89.17248,42.06318],[-89.1533,42.06338],[-89.15318,42.06338],[-89.15303,42.06338],[-89.15287,42.06338],[-89.13412,42.06336],[-89.13408,42.06336],[-89.13379,42.06336],[-89.13342,42.06336],[-89.12493,42.06339],[-89.115,42.06344],[-89.11424,42.06345],[-89.09496,42.06355],[-89.09488,42.06355],[-89.07591,42.06375],[-89.07548,42.06376],[-89.07537,42.06376],[-89.05633,42.06396],[-89.0563,42.05055],[-89.0563,42.05048],[-89.0563,42.05037],[-89.0563,42.05015],[-89.05603,42.03601],[-89.05602,42.0359],[-89.05602,42.03586],[-89.05598,42.03575],[-89.05585,42.02167],[-89.05584,42.02125],[-89.05568,42.0085],[-89.05566,42.0073],[-89.05566,42.00665],[-89.05563,42.00002],[-89.05543,41.99249],[-89.05542,41.99236],[-89.05542,41.9922],[-89.05516,41.97897]]]},"properties":{"OBJECTID":164,"Join_Count":1,"TARGET_FID":164,"JOIN_FID":588,"ASSET_NAME":"314","Feeder":"B265","Feeder_N":"F5312","PV_HC_kW":0,"EV_HC_kW":180,"BESS_HC":0,"ORIG_FID":3308,"Feeder_Q":0,"SS_N":"S0686","Queue_RD":"03/06/2026","Shape__Length_1":null,"Shape__Area":0.008994217218969425,"Shape__Length":0.45936912325209023}},{"type":"Feature","id":165,"geometry":{"type":"Polygon","coordinates":[[[-88.03386,41.81583],[-88.05312,41.81561],[-88.07228,41.8152],[-88.07247,41.8152],[-88.09162,41.81482],[-88.11105,41.81472],[-88.11381,41.81466],[-88.11372,41.81482],[-88.11522,41.81537],[-88.11567,41.81463],[-88.11641,41.81461],[-88.11806,41.8152],[-88.11758,41.81859],[-88.1222,41.8202],[-88.12187,41.82194],[-88.12485,41.82185],[-88.12546,41.81708],[-88.13081,41.81709],[-88.13082,41.81431],[-88.13948,41.81369],[-88.13988,41.81367],[-88.13988,41.81366],[-88.14658,41.81318],[-88.14649,41.82789],[-88.14629,41.84277],[-88.14629,41.84299],[-88.14615,41.85734],[-88.14604,41.87165],[-88.14603,41.87192],[-88.14591,41.88625],[-88.14591,41.88643],[-88.14571,41.90074],[-88.13124,41.90129],[-88.13031,41.90133],[-88.1115,41.90197],[-88.11049,41.90201],[-88.09171,41.90251],[-88.09106,41.90251],[-88.07203,41.90315],[-88.07203,41.9032],[-88.07163,41.90321],[-88.05279,41.90377],[-88.05186,41.90386],[-88.03225,41.90435],[-88.03241,41.88946],[-88.03241,41.88937],[-88.03273,41.87423],[-88.03307,41.8596],[-88.03336,41.84513],[-88.03336,41.84508],[-88.03368,41.83044],[-88.03386,41.81583]]]},"properties":{"OBJECTID":165,"Join_Count":1,"TARGET_FID":165,"JOIN_FID":2938,"ASSET_NAME":"454","Feeder":"L12068","Feeder_N":"F1730","PV_HC_kW":7220.91,"EV_HC_kW":3470,"BESS_HC":3470,"ORIG_FID":3316,"Feeder_Q":0,"SS_N":"S0652","Queue_RD":"03/06/2026","Shape__Length_1":null,"Shape__Area":0.009861027038823522,"Shape__Length":0.41660957181397673}},{"type":"Feature","id":166,"geometry":{"type":"Polygon","coordinates":[[[-89.04773,41.01327],[-89.06689,41.01366],[-89.0865,41.01384],[-89.10582,41.01435],[-89.12472,41.01469],[-89.14385,41.01515],[-89.14434,41.01516],[-89.16173,41.0155],[-89.16171,41.02978],[-89.16174,41.03033],[-89.16196,41.03692],[-89.1619,41.03692],[-89.1619,41.03696],[-89.16176,41.03696],[-89.15289,41.03679],[-89.15307,41.04397],[-89.15302,41.05137],[-89.15297,41.05877],[-89.15278,41.06606],[-89.15259,41.07336],[-89.15267,41.08081],[-89.15575,41.08085],[-89.15575,41.08085],[-89.15575,41.08085],[-89.15575,41.08085],[-89.15575,41.08085],[-89.15575,41.08085],[-89.16183,41.08092],[-89.16183,41.08115],[-89.16186,41.08115],[-89.16198,41.08833],[-89.15758,41.0883],[-89.15762,41.09375],[-89.1577,41.10408],[-89.1577,41.10408],[-89.1577,41.10409],[-89.1577,41.10416],[-89.1577,41.10416],[-89.14353,41.10432],[-89.14275,41.10441],[-89.12438,41.1045],[-89.12367,41.1045],[-89.10984,41.10442],[-89.10518,41.10438],[-89.10474,41.10438],[-89.0861,41.10444],[-89.0854,41.10445],[-89.06672,41.10459],[-89.06579,41.10461],[-89.048,41.10474],[-89.04786,41.08638],[-89.04771,41.07171],[-89.04756,41.05698],[-89.04748,41.04254],[-89.04736,41.02794],[-89.04773,41.01327]]]},"properties":{"OBJECTID":166,"Join_Count":1,"TARGET_FID":166,"JOIN_FID":3529,"ASSET_NAME":"615","Feeder":"S206","Feeder_N":"F1755","PV_HC_kW":149.28,"EV_HC_kW":1120,"BESS_HC":149.28,"ORIG_FID":3417,"Feeder_Q":0,"SS_N":"S0689","Queue_RD":"03/06/2026","Shape__Length_1":null,"Shape__Area":0.009828693597000893,"Shape__Length":0.42663695608137836}},{"type":"Feature","id":167,"geometry":{"type":"Polygon","coordinates":[[[-87.55555,41.47003],[-87.55542,41.45748],[-87.55527,41.44302],[-87.55526,41.44287],[-87.55509,41.42849],[-87.55492,41.41388],[-87.55462,41.39936],[-87.55454,41.38471],[-87.57356,41.38448],[-87.59266,41.38437],[-87.59308,41.38436],[-87.61208,41.38409],[-87.61268,41.38408],[-87.63114,41.38403],[-87.63177,41.38402],[-87.6508,41.38386],[-87.65143,41.38386],[-87.67052,41.38378],[-87.67033,41.39844],[-87.67068,41.41282],[-87.67039,41.42741],[-87.67084,41.44207],[-87.67074,41.45641],[-87.67107,41.46957],[-87.65444,41.46964],[-87.65187,41.46962],[-87.63512,41.46967],[-87.63252,41.46967],[-87.616,41.46974],[-87.61342,41.46974],[-87.59649,41.46985],[-87.59414,41.46983],[-87.58902,41.46986],[-87.57711,41.46991],[-87.57484,41.46992],[-87.55771,41.47003],[-87.55581,41.47003],[-87.55555,41.47003]]]},"properties":{"OBJECTID":167,"Join_Count":1,"TARGET_FID":167,"JOIN_FID":2968,"ASSET_NAME":"508","Feeder":"L12735","Feeder_N":"F2108","PV_HC_kW":2785.8,"EV_HC_kW":1600,"BESS_HC":1600,"ORIG_FID":3431,"Feeder_Q":9950,"SS_N":"S0659","Queue_RD":"03/06/2026","Shape__Length_1":null,"Shape__Area":0.00989342177808794,"Shape__Length":0.4026435874584243}},{"type":"Feature","id":168,"geometry":{"type":"Polygon","coordinates":[[[-89.17351,42.32433],[-89.17343,42.32061],[-89.17361,42.32061],[-89.17351,42.30982],[-89.17352,42.30794],[-89.17354,42.30631],[-89.17345,42.30149],[-89.17336,42.2953],[-89.17332,42.2953],[-89.17325,42.29158],[-89.17334,42.29158],[-89.1835,42.2916],[-89.18472,42.2916],[-89.20335,42.29125],[-89.20454,42.29123],[-89.22303,42.2909],[-89.22346,42.2909],[-89.24249,42.29065],[-89.24285,42.29065],[-89.26119,42.28981],[-89.26155,42.28981],[-89.26189,42.28981],[-89.28106,42.28963],[-89.2812,42.28963],[-89.2812,42.28996],[-89.28124,42.2981],[-89.28126,42.30411],[-89.28126,42.30436],[-89.28136,42.31838],[-89.28137,42.31856],[-89.28135,42.31868],[-89.28137,42.31892],[-89.28142,42.33285],[-89.28142,42.33294],[-89.28142,42.33311],[-89.28142,42.33355],[-89.28142,42.3339],[-89.28143,42.33608],[-89.28145,42.34729],[-89.28145,42.34744],[-89.28145,42.34763],[-89.28146,42.35159],[-89.28148,42.36163],[-89.28148,42.36207],[-89.28151,42.375],[-89.28155,42.37602],[-89.28149,42.37602],[-89.27291,42.3762],[-89.2626,42.37643],[-89.26246,42.37643],[-89.26236,42.37643],[-89.24267,42.37671],[-89.24237,42.37672],[-89.22343,42.37703],[-89.22308,42.37704],[-89.20403,42.37765],[-89.20403,42.37769],[-89.20345,42.3777],[-89.20345,42.37766],[-89.18489,42.37793],[-89.18417,42.37797],[-89.18417,42.37794],[-89.174,42.37827],[-89.1741,42.36787],[-89.17403,42.36787],[-89.17404,42.36549],[-89.17405,42.36417],[-89.1739,42.35963],[-89.17376,42.35335],[-89.17371,42.35335],[-89.17359,42.34976],[-89.17375,42.34976],[-89.17372,42.33876],[-89.17376,42.33529],[-89.17368,42.33202],[-89.17351,42.32433]]]},"properties":{"OBJECTID":168,"Join_Count":1,"TARGET_FID":168,"JOIN_FID":3405,"ASSET_NAME":"297","Feeder":"R6283","Feeder_N":"F2638","PV_HC_kW":0,"EV_HC_kW":200,"BESS_HC":0,"ORIG_FID":3434,"Feeder_Q":4990,"SS_N":"S0679","Queue_RD":"03/06/2026","Shape__Length_1":null,"Shape__Area":0.009299056954660045,"Shape__Length":0.3892530435260521}},{"type":"Feature","id":169,"geometry":{"type":"Polygon","coordinates":[[[-88.93289,41.26899],[-88.93286,41.26543],[-88.93285,41.26538],[-88.93272,41.2508],[-88.9332,41.23647],[-88.93275,41.22146],[-88.93266,41.20741],[-88.93242,41.19267],[-88.95151,41.19269],[-88.9713,41.1927],[-88.99014,41.1926],[-89.0096,41.19264],[-89.01002,41.19265],[-89.02893,41.19246],[-89.02944,41.19246],[-89.04858,41.19245],[-89.04855,41.20715],[-89.04864,41.22172],[-89.04902,41.23624],[-89.0485,41.25081],[-89.04868,41.26562],[-89.04864,41.26874],[-89.03741,41.26873],[-89.03793,41.27192],[-89.03308,41.2747],[-89.03188,41.27214],[-89.03558,41.26987],[-89.03534,41.26873],[-89.03382,41.26873],[-89.01997,41.26871],[-89.01424,41.26871],[-89.01114,41.27242],[-89.01221,41.27247],[-89.0122,41.27324],[-89.01081,41.27325],[-89.01081,41.27561],[-89.0108,41.27989],[-89.01041,41.27988],[-89.00987,41.27988],[-89.00734,41.27989],[-89.00733,41.27918],[-89.00982,41.27917],[-89.00975,41.27561],[-89.00972,41.27408],[-89.00826,41.27407],[-89.00822,41.27323],[-89.00872,41.27323],[-89.01217,41.2687],[-89.0007,41.26869],[-88.9716,41.26866],[-88.97131,41.26866],[-88.96722,41.26986],[-88.96731,41.27387],[-88.96574,41.27387],[-88.96435,41.27388],[-88.96433,41.27274],[-88.96631,41.27272],[-88.96634,41.27013],[-88.96616,41.27023],[-88.96599,41.2697],[-88.96627,41.2696],[-88.96625,41.2687],[-88.9619,41.26874],[-88.93314,41.26899],[-88.93289,41.26899]]]},"properties":{"OBJECTID":169,"Join_Count":1,"TARGET_FID":169,"JOIN_FID":3113,"ASSET_NAME":"556","Feeder":"L6162","Feeder_N":"F2036","PV_HC_kW":2846.96,"EV_HC_kW":1470,"BESS_HC":1470,"ORIG_FID":3439,"Feeder_Q":0,"SS_N":"S0719","Queue_RD":"03/06/2026","Shape__Length_1":null,"Shape__Area":0.00886965412405516,"Shape__Length":0.4463895989464903}},{"type":"Feature","id":170,"geometry":{"type":"Polygon","coordinates":[[[-89.15984,40.86578],[-89.17811,40.86556],[-89.18422,40.86549],[-89.18462,40.90417],[-89.18915,40.90407],[-89.18922,40.91146],[-89.18921,40.91897],[-89.18927,40.92636],[-89.17965,40.92658],[-89.16034,40.92698],[-89.16051,40.91224],[-89.1605,40.91172],[-89.16006,40.89777],[-89.16042,40.89776],[-89.16042,40.89719],[-89.16006,40.89719],[-89.16001,40.88312],[-89.15999,40.88277],[-89.15981,40.86827],[-89.15981,40.86781],[-89.15984,40.86578]]]},"properties":{"OBJECTID":170,"Join_Count":0,"TARGET_FID":170,"JOIN_FID":-1,"ASSET_NAME":"674","Feeder":null,"Feeder_N":null,"PV_HC_kW":null,"EV_HC_kW":null,"BESS_HC":0,"ORIG_FID":3443,"Feeder_Q":null,"SS_N":null,"Queue_RD":null,"Shape__Length_1":null,"Shape__Area":0.0015895239248493453,"Shape__Length":0.1807261925652726}},{"type":"Feature","id":171,"geometry":{"type":"Polygon","coordinates":[[[-87.77134,42.06512],[-87.7658,42.06504],[-87.75207,42.06484],[-87.74674,42.06477],[-87.73229,42.06456],[-87.72729,42.06449],[-87.71229,42.06428],[-87.70808,42.06425],[-87.69381,42.06415],[-87.68942,42.06409],[-87.68959,42.05566],[-87.68978,42.0411],[-87.6901,42.0266],[-87.69027,42.01212],[-87.69019,42.00875],[-87.68958,41.99773],[-87.70895,41.99739],[-87.70932,41.99738],[-87.71456,41.9973],[-87.72843,41.99727],[-87.74783,41.99725],[-87.74819,41.99725],[-87.76804,41.99709],[-87.78724,41.99717],[-87.80667,41.99696],[-87.80663,42.01168],[-87.80639,42.02625],[-87.80617,42.04078],[-87.80607,42.05516],[-87.80583,42.06554],[-87.79101,42.06538],[-87.78516,42.06531],[-87.77134,42.06512]]]},"properties":{"OBJECTID":171,"Join_Count":1,"TARGET_FID":171,"JOIN_FID":2972,"ASSET_NAME":"437","Feeder":"L12972","Feeder_N":"F1788","PV_HC_kW":19840.82,"EV_HC_kW":13720,"BESS_HC":13720,"ORIG_FID":3640,"Feeder_Q":3840,"SS_N":"S0660","Queue_RD":"03/06/2026","Shape__Length_1":null,"Shape__Area":0.007865264609108635,"Shape__Length":0.3684975381428112}},{"type":"Feature","id":172,"geometry":{"type":"Polygon","coordinates":[[[-88.47011,41.02087],[-88.48953,41.02062],[-88.50883,41.02041],[-88.52785,41.0202],[-88.547,41.01982],[-88.54745,41.01981],[-88.56612,41.01975],[-88.5666,41.01973],[-88.58538,41.0194],[-88.58553,41.03399],[-88.58536,41.04858],[-88.58509,41.06303],[-88.58464,41.07755],[-88.58485,41.09221],[-88.58417,41.10814],[-88.57846,41.10814],[-88.56554,41.10815],[-88.54672,41.10826],[-88.52762,41.10828],[-88.50849,41.1082],[-88.48959,41.10878],[-88.47032,41.10902],[-88.47023,41.0936],[-88.47011,41.07906],[-88.47032,41.06455],[-88.47006,41.04995],[-88.47006,41.04967],[-88.47018,41.03526],[-88.47011,41.02087]]]},"properties":{"OBJECTID":172,"Join_Count":1,"TARGET_FID":172,"JOIN_FID":3538,"ASSET_NAME":"620","Feeder":"S265","Feeder_N":"F2131","PV_HC_kW":119.58,"EV_HC_kW":700,"BESS_HC":119.58,"ORIG_FID":3688,"Feeder_Q":24.36,"SS_N":"S0364","Queue_RD":"03/06/2026","Shape__Length_1":null,"Shape__Area":0.010131523816653498,"Shape__Length":0.40607173077527015}},{"type":"Feature","id":173,"geometry":{"type":"Polygon","coordinates":[[[-87.90958,41.55673],[-87.9287,41.55629],[-87.948,41.55588],[-87.96739,41.55547],[-87.98663,41.55509],[-88.00589,41.55456],[-88.02493,41.55413],[-88.0254,41.56875],[-88.0257,41.58318],[-88.02629,41.59787],[-88.0267,41.61245],[-88.02727,41.62674],[-88.02772,41.64132],[-88.00903,41.64164],[-87.98943,41.64222],[-87.96992,41.64267],[-87.95064,41.64299],[-87.9314,41.64347],[-87.91209,41.64381],[-87.91143,41.62931],[-87.91119,41.61488],[-87.91074,41.60028],[-87.91046,41.58577],[-87.90995,41.57129],[-87.90958,41.55673]]]},"properties":{"OBJECTID":173,"Join_Count":1,"TARGET_FID":173,"JOIN_FID":3040,"ASSET_NAME":"485","Feeder":"L1865","Feeder_N":"F1884","PV_HC_kW":13768.34,"EV_HC_kW":2940,"BESS_HC":2940,"ORIG_FID":3723,"Feeder_Q":1500,"SS_N":"S0524","Queue_RD":"03/06/2026","Shape__Length_1":null,"Shape__Area":0.010072202774153993,"Shape__Length":0.40539530865805806}},{"type":"Feature","id":174,"geometry":{"type":"Polygon","coordinates":[[[-88.60135,41.89393],[-88.60143,41.89393],[-88.62065,41.89366],[-88.6209,41.89365],[-88.62501,41.8936],[-88.64005,41.89344],[-88.6402,41.89344],[-88.65942,41.89328],[-88.65961,41.89328],[-88.65982,41.89327],[-88.67909,41.89302],[-88.67926,41.89302],[-88.67938,41.89302],[-88.69844,41.89286],[-88.69861,41.89286],[-88.69874,41.89286],[-88.71461,41.89278],[-88.71461,41.89314],[-88.71464,41.90736],[-88.71465,41.90769],[-88.71464,41.91871],[-88.71464,41.92186],[-88.71464,41.92207],[-88.71464,41.92211],[-88.71464,41.92225],[-88.71463,41.92612],[-88.71459,41.93634],[-88.71459,41.93658],[-88.71459,41.93672],[-88.71463,41.94601],[-88.71464,41.9509],[-88.71464,41.95094],[-88.71464,41.95117],[-88.71461,41.95885],[-88.71462,41.96544],[-88.71458,41.96558],[-88.71458,41.96582],[-88.71458,41.96812],[-88.71459,41.98004],[-88.71419,41.98005],[-88.69887,41.98041],[-88.6986,41.98041],[-88.69837,41.98041],[-88.67959,41.98063],[-88.67914,41.98063],[-88.67909,41.98063],[-88.6598,41.98084],[-88.65972,41.98084],[-88.65945,41.98085],[-88.64008,41.98106],[-88.63993,41.98106],[-88.63963,41.98105],[-88.62501,41.98116],[-88.6209,41.9812],[-88.62054,41.9812],[-88.62032,41.9812],[-88.60114,41.98132],[-88.60133,41.96719],[-88.60133,41.9671],[-88.60133,41.96698],[-88.60133,41.96674],[-88.60126,41.95234],[-88.60126,41.95227],[-88.60126,41.9521],[-88.60133,41.93773],[-88.60133,41.93769],[-88.60133,41.93758],[-88.60134,41.93755],[-88.6013,41.9232],[-88.60129,41.92313],[-88.60129,41.923],[-88.60125,41.90868],[-88.60125,41.90849],[-88.60125,41.90838],[-88.60135,41.89393]]]},"properties":{"OBJECTID":174,"Join_Count":1,"TARGET_FID":174,"JOIN_FID":649,"ASSET_NAME":"367","Feeder":"B7570","Feeder_N":"F5432","PV_HC_kW":633.62,"EV_HC_kW":3200,"BESS_HC":633.62,"ORIG_FID":3727,"Feeder_Q":0,"SS_N":"S0559","Queue_RD":"03/06/2026","Shape__Length_1":null,"Shape__Area":0.00992083585083492,"Shape__Length":0.40137541843258456}},{"type":"Feature","id":175,"geometry":{"type":"Polygon","coordinates":[[[-88.35445,42.15383],[-88.35439,42.1398],[-88.35441,42.13959],[-88.3544,42.12506],[-88.35458,42.11078],[-88.35458,42.11059],[-88.35448,42.09618],[-88.35448,42.09611],[-88.35468,42.08158],[-88.35509,42.06708],[-88.36082,42.06706],[-88.3746,42.06701],[-88.37664,42.067],[-88.39383,42.06688],[-88.39603,42.06687],[-88.41347,42.06681],[-88.41573,42.0668],[-88.43278,42.06686],[-88.43533,42.06687],[-88.45233,42.06685],[-88.45442,42.06684],[-88.47149,42.06677],[-88.4716,42.08125],[-88.47186,42.09565],[-88.47189,42.11008],[-88.47201,42.12449],[-88.4719,42.13891],[-88.4719,42.139],[-88.47187,42.15344],[-88.45162,42.15375],[-88.43232,42.15377],[-88.41292,42.1538],[-88.39353,42.15382],[-88.39323,42.15381],[-88.393,42.15381],[-88.37374,42.15389],[-88.35445,42.15383]]]},"properties":{"OBJECTID":175,"Join_Count":1,"TARGET_FID":175,"JOIN_FID":4172,"ASSET_NAME":"421","Feeder":"W7208","Feeder_N":"F5529","PV_HC_kW":390.23,"EV_HC_kW":2240,"BESS_HC":390.23,"ORIG_FID":3754,"Feeder_Q":0,"SS_N":"S0623","Queue_RD":"03/06/2026","Shape__Length_1":null,"Shape__Area":0.010188898229216647,"Shape__Length":0.4072555088856493}},{"type":"Feature","id":176,"geometry":{"type":"Polygon","coordinates":[[[-88.47169,41.19629],[-88.49123,41.19616],[-88.51052,41.19562],[-88.52916,41.19537],[-88.54831,41.19533],[-88.54891,41.19533],[-88.56738,41.19513],[-88.56846,41.19511],[-88.5866,41.19515],[-88.58708,41.20991],[-88.58713,41.22429],[-88.58753,41.2389],[-88.58818,41.25002],[-88.58804,41.25343],[-88.58805,41.25351],[-88.58806,41.25381],[-88.58845,41.26791],[-88.58845,41.26799],[-88.58845,41.26804],[-88.58908,41.28246],[-88.57214,41.28252],[-88.57204,41.28252],[-88.55319,41.2826],[-88.55287,41.2826],[-88.55272,41.2826],[-88.53397,41.28274],[-88.53388,41.28274],[-88.53363,41.28274],[-88.53346,41.28274],[-88.51464,41.28286],[-88.51445,41.28286],[-88.49524,41.28313],[-88.47595,41.28341],[-88.47527,41.26885],[-88.47463,41.25427],[-88.4741,41.24005],[-88.47343,41.22531],[-88.47269,41.21088],[-88.47169,41.19629]]]},"properties":{"OBJECTID":176,"Join_Count":1,"TARGET_FID":176,"JOIN_FID":2773,"ASSET_NAME":"560","Feeder":"J765","Feeder_N":"F1434","PV_HC_kW":0,"EV_HC_kW":100,"BESS_HC":0,"ORIG_FID":3758,"Feeder_Q":0,"SS_N":"S0731","Queue_RD":"03/06/2026","Shape__Length_1":null,"Shape__Area":0.009925012643407172,"Shape__Length":0.40264957211621905}},{"type":"Feature","id":177,"geometry":{"type":"Polygon","coordinates":[[[-90.20755,41.75804],[-90.20756,41.7579],[-90.20788,41.75001],[-90.20795,41.74422],[-90.20795,41.74414],[-90.20796,41.74353],[-90.20812,41.73001],[-90.20812,41.72962],[-90.20812,41.72935],[-90.20813,41.72905],[-90.20825,41.71517],[-90.20825,41.71495],[-90.20826,41.71467],[-90.20843,41.70047],[-90.20843,41.70044],[-90.20843,41.70029],[-90.20844,41.70021],[-90.20859,41.68599],[-90.20859,41.68581],[-90.2086,41.6857],[-90.20874,41.67158],[-90.20919,41.67157],[-90.21471,41.67146],[-90.21744,41.67183],[-90.21834,41.67196],[-90.22578,41.67402],[-90.22808,41.67466],[-90.22808,41.67492],[-90.22808,41.67499],[-90.22802,41.67856],[-90.22797,41.68271],[-90.22776,41.68283],[-90.2269,41.68335],[-90.22689,41.68335],[-90.22687,41.68346],[-90.22659,41.68469],[-90.22639,41.6856],[-90.22636,41.68569],[-90.22635,41.68576],[-90.2261,41.68686],[-90.22612,41.68688],[-90.22652,41.68728],[-90.22742,41.6882],[-90.2274,41.6884],[-90.22739,41.68853],[-90.22731,41.68885],[-90.22685,41.69079],[-90.22671,41.69139],[-90.22676,41.69254],[-90.22694,41.69262],[-90.22744,41.69291],[-90.2278,41.69309],[-90.22785,41.69312],[-90.2288,41.69294],[-90.2299,41.69267],[-90.23013,41.69251],[-90.23068,41.69204],[-90.23098,41.6918],[-90.23105,41.69195],[-90.23114,41.69214],[-90.23111,41.69262],[-90.2309,41.69291],[-90.23074,41.69331],[-90.22819,41.69335],[-90.22992,41.69449],[-90.22975,41.69527],[-90.22992,41.69578],[-90.2307,41.69651],[-90.23136,41.69684],[-90.23234,41.697],[-90.23327,41.69672],[-90.23329,41.69672],[-90.23665,41.69895],[-90.23709,41.69924],[-90.23711,41.69926],[-90.23718,41.69947],[-90.23731,41.69952],[-90.23762,41.69971],[-90.2378,41.69978],[-90.23798,41.69986],[-90.23834,41.70007],[-90.23843,41.70012],[-90.23984,41.70012],[-90.23996,41.70019],[-90.24002,41.7002],[-90.24017,41.70026],[-90.24051,41.70041],[-90.24075,41.70048],[-90.24127,41.70075],[-90.24162,41.70088],[-90.24224,41.70106],[-90.24238,41.70112],[-90.24242,41.70114],[-90.24332,41.70139],[-90.24357,41.70145],[-90.24398,41.70171],[-90.24431,41.70192],[-90.24478,41.70221],[-90.24479,41.70222],[-90.24499,41.70229],[-90.24522,41.70258],[-90.2453,41.70285],[-90.24567,41.70406],[-90.24569,41.70413],[-90.24564,41.70413],[-90.24314,41.70427],[-90.24023,41.70444],[-90.24068,41.70598],[-90.24025,41.70633],[-90.23988,41.70664],[-90.23988,41.70664],[-90.23988,41.70664],[-90.24015,41.70733],[-90.24047,41.70813],[-90.24046,41.70989],[-90.23874,41.7108],[-90.23817,41.71107],[-90.23831,41.71161],[-90.23826,41.71165],[-90.23825,41.71165],[-90.23826,41.71167],[-90.23843,41.71203],[-90.23846,41.71218],[-90.23882,41.71301],[-90.23907,41.71345],[-90.23917,41.71366],[-90.23921,41.71375],[-90.23925,41.71385],[-90.23871,41.71458],[-90.23847,41.71458],[-90.23666,41.71458],[-90.23443,41.71458],[-90.23211,41.71971],[-90.23169,41.72184],[-90.23102,41.72542],[-90.23436,41.72826],[-90.23644,41.72908],[-90.23566,41.73178],[-90.23443,41.73618],[-90.23664,41.7408],[-90.23945,41.74239],[-90.24189,41.74068],[-90.24222,41.74045],[-90.24222,41.74045],[-90.24309,41.74042],[-90.24326,41.74041],[-90.24419,41.74038],[-90.24427,41.74248],[-90.24423,41.74253],[-90.24413,41.74266],[-90.24332,41.74363],[-90.24327,41.74369],[-90.24322,41.74375],[-90.24284,41.74422],[-90.24402,41.74538],[-90.24402,41.74538],[-90.24593,41.74541],[-90.24667,41.7454],[-90.24666,41.74557],[-90.24664,41.7464],[-90.24653,41.75],[-90.24648,41.75082],[-90.24628,41.75394],[-90.2462,41.75525],[-90.24595,41.75554],[-90.24587,41.75564],[-90.24567,41.75589],[-90.24532,41.75642],[-90.24416,41.75801],[-90.2439,41.75801],[-90.23533,41.75801],[-90.22735,41.75802],[-90.22717,41.75802],[-90.22711,41.75801],[-90.22704,41.75801],[-90.20812,41.75804],[-90.20755,41.75804]]]},"properties":{"OBJECTID":177,"Join_Count":0,"TARGET_FID":177,"JOIN_FID":-1,"ASSET_NAME":"161","Feeder":null,"Feeder_N":null,"PV_HC_kW":null,"EV_HC_kW":null,"BESS_HC":0,"ORIG_FID":3762,"Feeder_Q":null,"SS_N":null,"Queue_RD":null,"Shape__Length_1":null,"Shape__Area":0.0023514597587563912,"Shape__Length":0.2767680112661762}},{"type":"Feature","id":178,"geometry":{"type":"Polygon","coordinates":[[[-88.58894,42.24056],[-88.58881,42.22603],[-88.58881,42.22586],[-88.58881,42.22573],[-88.58877,42.21157],[-88.58876,42.21149],[-88.58877,42.21126],[-88.58875,42.19706],[-88.58875,42.19699],[-88.58874,42.19684],[-88.58869,42.18259],[-88.58869,42.18252],[-88.58869,42.18241],[-88.58861,42.1682],[-88.58861,42.16816],[-88.58861,42.16811],[-88.58861,42.16808],[-88.58849,42.15362],[-88.60052,42.15356],[-88.60276,42.15355],[-88.60767,42.15352],[-88.60775,42.15352],[-88.60783,42.15352],[-88.60793,42.15352],[-88.62493,42.15335],[-88.6273,42.15336],[-88.62742,42.15336],[-88.62747,42.15339],[-88.62768,42.15336],[-88.64674,42.15347],[-88.64687,42.15347],[-88.66624,42.1534],[-88.66631,42.15339],[-88.66647,42.15339],[-88.68582,42.15346],[-88.68587,42.15346],[-88.68595,42.15346],[-88.70549,42.15351],[-88.70549,42.15388],[-88.70551,42.16796],[-88.70551,42.168],[-88.70551,42.16812],[-88.70551,42.16834],[-88.70547,42.17761],[-88.70544,42.18247],[-88.70544,42.18251],[-88.70544,42.18268],[-88.70545,42.18272],[-88.70543,42.19108],[-88.70542,42.19488],[-88.70542,42.19705],[-88.70542,42.19714],[-88.70542,42.19728],[-88.70534,42.21036],[-88.70529,42.21154],[-88.70532,42.21159],[-88.70532,42.21167],[-88.70532,42.2118],[-88.70529,42.2262],[-88.70529,42.22629],[-88.70532,42.23003],[-88.70537,42.24078],[-88.70538,42.24093],[-88.70532,42.24093],[-88.70505,42.24093],[-88.68949,42.24081],[-88.68635,42.24078],[-88.68613,42.24078],[-88.68593,42.24078],[-88.68568,42.24078],[-88.68192,42.24078],[-88.66692,42.24079],[-88.66679,42.24079],[-88.66674,42.24079],[-88.66657,42.24079],[-88.64735,42.24072],[-88.64729,42.24072],[-88.64706,42.24072],[-88.62794,42.24068],[-88.62788,42.24068],[-88.62773,42.24068],[-88.62495,42.24067],[-88.61139,42.24066],[-88.60842,42.24065],[-88.60822,42.24065],[-88.58894,42.24056]]]},"properties":{"OBJECTID":178,"Join_Count":1,"TARGET_FID":178,"JOIN_FID":583,"ASSET_NAME":"364","Feeder":"B2301","Feeder_N":"F5302","PV_HC_kW":0,"EV_HC_kW":420,"BESS_HC":0,"ORIG_FID":3763,"Feeder_Q":5000,"SS_N":"S0655","Queue_RD":"03/06/2026","Shape__Length_1":null,"Shape__Area":0.010182590128124502,"Shape__Length":0.4078160138436774}},{"type":"Feature","id":179,"geometry":{"type":"Polygon","coordinates":[[[-88.58607,40.93274],[-88.60537,40.93229],[-88.62411,40.93195],[-88.64313,40.93179],[-88.64359,40.93179],[-88.66248,40.93157],[-88.66292,40.93157],[-88.68176,40.93142],[-88.68211,40.93142],[-88.70081,40.93132],[-88.70122,40.94607],[-88.70096,40.96066],[-88.70067,40.97502],[-88.70067,40.97524],[-88.70062,40.98979],[-88.7005,41.00433],[-88.70021,41.01902],[-88.68237,41.01905],[-88.68132,41.01907],[-88.66282,41.01895],[-88.66218,41.01894],[-88.64367,41.01895],[-88.64313,41.01894],[-88.62441,41.01905],[-88.62389,41.01905],[-88.60471,41.01917],[-88.58538,41.0194],[-88.58575,41.00481],[-88.58593,40.99054],[-88.58575,40.97638],[-88.58575,40.97602],[-88.5858,40.9618],[-88.5861,40.9467],[-88.58607,40.93274]]]},"properties":{"OBJECTID":179,"Join_Count":1,"TARGET_FID":179,"JOIN_FID":3538,"ASSET_NAME":"649","Feeder":"S265","Feeder_N":"F2131","PV_HC_kW":119.58,"EV_HC_kW":700,"BESS_HC":119.58,"ORIG_FID":3774,"Feeder_Q":24.36,"SS_N":"S0364","Queue_RD":"03/06/2026","Shape__Length_1":null,"Shape__Area":0.010021694414490412,"Shape__Length":0.4039705918313573}},{"type":"Feature","id":180,"geometry":{"type":"Polygon","coordinates":[[[-89.28398,41.75825],[-89.28505,41.75825],[-89.30344,41.75826],[-89.30344,41.7583],[-89.30373,41.75831],[-89.30373,41.75826],[-89.30481,41.75825],[-89.32314,41.75816],[-89.32398,41.75815],[-89.34235,41.75813],[-89.34333,41.75814],[-89.36179,41.75828],[-89.38063,41.75815],[-89.39926,41.75825],[-89.39933,41.77279],[-89.3997,41.78718],[-89.3997,41.8016],[-89.3997,41.8019],[-89.39997,41.81591],[-89.3998,41.83043],[-89.39999,41.8449],[-89.38045,41.84479],[-89.36107,41.84492],[-89.36095,41.84493],[-89.35862,41.84494],[-89.34159,41.8451],[-89.3415,41.8451],[-89.32204,41.84496],[-89.30289,41.845],[-89.28312,41.84515],[-89.28317,41.8308],[-89.28336,41.81602],[-89.28368,41.8018],[-89.28373,41.78715],[-89.28371,41.77266],[-89.28398,41.75825]]]},"properties":{"OBJECTID":180,"Join_Count":1,"TARGET_FID":180,"JOIN_FID":2506,"ASSET_NAME":"289","Feeder":"H675","Feeder_N":"F3031","PV_HC_kW":16.01,"EV_HC_kW":730,"BESS_HC":16.01,"ORIG_FID":3780,"Feeder_Q":0,"SS_N":"S0285","Queue_RD":"03/06/2026","Shape__Length_1":null,"Shape__Area":0.010077692604454569,"Shape__Length":0.4058077696141999}},{"type":"Feature","id":181,"geometry":{"type":"Polygon","coordinates":[[[-89.39223,42.02788],[-89.39409,42.02785],[-89.40435,42.02787],[-89.41248,42.02789],[-89.41357,42.02789],[-89.41357,42.02784],[-89.43166,42.02772],[-89.43272,42.02772],[-89.45164,42.02764],[-89.4523,42.02763],[-89.4711,42.02734],[-89.47173,42.02726],[-89.49046,42.02704],[-89.49109,42.02703],[-89.50911,42.02722],[-89.50912,42.0271],[-89.50965,42.0271],[-89.50965,42.02723],[-89.50925,42.04177],[-89.50951,42.0561],[-89.50968,42.07066],[-89.50999,42.08487],[-89.51034,42.09931],[-89.51057,42.11391],[-89.49124,42.11445],[-89.49088,42.11445],[-89.47153,42.11475],[-89.47115,42.11475],[-89.45174,42.11476],[-89.43208,42.115],[-89.4128,42.11539],[-89.39382,42.11574],[-89.39386,42.10112],[-89.39312,42.08648],[-89.39312,42.07168],[-89.39297,42.05702],[-89.39272,42.04256],[-89.39223,42.02788]]]},"properties":{"OBJECTID":181,"Join_Count":1,"TARGET_FID":181,"JOIN_FID":595,"ASSET_NAME":"272","Feeder":"B303","Feeder_N":"F5326","PV_HC_kW":0,"EV_HC_kW":1720,"BESS_HC":0,"ORIG_FID":3783,"Feeder_Q":0,"SS_N":"S0656","Queue_RD":"03/06/2026","Shape__Length_1":null,"Shape__Area":0.010192005262979364,"Shape__Length":0.4090873736133704}},{"type":"Feature","id":182,"geometry":{"type":"Polygon","coordinates":[[[-88.58821,42.06641],[-88.5972,42.06643],[-88.60187,42.06644],[-88.60723,42.06677],[-88.608,42.06682],[-88.62159,42.06648],[-88.62497,42.06648],[-88.62669,42.06647],[-88.62717,42.06647],[-88.63748,42.06643],[-88.64088,42.06646],[-88.64352,42.06648],[-88.64638,42.06648],[-88.65897,42.06647],[-88.66057,42.06647],[-88.66205,42.06647],[-88.66603,42.06645],[-88.66612,42.06645],[-88.66672,42.06645],[-88.68032,42.06644],[-88.68529,42.06644],[-88.68572,42.06644],[-88.70003,42.06643],[-88.70171,42.06643],[-88.7049,42.06644],[-88.70521,42.08079],[-88.70522,42.0809],[-88.70522,42.08102],[-88.70531,42.09537],[-88.70531,42.09545],[-88.70531,42.09557],[-88.70544,42.10982],[-88.70544,42.10994],[-88.70544,42.11015],[-88.70557,42.12452],[-88.70557,42.12462],[-88.70557,42.12501],[-88.70551,42.13908],[-88.70551,42.13915],[-88.70549,42.15351],[-88.68595,42.15346],[-88.68587,42.15346],[-88.68582,42.15346],[-88.66647,42.15339],[-88.66631,42.15339],[-88.66624,42.1534],[-88.64687,42.15347],[-88.64674,42.15347],[-88.62768,42.15336],[-88.62747,42.15339],[-88.62742,42.15336],[-88.6273,42.15336],[-88.62493,42.15335],[-88.60793,42.15352],[-88.60783,42.15352],[-88.60775,42.15352],[-88.60767,42.15352],[-88.60276,42.15355],[-88.60052,42.15356],[-88.58849,42.15362],[-88.58843,42.139],[-88.58843,42.1389],[-88.58842,42.13887],[-88.58829,42.13361],[-88.58807,42.12468],[-88.58807,42.12456],[-88.58807,42.12442],[-88.58806,42.1228],[-88.58812,42.11532],[-88.58816,42.10998],[-88.58818,42.09569],[-88.58817,42.09547],[-88.58814,42.08105],[-88.58814,42.081],[-88.58814,42.08097],[-88.5882,42.06653],[-88.58821,42.06641]]]},"properties":{"OBJECTID":182,"Join_Count":1,"TARGET_FID":182,"JOIN_FID":552,"ASSET_NAME":"365","Feeder":"B171","Feeder_N":"F5240","PV_HC_kW":260.11,"EV_HC_kW":90,"BESS_HC":90,"ORIG_FID":3794,"Feeder_Q":0,"SS_N":"S0655","Queue_RD":"03/06/2026","Shape__Length_1":null,"Shape__Area":0.01018951666992507,"Shape__Length":0.40801318697768935}},{"type":"Feature","id":183,"geometry":{"type":"Polygon","coordinates":[[[-88.94022,41.71703],[-88.94002,41.70105],[-88.94002,41.70091],[-88.94002,41.70071],[-88.93973,41.6864],[-88.93972,41.68619],[-88.93972,41.68616],[-88.93963,41.68118],[-88.93945,41.67171],[-88.93945,41.67165],[-88.93942,41.66889],[-88.93924,41.65741],[-88.93924,41.65736],[-88.93924,41.65728],[-88.93924,41.65721],[-88.93915,41.65288],[-88.93905,41.64788],[-88.93895,41.64294],[-88.93895,41.64287],[-88.93895,41.64278],[-88.93894,41.64269],[-88.93879,41.63001],[-88.93878,41.6295],[-88.93877,41.62843],[-88.93877,41.62833],[-88.93882,41.62833],[-88.9575,41.62811],[-88.95792,41.6281],[-88.95802,41.6281],[-88.97699,41.62778],[-88.97729,41.62777],[-88.97736,41.62777],[-88.97749,41.62777],[-88.98527,41.62767],[-88.99242,41.62757],[-88.99629,41.62753],[-88.99664,41.62754],[-88.9967,41.62754],[-88.9968,41.62754],[-88.99707,41.62753],[-88.99998,41.62745],[-89.01576,41.62719],[-89.01592,41.62718],[-89.01613,41.62718],[-89.01621,41.62718],[-89.01625,41.62718],[-89.03483,41.62696],[-89.03539,41.62695],[-89.03549,41.62695],[-89.05173,41.62669],[-89.0519,41.62669],[-89.05194,41.62669],[-89.05203,41.64113],[-89.05202,41.64118],[-89.05203,41.6412],[-89.05206,41.65566],[-89.05206,41.6557],[-89.05216,41.66993],[-89.05217,41.67021],[-89.05244,41.68422],[-89.05244,41.68452],[-89.05245,41.68477],[-89.05277,41.69882],[-89.05277,41.69902],[-89.05277,41.69916],[-89.05315,41.71604],[-89.05313,41.71615],[-89.03841,41.71627],[-89.0376,41.71628],[-89.01906,41.71648],[-89.01836,41.71647],[-89.0181,41.71647],[-89.009,41.71652],[-89.00778,41.71653],[-89.00005,41.71658],[-88.99965,41.71658],[-88.99872,41.71659],[-88.99858,41.71659],[-88.98028,41.71676],[-88.97928,41.71677],[-88.97922,41.71677],[-88.96098,41.71694],[-88.95972,41.71695],[-88.95947,41.71695],[-88.94167,41.71705],[-88.94026,41.71703],[-88.94022,41.71703]]]},"properties":{"OBJECTID":183,"Join_Count":1,"TARGET_FID":183,"JOIN_FID":2497,"ASSET_NAME":"331","Feeder":"H595","Feeder_N":"F3317","PV_HC_kW":0,"EV_HC_kW":70,"BESS_HC":0,"ORIG_FID":3798,"Feeder_Q":0,"SS_N":"S0668","Queue_RD":"03/06/2026","Shape__Length_1":null,"Shape__Area":0.010058018184736284,"Shape__Length":0.4042936312295612}},{"type":"Feature","id":184,"geometry":{"type":"MultiPolygon","coordinates":[[[[-88.12956,40.96851],[-88.12956,40.96672],[-88.13077,40.96672],[-88.13099,40.96672],[-88.13063,40.95386],[-88.13039,40.95386],[-88.12848,40.95388],[-88.12848,40.95356],[-88.13038,40.95354],[-88.13082,40.95354],[-88.13083,40.95373],[-88.13129,40.9684],[-88.13129,40.96851],[-88.13082,40.96851],[-88.12956,40.96851]]],[[[-88.01677,41.01438],[-88.0164,40.99974],[-88.01644,40.99974],[-88.02532,40.99982],[-88.02533,40.99968],[-88.02537,40.99828],[-88.02596,40.99829],[-88.0259,40.99961],[-88.03492,40.99945],[-88.04279,40.99931],[-88.04488,40.99927],[-88.04487,40.99806],[-88.04572,40.99807],[-88.04574,40.99951],[-88.04574,40.99955],[-88.04562,40.99969],[-88.0557,40.99944],[-88.06532,40.99901],[-88.06588,40.99898],[-88.06588,40.99878],[-88.07664,40.99834],[-88.10724,40.99812],[-88.10724,40.99828],[-88.114,40.99824],[-88.11551,40.99821],[-88.11551,40.99821],[-88.11551,40.99821],[-88.12292,40.99805],[-88.12336,40.99804],[-88.12963,40.99788],[-88.12963,40.99788],[-88.1296,40.9965],[-88.13159,40.99647],[-88.13162,40.99773],[-88.13169,40.99773],[-88.13184,40.99773],[-88.13184,40.99768],[-88.13184,40.99763],[-88.13166,40.99064],[-88.13166,40.99064],[-88.13166,40.9905],[-88.1316,40.98844],[-88.1316,40.98844],[-88.13147,40.98314],[-88.13184,40.99786],[-88.13273,40.99781],[-88.13249,41.01221],[-88.13297,41.02704],[-88.11438,41.02747],[-88.09462,41.02776],[-88.07572,41.0281],[-88.0751,41.02812],[-88.05595,41.02842],[-88.03665,41.0286],[-88.01685,41.02901],[-88.01677,41.01438]]]]},"properties":{"OBJECTID":184,"Join_Count":1,"TARGET_FID":184,"JOIN_FID":2831,"ASSET_NAME":"654","Feeder":"K365","Feeder_N":"F1546","PV_HC_kW":0,"EV_HC_kW":1360,"BESS_HC":0,"ORIG_FID":3801,"Feeder_Q":5494,"SS_N":"S0725","Queue_RD":"03/06/2026","Shape__Length_1":null,"Shape__Area":0.0034110762112504744,"Shape__Length":0.3667882319078935}},{"type":"Feature","id":185,"geometry":{"type":"Polygon","coordinates":[[[-87.55347,41.29776],[-87.56902,41.29764],[-87.57274,41.29766],[-87.58807,41.2975],[-87.59215,41.29743],[-87.60732,41.2973],[-87.61134,41.29728],[-87.62632,41.29707],[-87.63067,41.29708],[-87.64558,41.29696],[-87.64986,41.29691],[-87.65768,41.29681],[-87.66449,41.29673],[-87.66892,41.29671],[-87.6694,41.31104],[-87.66923,41.32567],[-87.66966,41.34028],[-87.66952,41.3548],[-87.67018,41.36948],[-87.67052,41.38378],[-87.65143,41.38386],[-87.6508,41.38386],[-87.63177,41.38402],[-87.63114,41.38403],[-87.61268,41.38408],[-87.61208,41.38409],[-87.59308,41.38436],[-87.59266,41.38437],[-87.57356,41.38448],[-87.55454,41.38471],[-87.55425,41.37056],[-87.55414,41.35598],[-87.55402,41.3413],[-87.55391,41.32678],[-87.55376,41.31223],[-87.55347,41.29776]]]},"properties":{"OBJECTID":185,"Join_Count":1,"TARGET_FID":185,"JOIN_FID":2065,"ASSET_NAME":"538","Feeder":"F165","Feeder_N":"F2921","PV_HC_kW":0,"EV_HC_kW":330,"BESS_HC":0,"ORIG_FID":3803,"Feeder_Q":0,"SS_N":"S0728","Queue_RD":"03/06/2026","Shape__Length_1":null,"Shape__Area":0.01004935898754411,"Shape__Length":0.4054911820627339}},{"type":"Feature","id":186,"geometry":{"type":"Polygon","coordinates":[[[-88.03047,42.06665],[-88.03056,42.0655],[-88.03055,42.06529],[-88.03033,42.05071],[-88.03089,42.03621],[-88.0309,42.03611],[-88.03102,42.02149],[-88.0314,42.00717],[-88.03119,41.99248],[-88.0509,41.99181],[-88.07031,41.99132],[-88.09,41.99057],[-88.09069,41.99054],[-88.1096,41.98972],[-88.11024,41.9897],[-88.12897,41.98877],[-88.12981,41.98874],[-88.14485,41.98819],[-88.1449,42.00264],[-88.14459,42.01715],[-88.14459,42.0173],[-88.14441,42.03185],[-88.14443,42.04639],[-88.14445,42.06078],[-88.14445,42.06089],[-88.1444,42.06694],[-88.14106,42.06694],[-88.12922,42.06701],[-88.12161,42.06706],[-88.10886,42.06708],[-88.10212,42.06704],[-88.08921,42.06696],[-88.08272,42.06695],[-88.06957,42.06694],[-88.06325,42.0669],[-88.04984,42.06681],[-88.04395,42.06676],[-88.03047,42.06665]]]},"properties":{"OBJECTID":186,"Join_Count":1,"TARGET_FID":186,"JOIN_FID":3196,"ASSET_NAME":"434","Feeder":"L7966","Feeder_N":"F2196","PV_HC_kW":6300.75,"EV_HC_kW":8630,"BESS_HC":6300.75,"ORIG_FID":3902,"Feeder_Q":0,"SS_N":"S0733","Queue_RD":"03/06/2026","Shape__Length_1":null,"Shape__Area":0.008689420408245496,"Shape__Length":0.38063384690419627}},{"type":"Feature","id":187,"geometry":{"type":"Polygon","coordinates":[[[-88.36939,41.635],[-88.38841,41.63467],[-88.38862,41.63466],[-88.40769,41.63431],[-88.40794,41.6343],[-88.42733,41.6337],[-88.44656,41.63311],[-88.44672,41.63311],[-88.4659,41.63261],[-88.46619,41.6326],[-88.48724,41.63195],[-88.48785,41.6464],[-88.48817,41.66077],[-88.48817,41.66089],[-88.48851,41.67531],[-88.48851,41.67545],[-88.48894,41.68982],[-88.48894,41.69002],[-88.48914,41.70448],[-88.48914,41.70453],[-88.48949,41.72103],[-88.48872,41.72106],[-88.47234,41.7214],[-88.46834,41.72144],[-88.46827,41.72145],[-88.45292,41.72166],[-88.44886,41.7217],[-88.44878,41.7217],[-88.43332,41.72195],[-88.4293,41.72199],[-88.42923,41.722],[-88.41391,41.72219],[-88.40986,41.72223],[-88.4098,41.72222],[-88.39441,41.72239],[-88.39044,41.72243],[-88.39038,41.72243],[-88.37511,41.72264],[-88.37119,41.72264],[-88.37087,41.70786],[-88.37087,41.70775],[-88.37048,41.69322],[-88.37012,41.67883],[-88.36976,41.66431],[-88.3695,41.64982],[-88.36949,41.64959],[-88.36939,41.635]]]},"properties":{"OBJECTID":187,"Join_Count":1,"TARGET_FID":187,"JOIN_FID":3694,"ASSET_NAME":"471","Feeder":"W190","Feeder_N":"F2293","PV_HC_kW":566.26,"EV_HC_kW":470,"BESS_HC":470,"ORIG_FID":3927,"Feeder_Q":60.94,"SS_N":"S0388","Queue_RD":"03/06/2026","Shape__Length_1":null,"Shape__Area":0.010456704339276257,"Shape__Length":0.41298211201874196}},{"type":"Feature","id":188,"geometry":{"type":"Polygon","coordinates":[[[-89.63221,41.67148],[-89.63818,41.67146],[-89.6515,41.67143],[-89.67064,41.6713],[-89.67069,41.6713],[-89.68388,41.67129],[-89.68993,41.67128],[-89.69001,41.67128],[-89.70926,41.67125],[-89.70946,41.67125],[-89.72852,41.6713],[-89.7287,41.6713],[-89.74795,41.67112],[-89.74794,41.68552],[-89.74794,41.68561],[-89.74778,41.70001],[-89.74777,41.70006],[-89.74777,41.70019],[-89.74773,41.70742],[-89.74769,41.71435],[-89.74769,41.7147],[-89.74765,41.72094],[-89.7476,41.72867],[-89.7476,41.72889],[-89.7476,41.729],[-89.7476,41.72923],[-89.74741,41.74328],[-89.7474,41.7434],[-89.7474,41.74371],[-89.74687,41.7575],[-89.72723,41.75761],[-89.70811,41.75785],[-89.6888,41.75797],[-89.66959,41.75813],[-89.65044,41.75784],[-89.63084,41.75814],[-89.63151,41.75002],[-89.63165,41.74395],[-89.63165,41.74382],[-89.63165,41.74374],[-89.63165,41.74371],[-89.63168,41.73785],[-89.63168,41.73748],[-89.6317,41.72941],[-89.6317,41.72934],[-89.63171,41.72906],[-89.6318,41.71503],[-89.6318,41.71489],[-89.6318,41.71484],[-89.6318,41.7148],[-89.63186,41.70053],[-89.63186,41.70044],[-89.63186,41.70036],[-89.63186,41.70033],[-89.63199,41.68601],[-89.632,41.68597],[-89.632,41.6859],[-89.63204,41.68271],[-89.63221,41.67153],[-89.63221,41.67148]]]},"properties":{"OBJECTID":188,"Join_Count":1,"TARGET_FID":188,"JOIN_FID":2984,"ASSET_NAME":"248","Feeder":"L13348","Feeder_N":"F1812","PV_HC_kW":6985.5,"EV_HC_kW":5390,"BESS_HC":5390,"ORIG_FID":3939,"Feeder_Q":0,"SS_N":"S0663","Queue_RD":"03/06/2026","Shape__Length_1":null,"Shape__Area":0.01002861906090402,"Shape__Length":0.4048648265186898}},{"type":"Feature","id":189,"geometry":{"type":"Polygon","coordinates":[[[-89.9782,41.67075],[-89.9969,41.67056],[-89.99739,41.67056],[-89.99992,41.67054],[-89.99992,41.67061],[-90.01583,41.67061],[-90.01603,41.67061],[-90.01648,41.67061],[-90.01711,41.67061],[-90.03482,41.67067],[-90.0358,41.67068],[-90.03629,41.67068],[-90.04186,41.6707],[-90.05381,41.67073],[-90.05392,41.67073],[-90.05438,41.67073],[-90.05497,41.67075],[-90.05529,41.67075],[-90.07284,41.67088],[-90.0732,41.67088],[-90.07359,41.67089],[-90.07418,41.6709],[-90.09076,41.67108],[-90.093,41.67111],[-90.09257,41.68537],[-90.09257,41.68542],[-90.09257,41.68547],[-90.09239,41.69985],[-90.09239,41.70025],[-90.09228,41.7142],[-90.09228,41.71434],[-90.09216,41.72862],[-90.09216,41.72874],[-90.09216,41.72881],[-90.09216,41.72897],[-90.09209,41.74293],[-90.0921,41.74305],[-90.0921,41.74315],[-90.09251,41.75715],[-90.07475,41.75717],[-90.07402,41.75717],[-90.05529,41.75729],[-90.03592,41.7573],[-90.01685,41.75716],[-89.99743,41.75745],[-89.97844,41.75772],[-89.97789,41.74295],[-89.97814,41.72852],[-89.97822,41.71392],[-89.97835,41.6996],[-89.97829,41.68514],[-89.9782,41.67075]]]},"properties":{"OBJECTID":189,"Join_Count":1,"TARGET_FID":189,"JOIN_FID":2463,"ASSET_NAME":"199","Feeder":"H285","Feeder_N":"F3859","PV_HC_kW":0,"EV_HC_kW":420,"BESS_HC":0,"ORIG_FID":3941,"Feeder_Q":34.5,"SS_N":"S0663","Queue_RD":"03/06/2026","Shape__Length_1":null,"Shape__Area":0.009883966290544777,"Shape__Length":0.40198465165467584}},{"type":"Feature","id":190,"geometry":{"type":"Polygon","coordinates":[[[-89.8624,41.67131],[-89.86238,41.65681],[-89.86238,41.65668],[-89.86238,41.65663],[-89.86239,41.65651],[-89.86234,41.64228],[-89.86234,41.6422],[-89.86234,41.64208],[-89.86234,41.64196],[-89.86227,41.62782],[-89.86227,41.62764],[-89.86226,41.62748],[-89.86227,41.62735],[-89.86229,41.62498],[-89.86231,41.6132],[-89.86231,41.61312],[-89.86227,41.61289],[-89.86232,41.59862],[-89.86232,41.59852],[-89.86232,41.59838],[-89.86238,41.5842],[-89.86238,41.58397],[-89.87505,41.58404],[-89.87939,41.58405],[-89.8795,41.58406],[-89.88138,41.58406],[-89.88148,41.58406],[-89.88187,41.58406],[-89.88363,41.58403],[-89.88373,41.58403],[-89.90041,41.5838],[-89.90048,41.5838],[-89.90099,41.58381],[-89.91916,41.58371],[-89.9193,41.5837],[-89.92035,41.5837],[-89.93853,41.58371],[-89.93868,41.58371],[-89.93971,41.58369],[-89.95771,41.58361],[-89.95795,41.58361],[-89.95914,41.5836],[-89.97604,41.58357],[-89.9762,41.58357],[-89.97846,41.58358],[-89.97844,41.58404],[-89.97842,41.59078],[-89.9784,41.59819],[-89.9784,41.59825],[-89.97837,41.60518],[-89.97833,41.61258],[-89.97833,41.61283],[-89.97828,41.625],[-89.97849,41.625],[-89.9785,41.62738],[-89.97824,41.64164],[-89.97807,41.6559],[-89.97807,41.65616],[-89.9782,41.67075],[-89.95895,41.67094],[-89.94022,41.67104],[-89.92131,41.67117],[-89.90181,41.67143],[-89.90141,41.67143],[-89.88223,41.67153],[-89.87496,41.67151],[-89.87496,41.67131],[-89.8624,41.67131]]]},"properties":{"OBJECTID":190,"Join_Count":1,"TARGET_FID":190,"JOIN_FID":2463,"ASSET_NAME":"219","Feeder":"H285","Feeder_N":"F3859","PV_HC_kW":0,"EV_HC_kW":420,"BESS_HC":0,"ORIG_FID":3943,"Feeder_Q":34.5,"SS_N":"S0663","Queue_RD":"03/06/2026","Shape__Length_1":null,"Shape__Area":0.010137222728189954,"Shape__Length":0.40682552712471265}},{"type":"Feature","id":191,"geometry":{"type":"Polygon","coordinates":[[[-89.98675,42.50648],[-89.98668,42.50327],[-89.98667,42.50307],[-89.9867,42.50294],[-89.98638,42.49611],[-89.98628,42.49143],[-89.98621,42.48869],[-89.98621,42.48849],[-89.98621,42.48841],[-89.98571,42.47379],[-89.98571,42.47362],[-89.98558,42.46889],[-89.98531,42.45928],[-89.98531,42.45919],[-89.99481,42.45917],[-89.99995,42.45916],[-90.00498,42.45917],[-90.00514,42.45917],[-90.02471,42.45917],[-90.0248,42.45917],[-90.02484,42.45917],[-90.02499,42.45916],[-90.03307,42.45913],[-90.04415,42.4591],[-90.04448,42.4591],[-90.04468,42.4591],[-90.04485,42.4591],[-90.06396,42.45911],[-90.06421,42.45911],[-90.06448,42.45912],[-90.07827,42.45917],[-90.08049,42.45918],[-90.08355,42.45919],[-90.08379,42.45919],[-90.08401,42.45918],[-90.10305,42.45936],[-90.10314,42.47351],[-90.10315,42.47396],[-90.10345,42.48816],[-90.10345,42.48857],[-90.10387,42.49997],[-90.10401,42.49997],[-90.104,42.50331],[-90.10403,42.50804],[-90.09485,42.50792],[-90.08563,42.5078],[-89.98898,42.50651],[-89.98677,42.50648],[-89.98675,42.50648]]]},"properties":{"OBJECTID":191,"Join_Count":1,"TARGET_FID":191,"JOIN_FID":611,"ASSET_NAME":"190","Feeder":"B447","Feeder_N":"F5358","PV_HC_kW":0,"EV_HC_kW":1610,"BESS_HC":0,"ORIG_FID":3947,"Feeder_Q":0,"SS_N":"S0688","Queue_RD":"03/06/2026","Shape__Length_1":null,"Shape__Area":0.005646700247780245,"Shape__Length":0.33117040871167486}},{"type":"Feature","id":192,"geometry":{"type":"Polygon","coordinates":[[[-87.80251,41.82119],[-87.82095,41.82077],[-87.82181,41.82076],[-87.84026,41.82042],[-87.84128,41.8204],[-87.85969,41.81998],[-87.86082,41.81995],[-87.87965,41.8194],[-87.88063,41.81937],[-87.89917,41.81891],[-87.90025,41.81889],[-87.91822,41.81851],[-87.91884,41.83307],[-87.91952,41.84769],[-87.92005,41.86215],[-87.92017,41.86549],[-87.92069,41.8768],[-87.92057,41.89121],[-87.92053,41.89268],[-87.92005,41.90678],[-87.90319,41.90704],[-87.88374,41.90731],[-87.87028,41.90763],[-87.87026,41.90765],[-87.86434,41.90778],[-87.84509,41.90806],[-87.82528,41.90854],[-87.80577,41.90875],[-87.80522,41.89414],[-87.80457,41.87962],[-87.80412,41.86499],[-87.80366,41.85027],[-87.803,41.83578],[-87.80251,41.82119]]]},"properties":{"OBJECTID":192,"Join_Count":1,"TARGET_FID":192,"JOIN_FID":3128,"ASSET_NAME":"456","Feeder":"L6467","Feeder_N":"F2062","PV_HC_kW":17550,"EV_HC_kW":5160,"BESS_HC":5160,"ORIG_FID":4122,"Feeder_Q":0,"SS_N":"S0721","Queue_RD":"03/06/2026","Shape__Length_1":null,"Shape__Area":0.01017322573079582,"Shape__Length":0.40599570194871404}},{"type":"Feature","id":193,"geometry":{"type":"Polygon","coordinates":[[[-88.81303,41.1063],[-88.81355,41.09084],[-88.81398,41.0761],[-88.81429,41.06101],[-88.81459,41.0465],[-88.815,41.03201],[-88.81533,41.01768],[-88.83493,41.01722],[-88.85412,41.01681],[-88.87318,41.01661],[-88.89188,41.016],[-88.89251,41.016],[-88.9115,41.0158],[-88.91197,41.0158],[-88.93113,41.01539],[-88.93145,41.03009],[-88.93137,41.03069],[-88.93125,41.04462],[-88.93124,41.04505],[-88.93121,41.05905],[-88.93121,41.05947],[-88.93116,41.07365],[-88.93115,41.07413],[-88.93111,41.08807],[-88.93111,41.08851],[-88.93106,41.10592],[-88.90993,41.10604],[-88.89307,41.10608],[-88.89039,41.10602],[-88.8741,41.10602],[-88.87085,41.10599],[-88.85503,41.10609],[-88.85197,41.10594],[-88.83573,41.10616],[-88.83176,41.10619],[-88.8167,41.10636],[-88.81303,41.1063]]]},"properties":{"OBJECTID":193,"Join_Count":1,"TARGET_FID":193,"JOIN_FID":3114,"ASSET_NAME":"617","Feeder":"L6165","Feeder_N":"F2038","PV_HC_kW":0,"EV_HC_kW":1830,"BESS_HC":0,"ORIG_FID":4134,"Feeder_Q":0,"SS_N":"Networked*","Queue_RD":"03/06/2026","Shape__Length_1":null,"Shape__Area":0.010474691573790551,"Shape__Length":0.41305764461658684}},{"type":"Feature","id":194,"geometry":{"type":"MultiPolygon","coordinates":[[[[-88.13888,41.81107],[-88.13888,41.80995],[-88.13998,41.80995],[-88.13934,41.80915],[-88.142,41.80982],[-88.14343,41.81017],[-88.14343,41.81017],[-88.14343,41.81017],[-88.14343,41.81017],[-88.14343,41.81017],[-88.14419,41.81035],[-88.14347,41.81191],[-88.14659,41.81272],[-88.14658,41.81318],[-88.13988,41.81366],[-88.13988,41.81107],[-88.13888,41.81107]]],[[[-88.13082,41.81406],[-88.13948,41.81369],[-88.13082,41.81431],[-88.13082,41.81406]]],[[[-88.11567,41.81463],[-88.11581,41.8144],[-88.11641,41.81461],[-88.11567,41.81463]]],[[[-88.03386,41.81576],[-88.03301,41.80153],[-88.033,41.80137],[-88.03232,41.78703],[-88.03232,41.78693],[-88.03196,41.77239],[-88.03188,41.77089],[-88.03116,41.75785],[-88.03077,41.74341],[-88.03023,41.72879],[-88.04943,41.72834],[-88.04989,41.72834],[-88.06889,41.72794],[-88.08286,41.72763],[-88.08804,41.72749],[-88.09825,41.72721],[-88.09823,41.73474],[-88.09721,41.73478],[-88.09255,41.735],[-88.09019,41.73777],[-88.09012,41.73785],[-88.08889,41.73917],[-88.08847,41.73962],[-88.08843,41.74012],[-88.0883,41.74175],[-88.08853,41.74197],[-88.08859,41.74202],[-88.08866,41.74281],[-88.08876,41.74478],[-88.08872,41.74661],[-88.08878,41.74938],[-88.08882,41.74938],[-88.08895,41.74938],[-88.09126,41.74934],[-88.09131,41.75095],[-88.09383,41.75091],[-88.09529,41.75286],[-88.09548,41.75543],[-88.09655,41.7554],[-88.09662,41.75657],[-88.09681,41.75654],[-88.09673,41.75541],[-88.09763,41.75537],[-88.09765,41.75641],[-88.09942,41.75615],[-88.10157,41.75583],[-88.10388,41.75551],[-88.10388,41.75673],[-88.10389,41.75934],[-88.10358,41.76001],[-88.10356,41.76005],[-88.10352,41.7601],[-88.10531,41.7601],[-88.10916,41.76003],[-88.10917,41.76011],[-88.10923,41.76131],[-88.10977,41.76325],[-88.10973,41.76565],[-88.10973,41.76568],[-88.11278,41.76572],[-88.11279,41.76572],[-88.1125,41.76689],[-88.11248,41.76701],[-88.11225,41.76797],[-88.11223,41.76804],[-88.1122,41.76812],[-88.1122,41.76812],[-88.11217,41.76818],[-88.11211,41.76831],[-88.11198,41.76851],[-88.11178,41.76876],[-88.11159,41.76896],[-88.11152,41.76905],[-88.1112,41.76939],[-88.11102,41.76962],[-88.1109,41.76978],[-88.11079,41.77001],[-88.1107,41.77033],[-88.11064,41.77061],[-88.10999,41.77326],[-88.10984,41.77386],[-88.10949,41.77463],[-88.10761,41.7746],[-88.10746,41.7746],[-88.10735,41.77459],[-88.10741,41.77605],[-88.10741,41.77616],[-88.10745,41.77706],[-88.10752,41.77894],[-88.10755,41.77955],[-88.10755,41.77959],[-88.10966,41.77904],[-88.10967,41.77909],[-88.11187,41.77844],[-88.11187,41.77843],[-88.11242,41.77826],[-88.11617,41.77745],[-88.11707,41.77724],[-88.11785,41.77711],[-88.11785,41.77711],[-88.11785,41.77711],[-88.12835,41.77486],[-88.12833,41.78048],[-88.11987,41.78423],[-88.11712,41.78544],[-88.11723,41.78798],[-88.11739,41.78822],[-88.11759,41.78832],[-88.1179,41.78834],[-88.11864,41.78832],[-88.11985,41.78831],[-88.11986,41.78844],[-88.12088,41.78856],[-88.12088,41.78807],[-88.12013,41.78799],[-88.12013,41.78748],[-88.12228,41.78748],[-88.12227,41.78856],[-88.12207,41.78903],[-88.12207,41.78903],[-88.12206,41.78904],[-88.12203,41.78911],[-88.12198,41.78911],[-88.12158,41.78946],[-88.12151,41.79122],[-88.12147,41.79209],[-88.12003,41.79213],[-88.12017,41.79477],[-88.12018,41.79502],[-88.1189,41.79502],[-88.11793,41.79502],[-88.11783,41.79502],[-88.1178,41.79456],[-88.11542,41.79453],[-88.11545,41.79495],[-88.11549,41.79491],[-88.1155,41.79509],[-88.11552,41.79549],[-88.11704,41.79541],[-88.11708,41.79597],[-88.11742,41.79597],[-88.11741,41.79809],[-88.11741,41.79958],[-88.11741,41.79959],[-88.11568,41.79962],[-88.11536,41.79962],[-88.1149,41.79963],[-88.1149,41.80049],[-88.11977,41.8005],[-88.11945,41.80098],[-88.11931,41.80133],[-88.11881,41.80273],[-88.11871,41.80448],[-88.1187,41.80458],[-88.11876,41.80504],[-88.11953,41.80506],[-88.11831,41.80729],[-88.11729,41.80896],[-88.11751,41.80897],[-88.11629,41.81089],[-88.11612,41.81083],[-88.11612,41.81084],[-88.11567,41.81159],[-88.11552,41.81183],[-88.11526,41.81228],[-88.11495,41.81281],[-88.11471,41.8132],[-88.11461,41.81336],[-88.11444,41.81364],[-88.11431,41.81385],[-88.11431,41.81385],[-88.11396,41.81442],[-88.11396,41.81442],[-88.11396,41.81442],[-88.11381,41.81466],[-88.11105,41.81472],[-88.09162,41.81482],[-88.07247,41.8152],[-88.07228,41.8152],[-88.05312,41.81561],[-88.03386,41.81583],[-88.03386,41.81576]]]]},"properties":{"OBJECTID":194,"Join_Count":1,"TARGET_FID":194,"JOIN_FID":2906,"ASSET_NAME":"464","Feeder":"L10345","Feeder_N":"F1666","PV_HC_kW":23565.88,"EV_HC_kW":1700,"BESS_HC":1700,"ORIG_FID":4144,"Feeder_Q":0,"SS_N":"S0640","Queue_RD":"03/06/2026","Shape__Length_1":null,"Shape__Area":0.00668952818091384,"Shape__Length":0.46354806429800477}},{"type":"Feature","id":195,"geometry":{"type":"Polygon","coordinates":[[[-89.62934,42.20057],[-89.64896,42.20031],[-89.66834,42.20017],[-89.68797,42.19947],[-89.70729,42.19912],[-89.72672,42.19872],[-89.74656,42.19803],[-89.74667,42.21268],[-89.74707,42.22717],[-89.7477,42.24157],[-89.74782,42.25587],[-89.74783,42.25616],[-89.74794,42.26094],[-89.74816,42.27029],[-89.74816,42.27044],[-89.74816,42.27064],[-89.74817,42.27095],[-89.74827,42.285],[-89.74827,42.2851],[-89.74807,42.2851],[-89.72913,42.28546],[-89.72897,42.28546],[-89.7288,42.28547],[-89.72851,42.28547],[-89.70956,42.28577],[-89.70945,42.28577],[-89.70933,42.28577],[-89.70924,42.28578],[-89.69011,42.28619],[-89.68988,42.28619],[-89.6897,42.2862],[-89.67099,42.28648],[-89.67064,42.28649],[-89.67058,42.28649],[-89.67035,42.28649],[-89.67023,42.28649],[-89.66113,42.28671],[-89.6511,42.28694],[-89.65106,42.28694],[-89.63184,42.28736],[-89.63167,42.28736],[-89.63167,42.28727],[-89.63135,42.27315],[-89.63135,42.27309],[-89.63134,42.27291],[-89.63134,42.27287],[-89.63111,42.25866],[-89.63111,42.25859],[-89.63111,42.25846],[-89.63096,42.24417],[-89.63026,42.22957],[-89.63029,42.21524],[-89.62934,42.20057]]]},"properties":{"OBJECTID":195,"Join_Count":1,"TARGET_FID":195,"JOIN_FID":640,"ASSET_NAME":"242","Feeder":"B703","Feeder_N":"F5414","PV_HC_kW":174.76,"EV_HC_kW":960,"BESS_HC":174.76,"ORIG_FID":4194,"Feeder_Q":33.74,"SS_N":"S0557","Queue_RD":"03/06/2026","Shape__Length_1":null,"Shape__Area":0.010121896621058113,"Shape__Length":0.4078233104173373}},{"type":"Feature","id":196,"geometry":{"type":"MultiPolygon","coordinates":[[[[-90.09837,42.2848],[-90.09998,42.28479],[-90.09999,42.28535],[-90.10001,42.28557],[-90.10002,42.28579],[-90.10002,42.286],[-90.10002,42.28622],[-90.1,42.28644],[-90.09999,42.28665],[-90.09996,42.28687],[-90.09993,42.28708],[-90.09989,42.2873],[-90.09985,42.28751],[-90.0998,42.28772],[-90.09974,42.28793],[-90.09967,42.28814],[-90.0996,42.28834],[-90.09953,42.28854],[-90.09944,42.28874],[-90.09935,42.28894],[-90.09926,42.28913],[-90.09915,42.28933],[-90.09905,42.28951],[-90.09893,42.2897],[-90.09881,42.28988],[-90.09869,42.29006],[-90.09856,42.29023],[-90.09842,42.2904],[-90.09828,42.29056],[-90.09813,42.29072],[-90.09798,42.29088],[-90.09788,42.29097],[-90.09734,42.28504],[-90.09731,42.28482],[-90.09837,42.2848]]],[[[-90.10066,42.33725],[-90.10026,42.3289],[-90.1006,42.33578],[-90.10061,42.33595],[-90.10088,42.34193],[-90.10066,42.33725]]],[[[-90.10156,42.35785],[-90.10155,42.35773],[-90.10154,42.35762],[-90.10153,42.35728],[-90.10141,42.35438],[-90.10094,42.34322],[-90.10093,42.3431],[-90.10093,42.34306],[-90.10093,42.343],[-90.10093,42.34306],[-90.10094,42.34322],[-90.10119,42.34841],[-90.10121,42.34891],[-90.10128,42.35043],[-90.10129,42.35058],[-90.10131,42.35133],[-90.10131,42.35181],[-90.10137,42.35182],[-90.10722,42.35237],[-90.10718,42.35255],[-90.10698,42.35326],[-90.10213,42.35272],[-90.1014,42.35274],[-90.10153,42.35715],[-90.10155,42.35762],[-90.10156,42.35785]]],[[[-90.10156,42.35785],[-90.10161,42.35905],[-90.10186,42.36489],[-90.10186,42.36501],[-90.10191,42.36682],[-90.10204,42.37202],[-90.10204,42.37208],[-90.10203,42.37154],[-90.10156,42.35785]]]]},"properties":{"OBJECTID":196,"Join_Count":0,"TARGET_FID":196,"JOIN_FID":-1,"ASSET_NAME":"173","Feeder":null,"Feeder_N":null,"PV_HC_kW":null,"EV_HC_kW":null,"BESS_HC":0,"ORIG_FID":4196,"Feeder_Q":null,"SS_N":null,"Queue_RD":null,"Shape__Length_1":null,"Shape__Area":1.7542719660923467e-05,"Shape__Length":0.1114594959519257}},{"type":"Feature","id":197,"geometry":{"type":"Polygon","coordinates":[[[-88.00222,41.02935],[-88.01685,41.02901],[-88.01701,41.04419],[-88.01738,41.05874],[-88.01765,41.07332],[-88.01781,41.08827],[-88.01797,41.10308],[-88.0181,41.11794],[-88.01038,41.11799],[-88.00376,41.11802],[-88.00357,41.10312],[-88.0033,41.0885],[-88.0031,41.07369],[-88.00282,41.0591],[-88.00262,41.04443],[-88.00222,41.02935]]]},"properties":{"OBJECTID":197,"Join_Count":1,"TARGET_FID":197,"JOIN_FID":2829,"ASSET_NAME":"625","Feeder":"K345","Feeder_N":"F1542","PV_HC_kW":0,"EV_HC_kW":180,"BESS_HC":0,"ORIG_FID":4197,"Feeder_Q":0,"SS_N":"S0336","Queue_RD":"03/06/2026","Shape__Length_1":null,"Shape__Area":0.001286234151393728,"Shape__Length":0.20660012206659406}},{"type":"Feature","id":198,"geometry":{"type":"Polygon","coordinates":[[[-88.36388,41.37329],[-88.38328,41.37301],[-88.40257,41.37259],[-88.42183,41.37211],[-88.44128,41.37156],[-88.46056,41.37102],[-88.4794,41.37059],[-88.47973,41.38516],[-88.47973,41.38537],[-88.48005,41.39969],[-88.48006,41.39986],[-88.48043,41.41418],[-88.48043,41.41438],[-88.48089,41.42875],[-88.4809,41.42903],[-88.48119,41.44323],[-88.48119,41.4435],[-88.48164,41.45777],[-88.4619,41.45833],[-88.44263,41.45878],[-88.42362,41.45921],[-88.42333,41.45922],[-88.40395,41.45964],[-88.38455,41.46002],[-88.36517,41.46044],[-88.36511,41.44591],[-88.36515,41.4314],[-88.36484,41.41681],[-88.36448,41.40241],[-88.36448,41.40231],[-88.36424,41.3878],[-88.36388,41.37329]]]},"properties":{"OBJECTID":198,"Join_Count":1,"TARGET_FID":198,"JOIN_FID":2596,"ASSET_NAME":"501","Feeder":"J225","Feeder_N":"F3989","PV_HC_kW":845.33,"EV_HC_kW":0,"BESS_HC":0,"ORIG_FID":4201,"Feeder_Q":0,"SS_N":"S0731","Queue_RD":"03/06/2026","Shape__Length_1":null,"Shape__Area":0.01008993433674732,"Shape__Length":0.40642709268525024}},{"type":"Feature","id":199,"geometry":{"type":"Polygon","coordinates":[[[-88.93142,40.92761],[-88.95065,40.92733],[-88.96994,40.92699],[-88.98916,40.92685],[-89.00827,40.92644],[-89.02747,40.926],[-89.04757,40.92563],[-89.04755,40.94036],[-89.04737,40.95489],[-89.04723,40.96922],[-89.04714,40.96973],[-89.04719,40.98396],[-89.0469,40.99859],[-89.04689,40.99903],[-89.04773,41.01327],[-89.02735,41.01349],[-89.00794,41.01387],[-89.0076,41.01387],[-88.98881,41.01419],[-88.96924,41.01442],[-88.9501,41.0149],[-88.93113,41.01539],[-88.93134,41.00116],[-88.9314,41.00059],[-88.93077,40.98657],[-88.9309,40.98605],[-88.93095,40.97193],[-88.93098,40.97156],[-88.93127,40.95729],[-88.93122,40.95692],[-88.93124,40.95187],[-88.93119,40.94264],[-88.9312,40.94223],[-88.93142,40.92761]]]},"properties":{"OBJECTID":199,"Join_Count":1,"TARGET_FID":199,"JOIN_FID":3529,"ASSET_NAME":"646","Feeder":"S206","Feeder_N":"F1755","PV_HC_kW":149.28,"EV_HC_kW":1120,"BESS_HC":149.28,"ORIG_FID":4211,"Feeder_Q":0,"SS_N":"S0689","Queue_RD":"03/06/2026","Shape__Length_1":null,"Shape__Area":0.010162020829284302,"Shape__Length":0.40829354764263404}},{"type":"Feature","id":200,"geometry":{"type":"Polygon","coordinates":[[[-89.51574,41.58503],[-89.51253,41.58503],[-89.51222,41.58503],[-89.51215,41.56781],[-89.51214,41.5674],[-89.51214,41.56714],[-89.51196,41.55301],[-89.51196,41.55297],[-89.51196,41.5529],[-89.51196,41.5527],[-89.51179,41.53855],[-89.51179,41.53828],[-89.51178,41.53822],[-89.51178,41.52672],[-89.51178,41.52662],[-89.51177,41.524],[-89.51177,41.52383],[-89.51176,41.52316],[-89.51176,41.52316],[-89.51196,41.52317],[-89.51792,41.52329],[-89.56881,41.52401],[-89.569,41.50316],[-89.5688,41.49811],[-89.56871,41.49585],[-89.56909,41.49585],[-89.58823,41.49613],[-89.5886,41.49613],[-89.60731,41.49657],[-89.60815,41.49659],[-89.60928,41.49661],[-89.60926,41.49863],[-89.60905,41.51886],[-89.6268,41.51887],[-89.62683,41.5248],[-89.62726,41.5248],[-89.62727,41.5253],[-89.6273,41.52616],[-89.62731,41.52626],[-89.62754,41.53983],[-89.62755,41.53986],[-89.62755,41.53992],[-89.62756,41.54069],[-89.62776,41.55425],[-89.62776,41.55429],[-89.62777,41.55445],[-89.62777,41.55509],[-89.62777,41.55517],[-89.62803,41.56873],[-89.62804,41.56908],[-89.62804,41.56957],[-89.62804,41.56962],[-89.62804,41.56966],[-89.62837,41.58487],[-89.62494,41.58486],[-89.61222,41.58502],[-89.61218,41.58502],[-89.60899,41.58502],[-89.60891,41.58502],[-89.5928,41.58502],[-89.58975,41.58502],[-89.58963,41.58502],[-89.57349,41.58504],[-89.57002,41.58505],[-89.56991,41.58505],[-89.55434,41.58507],[-89.55087,41.58508],[-89.55074,41.58508],[-89.53504,41.58501],[-89.53159,41.585],[-89.53136,41.585],[-89.51574,41.58503]]]},"properties":{"OBJECTID":200,"Join_Count":1,"TARGET_FID":200,"JOIN_FID":2476,"ASSET_NAME":"264","Feeder":"H405","Feeder_N":"F3023","PV_HC_kW":0,"EV_HC_kW":480,"BESS_HC":0,"ORIG_FID":4212,"Feeder_Q":56.95,"SS_N":"S0657","Queue_RD":"03/06/2026","Shape__Length_1":null,"Shape__Area":0.008299747231149013,"Shape__Length":0.41027125851719554}}]}