{
 "type": "FeatureCollection",
 "name": "il_grid_plan_zones",
 "crs": {
  "type": "name",
  "properties": {
   "name": "urn:ogc:def:crs:OGC:1.3:CRS84"
  }
 },
 "features": [
  {
   "type": "Feature",
   "properties": {
    "utility": "Ameren Illinois",
    "docket": "26-0051",
    "status": "proposed",
    "group": "3. Feeders & lines",
    "project_id": "AIC13725",
    "project_name": "WRE Quincy/Camp Point 4kV-12kV Conversion",
    "category": "Capacity Expansion",
    "asset_type": "voltage conversion 4kV-12kV",
    "feeder_id": "",
    "substation": "",
    "place": "Quincy",
    "county": "Adams",
    "region": "Western",
    "program_year": 2030,
    "cost_usd": 1721600,
    "est_headroom_mw": "",
    "loc_method": "municipality_centroid",
    "uncertainty_mi": 2.0,
    "feeder_match": "",
    "sub_nearest": "",
    "sub_nearest_mi": "",
    "sub_hc_kw": "",
    "sub_candidates": "",
    "hosting_capacity_flag": "likely",
    "removal_risk": "low",
    "risk_reason": "Party asks total ~$450M against $2.68B (~17%), far milder than the 2023 rejection, and ICC Staff finds the plan substantially compliant. Only one Capacity Expansion project is targeted for removal.",
    "program_id": "",
    "itn": "",
    "ce_type": "",
    "voltage_kv": "",
    "driver": "",
    "nwa_status": "",
    "source": "ICC Staff Ex. 15.02 (Docket 26-0051), 2026-05-07",
    "notes": "Voltage conversion raises feeder capacity; Ameren publishes no MW-per-conversion factor."
   },
   "geometry": {
    "type": "Polygon",
    "coordinates": [
     [
      [
       -91.372098,
       39.9356
      ],
      [
       -91.37228,
       39.938441
      ],
      [
       -91.372824,
       39.941255
      ],
      [
       -91.373725,
       39.944014
      ],
      [
       -91.374975,
       39.946692
      ],
      [
       -91.376561,
       39.949264
      ],
      [
       -91.378469,
       39.951703
      ],
      [
       -91.380678,
       39.953988
      ],
      [
       -91.38317,
       39.956096
      ],
      [
       -91.385918,
       39.958006
      ],
      [
       -91.388898,
       39.959701
      ],
      [
       -91.39208,
       39.961163
      ],
      [
       -91.395434,
       39.962379
      ],
      [
       -91.398927,
       39.963337
      ],
      [
       -91.402525,
       39.964029
      ],
      [
       -91.406195,
       39.964446
      ],
      [
       -91.4099,
       39.964586
      ],
      [
       -91.413605,
       39.964446
      ],
      [
       -91.417275,
       39.964029
      ],
      [
       -91.420873,
       39.963337
      ],
      [
       -91.424366,
       39.962379
      ],
      [
       -91.42772,
       39.961163
      ],
      [
       -91.430902,
       39.959701
      ],
      [
       -91.433882,
       39.958006
      ],
      [
       -91.43663,
       39.956096
      ],
      [
       -91.439122,
       39.953988
      ],
      [
       -91.441331,
       39.951703
      ],
      [
       -91.443239,
       39.949264
      ],
      [
       -91.444825,
       39.946692
      ],
      [
       -91.446075,
       39.944014
      ],
      [
       -91.446976,
       39.941255
      ],
      [
       -91.44752,
       39.938441
      ],
      [
       -91.447702,
       39.9356
      ],
      [
       -91.44752,
       39.932759
      ],
      [
       -91.446976,
       39.929945
      ],
      [
       -91.446075,
       39.927186
      ],
      [
       -91.444825,
       39.924508
      ],
      [
       -91.443239,
       39.921936
      ],
      [
       -91.441331,
       39.919497
      ],
      [
       -91.439122,
       39.917212
      ],
      [
       -91.43663,
       39.915104
      ],
      [
       -91.433882,
       39.913194
      ],
      [
       -91.430902,
       39.911499
      ],
      [
       -91.42772,
       39.910037
      ],
      [
       -91.424366,
       39.908821
      ],
      [
       -91.420873,
       39.907863
      ],
      [
       -91.417275,
       39.907171
      ],
      [
       -91.413605,
       39.906754
      ],
      [
       -91.4099,
       39.906614
      ],
      [
       -91.406195,
       39.906754
      ],
      [
       -91.402525,
       39.907171
      ],
      [
       -91.398927,
       39.907863
      ],
      [
       -91.395434,
       39.908821
      ],
      [
       -91.39208,
       39.910037
      ],
      [
       -91.388898,
       39.911499
      ],
      [
       -91.385918,
       39.913194
      ],
      [
       -91.38317,
       39.915104
      ],
      [
       -91.380678,
       39.917212
      ],
      [
       -91.378469,
       39.919497
      ],
      [
       -91.376561,
       39.921936
      ],
      [
       -91.374975,
       39.924508
      ],
      [
       -91.373725,
       39.927186
      ],
      [
       -91.372824,
       39.929945
      ],
      [
       -91.37228,
       39.932759
      ],
      [
       -91.372098,
       39.9356
      ]
     ]
    ]
   }
  },
  {
   "type": "Feature",
   "properties": {
    "utility": "Ameren Illinois",
    "docket": "26-0051",
    "status": "proposed",
    "group": "3. Feeders & lines",
    "project_id": "AIC13726",
    "project_name": "WRE Jerseyville/Greenfield 4kV-12kV Conversion",
    "category": "Capacity Expansion",
    "asset_type": "voltage conversion 4kV-12kV",
    "feeder_id": "",
    "substation": "",
    "place": "Jerseyville",
    "county": "Jersey",
    "region": "Western",
    "program_year": 2031,
    "cost_usd": 601340,
    "est_headroom_mw": "",
    "loc_method": "municipality_centroid",
    "uncertainty_mi": 2.0,
    "feeder_match": "",
    "sub_nearest": "",
    "sub_nearest_mi": "",
    "sub_hc_kw": "",
    "sub_candidates": "",
    "hosting_capacity_flag": "likely",
    "removal_risk": "low",
    "risk_reason": "Party asks total ~$450M against $2.68B (~17%), far milder than the 2023 rejection, and ICC Staff finds the plan substantially compliant. Only one Capacity Expansion project is targeted for removal.",
    "program_id": "",
    "itn": "",
    "ce_type": "",
    "voltage_kv": "",
    "driver": "",
    "nwa_status": "",
    "source": "ICC Staff Ex. 15.02 (Docket 26-0051), 2026-05-07",
    "notes": "Voltage conversion raises feeder capacity; Ameren publishes no MW-per-conversion factor."
   },
   "geometry": {
    "type": "Polygon",
    "coordinates": [
     [
      [
       -90.291339,
       39.1206
      ],
      [
       -90.291519,
       39.123441
      ],
      [
       -90.292057,
       39.126255
      ],
      [
       -90.292948,
       39.129014
      ],
      [
       -90.294183,
       39.131692
      ],
      [
       -90.29575,
       39.134264
      ],
      [
       -90.297635,
       39.136703
      ],
      [
       -90.299819,
       39.138988
      ],
      [
       -90.302282,
       39.141096
      ],
      [
       -90.304998,
       39.143006
      ],
      [
       -90.307943,
       39.144701
      ],
      [
       -90.311088,
       39.146163
      ],
      [
       -90.314403,
       39.147379
      ],
      [
       -90.317855,
       39.148337
      ],
      [
       -90.321411,
       39.149029
      ],
      [
       -90.325038,
       39.149446
      ],
      [
       -90.3287,
       39.149586
      ],
      [
       -90.332362,
       39.149446
      ],
      [
       -90.335989,
       39.149029
      ],
      [
       -90.339545,
       39.148337
      ],
      [
       -90.342997,
       39.147379
      ],
      [
       -90.346312,
       39.146163
      ],
      [
       -90.349457,
       39.144701
      ],
      [
       -90.352402,
       39.143006
      ],
      [
       -90.355118,
       39.141096
      ],
      [
       -90.357581,
       39.138988
      ],
      [
       -90.359765,
       39.136703
      ],
      [
       -90.36165,
       39.134264
      ],
      [
       -90.363217,
       39.131692
      ],
      [
       -90.364452,
       39.129014
      ],
      [
       -90.365343,
       39.126255
      ],
      [
       -90.365881,
       39.123441
      ],
      [
       -90.366061,
       39.1206
      ],
      [
       -90.365881,
       39.117759
      ],
      [
       -90.365343,
       39.114945
      ],
      [
       -90.364452,
       39.112186
      ],
      [
       -90.363217,
       39.109508
      ],
      [
       -90.36165,
       39.106936
      ],
      [
       -90.359765,
       39.104497
      ],
      [
       -90.357581,
       39.102212
      ],
      [
       -90.355118,
       39.100104
      ],
      [
       -90.352402,
       39.098194
      ],
      [
       -90.349457,
       39.096499
      ],
      [
       -90.346312,
       39.095037
      ],
      [
       -90.342997,
       39.093821
      ],
      [
       -90.339545,
       39.092863
      ],
      [
       -90.335989,
       39.092171
      ],
      [
       -90.332362,
       39.091754
      ],
      [
       -90.3287,
       39.091614
      ],
      [
       -90.325038,
       39.091754
      ],
      [
       -90.321411,
       39.092171
      ],
      [
       -90.317855,
       39.092863
      ],
      [
       -90.314403,
       39.093821
      ],
      [
       -90.311088,
       39.095037
      ],
      [
       -90.307943,
       39.096499
      ],
      [
       -90.304998,
       39.098194
      ],
      [
       -90.302282,
       39.100104
      ],
      [
       -90.299819,
       39.102212
      ],
      [
       -90.297635,
       39.104497
      ],
      [
       -90.29575,
       39.106936
      ],
      [
       -90.294183,
       39.109508
      ],
      [
       -90.292948,
       39.112186
      ],
      [
       -90.292057,
       39.114945
      ],
      [
       -90.291519,
       39.117759
      ],
      [
       -90.291339,
       39.1206
      ]
     ]
    ]
   }
  },
  {
   "type": "Feature",
   "properties": {
    "utility": "Ameren Illinois",
    "docket": "26-0051",
    "status": "proposed",
    "group": "3. Feeders & lines",
    "project_id": "AIC13727",
    "project_name": "WRE Hillsboro Subs 4kV-12kV Conversion",
    "category": "Capacity Expansion",
    "asset_type": "voltage conversion 4kV-12kV",
    "feeder_id": "",
    "substation": "",
    "place": "Hillsboro",
    "county": "Montgomery",
    "region": "Western",
    "program_year": 2030,
    "cost_usd": 1535978,
    "est_headroom_mw": "",
    "loc_method": "municipality_centroid",
    "uncertainty_mi": 2.0,
    "feeder_match": "",
    "sub_nearest": "",
    "sub_nearest_mi": "",
    "sub_hc_kw": "",
    "sub_candidates": "",
    "hosting_capacity_flag": "likely",
    "removal_risk": "low",
    "risk_reason": "Party asks total ~$450M against $2.68B (~17%), far milder than the 2023 rejection, and ICC Staff finds the plan substantially compliant. Only one Capacity Expansion project is targeted for removal.",
    "program_id": "",
    "itn": "",
    "ce_type": "",
    "voltage_kv": "",
    "driver": "",
    "nwa_status": "",
    "source": "ICC Staff Ex. 15.02 (Docket 26-0051), 2026-05-07",
    "notes": "Voltage conversion raises feeder capacity; Ameren publishes no MW-per-conversion factor."
   },
   "geometry": {
    "type": "Polygon",
    "coordinates": [
     [
      [
       -89.458517,
       39.1611
      ],
      [
       -89.458697,
       39.163941
      ],
      [
       -89.459236,
       39.166755
      ],
      [
       -89.460127,
       39.169514
      ],
      [
       -89.461363,
       39.172192
      ],
      [
       -89.462931,
       39.174764
      ],
      [
       -89.464817,
       39.177203
      ],
      [
       -89.467003,
       39.179488
      ],
      [
       -89.469466,
       39.181596
      ],
      [
       -89.472185,
       39.183506
      ],
      [
       -89.475131,
       39.185201
      ],
      [
       -89.478278,
       39.186663
      ],
      [
       -89.481594,
       39.187879
      ],
      [
       -89.485048,
       39.188837
      ],
      [
       -89.488607,
       39.189529
      ],
      [
       -89.492236,
       39.189946
      ],
      [
       -89.4959,
       39.190086
      ],
      [
       -89.499564,
       39.189946
      ],
      [
       -89.503193,
       39.189529
      ],
      [
       -89.506752,
       39.188837
      ],
      [
       -89.510206,
       39.187879
      ],
      [
       -89.513522,
       39.186663
      ],
      [
       -89.516669,
       39.185201
      ],
      [
       -89.519615,
       39.183506
      ],
      [
       -89.522334,
       39.181596
      ],
      [
       -89.524797,
       39.179488
      ],
      [
       -89.526983,
       39.177203
      ],
      [
       -89.528869,
       39.174764
      ],
      [
       -89.530437,
       39.172192
      ],
      [
       -89.531673,
       39.169514
      ],
      [
       -89.532564,
       39.166755
      ],
      [
       -89.533103,
       39.163941
      ],
      [
       -89.533283,
       39.1611
      ],
      [
       -89.533103,
       39.158259
      ],
      [
       -89.532564,
       39.155445
      ],
      [
       -89.531673,
       39.152686
      ],
      [
       -89.530437,
       39.150008
      ],
      [
       -89.528869,
       39.147436
      ],
      [
       -89.526983,
       39.144997
      ],
      [
       -89.524797,
       39.142712
      ],
      [
       -89.522334,
       39.140604
      ],
      [
       -89.519615,
       39.138694
      ],
      [
       -89.516669,
       39.136999
      ],
      [
       -89.513522,
       39.135537
      ],
      [
       -89.510206,
       39.134321
      ],
      [
       -89.506752,
       39.133363
      ],
      [
       -89.503193,
       39.132671
      ],
      [
       -89.499564,
       39.132254
      ],
      [
       -89.4959,
       39.132114
      ],
      [
       -89.492236,
       39.132254
      ],
      [
       -89.488607,
       39.132671
      ],
      [
       -89.485048,
       39.133363
      ],
      [
       -89.481594,
       39.134321
      ],
      [
       -89.478278,
       39.135537
      ],
      [
       -89.475131,
       39.136999
      ],
      [
       -89.472185,
       39.138694
      ],
      [
       -89.469466,
       39.140604
      ],
      [
       -89.467003,
       39.142712
      ],
      [
       -89.464817,
       39.144997
      ],
      [
       -89.462931,
       39.147436
      ],
      [
       -89.461363,
       39.150008
      ],
      [
       -89.460127,
       39.152686
      ],
      [
       -89.459236,
       39.155445
      ],
      [
       -89.458697,
       39.158259
      ],
      [
       -89.458517,
       39.1611
      ]
     ]
    ]
   }
  },
  {
   "type": "Feature",
   "properties": {
    "utility": "Ameren Illinois",
    "docket": "26-0051",
    "status": "proposed",
    "group": "3. Feeders & lines",
    "project_id": "AIC13728",
    "project_name": "WRE Beardstown/Meredosia 4kV-12kV Conversion",
    "category": "Capacity Expansion",
    "asset_type": "voltage conversion 4kV-12kV",
    "feeder_id": "",
    "substation": "",
    "place": "Beardstown",
    "county": "Cass",
    "region": "Western",
    "program_year": 2030,
    "cost_usd": 520092,
    "est_headroom_mw": "",
    "loc_method": "municipality_centroid",
    "uncertainty_mi": 2.0,
    "feeder_match": "",
    "sub_nearest": "",
    "sub_nearest_mi": "",
    "sub_hc_kw": "",
    "sub_candidates": "",
    "hosting_capacity_flag": "likely",
    "removal_risk": "low",
    "risk_reason": "Party asks total ~$450M against $2.68B (~17%), far milder than the 2023 rejection, and ICC Staff finds the plan substantially compliant. Only one Capacity Expansion project is targeted for removal.",
    "program_id": "",
    "itn": "",
    "ce_type": "",
    "voltage_kv": "",
    "driver": "",
    "nwa_status": "",
    "source": "ICC Staff Ex. 15.02 (Docket 26-0051), 2026-05-07",
    "notes": "Voltage conversion raises feeder capacity; Ameren publishes no MW-per-conversion factor."
   },
   "geometry": {
    "type": "Polygon",
    "coordinates": [
     [
      [
       -90.386463,
       39.9978
      ],
      [
       -90.386646,
       40.000641
      ],
      [
       -90.38719,
       40.003455
      ],
      [
       -90.388093,
       40.006214
      ],
      [
       -90.389343,
       40.008892
      ],
      [
       -90.390931,
       40.011464
      ],
      [
       -90.39284,
       40.013903
      ],
      [
       -90.395052,
       40.016188
      ],
      [
       -90.397545,
       40.018296
      ],
      [
       -90.400297,
       40.020206
      ],
      [
       -90.403279,
       40.021901
      ],
      [
       -90.406464,
       40.023363
      ],
      [
       -90.409821,
       40.024579
      ],
      [
       -90.413317,
       40.025537
      ],
      [
       -90.416918,
       40.026229
      ],
      [
       -90.420591,
       40.026646
      ],
      [
       -90.4243,
       40.026786
      ],
      [
       -90.428009,
       40.026646
      ],
      [
       -90.431682,
       40.026229
      ],
      [
       -90.435283,
       40.025537
      ],
      [
       -90.438779,
       40.024579
      ],
      [
       -90.442136,
       40.023363
      ],
      [
       -90.445321,
       40.021901
      ],
      [
       -90.448303,
       40.020206
      ],
      [
       -90.451055,
       40.018296
      ],
      [
       -90.453548,
       40.016188
      ],
      [
       -90.45576,
       40.013903
      ],
      [
       -90.457669,
       40.011464
      ],
      [
       -90.459257,
       40.008892
      ],
      [
       -90.460507,
       40.006214
      ],
      [
       -90.46141,
       40.003455
      ],
      [
       -90.461954,
       40.000641
      ],
      [
       -90.462137,
       39.9978
      ],
      [
       -90.461954,
       39.994959
      ],
      [
       -90.46141,
       39.992145
      ],
      [
       -90.460507,
       39.989386
      ],
      [
       -90.459257,
       39.986708
      ],
      [
       -90.457669,
       39.984136
      ],
      [
       -90.45576,
       39.981697
      ],
      [
       -90.453548,
       39.979412
      ],
      [
       -90.451055,
       39.977304
      ],
      [
       -90.448303,
       39.975394
      ],
      [
       -90.445321,
       39.973699
      ],
      [
       -90.442136,
       39.972237
      ],
      [
       -90.438779,
       39.971021
      ],
      [
       -90.435283,
       39.970063
      ],
      [
       -90.431682,
       39.969371
      ],
      [
       -90.428009,
       39.968954
      ],
      [
       -90.4243,
       39.968814
      ],
      [
       -90.420591,
       39.968954
      ],
      [
       -90.416918,
       39.969371
      ],
      [
       -90.413317,
       39.970063
      ],
      [
       -90.409821,
       39.971021
      ],
      [
       -90.406464,
       39.972237
      ],
      [
       -90.403279,
       39.973699
      ],
      [
       -90.400297,
       39.975394
      ],
      [
       -90.397545,
       39.977304
      ],
      [
       -90.395052,
       39.979412
      ],
      [
       -90.39284,
       39.981697
      ],
      [
       -90.390931,
       39.984136
      ],
      [
       -90.389343,
       39.986708
      ],
      [
       -90.388093,
       39.989386
      ],
      [
       -90.38719,
       39.992145
      ],
      [
       -90.386646,
       39.994959
      ],
      [
       -90.386463,
       39.9978
      ]
     ]
    ]
   }
  },
  {
   "type": "Feature",
   "properties": {
    "utility": "Ameren Illinois",
    "docket": "26-0051",
    "status": "proposed",
    "group": "3. Feeders & lines",
    "project_id": "AIC13735",
    "project_name": "Hillsboro 4-12kV Conversion & Substation Reserve",
    "category": "Capacity Expansion",
    "asset_type": "voltage conversion 4kV-12kV",
    "feeder_id": "",
    "substation": "",
    "place": "Hillsboro",
    "county": "Montgomery",
    "region": "",
    "program_year": 2030,
    "cost_usd": 4685525,
    "est_headroom_mw": "",
    "loc_method": "municipality_centroid",
    "uncertainty_mi": 2.0,
    "feeder_match": "",
    "sub_nearest": "",
    "sub_nearest_mi": "",
    "sub_hc_kw": "",
    "sub_candidates": "",
    "hosting_capacity_flag": "likely",
    "removal_risk": "low",
    "risk_reason": "Party asks total ~$450M against $2.68B (~17%), far milder than the 2023 rejection, and ICC Staff finds the plan substantially compliant. Only one Capacity Expansion project is targeted for removal.",
    "program_id": "",
    "itn": "",
    "ce_type": "",
    "voltage_kv": "",
    "driver": "",
    "nwa_status": "",
    "source": "ICC Staff Ex. 15.02 (Docket 26-0051), 2026-05-07",
    "notes": "Voltage conversion raises feeder capacity; Ameren publishes no MW-per-conversion factor."
   },
   "geometry": {
    "type": "Polygon",
    "coordinates": [
     [
      [
       -89.458517,
       39.1611
      ],
      [
       -89.458697,
       39.163941
      ],
      [
       -89.459236,
       39.166755
      ],
      [
       -89.460127,
       39.169514
      ],
      [
       -89.461363,
       39.172192
      ],
      [
       -89.462931,
       39.174764
      ],
      [
       -89.464817,
       39.177203
      ],
      [
       -89.467003,
       39.179488
      ],
      [
       -89.469466,
       39.181596
      ],
      [
       -89.472185,
       39.183506
      ],
      [
       -89.475131,
       39.185201
      ],
      [
       -89.478278,
       39.186663
      ],
      [
       -89.481594,
       39.187879
      ],
      [
       -89.485048,
       39.188837
      ],
      [
       -89.488607,
       39.189529
      ],
      [
       -89.492236,
       39.189946
      ],
      [
       -89.4959,
       39.190086
      ],
      [
       -89.499564,
       39.189946
      ],
      [
       -89.503193,
       39.189529
      ],
      [
       -89.506752,
       39.188837
      ],
      [
       -89.510206,
       39.187879
      ],
      [
       -89.513522,
       39.186663
      ],
      [
       -89.516669,
       39.185201
      ],
      [
       -89.519615,
       39.183506
      ],
      [
       -89.522334,
       39.181596
      ],
      [
       -89.524797,
       39.179488
      ],
      [
       -89.526983,
       39.177203
      ],
      [
       -89.528869,
       39.174764
      ],
      [
       -89.530437,
       39.172192
      ],
      [
       -89.531673,
       39.169514
      ],
      [
       -89.532564,
       39.166755
      ],
      [
       -89.533103,
       39.163941
      ],
      [
       -89.533283,
       39.1611
      ],
      [
       -89.533103,
       39.158259
      ],
      [
       -89.532564,
       39.155445
      ],
      [
       -89.531673,
       39.152686
      ],
      [
       -89.530437,
       39.150008
      ],
      [
       -89.528869,
       39.147436
      ],
      [
       -89.526983,
       39.144997
      ],
      [
       -89.524797,
       39.142712
      ],
      [
       -89.522334,
       39.140604
      ],
      [
       -89.519615,
       39.138694
      ],
      [
       -89.516669,
       39.136999
      ],
      [
       -89.513522,
       39.135537
      ],
      [
       -89.510206,
       39.134321
      ],
      [
       -89.506752,
       39.133363
      ],
      [
       -89.503193,
       39.132671
      ],
      [
       -89.499564,
       39.132254
      ],
      [
       -89.4959,
       39.132114
      ],
      [
       -89.492236,
       39.132254
      ],
      [
       -89.488607,
       39.132671
      ],
      [
       -89.485048,
       39.133363
      ],
      [
       -89.481594,
       39.134321
      ],
      [
       -89.478278,
       39.135537
      ],
      [
       -89.475131,
       39.136999
      ],
      [
       -89.472185,
       39.138694
      ],
      [
       -89.469466,
       39.140604
      ],
      [
       -89.467003,
       39.142712
      ],
      [
       -89.464817,
       39.144997
      ],
      [
       -89.462931,
       39.147436
      ],
      [
       -89.461363,
       39.150008
      ],
      [
       -89.460127,
       39.152686
      ],
      [
       -89.459236,
       39.155445
      ],
      [
       -89.458697,
       39.158259
      ],
      [
       -89.458517,
       39.1611
      ]
     ]
    ]
   }
  },
  {
   "type": "Feature",
   "properties": {
    "utility": "Ameren Illinois",
    "docket": "26-0051",
    "status": "proposed",
    "group": "3. Feeders & lines",
    "project_id": "AIC13736",
    "project_name": "Decatur E Main St 4-12kV Conversion",
    "category": "Capacity Expansion",
    "asset_type": "voltage conversion 4kV-12kV",
    "feeder_id": "",
    "substation": "",
    "place": "Decatur",
    "county": "Macon",
    "region": "",
    "program_year": 2028,
    "cost_usd": 5408516,
    "est_headroom_mw": "",
    "loc_method": "municipality_centroid",
    "uncertainty_mi": 2.0,
    "feeder_match": "",
    "sub_nearest": "",
    "sub_nearest_mi": "",
    "sub_hc_kw": "",
    "sub_candidates": "",
    "hosting_capacity_flag": "likely",
    "removal_risk": "low",
    "risk_reason": "Party asks total ~$450M against $2.68B (~17%), far milder than the 2023 rejection, and ICC Staff finds the plan substantially compliant. Only one Capacity Expansion project is targeted for removal.",
    "program_id": "",
    "itn": "",
    "ce_type": "",
    "voltage_kv": "",
    "driver": "",
    "nwa_status": "",
    "source": "ICC Staff Ex. 15.02 (Docket 26-0051), 2026-05-07",
    "notes": "Voltage conversion raises feeder capacity; Ameren publishes no MW-per-conversion factor."
   },
   "geometry": {
    "type": "Polygon",
    "coordinates": [
     [
      [
       -88.91705,
       39.8403
      ],
      [
       -88.917232,
       39.843141
      ],
      [
       -88.917776,
       39.845955
      ],
      [
       -88.918676,
       39.848714
      ],
      [
       -88.919924,
       39.851392
      ],
      [
       -88.921508,
       39.853964
      ],
      [
       -88.923412,
       39.856403
      ],
      [
       -88.925619,
       39.858688
      ],
      [
       -88.928107,
       39.860796
      ],
      [
       -88.930852,
       39.862706
      ],
      [
       -88.933827,
       39.864401
      ],
      [
       -88.937005,
       39.865863
      ],
      [
       -88.940354,
       39.867079
      ],
      [
       -88.943842,
       39.868037
      ],
      [
       -88.947435,
       39.868729
      ],
      [
       -88.9511,
       39.869146
      ],
      [
       -88.9548,
       39.869286
      ],
      [
       -88.9585,
       39.869146
      ],
      [
       -88.962165,
       39.868729
      ],
      [
       -88.965758,
       39.868037
      ],
      [
       -88.969246,
       39.867079
      ],
      [
       -88.972595,
       39.865863
      ],
      [
       -88.975773,
       39.864401
      ],
      [
       -88.978748,
       39.862706
      ],
      [
       -88.981493,
       39.860796
      ],
      [
       -88.983981,
       39.858688
      ],
      [
       -88.986188,
       39.856403
      ],
      [
       -88.988092,
       39.853964
      ],
      [
       -88.989676,
       39.851392
      ],
      [
       -88.990924,
       39.848714
      ],
      [
       -88.991824,
       39.845955
      ],
      [
       -88.992368,
       39.843141
      ],
      [
       -88.99255,
       39.8403
      ],
      [
       -88.992368,
       39.837459
      ],
      [
       -88.991824,
       39.834645
      ],
      [
       -88.990924,
       39.831886
      ],
      [
       -88.989676,
       39.829208
      ],
      [
       -88.988092,
       39.826636
      ],
      [
       -88.986188,
       39.824197
      ],
      [
       -88.983981,
       39.821912
      ],
      [
       -88.981493,
       39.819804
      ],
      [
       -88.978748,
       39.817894
      ],
      [
       -88.975773,
       39.816199
      ],
      [
       -88.972595,
       39.814737
      ],
      [
       -88.969246,
       39.813521
      ],
      [
       -88.965758,
       39.812563
      ],
      [
       -88.962165,
       39.811871
      ],
      [
       -88.9585,
       39.811454
      ],
      [
       -88.9548,
       39.811314
      ],
      [
       -88.9511,
       39.811454
      ],
      [
       -88.947435,
       39.811871
      ],
      [
       -88.943842,
       39.812563
      ],
      [
       -88.940354,
       39.813521
      ],
      [
       -88.937005,
       39.814737
      ],
      [
       -88.933827,
       39.816199
      ],
      [
       -88.930852,
       39.817894
      ],
      [
       -88.928107,
       39.819804
      ],
      [
       -88.925619,
       39.821912
      ],
      [
       -88.923412,
       39.824197
      ],
      [
       -88.921508,
       39.826636
      ],
      [
       -88.919924,
       39.829208
      ],
      [
       -88.918676,
       39.831886
      ],
      [
       -88.917776,
       39.834645
      ],
      [
       -88.917232,
       39.837459
      ],
      [
       -88.91705,
       39.8403
      ]
     ]
    ]
   }
  },
  {
   "type": "Feature",
   "properties": {
    "utility": "Ameren Illinois",
    "docket": "26-0051",
    "status": "proposed",
    "group": "3. Feeders & lines",
    "project_id": "AIC13747",
    "project_name": "NRE DEC E Main Conversion",
    "category": "Capacity Expansion",
    "asset_type": "voltage conversion 4kV-12kV",
    "feeder_id": "",
    "substation": "",
    "place": "Decatur",
    "county": "Macon",
    "region": "Northern",
    "program_year": 2028,
    "cost_usd": 2155563,
    "est_headroom_mw": "",
    "loc_method": "municipality_centroid",
    "uncertainty_mi": 2.0,
    "feeder_match": "",
    "sub_nearest": "",
    "sub_nearest_mi": "",
    "sub_hc_kw": "",
    "sub_candidates": "",
    "hosting_capacity_flag": "likely",
    "removal_risk": "low",
    "risk_reason": "Party asks total ~$450M against $2.68B (~17%), far milder than the 2023 rejection, and ICC Staff finds the plan substantially compliant. Only one Capacity Expansion project is targeted for removal.",
    "program_id": "",
    "itn": "",
    "ce_type": "",
    "voltage_kv": "",
    "driver": "",
    "nwa_status": "",
    "source": "ICC Staff Ex. 15.02 (Docket 26-0051), 2026-05-07",
    "notes": "Voltage conversion raises feeder capacity; Ameren publishes no MW-per-conversion factor."
   },
   "geometry": {
    "type": "Polygon",
    "coordinates": [
     [
      [
       -88.91705,
       39.8403
      ],
      [
       -88.917232,
       39.843141
      ],
      [
       -88.917776,
       39.845955
      ],
      [
       -88.918676,
       39.848714
      ],
      [
       -88.919924,
       39.851392
      ],
      [
       -88.921508,
       39.853964
      ],
      [
       -88.923412,
       39.856403
      ],
      [
       -88.925619,
       39.858688
      ],
      [
       -88.928107,
       39.860796
      ],
      [
       -88.930852,
       39.862706
      ],
      [
       -88.933827,
       39.864401
      ],
      [
       -88.937005,
       39.865863
      ],
      [
       -88.940354,
       39.867079
      ],
      [
       -88.943842,
       39.868037
      ],
      [
       -88.947435,
       39.868729
      ],
      [
       -88.9511,
       39.869146
      ],
      [
       -88.9548,
       39.869286
      ],
      [
       -88.9585,
       39.869146
      ],
      [
       -88.962165,
       39.868729
      ],
      [
       -88.965758,
       39.868037
      ],
      [
       -88.969246,
       39.867079
      ],
      [
       -88.972595,
       39.865863
      ],
      [
       -88.975773,
       39.864401
      ],
      [
       -88.978748,
       39.862706
      ],
      [
       -88.981493,
       39.860796
      ],
      [
       -88.983981,
       39.858688
      ],
      [
       -88.986188,
       39.856403
      ],
      [
       -88.988092,
       39.853964
      ],
      [
       -88.989676,
       39.851392
      ],
      [
       -88.990924,
       39.848714
      ],
      [
       -88.991824,
       39.845955
      ],
      [
       -88.992368,
       39.843141
      ],
      [
       -88.99255,
       39.8403
      ],
      [
       -88.992368,
       39.837459
      ],
      [
       -88.991824,
       39.834645
      ],
      [
       -88.990924,
       39.831886
      ],
      [
       -88.989676,
       39.829208
      ],
      [
       -88.988092,
       39.826636
      ],
      [
       -88.986188,
       39.824197
      ],
      [
       -88.983981,
       39.821912
      ],
      [
       -88.981493,
       39.819804
      ],
      [
       -88.978748,
       39.817894
      ],
      [
       -88.975773,
       39.816199
      ],
      [
       -88.972595,
       39.814737
      ],
      [
       -88.969246,
       39.813521
      ],
      [
       -88.965758,
       39.812563
      ],
      [
       -88.962165,
       39.811871
      ],
      [
       -88.9585,
       39.811454
      ],
      [
       -88.9548,
       39.811314
      ],
      [
       -88.9511,
       39.811454
      ],
      [
       -88.947435,
       39.811871
      ],
      [
       -88.943842,
       39.812563
      ],
      [
       -88.940354,
       39.813521
      ],
      [
       -88.937005,
       39.814737
      ],
      [
       -88.933827,
       39.816199
      ],
      [
       -88.930852,
       39.817894
      ],
      [
       -88.928107,
       39.819804
      ],
      [
       -88.925619,
       39.821912
      ],
      [
       -88.923412,
       39.824197
      ],
      [
       -88.921508,
       39.826636
      ],
      [
       -88.919924,
       39.829208
      ],
      [
       -88.918676,
       39.831886
      ],
      [
       -88.917776,
       39.834645
      ],
      [
       -88.917232,
       39.837459
      ],
      [
       -88.91705,
       39.8403
      ]
     ]
    ]
   }
  },
  {
   "type": "Feature",
   "properties": {
    "utility": "Ameren Illinois",
    "docket": "26-0051",
    "status": "proposed",
    "group": "3. Feeders & lines",
    "project_id": "AIC13741",
    "project_name": "Bloomington Division St Units 2 & 3 12kV Conversion",
    "category": "Capacity Expansion",
    "asset_type": "voltage conversion 4kV-12kV",
    "feeder_id": "",
    "substation": "",
    "place": "Bloomington",
    "county": "McLean",
    "region": "",
    "program_year": 2031,
    "cost_usd": 7180123,
    "est_headroom_mw": "",
    "loc_method": "municipality_centroid",
    "uncertainty_mi": 2.0,
    "feeder_match": "",
    "sub_nearest": "",
    "sub_nearest_mi": "",
    "sub_hc_kw": "",
    "sub_candidates": "",
    "hosting_capacity_flag": "likely",
    "removal_risk": "high",
    "risk_reason": "The AG specifically targets this project ($7.9M) as cost-ineffective - the ONLY Ameren Capacity Expansion project any party seeks to remove on those grounds.",
    "program_id": "",
    "itn": "",
    "ce_type": "",
    "voltage_kv": "",
    "driver": "",
    "nwa_status": "",
    "source": "ICC Staff Ex. 15.02 (Docket 26-0051), 2026-05-07",
    "notes": "Voltage conversion raises feeder capacity; Ameren publishes no MW-per-conversion factor."
   },
   "geometry": {
    "type": "Polygon",
    "coordinates": [
     [
      [
       -88.955591,
       40.4842
      ],
      [
       -88.955774,
       40.487041
      ],
      [
       -88.956323,
       40.489855
      ],
      [
       -88.957231,
       40.492614
      ],
      [
       -88.958491,
       40.495292
      ],
      [
       -88.96009,
       40.497864
      ],
      [
       -88.962013,
       40.500303
      ],
      [
       -88.964241,
       40.502588
      ],
      [
       -88.966753,
       40.504696
      ],
      [
       -88.969524,
       40.506606
      ],
      [
       -88.972528,
       40.508301
      ],
      [
       -88.975735,
       40.509763
      ],
      [
       -88.979116,
       40.510979
      ],
      [
       -88.982637,
       40.511937
      ],
      [
       -88.986265,
       40.512629
      ],
      [
       -88.989965,
       40.513046
      ],
      [
       -88.9937,
       40.513186
      ],
      [
       -88.997435,
       40.513046
      ],
      [
       -89.001135,
       40.512629
      ],
      [
       -89.004763,
       40.511937
      ],
      [
       -89.008284,
       40.510979
      ],
      [
       -89.011665,
       40.509763
      ],
      [
       -89.014872,
       40.508301
      ],
      [
       -89.017876,
       40.506606
      ],
      [
       -89.020647,
       40.504696
      ],
      [
       -89.023159,
       40.502588
      ],
      [
       -89.025387,
       40.500303
      ],
      [
       -89.02731,
       40.497864
      ],
      [
       -89.028909,
       40.495292
      ],
      [
       -89.030169,
       40.492614
      ],
      [
       -89.031077,
       40.489855
      ],
      [
       -89.031626,
       40.487041
      ],
      [
       -89.031809,
       40.4842
      ],
      [
       -89.031626,
       40.481359
      ],
      [
       -89.031077,
       40.478545
      ],
      [
       -89.030169,
       40.475786
      ],
      [
       -89.028909,
       40.473108
      ],
      [
       -89.02731,
       40.470536
      ],
      [
       -89.025387,
       40.468097
      ],
      [
       -89.023159,
       40.465812
      ],
      [
       -89.020647,
       40.463704
      ],
      [
       -89.017876,
       40.461794
      ],
      [
       -89.014872,
       40.460099
      ],
      [
       -89.011665,
       40.458637
      ],
      [
       -89.008284,
       40.457421
      ],
      [
       -89.004763,
       40.456463
      ],
      [
       -89.001135,
       40.455771
      ],
      [
       -88.997435,
       40.455354
      ],
      [
       -88.9937,
       40.455214
      ],
      [
       -88.989965,
       40.455354
      ],
      [
       -88.986265,
       40.455771
      ],
      [
       -88.982637,
       40.456463
      ],
      [
       -88.979116,
       40.457421
      ],
      [
       -88.975735,
       40.458637
      ],
      [
       -88.972528,
       40.460099
      ],
      [
       -88.969524,
       40.461794
      ],
      [
       -88.966753,
       40.463704
      ],
      [
       -88.964241,
       40.465812
      ],
      [
       -88.962013,
       40.468097
      ],
      [
       -88.96009,
       40.470536
      ],
      [
       -88.958491,
       40.473108
      ],
      [
       -88.957231,
       40.475786
      ],
      [
       -88.956323,
       40.478545
      ],
      [
       -88.955774,
       40.481359
      ],
      [
       -88.955591,
       40.4842
      ]
     ]
    ]
   }
  },
  {
   "type": "Feature",
   "properties": {
    "utility": "Ameren Illinois",
    "docket": "26-0051",
    "status": "proposed",
    "group": "3. Feeders & lines",
    "project_id": "AIC13748",
    "project_name": "NRE BLM Division St Conversion",
    "category": "Capacity Expansion",
    "asset_type": "voltage conversion 4kV-12kV",
    "feeder_id": "",
    "substation": "",
    "place": "Bloomington",
    "county": "McLean",
    "region": "Northern",
    "program_year": 2031,
    "cost_usd": 5000875,
    "est_headroom_mw": "",
    "loc_method": "municipality_centroid",
    "uncertainty_mi": 2.0,
    "feeder_match": "",
    "sub_nearest": "",
    "sub_nearest_mi": "",
    "sub_hc_kw": "",
    "sub_candidates": "",
    "hosting_capacity_flag": "likely",
    "removal_risk": "high",
    "risk_reason": "The AG specifically targets this project ($7.9M) as cost-ineffective - the ONLY Ameren Capacity Expansion project any party seeks to remove on those grounds.",
    "program_id": "",
    "itn": "",
    "ce_type": "",
    "voltage_kv": "",
    "driver": "",
    "nwa_status": "",
    "source": "ICC Staff Ex. 15.02 (Docket 26-0051), 2026-05-07",
    "notes": "Voltage conversion raises feeder capacity; Ameren publishes no MW-per-conversion factor."
   },
   "geometry": {
    "type": "Polygon",
    "coordinates": [
     [
      [
       -88.955591,
       40.4842
      ],
      [
       -88.955774,
       40.487041
      ],
      [
       -88.956323,
       40.489855
      ],
      [
       -88.957231,
       40.492614
      ],
      [
       -88.958491,
       40.495292
      ],
      [
       -88.96009,
       40.497864
      ],
      [
       -88.962013,
       40.500303
      ],
      [
       -88.964241,
       40.502588
      ],
      [
       -88.966753,
       40.504696
      ],
      [
       -88.969524,
       40.506606
      ],
      [
       -88.972528,
       40.508301
      ],
      [
       -88.975735,
       40.509763
      ],
      [
       -88.979116,
       40.510979
      ],
      [
       -88.982637,
       40.511937
      ],
      [
       -88.986265,
       40.512629
      ],
      [
       -88.989965,
       40.513046
      ],
      [
       -88.9937,
       40.513186
      ],
      [
       -88.997435,
       40.513046
      ],
      [
       -89.001135,
       40.512629
      ],
      [
       -89.004763,
       40.511937
      ],
      [
       -89.008284,
       40.510979
      ],
      [
       -89.011665,
       40.509763
      ],
      [
       -89.014872,
       40.508301
      ],
      [
       -89.017876,
       40.506606
      ],
      [
       -89.020647,
       40.504696
      ],
      [
       -89.023159,
       40.502588
      ],
      [
       -89.025387,
       40.500303
      ],
      [
       -89.02731,
       40.497864
      ],
      [
       -89.028909,
       40.495292
      ],
      [
       -89.030169,
       40.492614
      ],
      [
       -89.031077,
       40.489855
      ],
      [
       -89.031626,
       40.487041
      ],
      [
       -89.031809,
       40.4842
      ],
      [
       -89.031626,
       40.481359
      ],
      [
       -89.031077,
       40.478545
      ],
      [
       -89.030169,
       40.475786
      ],
      [
       -89.028909,
       40.473108
      ],
      [
       -89.02731,
       40.470536
      ],
      [
       -89.025387,
       40.468097
      ],
      [
       -89.023159,
       40.465812
      ],
      [
       -89.020647,
       40.463704
      ],
      [
       -89.017876,
       40.461794
      ],
      [
       -89.014872,
       40.460099
      ],
      [
       -89.011665,
       40.458637
      ],
      [
       -89.008284,
       40.457421
      ],
      [
       -89.004763,
       40.456463
      ],
      [
       -89.001135,
       40.455771
      ],
      [
       -88.997435,
       40.455354
      ],
      [
       -88.9937,
       40.455214
      ],
      [
       -88.989965,
       40.455354
      ],
      [
       -88.986265,
       40.455771
      ],
      [
       -88.982637,
       40.456463
      ],
      [
       -88.979116,
       40.457421
      ],
      [
       -88.975735,
       40.458637
      ],
      [
       -88.972528,
       40.460099
      ],
      [
       -88.969524,
       40.461794
      ],
      [
       -88.966753,
       40.463704
      ],
      [
       -88.964241,
       40.465812
      ],
      [
       -88.962013,
       40.468097
      ],
      [
       -88.96009,
       40.470536
      ],
      [
       -88.958491,
       40.473108
      ],
      [
       -88.957231,
       40.475786
      ],
      [
       -88.956323,
       40.478545
      ],
      [
       -88.955774,
       40.481359
      ],
      [
       -88.955591,
       40.4842
      ]
     ]
    ]
   }
  },
  {
   "type": "Feature",
   "properties": {
    "utility": "Ameren Illinois",
    "docket": "26-0051",
    "status": "proposed",
    "group": "3. Feeders & lines",
    "project_id": "AIC13782",
    "project_name": "Kewanee N 4-12kV Conversion",
    "category": "Capacity Expansion",
    "asset_type": "voltage conversion 4kV-12kV",
    "feeder_id": "",
    "substation": "",
    "place": "Kewanee",
    "county": "Henry",
    "region": "",
    "program_year": 2029,
    "cost_usd": 5402706,
    "est_headroom_mw": "",
    "loc_method": "municipality_centroid",
    "uncertainty_mi": 2.0,
    "feeder_match": "",
    "sub_nearest": "",
    "sub_nearest_mi": "",
    "sub_hc_kw": "",
    "sub_candidates": "",
    "hosting_capacity_flag": "likely",
    "removal_risk": "low",
    "risk_reason": "Party asks total ~$450M against $2.68B (~17%), far milder than the 2023 rejection, and ICC Staff finds the plan substantially compliant. Only one Capacity Expansion project is targeted for removal.",
    "program_id": "",
    "itn": "",
    "ce_type": "",
    "voltage_kv": "",
    "driver": "",
    "nwa_status": "",
    "source": "ICC Staff Ex. 15.02 (Docket 26-0051), 2026-05-07",
    "notes": "Voltage conversion raises feeder capacity; Ameren publishes no MW-per-conversion factor."
   },
   "geometry": {
    "type": "Polygon",
    "coordinates": [
     [
      [
       -89.88625,
       41.2453
      ],
      [
       -89.886436,
       41.248141
      ],
      [
       -89.886991,
       41.250955
      ],
      [
       -89.88791,
       41.253714
      ],
      [
       -89.889184,
       41.256392
      ],
      [
       -89.890802,
       41.258964
      ],
      [
       -89.892747,
       41.261403
      ],
      [
       -89.895,
       41.263688
      ],
      [
       -89.897541,
       41.265796
      ],
      [
       -89.900344,
       41.267706
      ],
      [
       -89.903383,
       41.269401
      ],
      [
       -89.906628,
       41.270863
      ],
      [
       -89.910048,
       41.272079
      ],
      [
       -89.91361,
       41.273037
      ],
      [
       -89.917279,
       41.273729
      ],
      [
       -89.921021,
       41.274146
      ],
      [
       -89.9248,
       41.274286
      ],
      [
       -89.928579,
       41.274146
      ],
      [
       -89.932321,
       41.273729
      ],
      [
       -89.93599,
       41.273037
      ],
      [
       -89.939552,
       41.272079
      ],
      [
       -89.942972,
       41.270863
      ],
      [
       -89.946217,
       41.269401
      ],
      [
       -89.949256,
       41.267706
      ],
      [
       -89.952059,
       41.265796
      ],
      [
       -89.9546,
       41.263688
      ],
      [
       -89.956853,
       41.261403
      ],
      [
       -89.958798,
       41.258964
      ],
      [
       -89.960416,
       41.256392
      ],
      [
       -89.96169,
       41.253714
      ],
      [
       -89.962609,
       41.250955
      ],
      [
       -89.963164,
       41.248141
      ],
      [
       -89.96335,
       41.2453
      ],
      [
       -89.963164,
       41.242459
      ],
      [
       -89.962609,
       41.239645
      ],
      [
       -89.96169,
       41.236886
      ],
      [
       -89.960416,
       41.234208
      ],
      [
       -89.958798,
       41.231636
      ],
      [
       -89.956853,
       41.229197
      ],
      [
       -89.9546,
       41.226912
      ],
      [
       -89.952059,
       41.224804
      ],
      [
       -89.949256,
       41.222894
      ],
      [
       -89.946217,
       41.221199
      ],
      [
       -89.942972,
       41.219737
      ],
      [
       -89.939552,
       41.218521
      ],
      [
       -89.93599,
       41.217563
      ],
      [
       -89.932321,
       41.216871
      ],
      [
       -89.928579,
       41.216454
      ],
      [
       -89.9248,
       41.216314
      ],
      [
       -89.921021,
       41.216454
      ],
      [
       -89.917279,
       41.216871
      ],
      [
       -89.91361,
       41.217563
      ],
      [
       -89.910048,
       41.218521
      ],
      [
       -89.906628,
       41.219737
      ],
      [
       -89.903383,
       41.221199
      ],
      [
       -89.900344,
       41.222894
      ],
      [
       -89.897541,
       41.224804
      ],
      [
       -89.895,
       41.226912
      ],
      [
       -89.892747,
       41.229197
      ],
      [
       -89.890802,
       41.231636
      ],
      [
       -89.889184,
       41.234208
      ],
      [
       -89.88791,
       41.236886
      ],
      [
       -89.886991,
       41.239645
      ],
      [
       -89.886436,
       41.242459
      ],
      [
       -89.88625,
       41.2453
      ]
     ]
    ]
   }
  },
  {
   "type": "Feature",
   "properties": {
    "utility": "Ameren Illinois",
    "docket": "26-0051",
    "status": "proposed",
    "group": "3. Feeders & lines",
    "project_id": "AIC13924",
    "project_name": "NRE PPK Cleveland 12kV Conversion Feeder 1",
    "category": "Capacity Expansion",
    "asset_type": "voltage conversion 4kV-12kV",
    "feeder_id": "",
    "substation": "",
    "place": "Pekin",
    "county": "Tazewell",
    "region": "Northern",
    "program_year": 2030,
    "cost_usd": 131229,
    "est_headroom_mw": "",
    "loc_method": "municipality_centroid",
    "uncertainty_mi": 2.0,
    "feeder_match": "",
    "sub_nearest": "",
    "sub_nearest_mi": "",
    "sub_hc_kw": "",
    "sub_candidates": "",
    "hosting_capacity_flag": "likely",
    "removal_risk": "low",
    "risk_reason": "Party asks total ~$450M against $2.68B (~17%), far milder than the 2023 rejection, and ICC Staff finds the plan substantially compliant. Only one Capacity Expansion project is targeted for removal.",
    "program_id": "",
    "itn": "",
    "ce_type": "",
    "voltage_kv": "",
    "driver": "",
    "nwa_status": "",
    "source": "ICC Staff Ex. 15.02 (Docket 26-0051), 2026-05-07",
    "notes": "Voltage conversion raises feeder capacity; Ameren publishes no MW-per-conversion factor."
   },
   "geometry": {
    "type": "Polygon",
    "coordinates": [
     [
      [
       -89.602543,
       40.5675
      ],
      [
       -89.602727,
       40.570341
      ],
      [
       -89.603276,
       40.573155
      ],
      [
       -89.604186,
       40.575914
      ],
      [
       -89.605448,
       40.578592
      ],
      [
       -89.607049,
       40.581164
      ],
      [
       -89.608974,
       40.583603
      ],
      [
       -89.611204,
       40.585888
      ],
      [
       -89.613719,
       40.587996
      ],
      [
       -89.616494,
       40.589906
      ],
      [
       -89.619501,
       40.591601
      ],
      [
       -89.622713,
       40.593063
      ],
      [
       -89.626098,
       40.594279
      ],
      [
       -89.629624,
       40.595237
      ],
      [
       -89.633256,
       40.595929
      ],
      [
       -89.63696,
       40.596346
      ],
      [
       -89.6407,
       40.596486
      ],
      [
       -89.64444,
       40.596346
      ],
      [
       -89.648144,
       40.595929
      ],
      [
       -89.651776,
       40.595237
      ],
      [
       -89.655302,
       40.594279
      ],
      [
       -89.658687,
       40.593063
      ],
      [
       -89.661899,
       40.591601
      ],
      [
       -89.664906,
       40.589906
      ],
      [
       -89.667681,
       40.587996
      ],
      [
       -89.670196,
       40.585888
      ],
      [
       -89.672426,
       40.583603
      ],
      [
       -89.674351,
       40.581164
      ],
      [
       -89.675952,
       40.578592
      ],
      [
       -89.677214,
       40.575914
      ],
      [
       -89.678124,
       40.573155
      ],
      [
       -89.678673,
       40.570341
      ],
      [
       -89.678857,
       40.5675
      ],
      [
       -89.678673,
       40.564659
      ],
      [
       -89.678124,
       40.561845
      ],
      [
       -89.677214,
       40.559086
      ],
      [
       -89.675952,
       40.556408
      ],
      [
       -89.674351,
       40.553836
      ],
      [
       -89.672426,
       40.551397
      ],
      [
       -89.670196,
       40.549112
      ],
      [
       -89.667681,
       40.547004
      ],
      [
       -89.664906,
       40.545094
      ],
      [
       -89.661899,
       40.543399
      ],
      [
       -89.658687,
       40.541937
      ],
      [
       -89.655302,
       40.540721
      ],
      [
       -89.651776,
       40.539763
      ],
      [
       -89.648144,
       40.539071
      ],
      [
       -89.64444,
       40.538654
      ],
      [
       -89.6407,
       40.538514
      ],
      [
       -89.63696,
       40.538654
      ],
      [
       -89.633256,
       40.539071
      ],
      [
       -89.629624,
       40.539763
      ],
      [
       -89.626098,
       40.540721
      ],
      [
       -89.622713,
       40.541937
      ],
      [
       -89.619501,
       40.543399
      ],
      [
       -89.616494,
       40.545094
      ],
      [
       -89.613719,
       40.547004
      ],
      [
       -89.611204,
       40.549112
      ],
      [
       -89.608974,
       40.551397
      ],
      [
       -89.607049,
       40.553836
      ],
      [
       -89.605448,
       40.556408
      ],
      [
       -89.604186,
       40.559086
      ],
      [
       -89.603276,
       40.561845
      ],
      [
       -89.602727,
       40.564659
      ],
      [
       -89.602543,
       40.5675
      ]
     ]
    ]
   }
  },
  {
   "type": "Feature",
   "properties": {
    "utility": "Ameren Illinois",
    "docket": "26-0051",
    "status": "proposed",
    "group": "3. Feeders & lines",
    "project_id": "AIC13925",
    "project_name": "NRE PPK Cleveland 12kV Conversion Feeder 2",
    "category": "Capacity Expansion",
    "asset_type": "voltage conversion 4kV-12kV",
    "feeder_id": "",
    "substation": "",
    "place": "Pekin",
    "county": "Tazewell",
    "region": "Northern",
    "program_year": 2030,
    "cost_usd": 153583,
    "est_headroom_mw": "",
    "loc_method": "municipality_centroid",
    "uncertainty_mi": 2.0,
    "feeder_match": "",
    "sub_nearest": "",
    "sub_nearest_mi": "",
    "sub_hc_kw": "",
    "sub_candidates": "",
    "hosting_capacity_flag": "likely",
    "removal_risk": "low",
    "risk_reason": "Party asks total ~$450M against $2.68B (~17%), far milder than the 2023 rejection, and ICC Staff finds the plan substantially compliant. Only one Capacity Expansion project is targeted for removal.",
    "program_id": "",
    "itn": "",
    "ce_type": "",
    "voltage_kv": "",
    "driver": "",
    "nwa_status": "",
    "source": "ICC Staff Ex. 15.02 (Docket 26-0051), 2026-05-07",
    "notes": "Voltage conversion raises feeder capacity; Ameren publishes no MW-per-conversion factor."
   },
   "geometry": {
    "type": "Polygon",
    "coordinates": [
     [
      [
       -89.602543,
       40.5675
      ],
      [
       -89.602727,
       40.570341
      ],
      [
       -89.603276,
       40.573155
      ],
      [
       -89.604186,
       40.575914
      ],
      [
       -89.605448,
       40.578592
      ],
      [
       -89.607049,
       40.581164
      ],
      [
       -89.608974,
       40.583603
      ],
      [
       -89.611204,
       40.585888
      ],
      [
       -89.613719,
       40.587996
      ],
      [
       -89.616494,
       40.589906
      ],
      [
       -89.619501,
       40.591601
      ],
      [
       -89.622713,
       40.593063
      ],
      [
       -89.626098,
       40.594279
      ],
      [
       -89.629624,
       40.595237
      ],
      [
       -89.633256,
       40.595929
      ],
      [
       -89.63696,
       40.596346
      ],
      [
       -89.6407,
       40.596486
      ],
      [
       -89.64444,
       40.596346
      ],
      [
       -89.648144,
       40.595929
      ],
      [
       -89.651776,
       40.595237
      ],
      [
       -89.655302,
       40.594279
      ],
      [
       -89.658687,
       40.593063
      ],
      [
       -89.661899,
       40.591601
      ],
      [
       -89.664906,
       40.589906
      ],
      [
       -89.667681,
       40.587996
      ],
      [
       -89.670196,
       40.585888
      ],
      [
       -89.672426,
       40.583603
      ],
      [
       -89.674351,
       40.581164
      ],
      [
       -89.675952,
       40.578592
      ],
      [
       -89.677214,
       40.575914
      ],
      [
       -89.678124,
       40.573155
      ],
      [
       -89.678673,
       40.570341
      ],
      [
       -89.678857,
       40.5675
      ],
      [
       -89.678673,
       40.564659
      ],
      [
       -89.678124,
       40.561845
      ],
      [
       -89.677214,
       40.559086
      ],
      [
       -89.675952,
       40.556408
      ],
      [
       -89.674351,
       40.553836
      ],
      [
       -89.672426,
       40.551397
      ],
      [
       -89.670196,
       40.549112
      ],
      [
       -89.667681,
       40.547004
      ],
      [
       -89.664906,
       40.545094
      ],
      [
       -89.661899,
       40.543399
      ],
      [
       -89.658687,
       40.541937
      ],
      [
       -89.655302,
       40.540721
      ],
      [
       -89.651776,
       40.539763
      ],
      [
       -89.648144,
       40.539071
      ],
      [
       -89.64444,
       40.538654
      ],
      [
       -89.6407,
       40.538514
      ],
      [
       -89.63696,
       40.538654
      ],
      [
       -89.633256,
       40.539071
      ],
      [
       -89.629624,
       40.539763
      ],
      [
       -89.626098,
       40.540721
      ],
      [
       -89.622713,
       40.541937
      ],
      [
       -89.619501,
       40.543399
      ],
      [
       -89.616494,
       40.545094
      ],
      [
       -89.613719,
       40.547004
      ],
      [
       -89.611204,
       40.549112
      ],
      [
       -89.608974,
       40.551397
      ],
      [
       -89.607049,
       40.553836
      ],
      [
       -89.605448,
       40.556408
      ],
      [
       -89.604186,
       40.559086
      ],
      [
       -89.603276,
       40.561845
      ],
      [
       -89.602727,
       40.564659
      ],
      [
       -89.602543,
       40.5675
      ]
     ]
    ]
   }
  },
  {
   "type": "Feature",
   "properties": {
    "utility": "Ameren Illinois",
    "docket": "26-0051",
    "status": "proposed",
    "group": "3. Feeders & lines",
    "project_id": "AIC13926",
    "project_name": "NRE PPK Cleveland 12kV Conversion Feeder 3",
    "category": "Capacity Expansion",
    "asset_type": "voltage conversion 4kV-12kV",
    "feeder_id": "",
    "substation": "",
    "place": "Pekin",
    "county": "Tazewell",
    "region": "Northern",
    "program_year": 2030,
    "cost_usd": 100123,
    "est_headroom_mw": "",
    "loc_method": "municipality_centroid",
    "uncertainty_mi": 2.0,
    "feeder_match": "",
    "sub_nearest": "",
    "sub_nearest_mi": "",
    "sub_hc_kw": "",
    "sub_candidates": "",
    "hosting_capacity_flag": "likely",
    "removal_risk": "low",
    "risk_reason": "Party asks total ~$450M against $2.68B (~17%), far milder than the 2023 rejection, and ICC Staff finds the plan substantially compliant. Only one Capacity Expansion project is targeted for removal.",
    "program_id": "",
    "itn": "",
    "ce_type": "",
    "voltage_kv": "",
    "driver": "",
    "nwa_status": "",
    "source": "ICC Staff Ex. 15.02 (Docket 26-0051), 2026-05-07",
    "notes": "Voltage conversion raises feeder capacity; Ameren publishes no MW-per-conversion factor."
   },
   "geometry": {
    "type": "Polygon",
    "coordinates": [
     [
      [
       -89.602543,
       40.5675
      ],
      [
       -89.602727,
       40.570341
      ],
      [
       -89.603276,
       40.573155
      ],
      [
       -89.604186,
       40.575914
      ],
      [
       -89.605448,
       40.578592
      ],
      [
       -89.607049,
       40.581164
      ],
      [
       -89.608974,
       40.583603
      ],
      [
       -89.611204,
       40.585888
      ],
      [
       -89.613719,
       40.587996
      ],
      [
       -89.616494,
       40.589906
      ],
      [
       -89.619501,
       40.591601
      ],
      [
       -89.622713,
       40.593063
      ],
      [
       -89.626098,
       40.594279
      ],
      [
       -89.629624,
       40.595237
      ],
      [
       -89.633256,
       40.595929
      ],
      [
       -89.63696,
       40.596346
      ],
      [
       -89.6407,
       40.596486
      ],
      [
       -89.64444,
       40.596346
      ],
      [
       -89.648144,
       40.595929
      ],
      [
       -89.651776,
       40.595237
      ],
      [
       -89.655302,
       40.594279
      ],
      [
       -89.658687,
       40.593063
      ],
      [
       -89.661899,
       40.591601
      ],
      [
       -89.664906,
       40.589906
      ],
      [
       -89.667681,
       40.587996
      ],
      [
       -89.670196,
       40.585888
      ],
      [
       -89.672426,
       40.583603
      ],
      [
       -89.674351,
       40.581164
      ],
      [
       -89.675952,
       40.578592
      ],
      [
       -89.677214,
       40.575914
      ],
      [
       -89.678124,
       40.573155
      ],
      [
       -89.678673,
       40.570341
      ],
      [
       -89.678857,
       40.5675
      ],
      [
       -89.678673,
       40.564659
      ],
      [
       -89.678124,
       40.561845
      ],
      [
       -89.677214,
       40.559086
      ],
      [
       -89.675952,
       40.556408
      ],
      [
       -89.674351,
       40.553836
      ],
      [
       -89.672426,
       40.551397
      ],
      [
       -89.670196,
       40.549112
      ],
      [
       -89.667681,
       40.547004
      ],
      [
       -89.664906,
       40.545094
      ],
      [
       -89.661899,
       40.543399
      ],
      [
       -89.658687,
       40.541937
      ],
      [
       -89.655302,
       40.540721
      ],
      [
       -89.651776,
       40.539763
      ],
      [
       -89.648144,
       40.539071
      ],
      [
       -89.64444,
       40.538654
      ],
      [
       -89.6407,
       40.538514
      ],
      [
       -89.63696,
       40.538654
      ],
      [
       -89.633256,
       40.539071
      ],
      [
       -89.629624,
       40.539763
      ],
      [
       -89.626098,
       40.540721
      ],
      [
       -89.622713,
       40.541937
      ],
      [
       -89.619501,
       40.543399
      ],
      [
       -89.616494,
       40.545094
      ],
      [
       -89.613719,
       40.547004
      ],
      [
       -89.611204,
       40.549112
      ],
      [
       -89.608974,
       40.551397
      ],
      [
       -89.607049,
       40.553836
      ],
      [
       -89.605448,
       40.556408
      ],
      [
       -89.604186,
       40.559086
      ],
      [
       -89.603276,
       40.561845
      ],
      [
       -89.602727,
       40.564659
      ],
      [
       -89.602543,
       40.5675
      ]
     ]
    ]
   }
  },
  {
   "type": "Feature",
   "properties": {
    "utility": "Ameren Illinois",
    "docket": "26-0051",
    "status": "proposed",
    "group": "3. Feeders & lines",
    "project_id": "AIC13927",
    "project_name": "NRE Kewanee N. Main (N67) 12kV Conversion Feeder 312",
    "category": "Capacity Expansion",
    "asset_type": "voltage conversion 4kV-12kV",
    "feeder_id": "",
    "substation": "",
    "place": "Kewanee",
    "county": "Henry",
    "region": "Northern",
    "program_year": 2029,
    "cost_usd": 409531,
    "est_headroom_mw": "",
    "loc_method": "municipality_centroid",
    "uncertainty_mi": 2.0,
    "feeder_match": "",
    "sub_nearest": "",
    "sub_nearest_mi": "",
    "sub_hc_kw": "",
    "sub_candidates": "",
    "hosting_capacity_flag": "likely",
    "removal_risk": "low",
    "risk_reason": "Party asks total ~$450M against $2.68B (~17%), far milder than the 2023 rejection, and ICC Staff finds the plan substantially compliant. Only one Capacity Expansion project is targeted for removal.",
    "program_id": "",
    "itn": "",
    "ce_type": "",
    "voltage_kv": "",
    "driver": "",
    "nwa_status": "",
    "source": "ICC Staff Ex. 15.02 (Docket 26-0051), 2026-05-07",
    "notes": "Voltage conversion raises feeder capacity; Ameren publishes no MW-per-conversion factor."
   },
   "geometry": {
    "type": "Polygon",
    "coordinates": [
     [
      [
       -89.88625,
       41.2453
      ],
      [
       -89.886436,
       41.248141
      ],
      [
       -89.886991,
       41.250955
      ],
      [
       -89.88791,
       41.253714
      ],
      [
       -89.889184,
       41.256392
      ],
      [
       -89.890802,
       41.258964
      ],
      [
       -89.892747,
       41.261403
      ],
      [
       -89.895,
       41.263688
      ],
      [
       -89.897541,
       41.265796
      ],
      [
       -89.900344,
       41.267706
      ],
      [
       -89.903383,
       41.269401
      ],
      [
       -89.906628,
       41.270863
      ],
      [
       -89.910048,
       41.272079
      ],
      [
       -89.91361,
       41.273037
      ],
      [
       -89.917279,
       41.273729
      ],
      [
       -89.921021,
       41.274146
      ],
      [
       -89.9248,
       41.274286
      ],
      [
       -89.928579,
       41.274146
      ],
      [
       -89.932321,
       41.273729
      ],
      [
       -89.93599,
       41.273037
      ],
      [
       -89.939552,
       41.272079
      ],
      [
       -89.942972,
       41.270863
      ],
      [
       -89.946217,
       41.269401
      ],
      [
       -89.949256,
       41.267706
      ],
      [
       -89.952059,
       41.265796
      ],
      [
       -89.9546,
       41.263688
      ],
      [
       -89.956853,
       41.261403
      ],
      [
       -89.958798,
       41.258964
      ],
      [
       -89.960416,
       41.256392
      ],
      [
       -89.96169,
       41.253714
      ],
      [
       -89.962609,
       41.250955
      ],
      [
       -89.963164,
       41.248141
      ],
      [
       -89.96335,
       41.2453
      ],
      [
       -89.963164,
       41.242459
      ],
      [
       -89.962609,
       41.239645
      ],
      [
       -89.96169,
       41.236886
      ],
      [
       -89.960416,
       41.234208
      ],
      [
       -89.958798,
       41.231636
      ],
      [
       -89.956853,
       41.229197
      ],
      [
       -89.9546,
       41.226912
      ],
      [
       -89.952059,
       41.224804
      ],
      [
       -89.949256,
       41.222894
      ],
      [
       -89.946217,
       41.221199
      ],
      [
       -89.942972,
       41.219737
      ],
      [
       -89.939552,
       41.218521
      ],
      [
       -89.93599,
       41.217563
      ],
      [
       -89.932321,
       41.216871
      ],
      [
       -89.928579,
       41.216454
      ],
      [
       -89.9248,
       41.216314
      ],
      [
       -89.921021,
       41.216454
      ],
      [
       -89.917279,
       41.216871
      ],
      [
       -89.91361,
       41.217563
      ],
      [
       -89.910048,
       41.218521
      ],
      [
       -89.906628,
       41.219737
      ],
      [
       -89.903383,
       41.221199
      ],
      [
       -89.900344,
       41.222894
      ],
      [
       -89.897541,
       41.224804
      ],
      [
       -89.895,
       41.226912
      ],
      [
       -89.892747,
       41.229197
      ],
      [
       -89.890802,
       41.231636
      ],
      [
       -89.889184,
       41.234208
      ],
      [
       -89.88791,
       41.236886
      ],
      [
       -89.886991,
       41.239645
      ],
      [
       -89.886436,
       41.242459
      ],
      [
       -89.88625,
       41.2453
      ]
     ]
    ]
   }
  },
  {
   "type": "Feature",
   "properties": {
    "utility": "Ameren Illinois",
    "docket": "26-0051",
    "status": "proposed",
    "group": "3. Feeders & lines",
    "project_id": "AIC13928",
    "project_name": "NRE Kewanee N. Main (N67) 12kV Conversion Feeder 315",
    "category": "Capacity Expansion",
    "asset_type": "voltage conversion 4kV-12kV",
    "feeder_id": "",
    "substation": "",
    "place": "Kewanee",
    "county": "Henry",
    "region": "Northern",
    "program_year": 2029,
    "cost_usd": 779744,
    "est_headroom_mw": "",
    "loc_method": "municipality_centroid",
    "uncertainty_mi": 2.0,
    "feeder_match": "",
    "sub_nearest": "",
    "sub_nearest_mi": "",
    "sub_hc_kw": "",
    "sub_candidates": "",
    "hosting_capacity_flag": "likely",
    "removal_risk": "low",
    "risk_reason": "Party asks total ~$450M against $2.68B (~17%), far milder than the 2023 rejection, and ICC Staff finds the plan substantially compliant. Only one Capacity Expansion project is targeted for removal.",
    "program_id": "",
    "itn": "",
    "ce_type": "",
    "voltage_kv": "",
    "driver": "",
    "nwa_status": "",
    "source": "ICC Staff Ex. 15.02 (Docket 26-0051), 2026-05-07",
    "notes": "Voltage conversion raises feeder capacity; Ameren publishes no MW-per-conversion factor."
   },
   "geometry": {
    "type": "Polygon",
    "coordinates": [
     [
      [
       -89.88625,
       41.2453
      ],
      [
       -89.886436,
       41.248141
      ],
      [
       -89.886991,
       41.250955
      ],
      [
       -89.88791,
       41.253714
      ],
      [
       -89.889184,
       41.256392
      ],
      [
       -89.890802,
       41.258964
      ],
      [
       -89.892747,
       41.261403
      ],
      [
       -89.895,
       41.263688
      ],
      [
       -89.897541,
       41.265796
      ],
      [
       -89.900344,
       41.267706
      ],
      [
       -89.903383,
       41.269401
      ],
      [
       -89.906628,
       41.270863
      ],
      [
       -89.910048,
       41.272079
      ],
      [
       -89.91361,
       41.273037
      ],
      [
       -89.917279,
       41.273729
      ],
      [
       -89.921021,
       41.274146
      ],
      [
       -89.9248,
       41.274286
      ],
      [
       -89.928579,
       41.274146
      ],
      [
       -89.932321,
       41.273729
      ],
      [
       -89.93599,
       41.273037
      ],
      [
       -89.939552,
       41.272079
      ],
      [
       -89.942972,
       41.270863
      ],
      [
       -89.946217,
       41.269401
      ],
      [
       -89.949256,
       41.267706
      ],
      [
       -89.952059,
       41.265796
      ],
      [
       -89.9546,
       41.263688
      ],
      [
       -89.956853,
       41.261403
      ],
      [
       -89.958798,
       41.258964
      ],
      [
       -89.960416,
       41.256392
      ],
      [
       -89.96169,
       41.253714
      ],
      [
       -89.962609,
       41.250955
      ],
      [
       -89.963164,
       41.248141
      ],
      [
       -89.96335,
       41.2453
      ],
      [
       -89.963164,
       41.242459
      ],
      [
       -89.962609,
       41.239645
      ],
      [
       -89.96169,
       41.236886
      ],
      [
       -89.960416,
       41.234208
      ],
      [
       -89.958798,
       41.231636
      ],
      [
       -89.956853,
       41.229197
      ],
      [
       -89.9546,
       41.226912
      ],
      [
       -89.952059,
       41.224804
      ],
      [
       -89.949256,
       41.222894
      ],
      [
       -89.946217,
       41.221199
      ],
      [
       -89.942972,
       41.219737
      ],
      [
       -89.939552,
       41.218521
      ],
      [
       -89.93599,
       41.217563
      ],
      [
       -89.932321,
       41.216871
      ],
      [
       -89.928579,
       41.216454
      ],
      [
       -89.9248,
       41.216314
      ],
      [
       -89.921021,
       41.216454
      ],
      [
       -89.917279,
       41.216871
      ],
      [
       -89.91361,
       41.217563
      ],
      [
       -89.910048,
       41.218521
      ],
      [
       -89.906628,
       41.219737
      ],
      [
       -89.903383,
       41.221199
      ],
      [
       -89.900344,
       41.222894
      ],
      [
       -89.897541,
       41.224804
      ],
      [
       -89.895,
       41.226912
      ],
      [
       -89.892747,
       41.229197
      ],
      [
       -89.890802,
       41.231636
      ],
      [
       -89.889184,
       41.234208
      ],
      [
       -89.88791,
       41.236886
      ],
      [
       -89.886991,
       41.239645
      ],
      [
       -89.886436,
       41.242459
      ],
      [
       -89.88625,
       41.2453
      ]
     ]
    ]
   }
  },
  {
   "type": "Feature",
   "properties": {
    "utility": "Ameren Illinois",
    "docket": "26-0051",
    "status": "proposed",
    "group": "3. Feeders & lines",
    "project_id": "AIC13929",
    "project_name": "NRE Kewanee N. Main (N67) 12kV Conversion Feeder 316",
    "category": "Capacity Expansion",
    "asset_type": "voltage conversion 4kV-12kV",
    "feeder_id": "",
    "substation": "",
    "place": "Kewanee",
    "county": "Henry",
    "region": "Northern",
    "program_year": 2029,
    "cost_usd": 380043,
    "est_headroom_mw": "",
    "loc_method": "municipality_centroid",
    "uncertainty_mi": 2.0,
    "feeder_match": "",
    "sub_nearest": "",
    "sub_nearest_mi": "",
    "sub_hc_kw": "",
    "sub_candidates": "",
    "hosting_capacity_flag": "likely",
    "removal_risk": "low",
    "risk_reason": "Party asks total ~$450M against $2.68B (~17%), far milder than the 2023 rejection, and ICC Staff finds the plan substantially compliant. Only one Capacity Expansion project is targeted for removal.",
    "program_id": "",
    "itn": "",
    "ce_type": "",
    "voltage_kv": "",
    "driver": "",
    "nwa_status": "",
    "source": "ICC Staff Ex. 15.02 (Docket 26-0051), 2026-05-07",
    "notes": "Voltage conversion raises feeder capacity; Ameren publishes no MW-per-conversion factor."
   },
   "geometry": {
    "type": "Polygon",
    "coordinates": [
     [
      [
       -89.88625,
       41.2453
      ],
      [
       -89.886436,
       41.248141
      ],
      [
       -89.886991,
       41.250955
      ],
      [
       -89.88791,
       41.253714
      ],
      [
       -89.889184,
       41.256392
      ],
      [
       -89.890802,
       41.258964
      ],
      [
       -89.892747,
       41.261403
      ],
      [
       -89.895,
       41.263688
      ],
      [
       -89.897541,
       41.265796
      ],
      [
       -89.900344,
       41.267706
      ],
      [
       -89.903383,
       41.269401
      ],
      [
       -89.906628,
       41.270863
      ],
      [
       -89.910048,
       41.272079
      ],
      [
       -89.91361,
       41.273037
      ],
      [
       -89.917279,
       41.273729
      ],
      [
       -89.921021,
       41.274146
      ],
      [
       -89.9248,
       41.274286
      ],
      [
       -89.928579,
       41.274146
      ],
      [
       -89.932321,
       41.273729
      ],
      [
       -89.93599,
       41.273037
      ],
      [
       -89.939552,
       41.272079
      ],
      [
       -89.942972,
       41.270863
      ],
      [
       -89.946217,
       41.269401
      ],
      [
       -89.949256,
       41.267706
      ],
      [
       -89.952059,
       41.265796
      ],
      [
       -89.9546,
       41.263688
      ],
      [
       -89.956853,
       41.261403
      ],
      [
       -89.958798,
       41.258964
      ],
      [
       -89.960416,
       41.256392
      ],
      [
       -89.96169,
       41.253714
      ],
      [
       -89.962609,
       41.250955
      ],
      [
       -89.963164,
       41.248141
      ],
      [
       -89.96335,
       41.2453
      ],
      [
       -89.963164,
       41.242459
      ],
      [
       -89.962609,
       41.239645
      ],
      [
       -89.96169,
       41.236886
      ],
      [
       -89.960416,
       41.234208
      ],
      [
       -89.958798,
       41.231636
      ],
      [
       -89.956853,
       41.229197
      ],
      [
       -89.9546,
       41.226912
      ],
      [
       -89.952059,
       41.224804
      ],
      [
       -89.949256,
       41.222894
      ],
      [
       -89.946217,
       41.221199
      ],
      [
       -89.942972,
       41.219737
      ],
      [
       -89.939552,
       41.218521
      ],
      [
       -89.93599,
       41.217563
      ],
      [
       -89.932321,
       41.216871
      ],
      [
       -89.928579,
       41.216454
      ],
      [
       -89.9248,
       41.216314
      ],
      [
       -89.921021,
       41.216454
      ],
      [
       -89.917279,
       41.216871
      ],
      [
       -89.91361,
       41.217563
      ],
      [
       -89.910048,
       41.218521
      ],
      [
       -89.906628,
       41.219737
      ],
      [
       -89.903383,
       41.221199
      ],
      [
       -89.900344,
       41.222894
      ],
      [
       -89.897541,
       41.224804
      ],
      [
       -89.895,
       41.226912
      ],
      [
       -89.892747,
       41.229197
      ],
      [
       -89.890802,
       41.231636
      ],
      [
       -89.889184,
       41.234208
      ],
      [
       -89.88791,
       41.236886
      ],
      [
       -89.886991,
       41.239645
      ],
      [
       -89.886436,
       41.242459
      ],
      [
       -89.88625,
       41.2453
      ]
     ]
    ]
   }
  },
  {
   "type": "Feature",
   "properties": {
    "utility": "Ameren Illinois",
    "docket": "26-0051",
    "status": "proposed",
    "group": "2. Substation capacity",
    "project_id": "",
    "project_name": "Louisville S - Replace 2 Transformers",
    "category": "Capacity Expansion",
    "asset_type": "transformer replacement x2",
    "feeder_id": "",
    "substation": "",
    "place": "Louisville",
    "county": "Clay",
    "region": "",
    "program_year": 2028,
    "cost_usd": 20994808,
    "est_headroom_mw": "",
    "loc_method": "municipality_centroid",
    "uncertainty_mi": 2.0,
    "feeder_match": "",
    "sub_nearest": "",
    "sub_nearest_mi": "",
    "sub_hc_kw": "",
    "sub_candidates": "",
    "hosting_capacity_flag": "possible",
    "removal_risk": "moderate",
    "risk_reason": "Falls within the AG's $34.7M of targeted substation transformer / switchgear / breaker reductions. Note these are asset replacement, so they add little headroom regardless.",
    "program_id": "",
    "itn": "",
    "ce_type": "",
    "voltage_kv": "",
    "driver": "",
    "nwa_status": "",
    "source": "ICC Staff Ex. 15.02 (Docket 26-0051), 2026-05-07",
    "notes": "Largest single Ameren capacity project 2028-2031."
   },
   "geometry": {
    "type": "Polygon",
    "coordinates": [
     [
      [
       -88.463421,
       38.7742
      ],
      [
       -88.4636,
       38.777041
      ],
      [
       -88.464135,
       38.779855
      ],
      [
       -88.465022,
       38.782614
      ],
      [
       -88.466251,
       38.785292
      ],
      [
       -88.467811,
       38.787864
      ],
      [
       -88.469687,
       38.790303
      ],
      [
       -88.47186,
       38.792588
      ],
      [
       -88.47431,
       38.794696
      ],
      [
       -88.477014,
       38.796606
      ],
      [
       -88.479944,
       38.798301
      ],
      [
       -88.483074,
       38.799763
      ],
      [
       -88.486372,
       38.800979
      ],
      [
       -88.489808,
       38.801937
      ],
      [
       -88.493347,
       38.802629
      ],
      [
       -88.496956,
       38.803046
      ],
      [
       -88.5006,
       38.803186
      ],
      [
       -88.504244,
       38.803046
      ],
      [
       -88.507853,
       38.802629
      ],
      [
       -88.511392,
       38.801937
      ],
      [
       -88.514828,
       38.800979
      ],
      [
       -88.518126,
       38.799763
      ],
      [
       -88.521256,
       38.798301
      ],
      [
       -88.524186,
       38.796606
      ],
      [
       -88.52689,
       38.794696
      ],
      [
       -88.52934,
       38.792588
      ],
      [
       -88.531513,
       38.790303
      ],
      [
       -88.533389,
       38.787864
      ],
      [
       -88.534949,
       38.785292
      ],
      [
       -88.536178,
       38.782614
      ],
      [
       -88.537065,
       38.779855
      ],
      [
       -88.5376,
       38.777041
      ],
      [
       -88.537779,
       38.7742
      ],
      [
       -88.5376,
       38.771359
      ],
      [
       -88.537065,
       38.768545
      ],
      [
       -88.536178,
       38.765786
      ],
      [
       -88.534949,
       38.763108
      ],
      [
       -88.533389,
       38.760536
      ],
      [
       -88.531513,
       38.758097
      ],
      [
       -88.52934,
       38.755812
      ],
      [
       -88.52689,
       38.753704
      ],
      [
       -88.524186,
       38.751794
      ],
      [
       -88.521256,
       38.750099
      ],
      [
       -88.518126,
       38.748637
      ],
      [
       -88.514828,
       38.747421
      ],
      [
       -88.511392,
       38.746463
      ],
      [
       -88.507853,
       38.745771
      ],
      [
       -88.504244,
       38.745354
      ],
      [
       -88.5006,
       38.745214
      ],
      [
       -88.496956,
       38.745354
      ],
      [
       -88.493347,
       38.745771
      ],
      [
       -88.489808,
       38.746463
      ],
      [
       -88.486372,
       38.747421
      ],
      [
       -88.483074,
       38.748637
      ],
      [
       -88.479944,
       38.750099
      ],
      [
       -88.477014,
       38.751794
      ],
      [
       -88.47431,
       38.753704
      ],
      [
       -88.47186,
       38.755812
      ],
      [
       -88.469687,
       38.758097
      ],
      [
       -88.467811,
       38.760536
      ],
      [
       -88.466251,
       38.763108
      ],
      [
       -88.465022,
       38.765786
      ],
      [
       -88.464135,
       38.768545
      ],
      [
       -88.4636,
       38.771359
      ],
      [
       -88.463421,
       38.7742
      ]
     ]
    ]
   }
  },
  {
   "type": "Feature",
   "properties": {
    "utility": "Ameren Illinois",
    "docket": "26-0051",
    "status": "proposed",
    "group": "2. Substation capacity",
    "project_id": "",
    "project_name": "Olney N - Transformer 2 Upgrade",
    "category": "Capacity Expansion",
    "asset_type": "transformer upgrade",
    "feeder_id": "",
    "substation": "",
    "place": "Olney",
    "county": "Richland",
    "region": "",
    "program_year": 2028,
    "cost_usd": 8550483,
    "est_headroom_mw": "",
    "loc_method": "municipality_centroid",
    "uncertainty_mi": 2.0,
    "feeder_match": "",
    "sub_nearest": "",
    "sub_nearest_mi": "",
    "sub_hc_kw": "",
    "sub_candidates": "",
    "hosting_capacity_flag": "possible",
    "removal_risk": "low",
    "risk_reason": "Party asks total ~$450M against $2.68B (~17%), far milder than the 2023 rejection, and ICC Staff finds the plan substantially compliant. Only one Capacity Expansion project is targeted for removal.",
    "program_id": "",
    "itn": "",
    "ce_type": "",
    "voltage_kv": "",
    "driver": "",
    "nwa_status": "",
    "source": "ICC Staff Ex. 15.02 (Docket 26-0051), 2026-05-07",
    "notes": ""
   },
   "geometry": {
    "type": "Polygon",
    "coordinates": [
     [
      [
       -88.048343,
       38.7314
      ],
      [
       -88.048522,
       38.734241
      ],
      [
       -88.049057,
       38.737055
      ],
      [
       -88.049943,
       38.739814
      ],
      [
       -88.051172,
       38.742492
      ],
      [
       -88.052731,
       38.745064
      ],
      [
       -88.054605,
       38.747503
      ],
      [
       -88.056777,
       38.749788
      ],
      [
       -88.059226,
       38.751896
      ],
      [
       -88.061928,
       38.753806
      ],
      [
       -88.064857,
       38.755501
      ],
      [
       -88.067984,
       38.756963
      ],
      [
       -88.071281,
       38.758179
      ],
      [
       -88.074714,
       38.759137
      ],
      [
       -88.078251,
       38.759829
      ],
      [
       -88.081858,
       38.760246
      ],
      [
       -88.0855,
       38.760386
      ],
      [
       -88.089142,
       38.760246
      ],
      [
       -88.092749,
       38.759829
      ],
      [
       -88.096286,
       38.759137
      ],
      [
       -88.099719,
       38.758179
      ],
      [
       -88.103016,
       38.756963
      ],
      [
       -88.106143,
       38.755501
      ],
      [
       -88.109072,
       38.753806
      ],
      [
       -88.111774,
       38.751896
      ],
      [
       -88.114223,
       38.749788
      ],
      [
       -88.116395,
       38.747503
      ],
      [
       -88.118269,
       38.745064
      ],
      [
       -88.119828,
       38.742492
      ],
      [
       -88.121057,
       38.739814
      ],
      [
       -88.121943,
       38.737055
      ],
      [
       -88.122478,
       38.734241
      ],
      [
       -88.122657,
       38.7314
      ],
      [
       -88.122478,
       38.728559
      ],
      [
       -88.121943,
       38.725745
      ],
      [
       -88.121057,
       38.722986
      ],
      [
       -88.119828,
       38.720308
      ],
      [
       -88.118269,
       38.717736
      ],
      [
       -88.116395,
       38.715297
      ],
      [
       -88.114223,
       38.713012
      ],
      [
       -88.111774,
       38.710904
      ],
      [
       -88.109072,
       38.708994
      ],
      [
       -88.106143,
       38.707299
      ],
      [
       -88.103016,
       38.705837
      ],
      [
       -88.099719,
       38.704621
      ],
      [
       -88.096286,
       38.703663
      ],
      [
       -88.092749,
       38.702971
      ],
      [
       -88.089142,
       38.702554
      ],
      [
       -88.0855,
       38.702414
      ],
      [
       -88.081858,
       38.702554
      ],
      [
       -88.078251,
       38.702971
      ],
      [
       -88.074714,
       38.703663
      ],
      [
       -88.071281,
       38.704621
      ],
      [
       -88.067984,
       38.705837
      ],
      [
       -88.064857,
       38.707299
      ],
      [
       -88.061928,
       38.708994
      ],
      [
       -88.059226,
       38.710904
      ],
      [
       -88.056777,
       38.713012
      ],
      [
       -88.054605,
       38.715297
      ],
      [
       -88.052731,
       38.717736
      ],
      [
       -88.051172,
       38.720308
      ],
      [
       -88.049943,
       38.722986
      ],
      [
       -88.049057,
       38.725745
      ],
      [
       -88.048522,
       38.728559
      ],
      [
       -88.048343,
       38.7314
      ]
     ]
    ]
   }
  },
  {
   "type": "Feature",
   "properties": {
    "utility": "Ameren Illinois",
    "docket": "26-0051",
    "status": "proposed",
    "group": "2. Substation capacity",
    "project_id": "",
    "project_name": "Fairview (Decatur) - Substation Upgrades",
    "category": "Capacity Expansion",
    "asset_type": "substation upgrade",
    "feeder_id": "",
    "substation": "",
    "place": "Decatur",
    "county": "Macon",
    "region": "",
    "program_year": 2028,
    "cost_usd": 5847189,
    "est_headroom_mw": "",
    "loc_method": "municipality_centroid",
    "uncertainty_mi": 2.0,
    "feeder_match": "",
    "sub_nearest": "",
    "sub_nearest_mi": "",
    "sub_hc_kw": "",
    "sub_candidates": "",
    "hosting_capacity_flag": "possible",
    "removal_risk": "low",
    "risk_reason": "Party asks total ~$450M against $2.68B (~17%), far milder than the 2023 rejection, and ICC Staff finds the plan substantially compliant. Only one Capacity Expansion project is targeted for removal.",
    "program_id": "",
    "itn": "",
    "ce_type": "",
    "voltage_kv": "",
    "driver": "",
    "nwa_status": "",
    "source": "ICC Staff Ex. 15.02 (Docket 26-0051), 2026-05-07",
    "notes": ""
   },
   "geometry": {
    "type": "Polygon",
    "coordinates": [
     [
      [
       -88.91705,
       39.8403
      ],
      [
       -88.917232,
       39.843141
      ],
      [
       -88.917776,
       39.845955
      ],
      [
       -88.918676,
       39.848714
      ],
      [
       -88.919924,
       39.851392
      ],
      [
       -88.921508,
       39.853964
      ],
      [
       -88.923412,
       39.856403
      ],
      [
       -88.925619,
       39.858688
      ],
      [
       -88.928107,
       39.860796
      ],
      [
       -88.930852,
       39.862706
      ],
      [
       -88.933827,
       39.864401
      ],
      [
       -88.937005,
       39.865863
      ],
      [
       -88.940354,
       39.867079
      ],
      [
       -88.943842,
       39.868037
      ],
      [
       -88.947435,
       39.868729
      ],
      [
       -88.9511,
       39.869146
      ],
      [
       -88.9548,
       39.869286
      ],
      [
       -88.9585,
       39.869146
      ],
      [
       -88.962165,
       39.868729
      ],
      [
       -88.965758,
       39.868037
      ],
      [
       -88.969246,
       39.867079
      ],
      [
       -88.972595,
       39.865863
      ],
      [
       -88.975773,
       39.864401
      ],
      [
       -88.978748,
       39.862706
      ],
      [
       -88.981493,
       39.860796
      ],
      [
       -88.983981,
       39.858688
      ],
      [
       -88.986188,
       39.856403
      ],
      [
       -88.988092,
       39.853964
      ],
      [
       -88.989676,
       39.851392
      ],
      [
       -88.990924,
       39.848714
      ],
      [
       -88.991824,
       39.845955
      ],
      [
       -88.992368,
       39.843141
      ],
      [
       -88.99255,
       39.8403
      ],
      [
       -88.992368,
       39.837459
      ],
      [
       -88.991824,
       39.834645
      ],
      [
       -88.990924,
       39.831886
      ],
      [
       -88.989676,
       39.829208
      ],
      [
       -88.988092,
       39.826636
      ],
      [
       -88.986188,
       39.824197
      ],
      [
       -88.983981,
       39.821912
      ],
      [
       -88.981493,
       39.819804
      ],
      [
       -88.978748,
       39.817894
      ],
      [
       -88.975773,
       39.816199
      ],
      [
       -88.972595,
       39.814737
      ],
      [
       -88.969246,
       39.813521
      ],
      [
       -88.965758,
       39.812563
      ],
      [
       -88.962165,
       39.811871
      ],
      [
       -88.9585,
       39.811454
      ],
      [
       -88.9548,
       39.811314
      ],
      [
       -88.9511,
       39.811454
      ],
      [
       -88.947435,
       39.811871
      ],
      [
       -88.943842,
       39.812563
      ],
      [
       -88.940354,
       39.813521
      ],
      [
       -88.937005,
       39.814737
      ],
      [
       -88.933827,
       39.816199
      ],
      [
       -88.930852,
       39.817894
      ],
      [
       -88.928107,
       39.819804
      ],
      [
       -88.925619,
       39.821912
      ],
      [
       -88.923412,
       39.824197
      ],
      [
       -88.921508,
       39.826636
      ],
      [
       -88.919924,
       39.829208
      ],
      [
       -88.918676,
       39.831886
      ],
      [
       -88.917776,
       39.834645
      ],
      [
       -88.917232,
       39.837459
      ],
      [
       -88.91705,
       39.8403
      ]
     ]
    ]
   }
  },
  {
   "type": "Feature",
   "properties": {
    "utility": "Ameren Illinois",
    "docket": "26-0051",
    "status": "proposed",
    "group": "1. New substations",
    "project_id": "",
    "project_name": "Glen Carbon - Distribution Substation Addition",
    "category": "Capacity Expansion",
    "asset_type": "NEW substation",
    "feeder_id": "",
    "substation": "",
    "place": "Glen Carbon",
    "county": "Madison",
    "region": "",
    "program_year": 2029,
    "cost_usd": 5240000,
    "est_headroom_mw": "",
    "loc_method": "municipality_centroid",
    "uncertainty_mi": 2.0,
    "feeder_match": "",
    "sub_nearest": "",
    "sub_nearest_mi": "",
    "sub_hc_kw": "",
    "sub_candidates": "",
    "hosting_capacity_flag": "possible",
    "removal_risk": "low",
    "risk_reason": "Party asks total ~$450M against $2.68B (~17%), far milder than the 2023 rejection, and ICC Staff finds the plan substantially compliant. Only one Capacity Expansion project is targeted for removal.",
    "program_id": "",
    "itn": "",
    "ce_type": "",
    "voltage_kv": "",
    "driver": "",
    "nwa_status": "",
    "source": "ICC Staff Ex. 15.02 (Docket 26-0051), 2026-05-07",
    "notes": "New distribution substation."
   },
   "geometry": {
    "type": "Polygon",
    "coordinates": [
     [
      [
       -89.945932,
       38.7522
      ],
      [
       -89.946111,
       38.755041
      ],
      [
       -89.946647,
       38.757855
      ],
      [
       -89.947533,
       38.760614
      ],
      [
       -89.948762,
       38.763292
      ],
      [
       -89.950321,
       38.765864
      ],
      [
       -89.952196,
       38.768303
      ],
      [
       -89.954369,
       38.770588
      ],
      [
       -89.956819,
       38.772696
      ],
      [
       -89.959521,
       38.774606
      ],
      [
       -89.962451,
       38.776301
      ],
      [
       -89.965579,
       38.777763
      ],
      [
       -89.968877,
       38.778979
      ],
      [
       -89.972311,
       38.779937
      ],
      [
       -89.975849,
       38.780629
      ],
      [
       -89.979457,
       38.781046
      ],
      [
       -89.9831,
       38.781186
      ],
      [
       -89.986743,
       38.781046
      ],
      [
       -89.990351,
       38.780629
      ],
      [
       -89.993889,
       38.779937
      ],
      [
       -89.997323,
       38.778979
      ],
      [
       -90.000621,
       38.777763
      ],
      [
       -90.003749,
       38.776301
      ],
      [
       -90.006679,
       38.774606
      ],
      [
       -90.009381,
       38.772696
      ],
      [
       -90.011831,
       38.770588
      ],
      [
       -90.014004,
       38.768303
      ],
      [
       -90.015879,
       38.765864
      ],
      [
       -90.017438,
       38.763292
      ],
      [
       -90.018667,
       38.760614
      ],
      [
       -90.019553,
       38.757855
      ],
      [
       -90.020089,
       38.755041
      ],
      [
       -90.020268,
       38.7522
      ],
      [
       -90.020089,
       38.749359
      ],
      [
       -90.019553,
       38.746545
      ],
      [
       -90.018667,
       38.743786
      ],
      [
       -90.017438,
       38.741108
      ],
      [
       -90.015879,
       38.738536
      ],
      [
       -90.014004,
       38.736097
      ],
      [
       -90.011831,
       38.733812
      ],
      [
       -90.009381,
       38.731704
      ],
      [
       -90.006679,
       38.729794
      ],
      [
       -90.003749,
       38.728099
      ],
      [
       -90.000621,
       38.726637
      ],
      [
       -89.997323,
       38.725421
      ],
      [
       -89.993889,
       38.724463
      ],
      [
       -89.990351,
       38.723771
      ],
      [
       -89.986743,
       38.723354
      ],
      [
       -89.9831,
       38.723214
      ],
      [
       -89.979457,
       38.723354
      ],
      [
       -89.975849,
       38.723771
      ],
      [
       -89.972311,
       38.724463
      ],
      [
       -89.968877,
       38.725421
      ],
      [
       -89.965579,
       38.726637
      ],
      [
       -89.962451,
       38.728099
      ],
      [
       -89.959521,
       38.729794
      ],
      [
       -89.956819,
       38.731704
      ],
      [
       -89.954369,
       38.733812
      ],
      [
       -89.952196,
       38.736097
      ],
      [
       -89.950321,
       38.738536
      ],
      [
       -89.948762,
       38.741108
      ],
      [
       -89.947533,
       38.743786
      ],
      [
       -89.946647,
       38.746545
      ],
      [
       -89.946111,
       38.749359
      ],
      [
       -89.945932,
       38.7522
      ]
     ]
    ]
   }
  },
  {
   "type": "Feature",
   "properties": {
    "utility": "Ameren Illinois",
    "docket": "26-0051",
    "status": "proposed",
    "group": "2. Substation capacity",
    "project_id": "",
    "project_name": "Paxton Unit 5 - Transformer Upgrade",
    "category": "Capacity Expansion",
    "asset_type": "transformer upgrade",
    "feeder_id": "",
    "substation": "",
    "place": "Paxton",
    "county": "Ford",
    "region": "",
    "program_year": 2029,
    "cost_usd": 4046065,
    "est_headroom_mw": "",
    "loc_method": "municipality_centroid",
    "uncertainty_mi": 2.0,
    "feeder_match": "",
    "sub_nearest": "",
    "sub_nearest_mi": "",
    "sub_hc_kw": "",
    "sub_candidates": "",
    "hosting_capacity_flag": "possible",
    "removal_risk": "low",
    "risk_reason": "Party asks total ~$450M against $2.68B (~17%), far milder than the 2023 rejection, and ICC Staff finds the plan substantially compliant. Only one Capacity Expansion project is targeted for removal.",
    "program_id": "",
    "itn": "",
    "ce_type": "",
    "voltage_kv": "",
    "driver": "",
    "nwa_status": "",
    "source": "ICC Staff Ex. 15.02 (Docket 26-0051), 2026-05-07",
    "notes": "Only NWA candidate for 2028-2031. 10.5 MVA 69/12kV at ~85% loading; exceedance moved 2029->2031."
   },
   "geometry": {
    "type": "Polygon",
    "coordinates": [
     [
      [
       -88.057004,
       40.4606
      ],
      [
       -88.057187,
       40.463441
      ],
      [
       -88.057736,
       40.466255
      ],
      [
       -88.058644,
       40.469014
      ],
      [
       -88.059904,
       40.471692
      ],
      [
       -88.061502,
       40.474264
      ],
      [
       -88.063424,
       40.476703
      ],
      [
       -88.065651,
       40.478988
      ],
      [
       -88.068162,
       40.481096
      ],
      [
       -88.070932,
       40.483006
      ],
      [
       -88.073935,
       40.484701
      ],
      [
       -88.077142,
       40.486163
      ],
      [
       -88.080521,
       40.487379
      ],
      [
       -88.084041,
       40.488337
      ],
      [
       -88.087668,
       40.489029
      ],
      [
       -88.091366,
       40.489446
      ],
      [
       -88.0951,
       40.489586
      ],
      [
       -88.098834,
       40.489446
      ],
      [
       -88.102532,
       40.489029
      ],
      [
       -88.106159,
       40.488337
      ],
      [
       -88.109679,
       40.487379
      ],
      [
       -88.113058,
       40.486163
      ],
      [
       -88.116265,
       40.484701
      ],
      [
       -88.119268,
       40.483006
      ],
      [
       -88.122038,
       40.481096
      ],
      [
       -88.124549,
       40.478988
      ],
      [
       -88.126776,
       40.476703
      ],
      [
       -88.128698,
       40.474264
      ],
      [
       -88.130296,
       40.471692
      ],
      [
       -88.131556,
       40.469014
      ],
      [
       -88.132464,
       40.466255
      ],
      [
       -88.133013,
       40.463441
      ],
      [
       -88.133196,
       40.4606
      ],
      [
       -88.133013,
       40.457759
      ],
      [
       -88.132464,
       40.454945
      ],
      [
       -88.131556,
       40.452186
      ],
      [
       -88.130296,
       40.449508
      ],
      [
       -88.128698,
       40.446936
      ],
      [
       -88.126776,
       40.444497
      ],
      [
       -88.124549,
       40.442212
      ],
      [
       -88.122038,
       40.440104
      ],
      [
       -88.119268,
       40.438194
      ],
      [
       -88.116265,
       40.436499
      ],
      [
       -88.113058,
       40.435037
      ],
      [
       -88.109679,
       40.433821
      ],
      [
       -88.106159,
       40.432863
      ],
      [
       -88.102532,
       40.432171
      ],
      [
       -88.098834,
       40.431754
      ],
      [
       -88.0951,
       40.431614
      ],
      [
       -88.091366,
       40.431754
      ],
      [
       -88.087668,
       40.432171
      ],
      [
       -88.084041,
       40.432863
      ],
      [
       -88.080521,
       40.433821
      ],
      [
       -88.077142,
       40.435037
      ],
      [
       -88.073935,
       40.436499
      ],
      [
       -88.070932,
       40.438194
      ],
      [
       -88.068162,
       40.440104
      ],
      [
       -88.065651,
       40.442212
      ],
      [
       -88.063424,
       40.444497
      ],
      [
       -88.061502,
       40.446936
      ],
      [
       -88.059904,
       40.449508
      ],
      [
       -88.058644,
       40.452186
      ],
      [
       -88.057736,
       40.454945
      ],
      [
       -88.057187,
       40.457759
      ],
      [
       -88.057004,
       40.4606
      ]
     ]
    ]
   }
  },
  {
   "type": "Feature",
   "properties": {
    "utility": "Ameren Illinois",
    "docket": "26-0051",
    "status": "proposed",
    "group": "2. Substation capacity",
    "project_id": "",
    "project_name": "Mt. Vernon Brownsville - Additional Transformer",
    "category": "Capacity Expansion",
    "asset_type": "transformer addition",
    "feeder_id": "",
    "substation": "",
    "place": "Mount Vernon",
    "county": "Jefferson",
    "region": "",
    "program_year": 2028,
    "cost_usd": 3390518,
    "est_headroom_mw": "",
    "loc_method": "municipality_centroid",
    "uncertainty_mi": 2.0,
    "feeder_match": "",
    "sub_nearest": "",
    "sub_nearest_mi": "",
    "sub_hc_kw": "",
    "sub_candidates": "",
    "hosting_capacity_flag": "possible",
    "removal_risk": "low",
    "risk_reason": "Party asks total ~$450M against $2.68B (~17%), far milder than the 2023 rejection, and ICC Staff finds the plan substantially compliant. Only one Capacity Expansion project is targeted for removal.",
    "program_id": "",
    "itn": "",
    "ce_type": "",
    "voltage_kv": "",
    "driver": "",
    "nwa_status": "",
    "source": "ICC Staff Ex. 15.02 (Docket 26-0051), 2026-05-07",
    "notes": ""
   },
   "geometry": {
    "type": "Polygon",
    "coordinates": [
     [
      [
       -88.866156,
       38.3173
      ],
      [
       -88.866334,
       38.320141
      ],
      [
       -88.866866,
       38.322955
      ],
      [
       -88.867747,
       38.325714
      ],
      [
       -88.868969,
       38.328392
      ],
      [
       -88.870519,
       38.330964
      ],
      [
       -88.872383,
       38.333403
      ],
      [
       -88.874542,
       38.335688
      ],
      [
       -88.876977,
       38.337796
      ],
      [
       -88.879663,
       38.339706
      ],
      [
       -88.882575,
       38.341401
      ],
      [
       -88.885685,
       38.342863
      ],
      [
       -88.888962,
       38.344079
      ],
      [
       -88.892376,
       38.345037
      ],
      [
       -88.895893,
       38.345729
      ],
      [
       -88.899479,
       38.346146
      ],
      [
       -88.9031,
       38.346286
      ],
      [
       -88.906721,
       38.346146
      ],
      [
       -88.910307,
       38.345729
      ],
      [
       -88.913824,
       38.345037
      ],
      [
       -88.917238,
       38.344079
      ],
      [
       -88.920515,
       38.342863
      ],
      [
       -88.923625,
       38.341401
      ],
      [
       -88.926537,
       38.339706
      ],
      [
       -88.929223,
       38.337796
      ],
      [
       -88.931658,
       38.335688
      ],
      [
       -88.933817,
       38.333403
      ],
      [
       -88.935681,
       38.330964
      ],
      [
       -88.937231,
       38.328392
      ],
      [
       -88.938453,
       38.325714
      ],
      [
       -88.939334,
       38.322955
      ],
      [
       -88.939866,
       38.320141
      ],
      [
       -88.940044,
       38.3173
      ],
      [
       -88.939866,
       38.314459
      ],
      [
       -88.939334,
       38.311645
      ],
      [
       -88.938453,
       38.308886
      ],
      [
       -88.937231,
       38.306208
      ],
      [
       -88.935681,
       38.303636
      ],
      [
       -88.933817,
       38.301197
      ],
      [
       -88.931658,
       38.298912
      ],
      [
       -88.929223,
       38.296804
      ],
      [
       -88.926537,
       38.294894
      ],
      [
       -88.923625,
       38.293199
      ],
      [
       -88.920515,
       38.291737
      ],
      [
       -88.917238,
       38.290521
      ],
      [
       -88.913824,
       38.289563
      ],
      [
       -88.910307,
       38.288871
      ],
      [
       -88.906721,
       38.288454
      ],
      [
       -88.9031,
       38.288314
      ],
      [
       -88.899479,
       38.288454
      ],
      [
       -88.895893,
       38.288871
      ],
      [
       -88.892376,
       38.289563
      ],
      [
       -88.888962,
       38.290521
      ],
      [
       -88.885685,
       38.291737
      ],
      [
       -88.882575,
       38.293199
      ],
      [
       -88.879663,
       38.294894
      ],
      [
       -88.876977,
       38.296804
      ],
      [
       -88.874542,
       38.298912
      ],
      [
       -88.872383,
       38.301197
      ],
      [
       -88.870519,
       38.303636
      ],
      [
       -88.868969,
       38.306208
      ],
      [
       -88.867747,
       38.308886
      ],
      [
       -88.866866,
       38.311645
      ],
      [
       -88.866334,
       38.314459
      ],
      [
       -88.866156,
       38.3173
      ]
     ]
    ]
   }
  },
  {
   "type": "Feature",
   "properties": {
    "utility": "Ameren Illinois",
    "docket": "26-0051",
    "status": "proposed",
    "group": "1. New substations",
    "project_id": "",
    "project_name": "Sauget - Substation Construction",
    "category": "Capacity Expansion",
    "asset_type": "NEW substation",
    "feeder_id": "",
    "substation": "",
    "place": "Sauget",
    "county": "St. Clair",
    "region": "",
    "program_year": 2028,
    "cost_usd": 3365632,
    "est_headroom_mw": "",
    "loc_method": "municipality_centroid",
    "uncertainty_mi": 2.0,
    "feeder_match": "",
    "sub_nearest": "",
    "sub_nearest_mi": "",
    "sub_hc_kw": "",
    "sub_candidates": "",
    "hosting_capacity_flag": "possible",
    "removal_risk": "low",
    "risk_reason": "Party asks total ~$450M against $2.68B (~17%), far milder than the 2023 rejection, and ICC Staff finds the plan substantially compliant. Only one Capacity Expansion project is targeted for removal.",
    "program_id": "",
    "itn": "",
    "ce_type": "",
    "voltage_kv": "",
    "driver": "",
    "nwa_status": "",
    "source": "ICC Staff Ex. 15.02 (Docket 26-0051), 2026-05-07",
    "notes": ""
   },
   "geometry": {
    "type": "Polygon",
    "coordinates": [
     [
      [
       -90.133319,
       38.5851
      ],
      [
       -90.133498,
       38.587941
      ],
      [
       -90.134032,
       38.590755
      ],
      [
       -90.134916,
       38.593514
      ],
      [
       -90.136142,
       38.596192
      ],
      [
       -90.137698,
       38.598764
      ],
      [
       -90.139568,
       38.601203
      ],
      [
       -90.141736,
       38.603488
      ],
      [
       -90.14418,
       38.605596
      ],
      [
       -90.146876,
       38.607506
      ],
      [
       -90.149799,
       38.609201
      ],
      [
       -90.15292,
       38.610663
      ],
      [
       -90.15621,
       38.611879
      ],
      [
       -90.159636,
       38.612837
      ],
      [
       -90.163166,
       38.613529
      ],
      [
       -90.166765,
       38.613946
      ],
      [
       -90.1704,
       38.614086
      ],
      [
       -90.174035,
       38.613946
      ],
      [
       -90.177634,
       38.613529
      ],
      [
       -90.181164,
       38.612837
      ],
      [
       -90.18459,
       38.611879
      ],
      [
       -90.18788,
       38.610663
      ],
      [
       -90.191001,
       38.609201
      ],
      [
       -90.193924,
       38.607506
      ],
      [
       -90.19662,
       38.605596
      ],
      [
       -90.199064,
       38.603488
      ],
      [
       -90.201232,
       38.601203
      ],
      [
       -90.203102,
       38.598764
      ],
      [
       -90.204658,
       38.596192
      ],
      [
       -90.205884,
       38.593514
      ],
      [
       -90.206768,
       38.590755
      ],
      [
       -90.207302,
       38.587941
      ],
      [
       -90.207481,
       38.5851
      ],
      [
       -90.207302,
       38.582259
      ],
      [
       -90.206768,
       38.579445
      ],
      [
       -90.205884,
       38.576686
      ],
      [
       -90.204658,
       38.574008
      ],
      [
       -90.203102,
       38.571436
      ],
      [
       -90.201232,
       38.568997
      ],
      [
       -90.199064,
       38.566712
      ],
      [
       -90.19662,
       38.564604
      ],
      [
       -90.193924,
       38.562694
      ],
      [
       -90.191001,
       38.560999
      ],
      [
       -90.18788,
       38.559537
      ],
      [
       -90.18459,
       38.558321
      ],
      [
       -90.181164,
       38.557363
      ],
      [
       -90.177634,
       38.556671
      ],
      [
       -90.174035,
       38.556254
      ],
      [
       -90.1704,
       38.556114
      ],
      [
       -90.166765,
       38.556254
      ],
      [
       -90.163166,
       38.556671
      ],
      [
       -90.159636,
       38.557363
      ],
      [
       -90.15621,
       38.558321
      ],
      [
       -90.15292,
       38.559537
      ],
      [
       -90.149799,
       38.560999
      ],
      [
       -90.146876,
       38.562694
      ],
      [
       -90.14418,
       38.564604
      ],
      [
       -90.141736,
       38.566712
      ],
      [
       -90.139568,
       38.568997
      ],
      [
       -90.137698,
       38.571436
      ],
      [
       -90.136142,
       38.574008
      ],
      [
       -90.134916,
       38.576686
      ],
      [
       -90.134032,
       38.579445
      ],
      [
       -90.133498,
       38.582259
      ],
      [
       -90.133319,
       38.5851
      ]
     ]
    ]
   }
  },
  {
   "type": "Feature",
   "properties": {
    "utility": "Ameren Illinois",
    "docket": "26-0051",
    "status": "proposed",
    "group": "2. Substation capacity",
    "project_id": "",
    "project_name": "Normal Main - Transformer Upgrade",
    "category": "Capacity Expansion",
    "asset_type": "transformer upgrade",
    "feeder_id": "",
    "substation": "",
    "place": "Normal",
    "county": "McLean",
    "region": "",
    "program_year": 2030,
    "cost_usd": 3862486,
    "est_headroom_mw": "",
    "loc_method": "municipality_centroid",
    "uncertainty_mi": 2.0,
    "feeder_match": "",
    "sub_nearest": "",
    "sub_nearest_mi": "",
    "sub_hc_kw": "",
    "sub_candidates": "",
    "hosting_capacity_flag": "possible",
    "removal_risk": "low",
    "risk_reason": "Party asks total ~$450M against $2.68B (~17%), far milder than the 2023 rejection, and ICC Staff finds the plan substantially compliant. Only one Capacity Expansion project is targeted for removal.",
    "program_id": "",
    "itn": "",
    "ce_type": "",
    "voltage_kv": "",
    "driver": "",
    "nwa_status": "",
    "source": "ICC Staff Ex. 15.02 (Docket 26-0051), 2026-05-07",
    "notes": ""
   },
   "geometry": {
    "type": "Polygon",
    "coordinates": [
     [
      [
       -88.952473,
       40.5142
      ],
      [
       -88.952657,
       40.517041
      ],
      [
       -88.953206,
       40.519855
      ],
      [
       -88.954115,
       40.522614
      ],
      [
       -88.955376,
       40.525292
      ],
      [
       -88.956975,
       40.527864
      ],
      [
       -88.958899,
       40.530303
      ],
      [
       -88.961128,
       40.532588
      ],
      [
       -88.96364,
       40.534696
      ],
      [
       -88.966413,
       40.536606
      ],
      [
       -88.969418,
       40.538301
      ],
      [
       -88.972627,
       40.539763
      ],
      [
       -88.97601,
       40.540979
      ],
      [
       -88.979532,
       40.541937
      ],
      [
       -88.983162,
       40.542629
      ],
      [
       -88.986863,
       40.543046
      ],
      [
       -88.9906,
       40.543186
      ],
      [
       -88.994337,
       40.543046
      ],
      [
       -88.998038,
       40.542629
      ],
      [
       -89.001668,
       40.541937
      ],
      [
       -89.00519,
       40.540979
      ],
      [
       -89.008573,
       40.539763
      ],
      [
       -89.011782,
       40.538301
      ],
      [
       -89.014787,
       40.536606
      ],
      [
       -89.01756,
       40.534696
      ],
      [
       -89.020072,
       40.532588
      ],
      [
       -89.022301,
       40.530303
      ],
      [
       -89.024225,
       40.527864
      ],
      [
       -89.025824,
       40.525292
      ],
      [
       -89.027085,
       40.522614
      ],
      [
       -89.027994,
       40.519855
      ],
      [
       -89.028543,
       40.517041
      ],
      [
       -89.028727,
       40.5142
      ],
      [
       -89.028543,
       40.511359
      ],
      [
       -89.027994,
       40.508545
      ],
      [
       -89.027085,
       40.505786
      ],
      [
       -89.025824,
       40.503108
      ],
      [
       -89.024225,
       40.500536
      ],
      [
       -89.022301,
       40.498097
      ],
      [
       -89.020072,
       40.495812
      ],
      [
       -89.01756,
       40.493704
      ],
      [
       -89.014787,
       40.491794
      ],
      [
       -89.011782,
       40.490099
      ],
      [
       -89.008573,
       40.488637
      ],
      [
       -89.00519,
       40.487421
      ],
      [
       -89.001668,
       40.486463
      ],
      [
       -88.998038,
       40.485771
      ],
      [
       -88.994337,
       40.485354
      ],
      [
       -88.9906,
       40.485214
      ],
      [
       -88.986863,
       40.485354
      ],
      [
       -88.983162,
       40.485771
      ],
      [
       -88.979532,
       40.486463
      ],
      [
       -88.97601,
       40.487421
      ],
      [
       -88.972627,
       40.488637
      ],
      [
       -88.969418,
       40.490099
      ],
      [
       -88.966413,
       40.491794
      ],
      [
       -88.96364,
       40.493704
      ],
      [
       -88.961128,
       40.495812
      ],
      [
       -88.958899,
       40.498097
      ],
      [
       -88.956975,
       40.500536
      ],
      [
       -88.955376,
       40.503108
      ],
      [
       -88.954115,
       40.505786
      ],
      [
       -88.953206,
       40.508545
      ],
      [
       -88.952657,
       40.511359
      ],
      [
       -88.952473,
       40.5142
      ]
     ]
    ]
   }
  },
  {
   "type": "Feature",
   "properties": {
    "utility": "Ameren Illinois",
    "docket": "26-0051",
    "status": "proposed",
    "group": "1. New substations",
    "project_id": "",
    "project_name": "Nashville - Substation Construction",
    "category": "Capacity Expansion",
    "asset_type": "NEW substation",
    "feeder_id": "",
    "substation": "",
    "place": "Nashville",
    "county": "Washington",
    "region": "",
    "program_year": 2030,
    "cost_usd": 3465227,
    "est_headroom_mw": "",
    "loc_method": "municipality_centroid",
    "uncertainty_mi": 2.0,
    "feeder_match": "",
    "sub_nearest": "",
    "sub_nearest_mi": "",
    "sub_hc_kw": "",
    "sub_candidates": "",
    "hosting_capacity_flag": "possible",
    "removal_risk": "low",
    "risk_reason": "Party asks total ~$450M against $2.68B (~17%), far milder than the 2023 rejection, and ICC Staff finds the plan substantially compliant. Only one Capacity Expansion project is targeted for removal.",
    "program_id": "",
    "itn": "",
    "ce_type": "",
    "voltage_kv": "",
    "driver": "",
    "nwa_status": "",
    "source": "ICC Staff Ex. 15.02 (Docket 26-0051), 2026-05-07",
    "notes": "Paired with New Sub Site Purchase $331,957."
   },
   "geometry": {
    "type": "Polygon",
    "coordinates": [
     [
      [
       -89.344243,
       38.3437
      ],
      [
       -89.344421,
       38.346541
      ],
      [
       -89.344953,
       38.349355
      ],
      [
       -89.345834,
       38.352114
      ],
      [
       -89.347056,
       38.354792
      ],
      [
       -89.348607,
       38.357364
      ],
      [
       -89.350471,
       38.359803
      ],
      [
       -89.352632,
       38.362088
      ],
      [
       -89.355067,
       38.364196
      ],
      [
       -89.357755,
       38.366106
      ],
      [
       -89.360668,
       38.367801
      ],
      [
       -89.363779,
       38.369263
      ],
      [
       -89.367057,
       38.370479
      ],
      [
       -89.370472,
       38.371437
      ],
      [
       -89.37399,
       38.372129
      ],
      [
       -89.377578,
       38.372546
      ],
      [
       -89.3812,
       38.372686
      ],
      [
       -89.384822,
       38.372546
      ],
      [
       -89.38841,
       38.372129
      ],
      [
       -89.391928,
       38.371437
      ],
      [
       -89.395343,
       38.370479
      ],
      [
       -89.398621,
       38.369263
      ],
      [
       -89.401732,
       38.367801
      ],
      [
       -89.404645,
       38.366106
      ],
      [
       -89.407333,
       38.364196
      ],
      [
       -89.409768,
       38.362088
      ],
      [
       -89.411929,
       38.359803
      ],
      [
       -89.413793,
       38.357364
      ],
      [
       -89.415344,
       38.354792
      ],
      [
       -89.416566,
       38.352114
      ],
      [
       -89.417447,
       38.349355
      ],
      [
       -89.417979,
       38.346541
      ],
      [
       -89.418157,
       38.3437
      ],
      [
       -89.417979,
       38.340859
      ],
      [
       -89.417447,
       38.338045
      ],
      [
       -89.416566,
       38.335286
      ],
      [
       -89.415344,
       38.332608
      ],
      [
       -89.413793,
       38.330036
      ],
      [
       -89.411929,
       38.327597
      ],
      [
       -89.409768,
       38.325312
      ],
      [
       -89.407333,
       38.323204
      ],
      [
       -89.404645,
       38.321294
      ],
      [
       -89.401732,
       38.319599
      ],
      [
       -89.398621,
       38.318137
      ],
      [
       -89.395343,
       38.316921
      ],
      [
       -89.391928,
       38.315963
      ],
      [
       -89.38841,
       38.315271
      ],
      [
       -89.384822,
       38.314854
      ],
      [
       -89.3812,
       38.314714
      ],
      [
       -89.377578,
       38.314854
      ],
      [
       -89.37399,
       38.315271
      ],
      [
       -89.370472,
       38.315963
      ],
      [
       -89.367057,
       38.316921
      ],
      [
       -89.363779,
       38.318137
      ],
      [
       -89.360668,
       38.319599
      ],
      [
       -89.357755,
       38.321294
      ],
      [
       -89.355067,
       38.323204
      ],
      [
       -89.352632,
       38.325312
      ],
      [
       -89.350471,
       38.327597
      ],
      [
       -89.348607,
       38.330036
      ],
      [
       -89.347056,
       38.332608
      ],
      [
       -89.345834,
       38.335286
      ],
      [
       -89.344953,
       38.338045
      ],
      [
       -89.344421,
       38.340859
      ],
      [
       -89.344243,
       38.3437
      ]
     ]
    ]
   }
  },
  {
   "type": "Feature",
   "properties": {
    "utility": "Ameren Illinois",
    "docket": "26-0051",
    "status": "proposed",
    "group": "1. New substations",
    "project_id": "",
    "project_name": "Nashville - New Substation Site Purchase",
    "category": "Capacity Expansion",
    "asset_type": "land acquisition",
    "feeder_id": "",
    "substation": "",
    "place": "Nashville",
    "county": "Washington",
    "region": "",
    "program_year": 2030,
    "cost_usd": 331957,
    "est_headroom_mw": "",
    "loc_method": "municipality_centroid",
    "uncertainty_mi": 2.0,
    "feeder_match": "",
    "sub_nearest": "",
    "sub_nearest_mi": "",
    "sub_hc_kw": "",
    "sub_candidates": "",
    "hosting_capacity_flag": "possible",
    "removal_risk": "low",
    "risk_reason": "Party asks total ~$450M against $2.68B (~17%), far milder than the 2023 rejection, and ICC Staff finds the plan substantially compliant. Only one Capacity Expansion project is targeted for removal.",
    "program_id": "",
    "itn": "",
    "ce_type": "",
    "voltage_kv": "",
    "driver": "",
    "nwa_status": "",
    "source": "ICC Staff Ex. 15.02 (Docket 26-0051), 2026-05-07",
    "notes": "Land for new Nashville substation."
   },
   "geometry": {
    "type": "Polygon",
    "coordinates": [
     [
      [
       -89.344243,
       38.3437
      ],
      [
       -89.344421,
       38.346541
      ],
      [
       -89.344953,
       38.349355
      ],
      [
       -89.345834,
       38.352114
      ],
      [
       -89.347056,
       38.354792
      ],
      [
       -89.348607,
       38.357364
      ],
      [
       -89.350471,
       38.359803
      ],
      [
       -89.352632,
       38.362088
      ],
      [
       -89.355067,
       38.364196
      ],
      [
       -89.357755,
       38.366106
      ],
      [
       -89.360668,
       38.367801
      ],
      [
       -89.363779,
       38.369263
      ],
      [
       -89.367057,
       38.370479
      ],
      [
       -89.370472,
       38.371437
      ],
      [
       -89.37399,
       38.372129
      ],
      [
       -89.377578,
       38.372546
      ],
      [
       -89.3812,
       38.372686
      ],
      [
       -89.384822,
       38.372546
      ],
      [
       -89.38841,
       38.372129
      ],
      [
       -89.391928,
       38.371437
      ],
      [
       -89.395343,
       38.370479
      ],
      [
       -89.398621,
       38.369263
      ],
      [
       -89.401732,
       38.367801
      ],
      [
       -89.404645,
       38.366106
      ],
      [
       -89.407333,
       38.364196
      ],
      [
       -89.409768,
       38.362088
      ],
      [
       -89.411929,
       38.359803
      ],
      [
       -89.413793,
       38.357364
      ],
      [
       -89.415344,
       38.354792
      ],
      [
       -89.416566,
       38.352114
      ],
      [
       -89.417447,
       38.349355
      ],
      [
       -89.417979,
       38.346541
      ],
      [
       -89.418157,
       38.3437
      ],
      [
       -89.417979,
       38.340859
      ],
      [
       -89.417447,
       38.338045
      ],
      [
       -89.416566,
       38.335286
      ],
      [
       -89.415344,
       38.332608
      ],
      [
       -89.413793,
       38.330036
      ],
      [
       -89.411929,
       38.327597
      ],
      [
       -89.409768,
       38.325312
      ],
      [
       -89.407333,
       38.323204
      ],
      [
       -89.404645,
       38.321294
      ],
      [
       -89.401732,
       38.319599
      ],
      [
       -89.398621,
       38.318137
      ],
      [
       -89.395343,
       38.316921
      ],
      [
       -89.391928,
       38.315963
      ],
      [
       -89.38841,
       38.315271
      ],
      [
       -89.384822,
       38.314854
      ],
      [
       -89.3812,
       38.314714
      ],
      [
       -89.377578,
       38.314854
      ],
      [
       -89.37399,
       38.315271
      ],
      [
       -89.370472,
       38.315963
      ],
      [
       -89.367057,
       38.316921
      ],
      [
       -89.363779,
       38.318137
      ],
      [
       -89.360668,
       38.319599
      ],
      [
       -89.357755,
       38.321294
      ],
      [
       -89.355067,
       38.323204
      ],
      [
       -89.352632,
       38.325312
      ],
      [
       -89.350471,
       38.327597
      ],
      [
       -89.348607,
       38.330036
      ],
      [
       -89.347056,
       38.332608
      ],
      [
       -89.345834,
       38.335286
      ],
      [
       -89.344953,
       38.338045
      ],
      [
       -89.344421,
       38.340859
      ],
      [
       -89.344243,
       38.3437
      ]
     ]
    ]
   }
  },
  {
   "type": "Feature",
   "properties": {
    "utility": "Ameren Illinois",
    "docket": "26-0051",
    "status": "proposed",
    "group": "2. Substation capacity",
    "project_id": "",
    "project_name": "Aviston - Second Transformer",
    "category": "Capacity Expansion",
    "asset_type": "transformer addition",
    "feeder_id": "",
    "substation": "",
    "place": "Aviston",
    "county": "Clinton",
    "region": "",
    "program_year": 2030,
    "cost_usd": 3342400,
    "est_headroom_mw": "",
    "loc_method": "municipality_centroid",
    "uncertainty_mi": 2.0,
    "feeder_match": "",
    "sub_nearest": "",
    "sub_nearest_mi": "",
    "sub_hc_kw": "",
    "sub_candidates": "",
    "hosting_capacity_flag": "possible",
    "removal_risk": "low",
    "risk_reason": "Party asks total ~$450M against $2.68B (~17%), far milder than the 2023 rejection, and ICC Staff finds the plan substantially compliant. Only one Capacity Expansion project is targeted for removal.",
    "program_id": "",
    "itn": "",
    "ce_type": "",
    "voltage_kv": "",
    "driver": "",
    "nwa_status": "",
    "source": "ICC Staff Ex. 15.02 (Docket 26-0051), 2026-05-07",
    "notes": "Paired with Aviston Capacity Line $249,745."
   },
   "geometry": {
    "type": "Polygon",
    "coordinates": [
     [
      [
       -89.567106,
       38.6103
      ],
      [
       -89.567285,
       38.613141
      ],
      [
       -89.567819,
       38.615955
      ],
      [
       -89.568703,
       38.618714
      ],
      [
       -89.56993,
       38.621392
      ],
      [
       -89.571486,
       38.623964
      ],
      [
       -89.573358,
       38.626403
      ],
      [
       -89.575526,
       38.628688
      ],
      [
       -89.577971,
       38.630796
      ],
      [
       -89.580668,
       38.632706
      ],
      [
       -89.583592,
       38.634401
      ],
      [
       -89.586714,
       38.635863
      ],
      [
       -89.590005,
       38.637079
      ],
      [
       -89.593432,
       38.638037
      ],
      [
       -89.596963,
       38.638729
      ],
      [
       -89.600564,
       38.639146
      ],
      [
       -89.6042,
       38.639286
      ],
      [
       -89.607836,
       38.639146
      ],
      [
       -89.611437,
       38.638729
      ],
      [
       -89.614968,
       38.638037
      ],
      [
       -89.618395,
       38.637079
      ],
      [
       -89.621686,
       38.635863
      ],
      [
       -89.624808,
       38.634401
      ],
      [
       -89.627732,
       38.632706
      ],
      [
       -89.630429,
       38.630796
      ],
      [
       -89.632874,
       38.628688
      ],
      [
       -89.635042,
       38.626403
      ],
      [
       -89.636914,
       38.623964
      ],
      [
       -89.63847,
       38.621392
      ],
      [
       -89.639697,
       38.618714
      ],
      [
       -89.640581,
       38.615955
      ],
      [
       -89.641115,
       38.613141
      ],
      [
       -89.641294,
       38.6103
      ],
      [
       -89.641115,
       38.607459
      ],
      [
       -89.640581,
       38.604645
      ],
      [
       -89.639697,
       38.601886
      ],
      [
       -89.63847,
       38.599208
      ],
      [
       -89.636914,
       38.596636
      ],
      [
       -89.635042,
       38.594197
      ],
      [
       -89.632874,
       38.591912
      ],
      [
       -89.630429,
       38.589804
      ],
      [
       -89.627732,
       38.587894
      ],
      [
       -89.624808,
       38.586199
      ],
      [
       -89.621686,
       38.584737
      ],
      [
       -89.618395,
       38.583521
      ],
      [
       -89.614968,
       38.582563
      ],
      [
       -89.611437,
       38.581871
      ],
      [
       -89.607836,
       38.581454
      ],
      [
       -89.6042,
       38.581314
      ],
      [
       -89.600564,
       38.581454
      ],
      [
       -89.596963,
       38.581871
      ],
      [
       -89.593432,
       38.582563
      ],
      [
       -89.590005,
       38.583521
      ],
      [
       -89.586714,
       38.584737
      ],
      [
       -89.583592,
       38.586199
      ],
      [
       -89.580668,
       38.587894
      ],
      [
       -89.577971,
       38.589804
      ],
      [
       -89.575526,
       38.591912
      ],
      [
       -89.573358,
       38.594197
      ],
      [
       -89.571486,
       38.596636
      ],
      [
       -89.56993,
       38.599208
      ],
      [
       -89.568703,
       38.601886
      ],
      [
       -89.567819,
       38.604645
      ],
      [
       -89.567285,
       38.607459
      ],
      [
       -89.567106,
       38.6103
      ]
     ]
    ]
   }
  },
  {
   "type": "Feature",
   "properties": {
    "utility": "Ameren Illinois",
    "docket": "26-0051",
    "status": "proposed",
    "group": "3. Feeders & lines",
    "project_id": "",
    "project_name": "Aviston - Capacity Line",
    "category": "Capacity Expansion",
    "asset_type": "line capacity",
    "feeder_id": "",
    "substation": "",
    "place": "Aviston",
    "county": "Clinton",
    "region": "",
    "program_year": 2030,
    "cost_usd": 249745,
    "est_headroom_mw": "",
    "loc_method": "municipality_centroid",
    "uncertainty_mi": 2.0,
    "feeder_match": "",
    "sub_nearest": "",
    "sub_nearest_mi": "",
    "sub_hc_kw": "",
    "sub_candidates": "",
    "hosting_capacity_flag": "possible",
    "removal_risk": "low",
    "risk_reason": "Party asks total ~$450M against $2.68B (~17%), far milder than the 2023 rejection, and ICC Staff finds the plan substantially compliant. Only one Capacity Expansion project is targeted for removal.",
    "program_id": "",
    "itn": "",
    "ce_type": "",
    "voltage_kv": "",
    "driver": "",
    "nwa_status": "",
    "source": "ICC Staff Ex. 15.02 (Docket 26-0051), 2026-05-07",
    "notes": ""
   },
   "geometry": {
    "type": "Polygon",
    "coordinates": [
     [
      [
       -89.567106,
       38.6103
      ],
      [
       -89.567285,
       38.613141
      ],
      [
       -89.567819,
       38.615955
      ],
      [
       -89.568703,
       38.618714
      ],
      [
       -89.56993,
       38.621392
      ],
      [
       -89.571486,
       38.623964
      ],
      [
       -89.573358,
       38.626403
      ],
      [
       -89.575526,
       38.628688
      ],
      [
       -89.577971,
       38.630796
      ],
      [
       -89.580668,
       38.632706
      ],
      [
       -89.583592,
       38.634401
      ],
      [
       -89.586714,
       38.635863
      ],
      [
       -89.590005,
       38.637079
      ],
      [
       -89.593432,
       38.638037
      ],
      [
       -89.596963,
       38.638729
      ],
      [
       -89.600564,
       38.639146
      ],
      [
       -89.6042,
       38.639286
      ],
      [
       -89.607836,
       38.639146
      ],
      [
       -89.611437,
       38.638729
      ],
      [
       -89.614968,
       38.638037
      ],
      [
       -89.618395,
       38.637079
      ],
      [
       -89.621686,
       38.635863
      ],
      [
       -89.624808,
       38.634401
      ],
      [
       -89.627732,
       38.632706
      ],
      [
       -89.630429,
       38.630796
      ],
      [
       -89.632874,
       38.628688
      ],
      [
       -89.635042,
       38.626403
      ],
      [
       -89.636914,
       38.623964
      ],
      [
       -89.63847,
       38.621392
      ],
      [
       -89.639697,
       38.618714
      ],
      [
       -89.640581,
       38.615955
      ],
      [
       -89.641115,
       38.613141
      ],
      [
       -89.641294,
       38.6103
      ],
      [
       -89.641115,
       38.607459
      ],
      [
       -89.640581,
       38.604645
      ],
      [
       -89.639697,
       38.601886
      ],
      [
       -89.63847,
       38.599208
      ],
      [
       -89.636914,
       38.596636
      ],
      [
       -89.635042,
       38.594197
      ],
      [
       -89.632874,
       38.591912
      ],
      [
       -89.630429,
       38.589804
      ],
      [
       -89.627732,
       38.587894
      ],
      [
       -89.624808,
       38.586199
      ],
      [
       -89.621686,
       38.584737
      ],
      [
       -89.618395,
       38.583521
      ],
      [
       -89.614968,
       38.582563
      ],
      [
       -89.611437,
       38.581871
      ],
      [
       -89.607836,
       38.581454
      ],
      [
       -89.6042,
       38.581314
      ],
      [
       -89.600564,
       38.581454
      ],
      [
       -89.596963,
       38.581871
      ],
      [
       -89.593432,
       38.582563
      ],
      [
       -89.590005,
       38.583521
      ],
      [
       -89.586714,
       38.584737
      ],
      [
       -89.583592,
       38.586199
      ],
      [
       -89.580668,
       38.587894
      ],
      [
       -89.577971,
       38.589804
      ],
      [
       -89.575526,
       38.591912
      ],
      [
       -89.573358,
       38.594197
      ],
      [
       -89.571486,
       38.596636
      ],
      [
       -89.56993,
       38.599208
      ],
      [
       -89.568703,
       38.601886
      ],
      [
       -89.567819,
       38.604645
      ],
      [
       -89.567285,
       38.607459
      ],
      [
       -89.567106,
       38.6103
      ]
     ]
    ]
   }
  },
  {
   "type": "Feature",
   "properties": {
    "utility": "Ameren Illinois",
    "docket": "26-0051",
    "status": "proposed",
    "group": "2. Substation capacity",
    "project_id": "",
    "project_name": "Hartman Lane - Second Transformer",
    "category": "Capacity Expansion",
    "asset_type": "transformer addition",
    "feeder_id": "",
    "substation": "",
    "place": "Shiloh",
    "county": "St. Clair",
    "region": "",
    "program_year": 2029,
    "cost_usd": 2953898,
    "est_headroom_mw": "",
    "loc_method": "municipality_centroid",
    "uncertainty_mi": 2.0,
    "feeder_match": "",
    "sub_nearest": "",
    "sub_nearest_mi": "",
    "sub_hc_kw": "",
    "sub_candidates": "",
    "hosting_capacity_flag": "possible",
    "removal_risk": "low",
    "risk_reason": "Party asks total ~$450M against $2.68B (~17%), far milder than the 2023 rejection, and ICC Staff finds the plan substantially compliant. Only one Capacity Expansion project is targeted for removal.",
    "program_id": "",
    "itn": "",
    "ce_type": "",
    "voltage_kv": "",
    "driver": "",
    "nwa_status": "",
    "source": "ICC Staff Ex. 15.02 (Docket 26-0051), 2026-05-07",
    "notes": "Hartman Lane is in the Shiloh/Belleville area, St. Clair Co."
   },
   "geometry": {
    "type": "Polygon",
    "coordinates": [
     [
      [
       -89.903032,
       38.5595
      ],
      [
       -89.903211,
       38.562341
      ],
      [
       -89.903745,
       38.565155
      ],
      [
       -89.904628,
       38.567914
      ],
      [
       -89.905854,
       38.570592
      ],
      [
       -89.907409,
       38.573164
      ],
      [
       -89.909279,
       38.575603
      ],
      [
       -89.911446,
       38.577888
      ],
      [
       -89.913889,
       38.579996
      ],
      [
       -89.916584,
       38.581906
      ],
      [
       -89.919506,
       38.583601
      ],
      [
       -89.922626,
       38.585063
      ],
      [
       -89.925915,
       38.586279
      ],
      [
       -89.92934,
       38.587237
      ],
      [
       -89.932868,
       38.587929
      ],
      [
       -89.936467,
       38.588346
      ],
      [
       -89.9401,
       38.588486
      ],
      [
       -89.943733,
       38.588346
      ],
      [
       -89.947332,
       38.587929
      ],
      [
       -89.95086,
       38.587237
      ],
      [
       -89.954285,
       38.586279
      ],
      [
       -89.957574,
       38.585063
      ],
      [
       -89.960694,
       38.583601
      ],
      [
       -89.963616,
       38.581906
      ],
      [
       -89.966311,
       38.579996
      ],
      [
       -89.968754,
       38.577888
      ],
      [
       -89.970921,
       38.575603
      ],
      [
       -89.972791,
       38.573164
      ],
      [
       -89.974346,
       38.570592
      ],
      [
       -89.975572,
       38.567914
      ],
      [
       -89.976455,
       38.565155
      ],
      [
       -89.976989,
       38.562341
      ],
      [
       -89.977168,
       38.5595
      ],
      [
       -89.976989,
       38.556659
      ],
      [
       -89.976455,
       38.553845
      ],
      [
       -89.975572,
       38.551086
      ],
      [
       -89.974346,
       38.548408
      ],
      [
       -89.972791,
       38.545836
      ],
      [
       -89.970921,
       38.543397
      ],
      [
       -89.968754,
       38.541112
      ],
      [
       -89.966311,
       38.539004
      ],
      [
       -89.963616,
       38.537094
      ],
      [
       -89.960694,
       38.535399
      ],
      [
       -89.957574,
       38.533937
      ],
      [
       -89.954285,
       38.532721
      ],
      [
       -89.95086,
       38.531763
      ],
      [
       -89.947332,
       38.531071
      ],
      [
       -89.943733,
       38.530654
      ],
      [
       -89.9401,
       38.530514
      ],
      [
       -89.936467,
       38.530654
      ],
      [
       -89.932868,
       38.531071
      ],
      [
       -89.92934,
       38.531763
      ],
      [
       -89.925915,
       38.532721
      ],
      [
       -89.922626,
       38.533937
      ],
      [
       -89.919506,
       38.535399
      ],
      [
       -89.916584,
       38.537094
      ],
      [
       -89.913889,
       38.539004
      ],
      [
       -89.911446,
       38.541112
      ],
      [
       -89.909279,
       38.543397
      ],
      [
       -89.907409,
       38.545836
      ],
      [
       -89.905854,
       38.548408
      ],
      [
       -89.904628,
       38.551086
      ],
      [
       -89.903745,
       38.553845
      ],
      [
       -89.903211,
       38.556659
      ],
      [
       -89.903032,
       38.5595
      ]
     ]
    ]
   }
  },
  {
   "type": "Feature",
   "properties": {
    "utility": "Ameren Illinois",
    "docket": "26-0051",
    "status": "proposed",
    "group": "2. Substation capacity",
    "project_id": "",
    "project_name": "Fondulac - Additional Transformer",
    "category": "Capacity Expansion",
    "asset_type": "transformer addition",
    "feeder_id": "",
    "substation": "",
    "place": "East Peoria",
    "county": "Tazewell",
    "region": "",
    "program_year": 2031,
    "cost_usd": 2883236,
    "est_headroom_mw": "",
    "loc_method": "municipality_centroid",
    "uncertainty_mi": 2.0,
    "feeder_match": "",
    "sub_nearest": "",
    "sub_nearest_mi": "",
    "sub_hc_kw": "",
    "sub_candidates": "",
    "hosting_capacity_flag": "possible",
    "removal_risk": "low",
    "risk_reason": "Party asks total ~$450M against $2.68B (~17%), far milder than the 2023 rejection, and ICC Staff finds the plan substantially compliant. Only one Capacity Expansion project is targeted for removal.",
    "program_id": "",
    "itn": "",
    "ce_type": "",
    "voltage_kv": "",
    "driver": "",
    "nwa_status": "",
    "source": "ICC Staff Ex. 15.02 (Docket 26-0051), 2026-05-07",
    "notes": "Fondulac = East Peoria area."
   },
   "geometry": {
    "type": "Polygon",
    "coordinates": [
     [
      [
       -89.531887,
       40.6661
      ],
      [
       -89.532071,
       40.668941
      ],
      [
       -89.532621,
       40.671755
      ],
      [
       -89.533532,
       40.674514
      ],
      [
       -89.534796,
       40.677192
      ],
      [
       -89.536399,
       40.679764
      ],
      [
       -89.538327,
       40.682203
      ],
      [
       -89.540561,
       40.684488
      ],
      [
       -89.543079,
       40.686596
      ],
      [
       -89.545858,
       40.688506
      ],
      [
       -89.54887,
       40.690201
      ],
      [
       -89.552086,
       40.691663
      ],
      [
       -89.555476,
       40.692879
      ],
      [
       -89.559007,
       40.693837
      ],
      [
       -89.562645,
       40.694529
      ],
      [
       -89.566354,
       40.694946
      ],
      [
       -89.5701,
       40.695086
      ],
      [
       -89.573846,
       40.694946
      ],
      [
       -89.577555,
       40.694529
      ],
      [
       -89.581193,
       40.693837
      ],
      [
       -89.584724,
       40.692879
      ],
      [
       -89.588114,
       40.691663
      ],
      [
       -89.59133,
       40.690201
      ],
      [
       -89.594342,
       40.688506
      ],
      [
       -89.597121,
       40.686596
      ],
      [
       -89.599639,
       40.684488
      ],
      [
       -89.601873,
       40.682203
      ],
      [
       -89.603801,
       40.679764
      ],
      [
       -89.605404,
       40.677192
      ],
      [
       -89.606668,
       40.674514
      ],
      [
       -89.607579,
       40.671755
      ],
      [
       -89.608129,
       40.668941
      ],
      [
       -89.608313,
       40.6661
      ],
      [
       -89.608129,
       40.663259
      ],
      [
       -89.607579,
       40.660445
      ],
      [
       -89.606668,
       40.657686
      ],
      [
       -89.605404,
       40.655008
      ],
      [
       -89.603801,
       40.652436
      ],
      [
       -89.601873,
       40.649997
      ],
      [
       -89.599639,
       40.647712
      ],
      [
       -89.597121,
       40.645604
      ],
      [
       -89.594342,
       40.643694
      ],
      [
       -89.59133,
       40.641999
      ],
      [
       -89.588114,
       40.640537
      ],
      [
       -89.584724,
       40.639321
      ],
      [
       -89.581193,
       40.638363
      ],
      [
       -89.577555,
       40.637671
      ],
      [
       -89.573846,
       40.637254
      ],
      [
       -89.5701,
       40.637114
      ],
      [
       -89.566354,
       40.637254
      ],
      [
       -89.562645,
       40.637671
      ],
      [
       -89.559007,
       40.638363
      ],
      [
       -89.555476,
       40.639321
      ],
      [
       -89.552086,
       40.640537
      ],
      [
       -89.54887,
       40.641999
      ],
      [
       -89.545858,
       40.643694
      ],
      [
       -89.543079,
       40.645604
      ],
      [
       -89.540561,
       40.647712
      ],
      [
       -89.538327,
       40.649997
      ],
      [
       -89.536399,
       40.652436
      ],
      [
       -89.534796,
       40.655008
      ],
      [
       -89.533532,
       40.657686
      ],
      [
       -89.532621,
       40.660445
      ],
      [
       -89.532071,
       40.663259
      ],
      [
       -89.531887,
       40.6661
      ]
     ]
    ]
   }
  },
  {
   "type": "Feature",
   "properties": {
    "utility": "Ameren Illinois",
    "docket": "26-0051",
    "status": "proposed",
    "group": "2. Substation capacity",
    "project_id": "",
    "project_name": "Savoy - Transformer Upgrade",
    "category": "Capacity Expansion",
    "asset_type": "transformer upgrade",
    "feeder_id": "",
    "substation": "",
    "place": "Savoy",
    "county": "Champaign",
    "region": "",
    "program_year": 2028,
    "cost_usd": 2687248,
    "est_headroom_mw": "",
    "loc_method": "municipality_centroid",
    "uncertainty_mi": 2.0,
    "feeder_match": "",
    "sub_nearest": "",
    "sub_nearest_mi": "",
    "sub_hc_kw": "",
    "sub_candidates": "",
    "hosting_capacity_flag": "possible",
    "removal_risk": "low",
    "risk_reason": "Party asks total ~$450M against $2.68B (~17%), far milder than the 2023 rejection, and ICC Staff finds the plan substantially compliant. Only one Capacity Expansion project is targeted for removal.",
    "program_id": "",
    "itn": "",
    "ce_type": "",
    "voltage_kv": "",
    "driver": "",
    "nwa_status": "",
    "source": "ICC Staff Ex. 15.02 (Docket 26-0051), 2026-05-07",
    "notes": ""
   },
   "geometry": {
    "type": "Polygon",
    "coordinates": [
     [
      [
       -88.214131,
       40.0553
      ],
      [
       -88.214314,
       40.058141
      ],
      [
       -88.214859,
       40.060955
      ],
      [
       -88.215762,
       40.063714
      ],
      [
       -88.217014,
       40.066392
      ],
      [
       -88.218603,
       40.068964
      ],
      [
       -88.220513,
       40.071403
      ],
      [
       -88.222727,
       40.073688
      ],
      [
       -88.225223,
       40.075796
      ],
      [
       -88.227976,
       40.077706
      ],
      [
       -88.230961,
       40.079401
      ],
      [
       -88.234149,
       40.080863
      ],
      [
       -88.237508,
       40.082079
      ],
      [
       -88.241007,
       40.083037
      ],
      [
       -88.244612,
       40.083729
      ],
      [
       -88.248288,
       40.084146
      ],
      [
       -88.252,
       40.084286
      ],
      [
       -88.255712,
       40.084146
      ],
      [
       -88.259388,
       40.083729
      ],
      [
       -88.262993,
       40.083037
      ],
      [
       -88.266492,
       40.082079
      ],
      [
       -88.269851,
       40.080863
      ],
      [
       -88.273039,
       40.079401
      ],
      [
       -88.276024,
       40.077706
      ],
      [
       -88.278777,
       40.075796
      ],
      [
       -88.281273,
       40.073688
      ],
      [
       -88.283487,
       40.071403
      ],
      [
       -88.285397,
       40.068964
      ],
      [
       -88.286986,
       40.066392
      ],
      [
       -88.288238,
       40.063714
      ],
      [
       -88.289141,
       40.060955
      ],
      [
       -88.289686,
       40.058141
      ],
      [
       -88.289869,
       40.0553
      ],
      [
       -88.289686,
       40.052459
      ],
      [
       -88.289141,
       40.049645
      ],
      [
       -88.288238,
       40.046886
      ],
      [
       -88.286986,
       40.044208
      ],
      [
       -88.285397,
       40.041636
      ],
      [
       -88.283487,
       40.039197
      ],
      [
       -88.281273,
       40.036912
      ],
      [
       -88.278777,
       40.034804
      ],
      [
       -88.276024,
       40.032894
      ],
      [
       -88.273039,
       40.031199
      ],
      [
       -88.269851,
       40.029737
      ],
      [
       -88.266492,
       40.028521
      ],
      [
       -88.262993,
       40.027563
      ],
      [
       -88.259388,
       40.026871
      ],
      [
       -88.255712,
       40.026454
      ],
      [
       -88.252,
       40.026314
      ],
      [
       -88.248288,
       40.026454
      ],
      [
       -88.244612,
       40.026871
      ],
      [
       -88.241007,
       40.027563
      ],
      [
       -88.237508,
       40.028521
      ],
      [
       -88.234149,
       40.029737
      ],
      [
       -88.230961,
       40.031199
      ],
      [
       -88.227976,
       40.032894
      ],
      [
       -88.225223,
       40.034804
      ],
      [
       -88.222727,
       40.036912
      ],
      [
       -88.220513,
       40.039197
      ],
      [
       -88.218603,
       40.041636
      ],
      [
       -88.217014,
       40.044208
      ],
      [
       -88.215762,
       40.046886
      ],
      [
       -88.214859,
       40.049645
      ],
      [
       -88.214314,
       40.052459
      ],
      [
       -88.214131,
       40.0553
      ]
     ]
    ]
   }
  },
  {
   "type": "Feature",
   "properties": {
    "utility": "Ameren Illinois",
    "docket": "26-0051",
    "status": "proposed",
    "group": "1. New substations",
    "project_id": "",
    "project_name": "Marseilles - New Substation Construction",
    "category": "Capacity Expansion",
    "asset_type": "NEW substation",
    "feeder_id": "",
    "substation": "",
    "place": "Marseilles",
    "county": "LaSalle",
    "region": "",
    "program_year": "",
    "cost_usd": "",
    "est_headroom_mw": "",
    "loc_method": "municipality_centroid",
    "uncertainty_mi": 2.0,
    "feeder_match": "",
    "sub_nearest": "",
    "sub_nearest_mi": "",
    "sub_hc_kw": "",
    "sub_candidates": "",
    "hosting_capacity_flag": "possible",
    "removal_risk": "low",
    "risk_reason": "Party asks total ~$450M against $2.68B (~17%), far milder than the 2023 rejection, and ICC Staff finds the plan substantially compliant. Only one Capacity Expansion project is targeted for removal.",
    "program_id": "",
    "itn": "",
    "ce_type": "",
    "voltage_kv": "",
    "driver": "",
    "nwa_status": "",
    "source": "ICC Staff Ex. 15.02 (Docket 26-0051), 2026-05-07",
    "notes": "Paired with land acquisition $337,958 and NRE LAS Marseilles substation line work. TERRITORY FLAG: the Marseilles town centroid falls inside our approximated ComEd territory polygon, yet the project is Ameren's (filed in Docket 26-0051, Northern Region, 'LAS' = LaSalle Co.). Service territories interleave at this boundary, so treat the utility label as authoritative and the point as boundary-zone approximate."
   },
   "geometry": {
    "type": "Polygon",
    "coordinates": [
     [
      [
       -88.6695,
       41.3306
      ],
      [
       -88.669685,
       41.333441
      ],
      [
       -88.670241,
       41.336255
      ],
      [
       -88.671162,
       41.339014
      ],
      [
       -88.672438,
       41.341692
      ],
      [
       -88.674057,
       41.344264
      ],
      [
       -88.676005,
       41.346703
      ],
      [
       -88.678261,
       41.348988
      ],
      [
       -88.680805,
       41.351096
      ],
      [
       -88.683612,
       41.353006
      ],
      [
       -88.686655,
       41.354701
      ],
      [
       -88.689904,
       41.356163
      ],
      [
       -88.693328,
       41.357379
      ],
      [
       -88.696895,
       41.358337
      ],
      [
       -88.700569,
       41.359029
      ],
      [
       -88.704316,
       41.359446
      ],
      [
       -88.7081,
       41.359586
      ],
      [
       -88.711884,
       41.359446
      ],
      [
       -88.715631,
       41.359029
      ],
      [
       -88.719305,
       41.358337
      ],
      [
       -88.722872,
       41.357379
      ],
      [
       -88.726296,
       41.356163
      ],
      [
       -88.729545,
       41.354701
      ],
      [
       -88.732588,
       41.353006
      ],
      [
       -88.735395,
       41.351096
      ],
      [
       -88.737939,
       41.348988
      ],
      [
       -88.740195,
       41.346703
      ],
      [
       -88.742143,
       41.344264
      ],
      [
       -88.743762,
       41.341692
      ],
      [
       -88.745038,
       41.339014
      ],
      [
       -88.745959,
       41.336255
      ],
      [
       -88.746515,
       41.333441
      ],
      [
       -88.7467,
       41.3306
      ],
      [
       -88.746515,
       41.327759
      ],
      [
       -88.745959,
       41.324945
      ],
      [
       -88.745038,
       41.322186
      ],
      [
       -88.743762,
       41.319508
      ],
      [
       -88.742143,
       41.316936
      ],
      [
       -88.740195,
       41.314497
      ],
      [
       -88.737939,
       41.312212
      ],
      [
       -88.735395,
       41.310104
      ],
      [
       -88.732588,
       41.308194
      ],
      [
       -88.729545,
       41.306499
      ],
      [
       -88.726296,
       41.305037
      ],
      [
       -88.722872,
       41.303821
      ],
      [
       -88.719305,
       41.302863
      ],
      [
       -88.715631,
       41.302171
      ],
      [
       -88.711884,
       41.301754
      ],
      [
       -88.7081,
       41.301614
      ],
      [
       -88.704316,
       41.301754
      ],
      [
       -88.700569,
       41.302171
      ],
      [
       -88.696895,
       41.302863
      ],
      [
       -88.693328,
       41.303821
      ],
      [
       -88.689904,
       41.305037
      ],
      [
       -88.686655,
       41.306499
      ],
      [
       -88.683612,
       41.308194
      ],
      [
       -88.680805,
       41.310104
      ],
      [
       -88.678261,
       41.312212
      ],
      [
       -88.676005,
       41.314497
      ],
      [
       -88.674057,
       41.316936
      ],
      [
       -88.672438,
       41.319508
      ],
      [
       -88.671162,
       41.322186
      ],
      [
       -88.670241,
       41.324945
      ],
      [
       -88.669685,
       41.327759
      ],
      [
       -88.6695,
       41.3306
      ]
     ]
    ]
   }
  },
  {
   "type": "Feature",
   "properties": {
    "utility": "Ameren Illinois",
    "docket": "26-0051",
    "status": "proposed",
    "group": "1. New substations",
    "project_id": "",
    "project_name": "Marseilles - New Substation Land Acquisition",
    "category": "Capacity Expansion",
    "asset_type": "land acquisition",
    "feeder_id": "",
    "substation": "",
    "place": "Marseilles",
    "county": "LaSalle",
    "region": "",
    "program_year": "",
    "cost_usd": 337958,
    "est_headroom_mw": "",
    "loc_method": "municipality_centroid",
    "uncertainty_mi": 2.0,
    "feeder_match": "",
    "sub_nearest": "",
    "sub_nearest_mi": "",
    "sub_hc_kw": "",
    "sub_candidates": "",
    "hosting_capacity_flag": "possible",
    "removal_risk": "low",
    "risk_reason": "Party asks total ~$450M against $2.68B (~17%), far milder than the 2023 rejection, and ICC Staff finds the plan substantially compliant. Only one Capacity Expansion project is targeted for removal.",
    "program_id": "",
    "itn": "",
    "ce_type": "",
    "voltage_kv": "",
    "driver": "",
    "nwa_status": "",
    "source": "ICC Staff Ex. 15.02 (Docket 26-0051), 2026-05-07",
    "notes": "TERRITORY FLAG: see the paired Marseilles construction entry - town centroid sits inside the approximated ComEd boundary although the project is Ameren's."
   },
   "geometry": {
    "type": "Polygon",
    "coordinates": [
     [
      [
       -88.6695,
       41.3306
      ],
      [
       -88.669685,
       41.333441
      ],
      [
       -88.670241,
       41.336255
      ],
      [
       -88.671162,
       41.339014
      ],
      [
       -88.672438,
       41.341692
      ],
      [
       -88.674057,
       41.344264
      ],
      [
       -88.676005,
       41.346703
      ],
      [
       -88.678261,
       41.348988
      ],
      [
       -88.680805,
       41.351096
      ],
      [
       -88.683612,
       41.353006
      ],
      [
       -88.686655,
       41.354701
      ],
      [
       -88.689904,
       41.356163
      ],
      [
       -88.693328,
       41.357379
      ],
      [
       -88.696895,
       41.358337
      ],
      [
       -88.700569,
       41.359029
      ],
      [
       -88.704316,
       41.359446
      ],
      [
       -88.7081,
       41.359586
      ],
      [
       -88.711884,
       41.359446
      ],
      [
       -88.715631,
       41.359029
      ],
      [
       -88.719305,
       41.358337
      ],
      [
       -88.722872,
       41.357379
      ],
      [
       -88.726296,
       41.356163
      ],
      [
       -88.729545,
       41.354701
      ],
      [
       -88.732588,
       41.353006
      ],
      [
       -88.735395,
       41.351096
      ],
      [
       -88.737939,
       41.348988
      ],
      [
       -88.740195,
       41.346703
      ],
      [
       -88.742143,
       41.344264
      ],
      [
       -88.743762,
       41.341692
      ],
      [
       -88.745038,
       41.339014
      ],
      [
       -88.745959,
       41.336255
      ],
      [
       -88.746515,
       41.333441
      ],
      [
       -88.7467,
       41.3306
      ],
      [
       -88.746515,
       41.327759
      ],
      [
       -88.745959,
       41.324945
      ],
      [
       -88.745038,
       41.322186
      ],
      [
       -88.743762,
       41.319508
      ],
      [
       -88.742143,
       41.316936
      ],
      [
       -88.740195,
       41.314497
      ],
      [
       -88.737939,
       41.312212
      ],
      [
       -88.735395,
       41.310104
      ],
      [
       -88.732588,
       41.308194
      ],
      [
       -88.729545,
       41.306499
      ],
      [
       -88.726296,
       41.305037
      ],
      [
       -88.722872,
       41.303821
      ],
      [
       -88.719305,
       41.302863
      ],
      [
       -88.715631,
       41.302171
      ],
      [
       -88.711884,
       41.301754
      ],
      [
       -88.7081,
       41.301614
      ],
      [
       -88.704316,
       41.301754
      ],
      [
       -88.700569,
       41.302171
      ],
      [
       -88.696895,
       41.302863
      ],
      [
       -88.693328,
       41.303821
      ],
      [
       -88.689904,
       41.305037
      ],
      [
       -88.686655,
       41.306499
      ],
      [
       -88.683612,
       41.308194
      ],
      [
       -88.680805,
       41.310104
      ],
      [
       -88.678261,
       41.312212
      ],
      [
       -88.676005,
       41.314497
      ],
      [
       -88.674057,
       41.316936
      ],
      [
       -88.672438,
       41.319508
      ],
      [
       -88.671162,
       41.322186
      ],
      [
       -88.670241,
       41.324945
      ],
      [
       -88.669685,
       41.327759
      ],
      [
       -88.6695,
       41.3306
      ]
     ]
    ]
   }
  },
  {
   "type": "Feature",
   "properties": {
    "utility": "Ameren Illinois",
    "docket": "26-0051",
    "status": "proposed",
    "group": "2. Substation capacity",
    "project_id": "",
    "project_name": "Danville Frank - Transformer",
    "category": "Capacity Expansion",
    "asset_type": "transformer",
    "feeder_id": "",
    "substation": "",
    "place": "Danville",
    "county": "Vermilion",
    "region": "",
    "program_year": 2031,
    "cost_usd": 2381805,
    "est_headroom_mw": "",
    "loc_method": "municipality_centroid",
    "uncertainty_mi": 2.0,
    "feeder_match": "",
    "sub_nearest": "",
    "sub_nearest_mi": "",
    "sub_hc_kw": "",
    "sub_candidates": "",
    "hosting_capacity_flag": "possible",
    "removal_risk": "low",
    "risk_reason": "Party asks total ~$450M against $2.68B (~17%), far milder than the 2023 rejection, and ICC Staff finds the plan substantially compliant. Only one Capacity Expansion project is targeted for removal.",
    "program_id": "",
    "itn": "",
    "ce_type": "",
    "voltage_kv": "",
    "driver": "",
    "nwa_status": "",
    "source": "ICC Staff Ex. 15.02 (Docket 26-0051), 2026-05-07",
    "notes": ""
   },
   "geometry": {
    "type": "Polygon",
    "coordinates": [
     [
      [
       -87.592093,
       40.1245
      ],
      [
       -87.592275,
       40.127341
      ],
      [
       -87.592821,
       40.130155
      ],
      [
       -87.593725,
       40.132914
      ],
      [
       -87.594978,
       40.135592
      ],
      [
       -87.596569,
       40.138164
      ],
      [
       -87.598481,
       40.140603
      ],
      [
       -87.600697,
       40.142888
      ],
      [
       -87.603196,
       40.144996
      ],
      [
       -87.605952,
       40.146906
      ],
      [
       -87.60894,
       40.148601
      ],
      [
       -87.612131,
       40.150063
      ],
      [
       -87.615494,
       40.151279
      ],
      [
       -87.618996,
       40.152237
      ],
      [
       -87.622605,
       40.152929
      ],
      [
       -87.626284,
       40.153346
      ],
      [
       -87.63,
       40.153486
      ],
      [
       -87.633716,
       40.153346
      ],
      [
       -87.637395,
       40.152929
      ],
      [
       -87.641004,
       40.152237
      ],
      [
       -87.644506,
       40.151279
      ],
      [
       -87.647869,
       40.150063
      ],
      [
       -87.65106,
       40.148601
      ],
      [
       -87.654048,
       40.146906
      ],
      [
       -87.656804,
       40.144996
      ],
      [
       -87.659303,
       40.142888
      ],
      [
       -87.661519,
       40.140603
      ],
      [
       -87.663431,
       40.138164
      ],
      [
       -87.665022,
       40.135592
      ],
      [
       -87.666275,
       40.132914
      ],
      [
       -87.667179,
       40.130155
      ],
      [
       -87.667725,
       40.127341
      ],
      [
       -87.667907,
       40.1245
      ],
      [
       -87.667725,
       40.121659
      ],
      [
       -87.667179,
       40.118845
      ],
      [
       -87.666275,
       40.116086
      ],
      [
       -87.665022,
       40.113408
      ],
      [
       -87.663431,
       40.110836
      ],
      [
       -87.661519,
       40.108397
      ],
      [
       -87.659303,
       40.106112
      ],
      [
       -87.656804,
       40.104004
      ],
      [
       -87.654048,
       40.102094
      ],
      [
       -87.65106,
       40.100399
      ],
      [
       -87.647869,
       40.098937
      ],
      [
       -87.644506,
       40.097721
      ],
      [
       -87.641004,
       40.096763
      ],
      [
       -87.637395,
       40.096071
      ],
      [
       -87.633716,
       40.095654
      ],
      [
       -87.63,
       40.095514
      ],
      [
       -87.626284,
       40.095654
      ],
      [
       -87.622605,
       40.096071
      ],
      [
       -87.618996,
       40.096763
      ],
      [
       -87.615494,
       40.097721
      ],
      [
       -87.612131,
       40.098937
      ],
      [
       -87.60894,
       40.100399
      ],
      [
       -87.605952,
       40.102094
      ],
      [
       -87.603196,
       40.104004
      ],
      [
       -87.600697,
       40.106112
      ],
      [
       -87.598481,
       40.108397
      ],
      [
       -87.596569,
       40.110836
      ],
      [
       -87.594978,
       40.113408
      ],
      [
       -87.593725,
       40.116086
      ],
      [
       -87.592821,
       40.118845
      ],
      [
       -87.592275,
       40.121659
      ],
      [
       -87.592093,
       40.1245
      ]
     ]
    ]
   }
  },
  {
   "type": "Feature",
   "properties": {
    "utility": "Ameren Illinois",
    "docket": "26-0051",
    "status": "proposed",
    "group": "2. Substation capacity",
    "project_id": "",
    "project_name": "Hudson Rural - Bank 2",
    "category": "Capacity Expansion",
    "asset_type": "transformer bank addition",
    "feeder_id": "",
    "substation": "",
    "place": "Hudson",
    "county": "McLean",
    "region": "",
    "program_year": 2030,
    "cost_usd": 2006184,
    "est_headroom_mw": "",
    "loc_method": "municipality_centroid",
    "uncertainty_mi": 2.0,
    "feeder_match": "",
    "sub_nearest": "",
    "sub_nearest_mi": "",
    "sub_hc_kw": "",
    "sub_candidates": "",
    "hosting_capacity_flag": "possible",
    "removal_risk": "low",
    "risk_reason": "Party asks total ~$450M against $2.68B (~17%), far milder than the 2023 rejection, and ICC Staff finds the plan substantially compliant. Only one Capacity Expansion project is targeted for removal.",
    "program_id": "",
    "itn": "",
    "ce_type": "",
    "voltage_kv": "",
    "driver": "",
    "nwa_status": "",
    "source": "ICC Staff Ex. 15.02 (Docket 26-0051), 2026-05-07",
    "notes": "Paired with Hudson Rural Xfmr $1,408,760."
   },
   "geometry": {
    "type": "Polygon",
    "coordinates": [
     [
      [
       -88.947124,
       40.6011
      ],
      [
       -88.947308,
       40.603941
      ],
      [
       -88.947857,
       40.606755
      ],
      [
       -88.948768,
       40.609514
      ],
      [
       -88.95003,
       40.612192
      ],
      [
       -88.951632,
       40.614764
      ],
      [
       -88.953558,
       40.617203
      ],
      [
       -88.95579,
       40.619488
      ],
      [
       -88.958305,
       40.621596
      ],
      [
       -88.961081,
       40.623506
      ],
      [
       -88.964091,
       40.625201
      ],
      [
       -88.967304,
       40.626663
      ],
      [
       -88.970691,
       40.627879
      ],
      [
       -88.974218,
       40.628837
      ],
      [
       -88.977852,
       40.629529
      ],
      [
       -88.981558,
       40.629946
      ],
      [
       -88.9853,
       40.630086
      ],
      [
       -88.989042,
       40.629946
      ],
      [
       -88.992748,
       40.629529
      ],
      [
       -88.996382,
       40.628837
      ],
      [
       -88.999909,
       40.627879
      ],
      [
       -89.003296,
       40.626663
      ],
      [
       -89.006509,
       40.625201
      ],
      [
       -89.009519,
       40.623506
      ],
      [
       -89.012295,
       40.621596
      ],
      [
       -89.01481,
       40.619488
      ],
      [
       -89.017042,
       40.617203
      ],
      [
       -89.018968,
       40.614764
      ],
      [
       -89.02057,
       40.612192
      ],
      [
       -89.021832,
       40.609514
      ],
      [
       -89.022743,
       40.606755
      ],
      [
       -89.023292,
       40.603941
      ],
      [
       -89.023476,
       40.6011
      ],
      [
       -89.023292,
       40.598259
      ],
      [
       -89.022743,
       40.595445
      ],
      [
       -89.021832,
       40.592686
      ],
      [
       -89.02057,
       40.590008
      ],
      [
       -89.018968,
       40.587436
      ],
      [
       -89.017042,
       40.584997
      ],
      [
       -89.01481,
       40.582712
      ],
      [
       -89.012295,
       40.580604
      ],
      [
       -89.009519,
       40.578694
      ],
      [
       -89.006509,
       40.576999
      ],
      [
       -89.003296,
       40.575537
      ],
      [
       -88.999909,
       40.574321
      ],
      [
       -88.996382,
       40.573363
      ],
      [
       -88.992748,
       40.572671
      ],
      [
       -88.989042,
       40.572254
      ],
      [
       -88.9853,
       40.572114
      ],
      [
       -88.981558,
       40.572254
      ],
      [
       -88.977852,
       40.572671
      ],
      [
       -88.974218,
       40.573363
      ],
      [
       -88.970691,
       40.574321
      ],
      [
       -88.967304,
       40.575537
      ],
      [
       -88.964091,
       40.576999
      ],
      [
       -88.961081,
       40.578694
      ],
      [
       -88.958305,
       40.580604
      ],
      [
       -88.95579,
       40.582712
      ],
      [
       -88.953558,
       40.584997
      ],
      [
       -88.951632,
       40.587436
      ],
      [
       -88.95003,
       40.590008
      ],
      [
       -88.948768,
       40.592686
      ],
      [
       -88.947857,
       40.595445
      ],
      [
       -88.947308,
       40.598259
      ],
      [
       -88.947124,
       40.6011
      ]
     ]
    ]
   }
  },
  {
   "type": "Feature",
   "properties": {
    "utility": "Ameren Illinois",
    "docket": "26-0051",
    "status": "proposed",
    "group": "2. Substation capacity",
    "project_id": "",
    "project_name": "Hudson Rural - Transformer",
    "category": "Capacity Expansion",
    "asset_type": "transformer",
    "feeder_id": "",
    "substation": "",
    "place": "Hudson",
    "county": "McLean",
    "region": "",
    "program_year": 2030,
    "cost_usd": 1408760,
    "est_headroom_mw": "",
    "loc_method": "municipality_centroid",
    "uncertainty_mi": 2.0,
    "feeder_match": "",
    "sub_nearest": "",
    "sub_nearest_mi": "",
    "sub_hc_kw": "",
    "sub_candidates": "",
    "hosting_capacity_flag": "possible",
    "removal_risk": "low",
    "risk_reason": "Party asks total ~$450M against $2.68B (~17%), far milder than the 2023 rejection, and ICC Staff finds the plan substantially compliant. Only one Capacity Expansion project is targeted for removal.",
    "program_id": "",
    "itn": "",
    "ce_type": "",
    "voltage_kv": "",
    "driver": "",
    "nwa_status": "",
    "source": "ICC Staff Ex. 15.02 (Docket 26-0051), 2026-05-07",
    "notes": ""
   },
   "geometry": {
    "type": "Polygon",
    "coordinates": [
     [
      [
       -88.947124,
       40.6011
      ],
      [
       -88.947308,
       40.603941
      ],
      [
       -88.947857,
       40.606755
      ],
      [
       -88.948768,
       40.609514
      ],
      [
       -88.95003,
       40.612192
      ],
      [
       -88.951632,
       40.614764
      ],
      [
       -88.953558,
       40.617203
      ],
      [
       -88.95579,
       40.619488
      ],
      [
       -88.958305,
       40.621596
      ],
      [
       -88.961081,
       40.623506
      ],
      [
       -88.964091,
       40.625201
      ],
      [
       -88.967304,
       40.626663
      ],
      [
       -88.970691,
       40.627879
      ],
      [
       -88.974218,
       40.628837
      ],
      [
       -88.977852,
       40.629529
      ],
      [
       -88.981558,
       40.629946
      ],
      [
       -88.9853,
       40.630086
      ],
      [
       -88.989042,
       40.629946
      ],
      [
       -88.992748,
       40.629529
      ],
      [
       -88.996382,
       40.628837
      ],
      [
       -88.999909,
       40.627879
      ],
      [
       -89.003296,
       40.626663
      ],
      [
       -89.006509,
       40.625201
      ],
      [
       -89.009519,
       40.623506
      ],
      [
       -89.012295,
       40.621596
      ],
      [
       -89.01481,
       40.619488
      ],
      [
       -89.017042,
       40.617203
      ],
      [
       -89.018968,
       40.614764
      ],
      [
       -89.02057,
       40.612192
      ],
      [
       -89.021832,
       40.609514
      ],
      [
       -89.022743,
       40.606755
      ],
      [
       -89.023292,
       40.603941
      ],
      [
       -89.023476,
       40.6011
      ],
      [
       -89.023292,
       40.598259
      ],
      [
       -89.022743,
       40.595445
      ],
      [
       -89.021832,
       40.592686
      ],
      [
       -89.02057,
       40.590008
      ],
      [
       -89.018968,
       40.587436
      ],
      [
       -89.017042,
       40.584997
      ],
      [
       -89.01481,
       40.582712
      ],
      [
       -89.012295,
       40.580604
      ],
      [
       -89.009519,
       40.578694
      ],
      [
       -89.006509,
       40.576999
      ],
      [
       -89.003296,
       40.575537
      ],
      [
       -88.999909,
       40.574321
      ],
      [
       -88.996382,
       40.573363
      ],
      [
       -88.992748,
       40.572671
      ],
      [
       -88.989042,
       40.572254
      ],
      [
       -88.9853,
       40.572114
      ],
      [
       -88.981558,
       40.572254
      ],
      [
       -88.977852,
       40.572671
      ],
      [
       -88.974218,
       40.573363
      ],
      [
       -88.970691,
       40.574321
      ],
      [
       -88.967304,
       40.575537
      ],
      [
       -88.964091,
       40.576999
      ],
      [
       -88.961081,
       40.578694
      ],
      [
       -88.958305,
       40.580604
      ],
      [
       -88.95579,
       40.582712
      ],
      [
       -88.953558,
       40.584997
      ],
      [
       -88.951632,
       40.587436
      ],
      [
       -88.95003,
       40.590008
      ],
      [
       -88.948768,
       40.592686
      ],
      [
       -88.947857,
       40.595445
      ],
      [
       -88.947308,
       40.598259
      ],
      [
       -88.947124,
       40.6011
      ]
     ]
    ]
   }
  },
  {
   "type": "Feature",
   "properties": {
    "utility": "Ameren Illinois",
    "docket": "26-0051",
    "status": "proposed",
    "group": "2. Substation capacity",
    "project_id": "",
    "project_name": "Carrollton Unit 1",
    "category": "Capacity Expansion",
    "asset_type": "transformer/unit",
    "feeder_id": "",
    "substation": "",
    "place": "Carrollton",
    "county": "Greene",
    "region": "",
    "program_year": 2031,
    "cost_usd": 1997345,
    "est_headroom_mw": "",
    "loc_method": "municipality_centroid",
    "uncertainty_mi": 2.0,
    "feeder_match": "",
    "sub_nearest": "",
    "sub_nearest_mi": "",
    "sub_hc_kw": "",
    "sub_candidates": "",
    "hosting_capacity_flag": "possible",
    "removal_risk": "low",
    "risk_reason": "Party asks total ~$450M against $2.68B (~17%), far milder than the 2023 rejection, and ICC Staff finds the plan substantially compliant. Only one Capacity Expansion project is targeted for removal.",
    "program_id": "",
    "itn": "",
    "ce_type": "",
    "voltage_kv": "",
    "driver": "",
    "nwa_status": "",
    "source": "ICC Staff Ex. 15.02 (Docket 26-0051), 2026-05-07",
    "notes": ""
   },
   "geometry": {
    "type": "Polygon",
    "coordinates": [
     [
      [
       -90.369342,
       39.302
      ],
      [
       -90.369523,
       39.304841
      ],
      [
       -90.370062,
       39.307655
      ],
      [
       -90.370955,
       39.310414
      ],
      [
       -90.372194,
       39.313092
      ],
      [
       -90.373765,
       39.315664
      ],
      [
       -90.375655,
       39.318103
      ],
      [
       -90.377845,
       39.320388
      ],
      [
       -90.380313,
       39.322496
      ],
      [
       -90.383037,
       39.324406
      ],
      [
       -90.38599,
       39.326101
      ],
      [
       -90.389143,
       39.327563
      ],
      [
       -90.392466,
       39.328779
      ],
      [
       -90.395927,
       39.329737
      ],
      [
       -90.399492,
       39.330429
      ],
      [
       -90.403128,
       39.330846
      ],
      [
       -90.4068,
       39.330986
      ],
      [
       -90.410472,
       39.330846
      ],
      [
       -90.414108,
       39.330429
      ],
      [
       -90.417673,
       39.329737
      ],
      [
       -90.421134,
       39.328779
      ],
      [
       -90.424457,
       39.327563
      ],
      [
       -90.42761,
       39.326101
      ],
      [
       -90.430563,
       39.324406
      ],
      [
       -90.433287,
       39.322496
      ],
      [
       -90.435755,
       39.320388
      ],
      [
       -90.437945,
       39.318103
      ],
      [
       -90.439835,
       39.315664
      ],
      [
       -90.441406,
       39.313092
      ],
      [
       -90.442645,
       39.310414
      ],
      [
       -90.443538,
       39.307655
      ],
      [
       -90.444077,
       39.304841
      ],
      [
       -90.444258,
       39.302
      ],
      [
       -90.444077,
       39.299159
      ],
      [
       -90.443538,
       39.296345
      ],
      [
       -90.442645,
       39.293586
      ],
      [
       -90.441406,
       39.290908
      ],
      [
       -90.439835,
       39.288336
      ],
      [
       -90.437945,
       39.285897
      ],
      [
       -90.435755,
       39.283612
      ],
      [
       -90.433287,
       39.281504
      ],
      [
       -90.430563,
       39.279594
      ],
      [
       -90.42761,
       39.277899
      ],
      [
       -90.424457,
       39.276437
      ],
      [
       -90.421134,
       39.275221
      ],
      [
       -90.417673,
       39.274263
      ],
      [
       -90.414108,
       39.273571
      ],
      [
       -90.410472,
       39.273154
      ],
      [
       -90.4068,
       39.273014
      ],
      [
       -90.403128,
       39.273154
      ],
      [
       -90.399492,
       39.273571
      ],
      [
       -90.395927,
       39.274263
      ],
      [
       -90.392466,
       39.275221
      ],
      [
       -90.389143,
       39.276437
      ],
      [
       -90.38599,
       39.277899
      ],
      [
       -90.383037,
       39.279594
      ],
      [
       -90.380313,
       39.281504
      ],
      [
       -90.377845,
       39.283612
      ],
      [
       -90.375655,
       39.285897
      ],
      [
       -90.373765,
       39.288336
      ],
      [
       -90.372194,
       39.290908
      ],
      [
       -90.370955,
       39.293586
      ],
      [
       -90.370062,
       39.296345
      ],
      [
       -90.369523,
       39.299159
      ],
      [
       -90.369342,
       39.302
      ]
     ]
    ]
   }
  },
  {
   "type": "Feature",
   "properties": {
    "utility": "Ameren Illinois",
    "docket": "26-0051",
    "status": "proposed",
    "group": "2. Substation capacity",
    "project_id": "",
    "project_name": "Sherman Unit 1",
    "category": "Capacity Expansion",
    "asset_type": "transformer/unit",
    "feeder_id": "",
    "substation": "",
    "place": "Sherman",
    "county": "Sangamon",
    "region": "",
    "program_year": 2029,
    "cost_usd": 1803741,
    "est_headroom_mw": "",
    "loc_method": "municipality_centroid",
    "uncertainty_mi": 2.0,
    "feeder_match": "",
    "sub_nearest": "",
    "sub_nearest_mi": "",
    "sub_hc_kw": "",
    "sub_candidates": "",
    "hosting_capacity_flag": "possible",
    "removal_risk": "low",
    "risk_reason": "Party asks total ~$450M against $2.68B (~17%), far milder than the 2023 rejection, and ICC Staff finds the plan substantially compliant. Only one Capacity Expansion project is targeted for removal.",
    "program_id": "",
    "itn": "",
    "ce_type": "",
    "voltage_kv": "",
    "driver": "",
    "nwa_status": "",
    "source": "ICC Staff Ex. 15.02 (Docket 26-0051), 2026-05-07",
    "notes": ""
   },
   "geometry": {
    "type": "Polygon",
    "coordinates": [
     [
      [
       -89.565622,
       39.8917
      ],
      [
       -89.565804,
       39.894541
      ],
      [
       -89.566348,
       39.897355
      ],
      [
       -89.567249,
       39.900114
      ],
      [
       -89.568498,
       39.902792
      ],
      [
       -89.570083,
       39.905364
      ],
      [
       -89.571989,
       39.907803
      ],
      [
       -89.574197,
       39.910088
      ],
      [
       -89.576687,
       39.912196
      ],
      [
       -89.579434,
       39.914106
      ],
      [
       -89.582412,
       39.915801
      ],
      [
       -89.585592,
       39.917263
      ],
      [
       -89.588943,
       39.918479
      ],
      [
       -89.592434,
       39.919437
      ],
      [
       -89.59603,
       39.920129
      ],
      [
       -89.599697,
       39.920546
      ],
      [
       -89.6034,
       39.920686
      ],
      [
       -89.607103,
       39.920546
      ],
      [
       -89.61077,
       39.920129
      ],
      [
       -89.614366,
       39.919437
      ],
      [
       -89.617857,
       39.918479
      ],
      [
       -89.621208,
       39.917263
      ],
      [
       -89.624388,
       39.915801
      ],
      [
       -89.627366,
       39.914106
      ],
      [
       -89.630113,
       39.912196
      ],
      [
       -89.632603,
       39.910088
      ],
      [
       -89.634811,
       39.907803
      ],
      [
       -89.636717,
       39.905364
      ],
      [
       -89.638302,
       39.902792
      ],
      [
       -89.639551,
       39.900114
      ],
      [
       -89.640452,
       39.897355
      ],
      [
       -89.640996,
       39.894541
      ],
      [
       -89.641178,
       39.8917
      ],
      [
       -89.640996,
       39.888859
      ],
      [
       -89.640452,
       39.886045
      ],
      [
       -89.639551,
       39.883286
      ],
      [
       -89.638302,
       39.880608
      ],
      [
       -89.636717,
       39.878036
      ],
      [
       -89.634811,
       39.875597
      ],
      [
       -89.632603,
       39.873312
      ],
      [
       -89.630113,
       39.871204
      ],
      [
       -89.627366,
       39.869294
      ],
      [
       -89.624388,
       39.867599
      ],
      [
       -89.621208,
       39.866137
      ],
      [
       -89.617857,
       39.864921
      ],
      [
       -89.614366,
       39.863963
      ],
      [
       -89.61077,
       39.863271
      ],
      [
       -89.607103,
       39.862854
      ],
      [
       -89.6034,
       39.862714
      ],
      [
       -89.599697,
       39.862854
      ],
      [
       -89.59603,
       39.863271
      ],
      [
       -89.592434,
       39.863963
      ],
      [
       -89.588943,
       39.864921
      ],
      [
       -89.585592,
       39.866137
      ],
      [
       -89.582412,
       39.867599
      ],
      [
       -89.579434,
       39.869294
      ],
      [
       -89.576687,
       39.871204
      ],
      [
       -89.574197,
       39.873312
      ],
      [
       -89.571989,
       39.875597
      ],
      [
       -89.570083,
       39.878036
      ],
      [
       -89.568498,
       39.880608
      ],
      [
       -89.567249,
       39.883286
      ],
      [
       -89.566348,
       39.886045
      ],
      [
       -89.565804,
       39.888859
      ],
      [
       -89.565622,
       39.8917
      ]
     ]
    ]
   }
  },
  {
   "type": "Feature",
   "properties": {
    "utility": "Ameren Illinois",
    "docket": "26-0051",
    "status": "proposed",
    "group": "2. Substation capacity",
    "project_id": "",
    "project_name": "Carterville Unit 2",
    "category": "Capacity Expansion",
    "asset_type": "transformer/unit",
    "feeder_id": "",
    "substation": "",
    "place": "Carterville",
    "county": "Williamson",
    "region": "",
    "program_year": 2029,
    "cost_usd": 1783205,
    "est_headroom_mw": "",
    "loc_method": "municipality_centroid",
    "uncertainty_mi": 2.0,
    "feeder_match": "",
    "sub_nearest": "",
    "sub_nearest_mi": "",
    "sub_hc_kw": "",
    "sub_candidates": "",
    "hosting_capacity_flag": "possible",
    "removal_risk": "low",
    "risk_reason": "Party asks total ~$450M against $2.68B (~17%), far milder than the 2023 rejection, and ICC Staff finds the plan substantially compliant. Only one Capacity Expansion project is targeted for removal.",
    "program_id": "",
    "itn": "",
    "ce_type": "",
    "voltage_kv": "",
    "driver": "",
    "nwa_status": "",
    "source": "ICC Staff Ex. 15.02 (Docket 26-0051), 2026-05-07",
    "notes": ""
   },
   "geometry": {
    "type": "Polygon",
    "coordinates": [
     [
      [
       -89.038736,
       37.7603
      ],
      [
       -89.038913,
       37.763141
      ],
      [
       -89.039441,
       37.765955
      ],
      [
       -89.040315,
       37.768714
      ],
      [
       -89.041527,
       37.771392
      ],
      [
       -89.043066,
       37.773964
      ],
      [
       -89.044915,
       37.776403
      ],
      [
       -89.047059,
       37.778688
      ],
      [
       -89.049475,
       37.780796
      ],
      [
       -89.052141,
       37.782706
      ],
      [
       -89.055031,
       37.784401
      ],
      [
       -89.058117,
       37.785863
      ],
      [
       -89.061369,
       37.787079
      ],
      [
       -89.064757,
       37.788037
      ],
      [
       -89.068247,
       37.788729
      ],
      [
       -89.071806,
       37.789146
      ],
      [
       -89.0754,
       37.789286
      ],
      [
       -89.078994,
       37.789146
      ],
      [
       -89.082553,
       37.788729
      ],
      [
       -89.086043,
       37.788037
      ],
      [
       -89.089431,
       37.787079
      ],
      [
       -89.092683,
       37.785863
      ],
      [
       -89.095769,
       37.784401
      ],
      [
       -89.098659,
       37.782706
      ],
      [
       -89.101325,
       37.780796
      ],
      [
       -89.103741,
       37.778688
      ],
      [
       -89.105885,
       37.776403
      ],
      [
       -89.107734,
       37.773964
      ],
      [
       -89.109273,
       37.771392
      ],
      [
       -89.110485,
       37.768714
      ],
      [
       -89.111359,
       37.765955
      ],
      [
       -89.111887,
       37.763141
      ],
      [
       -89.112064,
       37.7603
      ],
      [
       -89.111887,
       37.757459
      ],
      [
       -89.111359,
       37.754645
      ],
      [
       -89.110485,
       37.751886
      ],
      [
       -89.109273,
       37.749208
      ],
      [
       -89.107734,
       37.746636
      ],
      [
       -89.105885,
       37.744197
      ],
      [
       -89.103741,
       37.741912
      ],
      [
       -89.101325,
       37.739804
      ],
      [
       -89.098659,
       37.737894
      ],
      [
       -89.095769,
       37.736199
      ],
      [
       -89.092683,
       37.734737
      ],
      [
       -89.089431,
       37.733521
      ],
      [
       -89.086043,
       37.732563
      ],
      [
       -89.082553,
       37.731871
      ],
      [
       -89.078994,
       37.731454
      ],
      [
       -89.0754,
       37.731314
      ],
      [
       -89.071806,
       37.731454
      ],
      [
       -89.068247,
       37.731871
      ],
      [
       -89.064757,
       37.732563
      ],
      [
       -89.061369,
       37.733521
      ],
      [
       -89.058117,
       37.734737
      ],
      [
       -89.055031,
       37.736199
      ],
      [
       -89.052141,
       37.737894
      ],
      [
       -89.049475,
       37.739804
      ],
      [
       -89.047059,
       37.741912
      ],
      [
       -89.044915,
       37.744197
      ],
      [
       -89.043066,
       37.746636
      ],
      [
       -89.041527,
       37.749208
      ],
      [
       -89.040315,
       37.751886
      ],
      [
       -89.039441,
       37.754645
      ],
      [
       -89.038913,
       37.757459
      ],
      [
       -89.038736,
       37.7603
      ]
     ]
    ]
   }
  },
  {
   "type": "Feature",
   "properties": {
    "utility": "Ameren Illinois",
    "docket": "26-0051",
    "status": "proposed",
    "group": "3. Feeders & lines",
    "project_id": "",
    "project_name": "Bismark",
    "category": "Capacity Expansion",
    "asset_type": "capacity upgrade",
    "feeder_id": "",
    "substation": "",
    "place": "Bismarck",
    "county": "Vermilion",
    "region": "",
    "program_year": 2030,
    "cost_usd": 1377242,
    "est_headroom_mw": "",
    "loc_method": "municipality_centroid",
    "uncertainty_mi": 2.0,
    "feeder_match": "",
    "sub_nearest": "",
    "sub_nearest_mi": "",
    "sub_hc_kw": "",
    "sub_candidates": "",
    "hosting_capacity_flag": "possible",
    "removal_risk": "low",
    "risk_reason": "Party asks total ~$450M against $2.68B (~17%), far milder than the 2023 rejection, and ICC Staff finds the plan substantially compliant. Only one Capacity Expansion project is targeted for removal.",
    "program_id": "",
    "itn": "",
    "ce_type": "",
    "voltage_kv": "",
    "driver": "",
    "nwa_status": "",
    "source": "ICC Staff Ex. 15.02 (Docket 26-0051), 2026-05-07",
    "notes": ""
   },
   "geometry": {
    "type": "Polygon",
    "coordinates": [
     [
      [
       -87.572016,
       40.2617
      ],
      [
       -87.572199,
       40.264541
      ],
      [
       -87.572746,
       40.267355
      ],
      [
       -87.573652,
       40.270114
      ],
      [
       -87.574907,
       40.272792
      ],
      [
       -87.576501,
       40.275364
      ],
      [
       -87.578418,
       40.277803
      ],
      [
       -87.580638,
       40.280088
      ],
      [
       -87.583141,
       40.282196
      ],
      [
       -87.585903,
       40.284106
      ],
      [
       -87.588897,
       40.285801
      ],
      [
       -87.592095,
       40.287263
      ],
      [
       -87.595464,
       40.288479
      ],
      [
       -87.598974,
       40.289437
      ],
      [
       -87.60259,
       40.290129
      ],
      [
       -87.606277,
       40.290546
      ],
      [
       -87.61,
       40.290686
      ],
      [
       -87.613723,
       40.290546
      ],
      [
       -87.61741,
       40.290129
      ],
      [
       -87.621026,
       40.289437
      ],
      [
       -87.624536,
       40.288479
      ],
      [
       -87.627905,
       40.287263
      ],
      [
       -87.631103,
       40.285801
      ],
      [
       -87.634097,
       40.284106
      ],
      [
       -87.636859,
       40.282196
      ],
      [
       -87.639362,
       40.280088
      ],
      [
       -87.641582,
       40.277803
      ],
      [
       -87.643499,
       40.275364
      ],
      [
       -87.645093,
       40.272792
      ],
      [
       -87.646348,
       40.270114
      ],
      [
       -87.647254,
       40.267355
      ],
      [
       -87.647801,
       40.264541
      ],
      [
       -87.647984,
       40.2617
      ],
      [
       -87.647801,
       40.258859
      ],
      [
       -87.647254,
       40.256045
      ],
      [
       -87.646348,
       40.253286
      ],
      [
       -87.645093,
       40.250608
      ],
      [
       -87.643499,
       40.248036
      ],
      [
       -87.641582,
       40.245597
      ],
      [
       -87.639362,
       40.243312
      ],
      [
       -87.636859,
       40.241204
      ],
      [
       -87.634097,
       40.239294
      ],
      [
       -87.631103,
       40.237599
      ],
      [
       -87.627905,
       40.236137
      ],
      [
       -87.624536,
       40.234921
      ],
      [
       -87.621026,
       40.233963
      ],
      [
       -87.61741,
       40.233271
      ],
      [
       -87.613723,
       40.232854
      ],
      [
       -87.61,
       40.232714
      ],
      [
       -87.606277,
       40.232854
      ],
      [
       -87.60259,
       40.233271
      ],
      [
       -87.598974,
       40.233963
      ],
      [
       -87.595464,
       40.234921
      ],
      [
       -87.592095,
       40.236137
      ],
      [
       -87.588897,
       40.237599
      ],
      [
       -87.585903,
       40.239294
      ],
      [
       -87.583141,
       40.241204
      ],
      [
       -87.580638,
       40.243312
      ],
      [
       -87.578418,
       40.245597
      ],
      [
       -87.576501,
       40.248036
      ],
      [
       -87.574907,
       40.250608
      ],
      [
       -87.573652,
       40.253286
      ],
      [
       -87.572746,
       40.256045
      ],
      [
       -87.572199,
       40.258859
      ],
      [
       -87.572016,
       40.2617
      ]
     ]
    ]
   }
  },
  {
   "type": "Feature",
   "properties": {
    "utility": "Ameren Illinois",
    "docket": "26-0051",
    "status": "proposed",
    "group": "3. Feeders & lines",
    "project_id": "",
    "project_name": "Fayetteville - New Feeder Position",
    "category": "Capacity Expansion",
    "asset_type": "NEW feeder position",
    "feeder_id": "",
    "substation": "",
    "place": "Fayetteville",
    "county": "St. Clair",
    "region": "",
    "program_year": 2031,
    "cost_usd": 740670,
    "est_headroom_mw": "",
    "loc_method": "municipality_centroid",
    "uncertainty_mi": 2.0,
    "feeder_match": "",
    "sub_nearest": "",
    "sub_nearest_mi": "",
    "sub_hc_kw": "",
    "sub_candidates": "",
    "hosting_capacity_flag": "possible",
    "removal_risk": "low",
    "risk_reason": "Party asks total ~$450M against $2.68B (~17%), far milder than the 2023 rejection, and ICC Staff finds the plan substantially compliant. Only one Capacity Expansion project is targeted for removal.",
    "program_id": "",
    "itn": "",
    "ce_type": "",
    "voltage_kv": "",
    "driver": "",
    "nwa_status": "",
    "source": "ICC Staff Ex. 15.02 (Docket 26-0051), 2026-05-07",
    "notes": "Creates a new feeder position - direct new distribution capacity."
   },
   "geometry": {
    "type": "Polygon",
    "coordinates": [
     [
      [
       -89.765026,
       38.3767
      ],
      [
       -89.765204,
       38.379541
      ],
      [
       -89.765737,
       38.382355
      ],
      [
       -89.766618,
       38.385114
      ],
      [
       -89.767841,
       38.387792
      ],
      [
       -89.769392,
       38.390364
      ],
      [
       -89.771257,
       38.392803
      ],
      [
       -89.773419,
       38.395088
      ],
      [
       -89.775856,
       38.397196
      ],
      [
       -89.778544,
       38.399106
      ],
      [
       -89.781458,
       38.400801
      ],
      [
       -89.784571,
       38.402263
      ],
      [
       -89.787851,
       38.403479
      ],
      [
       -89.791267,
       38.404437
      ],
      [
       -89.794787,
       38.405129
      ],
      [
       -89.798376,
       38.405546
      ],
      [
       -89.802,
       38.405686
      ],
      [
       -89.805624,
       38.405546
      ],
      [
       -89.809213,
       38.405129
      ],
      [
       -89.812733,
       38.404437
      ],
      [
       -89.816149,
       38.403479
      ],
      [
       -89.819429,
       38.402263
      ],
      [
       -89.822542,
       38.400801
      ],
      [
       -89.825456,
       38.399106
      ],
      [
       -89.828144,
       38.397196
      ],
      [
       -89.830581,
       38.395088
      ],
      [
       -89.832743,
       38.392803
      ],
      [
       -89.834608,
       38.390364
      ],
      [
       -89.836159,
       38.387792
      ],
      [
       -89.837382,
       38.385114
      ],
      [
       -89.838263,
       38.382355
      ],
      [
       -89.838796,
       38.379541
      ],
      [
       -89.838974,
       38.3767
      ],
      [
       -89.838796,
       38.373859
      ],
      [
       -89.838263,
       38.371045
      ],
      [
       -89.837382,
       38.368286
      ],
      [
       -89.836159,
       38.365608
      ],
      [
       -89.834608,
       38.363036
      ],
      [
       -89.832743,
       38.360597
      ],
      [
       -89.830581,
       38.358312
      ],
      [
       -89.828144,
       38.356204
      ],
      [
       -89.825456,
       38.354294
      ],
      [
       -89.822542,
       38.352599
      ],
      [
       -89.819429,
       38.351137
      ],
      [
       -89.816149,
       38.349921
      ],
      [
       -89.812733,
       38.348963
      ],
      [
       -89.809213,
       38.348271
      ],
      [
       -89.805624,
       38.347854
      ],
      [
       -89.802,
       38.347714
      ],
      [
       -89.798376,
       38.347854
      ],
      [
       -89.794787,
       38.348271
      ],
      [
       -89.791267,
       38.348963
      ],
      [
       -89.787851,
       38.349921
      ],
      [
       -89.784571,
       38.351137
      ],
      [
       -89.781458,
       38.352599
      ],
      [
       -89.778544,
       38.354294
      ],
      [
       -89.775856,
       38.356204
      ],
      [
       -89.773419,
       38.358312
      ],
      [
       -89.771257,
       38.360597
      ],
      [
       -89.769392,
       38.363036
      ],
      [
       -89.767841,
       38.365608
      ],
      [
       -89.766618,
       38.368286
      ],
      [
       -89.765737,
       38.371045
      ],
      [
       -89.765204,
       38.373859
      ],
      [
       -89.765026,
       38.3767
      ]
     ]
    ]
   }
  },
  {
   "type": "Feature",
   "properties": {
    "utility": "Ameren Illinois",
    "docket": "26-0051",
    "status": "proposed",
    "group": "1. New substations",
    "project_id": "",
    "project_name": "WRE Maryville - 12kV out of new S. Edwardsville Substation",
    "category": "Capacity Expansion",
    "asset_type": "NEW substation feed",
    "feeder_id": "",
    "substation": "",
    "place": "Edwardsville",
    "county": "Madison",
    "region": "Western",
    "program_year": "",
    "cost_usd": "",
    "est_headroom_mw": "",
    "loc_method": "municipality_centroid",
    "uncertainty_mi": 2.0,
    "feeder_match": "",
    "sub_nearest": "",
    "sub_nearest_mi": "",
    "sub_hc_kw": "",
    "sub_candidates": "",
    "hosting_capacity_flag": "possible",
    "removal_risk": "low",
    "risk_reason": "Party asks total ~$450M against $2.68B (~17%), far milder than the 2023 rejection, and ICC Staff finds the plan substantially compliant. Only one Capacity Expansion project is targeted for removal.",
    "program_id": "",
    "itn": "",
    "ce_type": "",
    "voltage_kv": "",
    "driver": "",
    "nwa_status": "",
    "source": "ICC Staff Ex. 15.02 (Docket 26-0051), 2026-05-07",
    "notes": "New South Edwardsville substation referenced."
   },
   "geometry": {
    "type": "Polygon",
    "coordinates": [
     [
      [
       -89.916002,
       38.8114
      ],
      [
       -89.916181,
       38.814241
      ],
      [
       -89.916716,
       38.817055
      ],
      [
       -89.917603,
       38.819814
      ],
      [
       -89.918833,
       38.822492
      ],
      [
       -89.920394,
       38.825064
      ],
      [
       -89.922271,
       38.827503
      ],
      [
       -89.924445,
       38.829788
      ],
      [
       -89.926897,
       38.831896
      ],
      [
       -89.929602,
       38.833806
      ],
      [
       -89.932534,
       38.835501
      ],
      [
       -89.935665,
       38.836963
      ],
      [
       -89.938965,
       38.838179
      ],
      [
       -89.942402,
       38.839137
      ],
      [
       -89.945943,
       38.839829
      ],
      [
       -89.949554,
       38.840246
      ],
      [
       -89.9532,
       38.840386
      ],
      [
       -89.956846,
       38.840246
      ],
      [
       -89.960457,
       38.839829
      ],
      [
       -89.963998,
       38.839137
      ],
      [
       -89.967435,
       38.838179
      ],
      [
       -89.970735,
       38.836963
      ],
      [
       -89.973866,
       38.835501
      ],
      [
       -89.976798,
       38.833806
      ],
      [
       -89.979503,
       38.831896
      ],
      [
       -89.981955,
       38.829788
      ],
      [
       -89.984129,
       38.827503
      ],
      [
       -89.986006,
       38.825064
      ],
      [
       -89.987567,
       38.822492
      ],
      [
       -89.988797,
       38.819814
      ],
      [
       -89.989684,
       38.817055
      ],
      [
       -89.990219,
       38.814241
      ],
      [
       -89.990398,
       38.8114
      ],
      [
       -89.990219,
       38.808559
      ],
      [
       -89.989684,
       38.805745
      ],
      [
       -89.988797,
       38.802986
      ],
      [
       -89.987567,
       38.800308
      ],
      [
       -89.986006,
       38.797736
      ],
      [
       -89.984129,
       38.795297
      ],
      [
       -89.981955,
       38.793012
      ],
      [
       -89.979503,
       38.790904
      ],
      [
       -89.976798,
       38.788994
      ],
      [
       -89.973866,
       38.787299
      ],
      [
       -89.970735,
       38.785837
      ],
      [
       -89.967435,
       38.784621
      ],
      [
       -89.963998,
       38.783663
      ],
      [
       -89.960457,
       38.782971
      ],
      [
       -89.956846,
       38.782554
      ],
      [
       -89.9532,
       38.782414
      ],
      [
       -89.949554,
       38.782554
      ],
      [
       -89.945943,
       38.782971
      ],
      [
       -89.942402,
       38.783663
      ],
      [
       -89.938965,
       38.784621
      ],
      [
       -89.935665,
       38.785837
      ],
      [
       -89.932534,
       38.787299
      ],
      [
       -89.929602,
       38.788994
      ],
      [
       -89.926897,
       38.790904
      ],
      [
       -89.924445,
       38.793012
      ],
      [
       -89.922271,
       38.795297
      ],
      [
       -89.920394,
       38.797736
      ],
      [
       -89.918833,
       38.800308
      ],
      [
       -89.917603,
       38.802986
      ],
      [
       -89.916716,
       38.805745
      ],
      [
       -89.916181,
       38.808559
      ],
      [
       -89.916002,
       38.8114
      ]
     ]
    ]
   }
  },
  {
   "type": "Feature",
   "properties": {
    "utility": "Ameren Illinois",
    "docket": "26-0051",
    "status": "proposed",
    "group": "3. Feeders & lines",
    "project_id": "",
    "project_name": "WRE Hillsboro - Upgrade N35-852 (Graham Correctional Center)",
    "category": "Capacity Expansion",
    "asset_type": "line upgrade",
    "feeder_id": "",
    "substation": "",
    "place": "Hillsboro",
    "county": "Montgomery",
    "region": "Western",
    "program_year": "",
    "cost_usd": "",
    "est_headroom_mw": "",
    "loc_method": "municipality_centroid",
    "uncertainty_mi": 2.0,
    "feeder_match": "",
    "sub_nearest": "",
    "sub_nearest_mi": "",
    "sub_hc_kw": "",
    "sub_candidates": "",
    "hosting_capacity_flag": "possible",
    "removal_risk": "low",
    "risk_reason": "Party asks total ~$450M against $2.68B (~17%), far milder than the 2023 rejection, and ICC Staff finds the plan substantially compliant. Only one Capacity Expansion project is targeted for removal.",
    "program_id": "",
    "itn": "",
    "ce_type": "",
    "voltage_kv": "",
    "driver": "",
    "nwa_status": "",
    "source": "ICC Staff Ex. 15.02 (Docket 26-0051), 2026-05-07",
    "notes": ""
   },
   "geometry": {
    "type": "Polygon",
    "coordinates": [
     [
      [
       -89.458517,
       39.1611
      ],
      [
       -89.458697,
       39.163941
      ],
      [
       -89.459236,
       39.166755
      ],
      [
       -89.460127,
       39.169514
      ],
      [
       -89.461363,
       39.172192
      ],
      [
       -89.462931,
       39.174764
      ],
      [
       -89.464817,
       39.177203
      ],
      [
       -89.467003,
       39.179488
      ],
      [
       -89.469466,
       39.181596
      ],
      [
       -89.472185,
       39.183506
      ],
      [
       -89.475131,
       39.185201
      ],
      [
       -89.478278,
       39.186663
      ],
      [
       -89.481594,
       39.187879
      ],
      [
       -89.485048,
       39.188837
      ],
      [
       -89.488607,
       39.189529
      ],
      [
       -89.492236,
       39.189946
      ],
      [
       -89.4959,
       39.190086
      ],
      [
       -89.499564,
       39.189946
      ],
      [
       -89.503193,
       39.189529
      ],
      [
       -89.506752,
       39.188837
      ],
      [
       -89.510206,
       39.187879
      ],
      [
       -89.513522,
       39.186663
      ],
      [
       -89.516669,
       39.185201
      ],
      [
       -89.519615,
       39.183506
      ],
      [
       -89.522334,
       39.181596
      ],
      [
       -89.524797,
       39.179488
      ],
      [
       -89.526983,
       39.177203
      ],
      [
       -89.528869,
       39.174764
      ],
      [
       -89.530437,
       39.172192
      ],
      [
       -89.531673,
       39.169514
      ],
      [
       -89.532564,
       39.166755
      ],
      [
       -89.533103,
       39.163941
      ],
      [
       -89.533283,
       39.1611
      ],
      [
       -89.533103,
       39.158259
      ],
      [
       -89.532564,
       39.155445
      ],
      [
       -89.531673,
       39.152686
      ],
      [
       -89.530437,
       39.150008
      ],
      [
       -89.528869,
       39.147436
      ],
      [
       -89.526983,
       39.144997
      ],
      [
       -89.524797,
       39.142712
      ],
      [
       -89.522334,
       39.140604
      ],
      [
       -89.519615,
       39.138694
      ],
      [
       -89.516669,
       39.136999
      ],
      [
       -89.513522,
       39.135537
      ],
      [
       -89.510206,
       39.134321
      ],
      [
       -89.506752,
       39.133363
      ],
      [
       -89.503193,
       39.132671
      ],
      [
       -89.499564,
       39.132254
      ],
      [
       -89.4959,
       39.132114
      ],
      [
       -89.492236,
       39.132254
      ],
      [
       -89.488607,
       39.132671
      ],
      [
       -89.485048,
       39.133363
      ],
      [
       -89.481594,
       39.134321
      ],
      [
       -89.478278,
       39.135537
      ],
      [
       -89.475131,
       39.136999
      ],
      [
       -89.472185,
       39.138694
      ],
      [
       -89.469466,
       39.140604
      ],
      [
       -89.467003,
       39.142712
      ],
      [
       -89.464817,
       39.144997
      ],
      [
       -89.462931,
       39.147436
      ],
      [
       -89.461363,
       39.150008
      ],
      [
       -89.460127,
       39.152686
      ],
      [
       -89.459236,
       39.155445
      ],
      [
       -89.458697,
       39.158259
      ],
      [
       -89.458517,
       39.1611
      ]
     ]
    ]
   }
  },
  {
   "type": "Feature",
   "properties": {
    "utility": "Ameren Illinois",
    "docket": "26-0051",
    "status": "proposed",
    "group": "2. Substation capacity",
    "project_id": "",
    "project_name": "ERE Champaign - Anderson Grain Substation Rebuild",
    "category": "Capacity Expansion",
    "asset_type": "substation rebuild",
    "feeder_id": "",
    "substation": "",
    "place": "Champaign",
    "county": "Champaign",
    "region": "Eastern",
    "program_year": "",
    "cost_usd": "",
    "est_headroom_mw": "",
    "loc_method": "municipality_centroid",
    "uncertainty_mi": 2.0,
    "feeder_match": "",
    "sub_nearest": "",
    "sub_nearest_mi": "",
    "sub_hc_kw": "",
    "sub_candidates": "",
    "hosting_capacity_flag": "possible",
    "removal_risk": "low",
    "risk_reason": "Party asks total ~$450M against $2.68B (~17%), far milder than the 2023 rejection, and ICC Staff finds the plan substantially compliant. Only one Capacity Expansion project is targeted for removal.",
    "program_id": "",
    "itn": "",
    "ce_type": "",
    "voltage_kv": "",
    "driver": "",
    "nwa_status": "",
    "source": "ICC Staff Ex. 15.02 (Docket 26-0051), 2026-05-07",
    "notes": "Heavy load driven."
   },
   "geometry": {
    "type": "Polygon",
    "coordinates": [
     [
      [
       -88.205497,
       40.1164
      ],
      [
       -88.20568,
       40.119241
      ],
      [
       -88.206226,
       40.122055
      ],
      [
       -88.207129,
       40.124814
      ],
      [
       -88.208383,
       40.127492
      ],
      [
       -88.209973,
       40.130064
      ],
      [
       -88.211885,
       40.132503
      ],
      [
       -88.214101,
       40.134788
      ],
      [
       -88.216599,
       40.136896
      ],
      [
       -88.219355,
       40.138806
      ],
      [
       -88.222342,
       40.140501
      ],
      [
       -88.225533,
       40.141963
      ],
      [
       -88.228895,
       40.143179
      ],
      [
       -88.232397,
       40.144137
      ],
      [
       -88.236006,
       40.144829
      ],
      [
       -88.239685,
       40.145246
      ],
      [
       -88.2434,
       40.145386
      ],
      [
       -88.247115,
       40.145246
      ],
      [
       -88.250794,
       40.144829
      ],
      [
       -88.254403,
       40.144137
      ],
      [
       -88.257905,
       40.143179
      ],
      [
       -88.261267,
       40.141963
      ],
      [
       -88.264458,
       40.140501
      ],
      [
       -88.267445,
       40.138806
      ],
      [
       -88.270201,
       40.136896
      ],
      [
       -88.272699,
       40.134788
      ],
      [
       -88.274915,
       40.132503
      ],
      [
       -88.276827,
       40.130064
      ],
      [
       -88.278417,
       40.127492
      ],
      [
       -88.279671,
       40.124814
      ],
      [
       -88.280574,
       40.122055
      ],
      [
       -88.28112,
       40.119241
      ],
      [
       -88.281303,
       40.1164
      ],
      [
       -88.28112,
       40.113559
      ],
      [
       -88.280574,
       40.110745
      ],
      [
       -88.279671,
       40.107986
      ],
      [
       -88.278417,
       40.105308
      ],
      [
       -88.276827,
       40.102736
      ],
      [
       -88.274915,
       40.100297
      ],
      [
       -88.272699,
       40.098012
      ],
      [
       -88.270201,
       40.095904
      ],
      [
       -88.267445,
       40.093994
      ],
      [
       -88.264458,
       40.092299
      ],
      [
       -88.261267,
       40.090837
      ],
      [
       -88.257905,
       40.089621
      ],
      [
       -88.254403,
       40.088663
      ],
      [
       -88.250794,
       40.087971
      ],
      [
       -88.247115,
       40.087554
      ],
      [
       -88.2434,
       40.087414
      ],
      [
       -88.239685,
       40.087554
      ],
      [
       -88.236006,
       40.087971
      ],
      [
       -88.232397,
       40.088663
      ],
      [
       -88.228895,
       40.089621
      ],
      [
       -88.225533,
       40.090837
      ],
      [
       -88.222342,
       40.092299
      ],
      [
       -88.219355,
       40.093994
      ],
      [
       -88.216599,
       40.095904
      ],
      [
       -88.214101,
       40.098012
      ],
      [
       -88.211885,
       40.100297
      ],
      [
       -88.209973,
       40.102736
      ],
      [
       -88.208383,
       40.105308
      ],
      [
       -88.207129,
       40.107986
      ],
      [
       -88.206226,
       40.110745
      ],
      [
       -88.20568,
       40.113559
      ],
      [
       -88.205497,
       40.1164
      ]
     ]
    ]
   }
  },
  {
   "type": "Feature",
   "properties": {
    "utility": "Ameren Illinois",
    "docket": "26-0051",
    "status": "proposed",
    "group": "3. Feeders & lines",
    "project_id": "AIC12497",
    "project_name": "Mascoutah ISG Circuit 299",
    "category": "Capacity Expansion",
    "asset_type": "circuit capacity",
    "feeder_id": "",
    "substation": "",
    "place": "Mascoutah",
    "county": "St. Clair",
    "region": "",
    "program_year": "",
    "cost_usd": "",
    "est_headroom_mw": "",
    "loc_method": "municipality_centroid",
    "uncertainty_mi": 2.0,
    "feeder_match": "",
    "sub_nearest": "",
    "sub_nearest_mi": "",
    "sub_hc_kw": "",
    "sub_candidates": "",
    "hosting_capacity_flag": "possible",
    "removal_risk": "low",
    "risk_reason": "Party asks total ~$450M against $2.68B (~17%), far milder than the 2023 rejection, and ICC Staff finds the plan substantially compliant. Only one Capacity Expansion project is targeted for removal.",
    "program_id": "",
    "itn": "",
    "ce_type": "",
    "voltage_kv": "",
    "driver": "",
    "nwa_status": "",
    "source": "ICC Staff Ex. 15.02 (Docket 26-0051), 2026-05-07",
    "notes": ""
   },
   "geometry": {
    "type": "Polygon",
    "coordinates": [
     [
      [
       -89.756168,
       38.4903
      ],
      [
       -89.756346,
       38.493141
      ],
      [
       -89.756879,
       38.495955
      ],
      [
       -89.757763,
       38.498714
      ],
      [
       -89.758987,
       38.501392
      ],
      [
       -89.760541,
       38.503964
      ],
      [
       -89.762409,
       38.506403
      ],
      [
       -89.764574,
       38.508688
      ],
      [
       -89.767014,
       38.510796
      ],
      [
       -89.769707,
       38.512706
      ],
      [
       -89.772626,
       38.514401
      ],
      [
       -89.775743,
       38.515863
      ],
      [
       -89.779028,
       38.517079
      ],
      [
       -89.78245,
       38.518037
      ],
      [
       -89.785975,
       38.518729
      ],
      [
       -89.78957,
       38.519146
      ],
      [
       -89.7932,
       38.519286
      ],
      [
       -89.79683,
       38.519146
      ],
      [
       -89.800425,
       38.518729
      ],
      [
       -89.80395,
       38.518037
      ],
      [
       -89.807372,
       38.517079
      ],
      [
       -89.810657,
       38.515863
      ],
      [
       -89.813774,
       38.514401
      ],
      [
       -89.816693,
       38.512706
      ],
      [
       -89.819386,
       38.510796
      ],
      [
       -89.821826,
       38.508688
      ],
      [
       -89.823991,
       38.506403
      ],
      [
       -89.825859,
       38.503964
      ],
      [
       -89.827413,
       38.501392
      ],
      [
       -89.828637,
       38.498714
      ],
      [
       -89.829521,
       38.495955
      ],
      [
       -89.830054,
       38.493141
      ],
      [
       -89.830232,
       38.4903
      ],
      [
       -89.830054,
       38.487459
      ],
      [
       -89.829521,
       38.484645
      ],
      [
       -89.828637,
       38.481886
      ],
      [
       -89.827413,
       38.479208
      ],
      [
       -89.825859,
       38.476636
      ],
      [
       -89.823991,
       38.474197
      ],
      [
       -89.821826,
       38.471912
      ],
      [
       -89.819386,
       38.469804
      ],
      [
       -89.816693,
       38.467894
      ],
      [
       -89.813774,
       38.466199
      ],
      [
       -89.810657,
       38.464737
      ],
      [
       -89.807372,
       38.463521
      ],
      [
       -89.80395,
       38.462563
      ],
      [
       -89.800425,
       38.461871
      ],
      [
       -89.79683,
       38.461454
      ],
      [
       -89.7932,
       38.461314
      ],
      [
       -89.78957,
       38.461454
      ],
      [
       -89.785975,
       38.461871
      ],
      [
       -89.78245,
       38.462563
      ],
      [
       -89.779028,
       38.463521
      ],
      [
       -89.775743,
       38.464737
      ],
      [
       -89.772626,
       38.466199
      ],
      [
       -89.769707,
       38.467894
      ],
      [
       -89.767014,
       38.469804
      ],
      [
       -89.764574,
       38.471912
      ],
      [
       -89.762409,
       38.474197
      ],
      [
       -89.760541,
       38.476636
      ],
      [
       -89.758987,
       38.479208
      ],
      [
       -89.757763,
       38.481886
      ],
      [
       -89.756879,
       38.484645
      ],
      [
       -89.756346,
       38.487459
      ],
      [
       -89.756168,
       38.4903
      ]
     ]
    ]
   }
  },
  {
   "type": "Feature",
   "properties": {
    "utility": "Ameren Illinois",
    "docket": "26-0051",
    "status": "proposed",
    "group": "3. Feeders & lines",
    "project_id": "",
    "project_name": "SRE-ECP102 Herrin East 273 Reconductor",
    "category": "Capacity Expansion",
    "asset_type": "reconductor",
    "feeder_id": "273",
    "substation": "",
    "place": "Herrin",
    "county": "Williamson",
    "region": "Southern",
    "program_year": "",
    "cost_usd": 1857344,
    "est_headroom_mw": "",
    "loc_method": "municipality_centroid",
    "uncertainty_mi": 2.0,
    "feeder_match": "",
    "sub_nearest": "",
    "sub_nearest_mi": "",
    "sub_hc_kw": "",
    "sub_candidates": "",
    "hosting_capacity_flag": "possible",
    "removal_risk": "low",
    "risk_reason": "Party asks total ~$450M against $2.68B (~17%), far milder than the 2023 rejection, and ICC Staff finds the plan substantially compliant. Only one Capacity Expansion project is targeted for removal.",
    "program_id": "",
    "itn": "",
    "ce_type": "",
    "voltage_kv": "",
    "driver": "",
    "nwa_status": "",
    "source": "ICC Staff Ex. 15.02 (Docket 26-0051), 2026-05-07",
    "notes": "L#### IDs are subtransmission lines (34.5/69kV) - NOT present in the <=15kV distribution HC layer."
   },
   "geometry": {
    "type": "Polygon",
    "coordinates": [
     [
      [
       -88.991715,
       37.8028
      ],
      [
       -88.991892,
       37.805641
      ],
      [
       -88.99242,
       37.808455
      ],
      [
       -88.993295,
       37.811214
      ],
      [
       -88.994508,
       37.813892
      ],
      [
       -88.996047,
       37.816464
      ],
      [
       -88.997898,
       37.818903
      ],
      [
       -89.000042,
       37.821188
      ],
      [
       -89.00246,
       37.823296
      ],
      [
       -89.005127,
       37.825206
      ],
      [
       -89.008019,
       37.826901
      ],
      [
       -89.011107,
       37.828363
      ],
      [
       -89.014361,
       37.829579
      ],
      [
       -89.017751,
       37.830537
      ],
      [
       -89.021243,
       37.831229
      ],
      [
       -89.024804,
       37.831646
      ],
      [
       -89.0284,
       37.831786
      ],
      [
       -89.031996,
       37.831646
      ],
      [
       -89.035557,
       37.831229
      ],
      [
       -89.039049,
       37.830537
      ],
      [
       -89.042439,
       37.829579
      ],
      [
       -89.045693,
       37.828363
      ],
      [
       -89.048781,
       37.826901
      ],
      [
       -89.051673,
       37.825206
      ],
      [
       -89.05434,
       37.823296
      ],
      [
       -89.056758,
       37.821188
      ],
      [
       -89.058902,
       37.818903
      ],
      [
       -89.060753,
       37.816464
      ],
      [
       -89.062292,
       37.813892
      ],
      [
       -89.063505,
       37.811214
      ],
      [
       -89.06438,
       37.808455
      ],
      [
       -89.064908,
       37.805641
      ],
      [
       -89.065085,
       37.8028
      ],
      [
       -89.064908,
       37.799959
      ],
      [
       -89.06438,
       37.797145
      ],
      [
       -89.063505,
       37.794386
      ],
      [
       -89.062292,
       37.791708
      ],
      [
       -89.060753,
       37.789136
      ],
      [
       -89.058902,
       37.786697
      ],
      [
       -89.056758,
       37.784412
      ],
      [
       -89.05434,
       37.782304
      ],
      [
       -89.051673,
       37.780394
      ],
      [
       -89.048781,
       37.778699
      ],
      [
       -89.045693,
       37.777237
      ],
      [
       -89.042439,
       37.776021
      ],
      [
       -89.039049,
       37.775063
      ],
      [
       -89.035557,
       37.774371
      ],
      [
       -89.031996,
       37.773954
      ],
      [
       -89.0284,
       37.773814
      ],
      [
       -89.024804,
       37.773954
      ],
      [
       -89.021243,
       37.774371
      ],
      [
       -89.017751,
       37.775063
      ],
      [
       -89.014361,
       37.776021
      ],
      [
       -89.011107,
       37.777237
      ],
      [
       -89.008019,
       37.778699
      ],
      [
       -89.005127,
       37.780394
      ],
      [
       -89.00246,
       37.782304
      ],
      [
       -89.000042,
       37.784412
      ],
      [
       -88.997898,
       37.786697
      ],
      [
       -88.996047,
       37.789136
      ],
      [
       -88.994508,
       37.791708
      ],
      [
       -88.993295,
       37.794386
      ],
      [
       -88.99242,
       37.797145
      ],
      [
       -88.991892,
       37.799959
      ],
      [
       -88.991715,
       37.8028
      ]
     ]
    ]
   }
  },
  {
   "type": "Feature",
   "properties": {
    "utility": "Ameren Illinois",
    "docket": "26-0051",
    "status": "proposed",
    "group": "3. Feeders & lines",
    "project_id": "",
    "project_name": "J0LV8 NRE Morton-Bush 2 Reconductor",
    "category": "Capacity Expansion",
    "asset_type": "reconductor",
    "feeder_id": "",
    "substation": "",
    "place": "Morton",
    "county": "Tazewell",
    "region": "Northern",
    "program_year": "",
    "cost_usd": 321276,
    "est_headroom_mw": "",
    "loc_method": "municipality_centroid",
    "uncertainty_mi": 2.0,
    "feeder_match": "",
    "sub_nearest": "",
    "sub_nearest_mi": "",
    "sub_hc_kw": "",
    "sub_candidates": "",
    "hosting_capacity_flag": "possible",
    "removal_risk": "low",
    "risk_reason": "Party asks total ~$450M against $2.68B (~17%), far milder than the 2023 rejection, and ICC Staff finds the plan substantially compliant. Only one Capacity Expansion project is targeted for removal.",
    "program_id": "",
    "itn": "",
    "ce_type": "",
    "voltage_kv": "",
    "driver": "",
    "nwa_status": "",
    "source": "ICC Staff Ex. 15.02 (Docket 26-0051), 2026-05-07",
    "notes": "L#### IDs are subtransmission lines (34.5/69kV) - NOT present in the <=15kV distribution HC layer."
   },
   "geometry": {
    "type": "Polygon",
    "coordinates": [
     [
      [
       -89.421017,
       40.6131
      ],
      [
       -89.421201,
       40.615941
      ],
      [
       -89.421751,
       40.618755
      ],
      [
       -89.422661,
       40.621514
      ],
      [
       -89.423924,
       40.624192
      ],
      [
       -89.425526,
       40.626764
      ],
      [
       -89.427452,
       40.629203
      ],
      [
       -89.429684,
       40.631488
      ],
      [
       -89.432201,
       40.633596
      ],
      [
       -89.434977,
       40.635506
      ],
      [
       -89.437987,
       40.637201
      ],
      [
       -89.441201,
       40.638663
      ],
      [
       -89.444588,
       40.639879
      ],
      [
       -89.448116,
       40.640837
      ],
      [
       -89.451751,
       40.641529
      ],
      [
       -89.455457,
       40.641946
      ],
      [
       -89.4592,
       40.642086
      ],
      [
       -89.462943,
       40.641946
      ],
      [
       -89.466649,
       40.641529
      ],
      [
       -89.470284,
       40.640837
      ],
      [
       -89.473812,
       40.639879
      ],
      [
       -89.477199,
       40.638663
      ],
      [
       -89.480413,
       40.637201
      ],
      [
       -89.483423,
       40.635506
      ],
      [
       -89.486199,
       40.633596
      ],
      [
       -89.488716,
       40.631488
      ],
      [
       -89.490948,
       40.629203
      ],
      [
       -89.492874,
       40.626764
      ],
      [
       -89.494476,
       40.624192
      ],
      [
       -89.495739,
       40.621514
      ],
      [
       -89.496649,
       40.618755
      ],
      [
       -89.497199,
       40.615941
      ],
      [
       -89.497383,
       40.6131
      ],
      [
       -89.497199,
       40.610259
      ],
      [
       -89.496649,
       40.607445
      ],
      [
       -89.495739,
       40.604686
      ],
      [
       -89.494476,
       40.602008
      ],
      [
       -89.492874,
       40.599436
      ],
      [
       -89.490948,
       40.596997
      ],
      [
       -89.488716,
       40.594712
      ],
      [
       -89.486199,
       40.592604
      ],
      [
       -89.483423,
       40.590694
      ],
      [
       -89.480413,
       40.588999
      ],
      [
       -89.477199,
       40.587537
      ],
      [
       -89.473812,
       40.586321
      ],
      [
       -89.470284,
       40.585363
      ],
      [
       -89.466649,
       40.584671
      ],
      [
       -89.462943,
       40.584254
      ],
      [
       -89.4592,
       40.584114
      ],
      [
       -89.455457,
       40.584254
      ],
      [
       -89.451751,
       40.584671
      ],
      [
       -89.448116,
       40.585363
      ],
      [
       -89.444588,
       40.586321
      ],
      [
       -89.441201,
       40.587537
      ],
      [
       -89.437987,
       40.588999
      ],
      [
       -89.434977,
       40.590694
      ],
      [
       -89.432201,
       40.592604
      ],
      [
       -89.429684,
       40.594712
      ],
      [
       -89.427452,
       40.596997
      ],
      [
       -89.425526,
       40.599436
      ],
      [
       -89.423924,
       40.602008
      ],
      [
       -89.422661,
       40.604686
      ],
      [
       -89.421751,
       40.607445
      ],
      [
       -89.421201,
       40.610259
      ],
      [
       -89.421017,
       40.6131
      ]
     ]
    ]
   }
  },
  {
   "type": "Feature",
   "properties": {
    "utility": "Ameren Illinois",
    "docket": "22-0487",
    "status": "approved",
    "group": "1. New substations",
    "project_id": "",
    "project_name": "Marion Banterra - Substation Construction",
    "category": "Capacity Expansion",
    "asset_type": "NEW substation",
    "feeder_id": "",
    "substation": "",
    "place": "Marion",
    "county": "Williamson",
    "region": "",
    "program_year": "",
    "cost_usd": "",
    "est_headroom_mw": "",
    "loc_method": "municipality_centroid",
    "uncertainty_mi": 2.0,
    "feeder_match": "",
    "sub_nearest": "",
    "sub_nearest_mi": "",
    "sub_hc_kw": "",
    "sub_candidates": "",
    "hosting_capacity_flag": "possible",
    "removal_risk": "none - approved",
    "risk_reason": "Already approved by the ICC and in execution. Timing can still slip: Ameren's Sidney and New Berlin projects were both dropped from the 2024-2027 portfolio after approval.",
    "program_id": "",
    "itn": "",
    "ce_type": "",
    "voltage_kv": "",
    "driver": "",
    "nwa_status": "",
    "source": "Ameren 2025 Annual Report - Electric Distribution (Docket 22-0487), 2026-03-31",
    "notes": ""
   },
   "geometry": {
    "type": "Polygon",
    "coordinates": [
     [
      [
       -88.896451,
       37.7306
      ],
      [
       -88.896628,
       37.733441
      ],
      [
       -88.897155,
       37.736255
      ],
      [
       -88.898029,
       37.739014
      ],
      [
       -88.899241,
       37.741692
      ],
      [
       -88.900779,
       37.744264
      ],
      [
       -88.902628,
       37.746703
      ],
      [
       -88.90477,
       37.748988
      ],
      [
       -88.907185,
       37.751096
      ],
      [
       -88.90985,
       37.753006
      ],
      [
       -88.912739,
       37.754701
      ],
      [
       -88.915824,
       37.756163
      ],
      [
       -88.919075,
       37.757379
      ],
      [
       -88.922461,
       37.758337
      ],
      [
       -88.92595,
       37.759029
      ],
      [
       -88.929508,
       37.759446
      ],
      [
       -88.9331,
       37.759586
      ],
      [
       -88.936692,
       37.759446
      ],
      [
       -88.94025,
       37.759029
      ],
      [
       -88.943739,
       37.758337
      ],
      [
       -88.947125,
       37.757379
      ],
      [
       -88.950376,
       37.756163
      ],
      [
       -88.953461,
       37.754701
      ],
      [
       -88.95635,
       37.753006
      ],
      [
       -88.959015,
       37.751096
      ],
      [
       -88.96143,
       37.748988
      ],
      [
       -88.963572,
       37.746703
      ],
      [
       -88.965421,
       37.744264
      ],
      [
       -88.966959,
       37.741692
      ],
      [
       -88.968171,
       37.739014
      ],
      [
       -88.969045,
       37.736255
      ],
      [
       -88.969572,
       37.733441
      ],
      [
       -88.969749,
       37.7306
      ],
      [
       -88.969572,
       37.727759
      ],
      [
       -88.969045,
       37.724945
      ],
      [
       -88.968171,
       37.722186
      ],
      [
       -88.966959,
       37.719508
      ],
      [
       -88.965421,
       37.716936
      ],
      [
       -88.963572,
       37.714497
      ],
      [
       -88.96143,
       37.712212
      ],
      [
       -88.959015,
       37.710104
      ],
      [
       -88.95635,
       37.708194
      ],
      [
       -88.953461,
       37.706499
      ],
      [
       -88.950376,
       37.705037
      ],
      [
       -88.947125,
       37.703821
      ],
      [
       -88.943739,
       37.702863
      ],
      [
       -88.94025,
       37.702171
      ],
      [
       -88.936692,
       37.701754
      ],
      [
       -88.9331,
       37.701614
      ],
      [
       -88.929508,
       37.701754
      ],
      [
       -88.92595,
       37.702171
      ],
      [
       -88.922461,
       37.702863
      ],
      [
       -88.919075,
       37.703821
      ],
      [
       -88.915824,
       37.705037
      ],
      [
       -88.912739,
       37.706499
      ],
      [
       -88.90985,
       37.708194
      ],
      [
       -88.907185,
       37.710104
      ],
      [
       -88.90477,
       37.712212
      ],
      [
       -88.902628,
       37.714497
      ],
      [
       -88.900779,
       37.716936
      ],
      [
       -88.899241,
       37.719508
      ],
      [
       -88.898029,
       37.722186
      ],
      [
       -88.897155,
       37.724945
      ],
      [
       -88.896628,
       37.727759
      ],
      [
       -88.896451,
       37.7306
      ]
     ]
    ]
   }
  },
  {
   "type": "Feature",
   "properties": {
    "utility": "Ameren Illinois",
    "docket": "22-0487",
    "status": "approved",
    "group": "3. Feeders & lines",
    "project_id": "",
    "project_name": "Marion Substation Line Work",
    "category": "Capacity Expansion",
    "asset_type": "line work",
    "feeder_id": "",
    "substation": "",
    "place": "Marion",
    "county": "Williamson",
    "region": "",
    "program_year": "",
    "cost_usd": "",
    "est_headroom_mw": "",
    "loc_method": "municipality_centroid",
    "uncertainty_mi": 2.0,
    "feeder_match": "",
    "sub_nearest": "",
    "sub_nearest_mi": "",
    "sub_hc_kw": "",
    "sub_candidates": "",
    "hosting_capacity_flag": "possible",
    "removal_risk": "none - approved",
    "risk_reason": "Already approved by the ICC and in execution. Timing can still slip: Ameren's Sidney and New Berlin projects were both dropped from the 2024-2027 portfolio after approval.",
    "program_id": "",
    "itn": "",
    "ce_type": "",
    "voltage_kv": "",
    "driver": "",
    "nwa_status": "",
    "source": "Ameren 2025 Annual Report - Electric Distribution (Docket 22-0487), 2026-03-31",
    "notes": ""
   },
   "geometry": {
    "type": "Polygon",
    "coordinates": [
     [
      [
       -88.896451,
       37.7306
      ],
      [
       -88.896628,
       37.733441
      ],
      [
       -88.897155,
       37.736255
      ],
      [
       -88.898029,
       37.739014
      ],
      [
       -88.899241,
       37.741692
      ],
      [
       -88.900779,
       37.744264
      ],
      [
       -88.902628,
       37.746703
      ],
      [
       -88.90477,
       37.748988
      ],
      [
       -88.907185,
       37.751096
      ],
      [
       -88.90985,
       37.753006
      ],
      [
       -88.912739,
       37.754701
      ],
      [
       -88.915824,
       37.756163
      ],
      [
       -88.919075,
       37.757379
      ],
      [
       -88.922461,
       37.758337
      ],
      [
       -88.92595,
       37.759029
      ],
      [
       -88.929508,
       37.759446
      ],
      [
       -88.9331,
       37.759586
      ],
      [
       -88.936692,
       37.759446
      ],
      [
       -88.94025,
       37.759029
      ],
      [
       -88.943739,
       37.758337
      ],
      [
       -88.947125,
       37.757379
      ],
      [
       -88.950376,
       37.756163
      ],
      [
       -88.953461,
       37.754701
      ],
      [
       -88.95635,
       37.753006
      ],
      [
       -88.959015,
       37.751096
      ],
      [
       -88.96143,
       37.748988
      ],
      [
       -88.963572,
       37.746703
      ],
      [
       -88.965421,
       37.744264
      ],
      [
       -88.966959,
       37.741692
      ],
      [
       -88.968171,
       37.739014
      ],
      [
       -88.969045,
       37.736255
      ],
      [
       -88.969572,
       37.733441
      ],
      [
       -88.969749,
       37.7306
      ],
      [
       -88.969572,
       37.727759
      ],
      [
       -88.969045,
       37.724945
      ],
      [
       -88.968171,
       37.722186
      ],
      [
       -88.966959,
       37.719508
      ],
      [
       -88.965421,
       37.716936
      ],
      [
       -88.963572,
       37.714497
      ],
      [
       -88.96143,
       37.712212
      ],
      [
       -88.959015,
       37.710104
      ],
      [
       -88.95635,
       37.708194
      ],
      [
       -88.953461,
       37.706499
      ],
      [
       -88.950376,
       37.705037
      ],
      [
       -88.947125,
       37.703821
      ],
      [
       -88.943739,
       37.702863
      ],
      [
       -88.94025,
       37.702171
      ],
      [
       -88.936692,
       37.701754
      ],
      [
       -88.9331,
       37.701614
      ],
      [
       -88.929508,
       37.701754
      ],
      [
       -88.92595,
       37.702171
      ],
      [
       -88.922461,
       37.702863
      ],
      [
       -88.919075,
       37.703821
      ],
      [
       -88.915824,
       37.705037
      ],
      [
       -88.912739,
       37.706499
      ],
      [
       -88.90985,
       37.708194
      ],
      [
       -88.907185,
       37.710104
      ],
      [
       -88.90477,
       37.712212
      ],
      [
       -88.902628,
       37.714497
      ],
      [
       -88.900779,
       37.716936
      ],
      [
       -88.899241,
       37.719508
      ],
      [
       -88.898029,
       37.722186
      ],
      [
       -88.897155,
       37.724945
      ],
      [
       -88.896628,
       37.727759
      ],
      [
       -88.896451,
       37.7306
      ]
     ]
    ]
   }
  },
  {
   "type": "Feature",
   "properties": {
    "utility": "Ameren Illinois",
    "docket": "22-0487",
    "status": "approved",
    "group": "2. Substation capacity",
    "project_id": "",
    "project_name": "Marion NW - Replace Transformer 1",
    "category": "Capacity Expansion",
    "asset_type": "transformer replacement",
    "feeder_id": "",
    "substation": "",
    "place": "Marion",
    "county": "Williamson",
    "region": "",
    "program_year": "",
    "cost_usd": "",
    "est_headroom_mw": "",
    "loc_method": "municipality_centroid",
    "uncertainty_mi": 2.0,
    "feeder_match": "",
    "sub_nearest": "",
    "sub_nearest_mi": "",
    "sub_hc_kw": "",
    "sub_candidates": "",
    "hosting_capacity_flag": "possible",
    "removal_risk": "none - approved",
    "risk_reason": "Already approved by the ICC and in execution. Timing can still slip: Ameren's Sidney and New Berlin projects were both dropped from the 2024-2027 portfolio after approval.",
    "program_id": "",
    "itn": "",
    "ce_type": "",
    "voltage_kv": "",
    "driver": "",
    "nwa_status": "",
    "source": "Ameren 2025 Annual Report - Electric Distribution (Docket 22-0487), 2026-03-31",
    "notes": ""
   },
   "geometry": {
    "type": "Polygon",
    "coordinates": [
     [
      [
       -88.896451,
       37.7306
      ],
      [
       -88.896628,
       37.733441
      ],
      [
       -88.897155,
       37.736255
      ],
      [
       -88.898029,
       37.739014
      ],
      [
       -88.899241,
       37.741692
      ],
      [
       -88.900779,
       37.744264
      ],
      [
       -88.902628,
       37.746703
      ],
      [
       -88.90477,
       37.748988
      ],
      [
       -88.907185,
       37.751096
      ],
      [
       -88.90985,
       37.753006
      ],
      [
       -88.912739,
       37.754701
      ],
      [
       -88.915824,
       37.756163
      ],
      [
       -88.919075,
       37.757379
      ],
      [
       -88.922461,
       37.758337
      ],
      [
       -88.92595,
       37.759029
      ],
      [
       -88.929508,
       37.759446
      ],
      [
       -88.9331,
       37.759586
      ],
      [
       -88.936692,
       37.759446
      ],
      [
       -88.94025,
       37.759029
      ],
      [
       -88.943739,
       37.758337
      ],
      [
       -88.947125,
       37.757379
      ],
      [
       -88.950376,
       37.756163
      ],
      [
       -88.953461,
       37.754701
      ],
      [
       -88.95635,
       37.753006
      ],
      [
       -88.959015,
       37.751096
      ],
      [
       -88.96143,
       37.748988
      ],
      [
       -88.963572,
       37.746703
      ],
      [
       -88.965421,
       37.744264
      ],
      [
       -88.966959,
       37.741692
      ],
      [
       -88.968171,
       37.739014
      ],
      [
       -88.969045,
       37.736255
      ],
      [
       -88.969572,
       37.733441
      ],
      [
       -88.969749,
       37.7306
      ],
      [
       -88.969572,
       37.727759
      ],
      [
       -88.969045,
       37.724945
      ],
      [
       -88.968171,
       37.722186
      ],
      [
       -88.966959,
       37.719508
      ],
      [
       -88.965421,
       37.716936
      ],
      [
       -88.963572,
       37.714497
      ],
      [
       -88.96143,
       37.712212
      ],
      [
       -88.959015,
       37.710104
      ],
      [
       -88.95635,
       37.708194
      ],
      [
       -88.953461,
       37.706499
      ],
      [
       -88.950376,
       37.705037
      ],
      [
       -88.947125,
       37.703821
      ],
      [
       -88.943739,
       37.702863
      ],
      [
       -88.94025,
       37.702171
      ],
      [
       -88.936692,
       37.701754
      ],
      [
       -88.9331,
       37.701614
      ],
      [
       -88.929508,
       37.701754
      ],
      [
       -88.92595,
       37.702171
      ],
      [
       -88.922461,
       37.702863
      ],
      [
       -88.919075,
       37.703821
      ],
      [
       -88.915824,
       37.705037
      ],
      [
       -88.912739,
       37.706499
      ],
      [
       -88.90985,
       37.708194
      ],
      [
       -88.907185,
       37.710104
      ],
      [
       -88.90477,
       37.712212
      ],
      [
       -88.902628,
       37.714497
      ],
      [
       -88.900779,
       37.716936
      ],
      [
       -88.899241,
       37.719508
      ],
      [
       -88.898029,
       37.722186
      ],
      [
       -88.897155,
       37.724945
      ],
      [
       -88.896628,
       37.727759
      ],
      [
       -88.896451,
       37.7306
      ]
     ]
    ]
   }
  },
  {
   "type": "Feature",
   "properties": {
    "utility": "Ameren Illinois",
    "docket": "22-0487",
    "status": "approved",
    "group": "3. Feeders & lines",
    "project_id": "",
    "project_name": "Glen Carbon - New 425 Feeder",
    "category": "Capacity Expansion",
    "asset_type": "NEW feeder",
    "feeder_id": "",
    "substation": "",
    "place": "Glen Carbon",
    "county": "Madison",
    "region": "",
    "program_year": "",
    "cost_usd": "",
    "est_headroom_mw": "",
    "loc_method": "municipality_centroid",
    "uncertainty_mi": 2.0,
    "feeder_match": "",
    "sub_nearest": "",
    "sub_nearest_mi": "",
    "sub_hc_kw": "",
    "sub_candidates": "",
    "hosting_capacity_flag": "possible",
    "removal_risk": "none - approved",
    "risk_reason": "Already approved by the ICC and in execution. Timing can still slip: Ameren's Sidney and New Berlin projects were both dropped from the 2024-2027 portfolio after approval.",
    "program_id": "",
    "itn": "",
    "ce_type": "",
    "voltage_kv": "",
    "driver": "",
    "nwa_status": "",
    "source": "Ameren 2025 Annual Report - Electric Distribution (Docket 22-0487), 2026-03-31",
    "notes": "New feeder = new distribution capacity."
   },
   "geometry": {
    "type": "Polygon",
    "coordinates": [
     [
      [
       -89.945932,
       38.7522
      ],
      [
       -89.946111,
       38.755041
      ],
      [
       -89.946647,
       38.757855
      ],
      [
       -89.947533,
       38.760614
      ],
      [
       -89.948762,
       38.763292
      ],
      [
       -89.950321,
       38.765864
      ],
      [
       -89.952196,
       38.768303
      ],
      [
       -89.954369,
       38.770588
      ],
      [
       -89.956819,
       38.772696
      ],
      [
       -89.959521,
       38.774606
      ],
      [
       -89.962451,
       38.776301
      ],
      [
       -89.965579,
       38.777763
      ],
      [
       -89.968877,
       38.778979
      ],
      [
       -89.972311,
       38.779937
      ],
      [
       -89.975849,
       38.780629
      ],
      [
       -89.979457,
       38.781046
      ],
      [
       -89.9831,
       38.781186
      ],
      [
       -89.986743,
       38.781046
      ],
      [
       -89.990351,
       38.780629
      ],
      [
       -89.993889,
       38.779937
      ],
      [
       -89.997323,
       38.778979
      ],
      [
       -90.000621,
       38.777763
      ],
      [
       -90.003749,
       38.776301
      ],
      [
       -90.006679,
       38.774606
      ],
      [
       -90.009381,
       38.772696
      ],
      [
       -90.011831,
       38.770588
      ],
      [
       -90.014004,
       38.768303
      ],
      [
       -90.015879,
       38.765864
      ],
      [
       -90.017438,
       38.763292
      ],
      [
       -90.018667,
       38.760614
      ],
      [
       -90.019553,
       38.757855
      ],
      [
       -90.020089,
       38.755041
      ],
      [
       -90.020268,
       38.7522
      ],
      [
       -90.020089,
       38.749359
      ],
      [
       -90.019553,
       38.746545
      ],
      [
       -90.018667,
       38.743786
      ],
      [
       -90.017438,
       38.741108
      ],
      [
       -90.015879,
       38.738536
      ],
      [
       -90.014004,
       38.736097
      ],
      [
       -90.011831,
       38.733812
      ],
      [
       -90.009381,
       38.731704
      ],
      [
       -90.006679,
       38.729794
      ],
      [
       -90.003749,
       38.728099
      ],
      [
       -90.000621,
       38.726637
      ],
      [
       -89.997323,
       38.725421
      ],
      [
       -89.993889,
       38.724463
      ],
      [
       -89.990351,
       38.723771
      ],
      [
       -89.986743,
       38.723354
      ],
      [
       -89.9831,
       38.723214
      ],
      [
       -89.979457,
       38.723354
      ],
      [
       -89.975849,
       38.723771
      ],
      [
       -89.972311,
       38.724463
      ],
      [
       -89.968877,
       38.725421
      ],
      [
       -89.965579,
       38.726637
      ],
      [
       -89.962451,
       38.728099
      ],
      [
       -89.959521,
       38.729794
      ],
      [
       -89.956819,
       38.731704
      ],
      [
       -89.954369,
       38.733812
      ],
      [
       -89.952196,
       38.736097
      ],
      [
       -89.950321,
       38.738536
      ],
      [
       -89.948762,
       38.741108
      ],
      [
       -89.947533,
       38.743786
      ],
      [
       -89.946647,
       38.746545
      ],
      [
       -89.946111,
       38.749359
      ],
      [
       -89.945932,
       38.7522
      ]
     ]
    ]
   }
  },
  {
   "type": "Feature",
   "properties": {
    "utility": "Ameren Illinois",
    "docket": "22-0487",
    "status": "approved",
    "group": "2. Substation capacity",
    "project_id": "",
    "project_name": "Mt Sterling S - Additional Transformer",
    "category": "Capacity Expansion",
    "asset_type": "transformer addition",
    "feeder_id": "",
    "substation": "",
    "place": "Mount Sterling",
    "county": "Brown",
    "region": "",
    "program_year": "",
    "cost_usd": "",
    "est_headroom_mw": "",
    "loc_method": "municipality_centroid",
    "uncertainty_mi": 2.0,
    "feeder_match": "",
    "sub_nearest": "",
    "sub_nearest_mi": "",
    "sub_hc_kw": "",
    "sub_candidates": "",
    "hosting_capacity_flag": "possible",
    "removal_risk": "none - approved",
    "risk_reason": "Already approved by the ICC and in execution. Timing can still slip: Ameren's Sidney and New Berlin projects were both dropped from the 2024-2027 portfolio after approval.",
    "program_id": "",
    "itn": "",
    "ce_type": "",
    "voltage_kv": "",
    "driver": "",
    "nwa_status": "",
    "source": "Ameren 2025 Annual Report - Electric Distribution (Docket 22-0487), 2026-03-31",
    "notes": ""
   },
   "geometry": {
    "type": "Polygon",
    "coordinates": [
     [
      [
       -90.726469,
       39.987
      ],
      [
       -90.726651,
       39.989841
      ],
      [
       -90.727196,
       39.992655
      ],
      [
       -90.728098,
       39.995414
      ],
      [
       -90.729349,
       39.998092
      ],
      [
       -90.730936,
       40.000664
      ],
      [
       -90.732845,
       40.003103
      ],
      [
       -90.735056,
       40.005388
      ],
      [
       -90.73755,
       40.007496
      ],
      [
       -90.7403,
       40.009406
      ],
      [
       -90.743282,
       40.011101
      ],
      [
       -90.746467,
       40.012563
      ],
      [
       -90.749823,
       40.013779
      ],
      [
       -90.753318,
       40.014737
      ],
      [
       -90.75692,
       40.015429
      ],
      [
       -90.760592,
       40.015846
      ],
      [
       -90.7643,
       40.015986
      ],
      [
       -90.768008,
       40.015846
      ],
      [
       -90.77168,
       40.015429
      ],
      [
       -90.775282,
       40.014737
      ],
      [
       -90.778777,
       40.013779
      ],
      [
       -90.782133,
       40.012563
      ],
      [
       -90.785318,
       40.011101
      ],
      [
       -90.7883,
       40.009406
      ],
      [
       -90.79105,
       40.007496
      ],
      [
       -90.793544,
       40.005388
      ],
      [
       -90.795755,
       40.003103
      ],
      [
       -90.797664,
       40.000664
      ],
      [
       -90.799251,
       39.998092
      ],
      [
       -90.800502,
       39.995414
      ],
      [
       -90.801404,
       39.992655
      ],
      [
       -90.801949,
       39.989841
      ],
      [
       -90.802131,
       39.987
      ],
      [
       -90.801949,
       39.984159
      ],
      [
       -90.801404,
       39.981345
      ],
      [
       -90.800502,
       39.978586
      ],
      [
       -90.799251,
       39.975908
      ],
      [
       -90.797664,
       39.973336
      ],
      [
       -90.795755,
       39.970897
      ],
      [
       -90.793544,
       39.968612
      ],
      [
       -90.79105,
       39.966504
      ],
      [
       -90.7883,
       39.964594
      ],
      [
       -90.785318,
       39.962899
      ],
      [
       -90.782133,
       39.961437
      ],
      [
       -90.778777,
       39.960221
      ],
      [
       -90.775282,
       39.959263
      ],
      [
       -90.77168,
       39.958571
      ],
      [
       -90.768008,
       39.958154
      ],
      [
       -90.7643,
       39.958014
      ],
      [
       -90.760592,
       39.958154
      ],
      [
       -90.75692,
       39.958571
      ],
      [
       -90.753318,
       39.959263
      ],
      [
       -90.749823,
       39.960221
      ],
      [
       -90.746467,
       39.961437
      ],
      [
       -90.743282,
       39.962899
      ],
      [
       -90.7403,
       39.964594
      ],
      [
       -90.73755,
       39.966504
      ],
      [
       -90.735056,
       39.968612
      ],
      [
       -90.732845,
       39.970897
      ],
      [
       -90.730936,
       39.973336
      ],
      [
       -90.729349,
       39.975908
      ],
      [
       -90.728098,
       39.978586
      ],
      [
       -90.727196,
       39.981345
      ],
      [
       -90.726651,
       39.984159
      ],
      [
       -90.726469,
       39.987
      ]
     ]
    ]
   }
  },
  {
   "type": "Feature",
   "properties": {
    "utility": "Ameren Illinois",
    "docket": "22-0487",
    "status": "approved",
    "group": "2. Substation capacity",
    "project_id": "",
    "project_name": "Sandoval Switch - Add Breaker 6635",
    "category": "Capacity Expansion",
    "asset_type": "breaker addition",
    "feeder_id": "",
    "substation": "",
    "place": "Sandoval",
    "county": "Marion",
    "region": "",
    "program_year": "",
    "cost_usd": "",
    "est_headroom_mw": "",
    "loc_method": "municipality_centroid",
    "uncertainty_mi": 2.0,
    "feeder_match": "",
    "sub_nearest": "",
    "sub_nearest_mi": "",
    "sub_hc_kw": "",
    "sub_candidates": "",
    "hosting_capacity_flag": "possible",
    "removal_risk": "none - approved",
    "risk_reason": "Already approved by the ICC and in execution. Timing can still slip: Ameren's Sidney and New Berlin projects were both dropped from the 2024-2027 portfolio after approval.",
    "program_id": "",
    "itn": "",
    "ce_type": "",
    "voltage_kv": "",
    "driver": "",
    "nwa_status": "",
    "source": "Ameren 2025 Annual Report - Electric Distribution (Docket 22-0487), 2026-03-31",
    "notes": ""
   },
   "geometry": {
    "type": "Polygon",
    "coordinates": [
     [
      [
       -89.074904,
       38.6142
      ],
      [
       -89.075083,
       38.617041
      ],
      [
       -89.075617,
       38.619855
      ],
      [
       -89.076501,
       38.622614
      ],
      [
       -89.077728,
       38.625292
      ],
      [
       -89.079284,
       38.627864
      ],
      [
       -89.081156,
       38.630303
      ],
      [
       -89.083324,
       38.632588
      ],
      [
       -89.085769,
       38.634696
      ],
      [
       -89.088467,
       38.636606
      ],
      [
       -89.091391,
       38.638301
      ],
      [
       -89.094513,
       38.639763
      ],
      [
       -89.097804,
       38.640979
      ],
      [
       -89.101232,
       38.641937
      ],
      [
       -89.104763,
       38.642629
      ],
      [
       -89.108364,
       38.643046
      ],
      [
       -89.112,
       38.643186
      ],
      [
       -89.115636,
       38.643046
      ],
      [
       -89.119237,
       38.642629
      ],
      [
       -89.122768,
       38.641937
      ],
      [
       -89.126196,
       38.640979
      ],
      [
       -89.129487,
       38.639763
      ],
      [
       -89.132609,
       38.638301
      ],
      [
       -89.135533,
       38.636606
      ],
      [
       -89.138231,
       38.634696
      ],
      [
       -89.140676,
       38.632588
      ],
      [
       -89.142844,
       38.630303
      ],
      [
       -89.144716,
       38.627864
      ],
      [
       -89.146272,
       38.625292
      ],
      [
       -89.147499,
       38.622614
      ],
      [
       -89.148383,
       38.619855
      ],
      [
       -89.148917,
       38.617041
      ],
      [
       -89.149096,
       38.6142
      ],
      [
       -89.148917,
       38.611359
      ],
      [
       -89.148383,
       38.608545
      ],
      [
       -89.147499,
       38.605786
      ],
      [
       -89.146272,
       38.603108
      ],
      [
       -89.144716,
       38.600536
      ],
      [
       -89.142844,
       38.598097
      ],
      [
       -89.140676,
       38.595812
      ],
      [
       -89.138231,
       38.593704
      ],
      [
       -89.135533,
       38.591794
      ],
      [
       -89.132609,
       38.590099
      ],
      [
       -89.129487,
       38.588637
      ],
      [
       -89.126196,
       38.587421
      ],
      [
       -89.122768,
       38.586463
      ],
      [
       -89.119237,
       38.585771
      ],
      [
       -89.115636,
       38.585354
      ],
      [
       -89.112,
       38.585214
      ],
      [
       -89.108364,
       38.585354
      ],
      [
       -89.104763,
       38.585771
      ],
      [
       -89.101232,
       38.586463
      ],
      [
       -89.097804,
       38.587421
      ],
      [
       -89.094513,
       38.588637
      ],
      [
       -89.091391,
       38.590099
      ],
      [
       -89.088467,
       38.591794
      ],
      [
       -89.085769,
       38.593704
      ],
      [
       -89.083324,
       38.595812
      ],
      [
       -89.081156,
       38.598097
      ],
      [
       -89.079284,
       38.600536
      ],
      [
       -89.077728,
       38.603108
      ],
      [
       -89.076501,
       38.605786
      ],
      [
       -89.075617,
       38.608545
      ],
      [
       -89.075083,
       38.611359
      ],
      [
       -89.074904,
       38.6142
      ]
     ]
    ]
   }
  },
  {
   "type": "Feature",
   "properties": {
    "utility": "Ameren Illinois",
    "docket": "22-0487",
    "status": "approved",
    "group": "3. Feeders & lines",
    "project_id": "",
    "project_name": "Herrin East - Line 273 Upgrade",
    "category": "Capacity Expansion",
    "asset_type": "line upgrade",
    "feeder_id": "",
    "substation": "",
    "place": "Herrin",
    "county": "Williamson",
    "region": "",
    "program_year": "",
    "cost_usd": "",
    "est_headroom_mw": "",
    "loc_method": "municipality_centroid",
    "uncertainty_mi": 2.0,
    "feeder_match": "",
    "sub_nearest": "",
    "sub_nearest_mi": "",
    "sub_hc_kw": "",
    "sub_candidates": "",
    "hosting_capacity_flag": "possible",
    "removal_risk": "none - approved",
    "risk_reason": "Already approved by the ICC and in execution. Timing can still slip: Ameren's Sidney and New Berlin projects were both dropped from the 2024-2027 portfolio after approval.",
    "program_id": "",
    "itn": "",
    "ce_type": "",
    "voltage_kv": "",
    "driver": "",
    "nwa_status": "",
    "source": "Ameren 2025 Annual Report - Electric Distribution (Docket 22-0487), 2026-03-31",
    "notes": ""
   },
   "geometry": {
    "type": "Polygon",
    "coordinates": [
     [
      [
       -88.991715,
       37.8028
      ],
      [
       -88.991892,
       37.805641
      ],
      [
       -88.99242,
       37.808455
      ],
      [
       -88.993295,
       37.811214
      ],
      [
       -88.994508,
       37.813892
      ],
      [
       -88.996047,
       37.816464
      ],
      [
       -88.997898,
       37.818903
      ],
      [
       -89.000042,
       37.821188
      ],
      [
       -89.00246,
       37.823296
      ],
      [
       -89.005127,
       37.825206
      ],
      [
       -89.008019,
       37.826901
      ],
      [
       -89.011107,
       37.828363
      ],
      [
       -89.014361,
       37.829579
      ],
      [
       -89.017751,
       37.830537
      ],
      [
       -89.021243,
       37.831229
      ],
      [
       -89.024804,
       37.831646
      ],
      [
       -89.0284,
       37.831786
      ],
      [
       -89.031996,
       37.831646
      ],
      [
       -89.035557,
       37.831229
      ],
      [
       -89.039049,
       37.830537
      ],
      [
       -89.042439,
       37.829579
      ],
      [
       -89.045693,
       37.828363
      ],
      [
       -89.048781,
       37.826901
      ],
      [
       -89.051673,
       37.825206
      ],
      [
       -89.05434,
       37.823296
      ],
      [
       -89.056758,
       37.821188
      ],
      [
       -89.058902,
       37.818903
      ],
      [
       -89.060753,
       37.816464
      ],
      [
       -89.062292,
       37.813892
      ],
      [
       -89.063505,
       37.811214
      ],
      [
       -89.06438,
       37.808455
      ],
      [
       -89.064908,
       37.805641
      ],
      [
       -89.065085,
       37.8028
      ],
      [
       -89.064908,
       37.799959
      ],
      [
       -89.06438,
       37.797145
      ],
      [
       -89.063505,
       37.794386
      ],
      [
       -89.062292,
       37.791708
      ],
      [
       -89.060753,
       37.789136
      ],
      [
       -89.058902,
       37.786697
      ],
      [
       -89.056758,
       37.784412
      ],
      [
       -89.05434,
       37.782304
      ],
      [
       -89.051673,
       37.780394
      ],
      [
       -89.048781,
       37.778699
      ],
      [
       -89.045693,
       37.777237
      ],
      [
       -89.042439,
       37.776021
      ],
      [
       -89.039049,
       37.775063
      ],
      [
       -89.035557,
       37.774371
      ],
      [
       -89.031996,
       37.773954
      ],
      [
       -89.0284,
       37.773814
      ],
      [
       -89.024804,
       37.773954
      ],
      [
       -89.021243,
       37.774371
      ],
      [
       -89.017751,
       37.775063
      ],
      [
       -89.014361,
       37.776021
      ],
      [
       -89.011107,
       37.777237
      ],
      [
       -89.008019,
       37.778699
      ],
      [
       -89.005127,
       37.780394
      ],
      [
       -89.00246,
       37.782304
      ],
      [
       -89.000042,
       37.784412
      ],
      [
       -88.997898,
       37.786697
      ],
      [
       -88.996047,
       37.789136
      ],
      [
       -88.994508,
       37.791708
      ],
      [
       -88.993295,
       37.794386
      ],
      [
       -88.99242,
       37.797145
      ],
      [
       -88.991892,
       37.799959
      ],
      [
       -88.991715,
       37.8028
      ]
     ]
    ]
   }
  },
  {
   "type": "Feature",
   "properties": {
    "utility": "Ameren Illinois",
    "docket": "22-0487",
    "status": "approved",
    "group": "2. Substation capacity",
    "project_id": "",
    "project_name": "SIUE - Replace Breakers & Switches",
    "category": "Capacity Expansion",
    "asset_type": "breaker/switch",
    "feeder_id": "",
    "substation": "",
    "place": "Edwardsville",
    "county": "Madison",
    "region": "",
    "program_year": "",
    "cost_usd": "",
    "est_headroom_mw": "",
    "loc_method": "municipality_centroid",
    "uncertainty_mi": 2.0,
    "feeder_match": "",
    "sub_nearest": "",
    "sub_nearest_mi": "",
    "sub_hc_kw": "",
    "sub_candidates": "",
    "hosting_capacity_flag": "possible",
    "removal_risk": "none - approved",
    "risk_reason": "Already approved by the ICC and in execution. Timing can still slip: Ameren's Sidney and New Berlin projects were both dropped from the 2024-2027 portfolio after approval.",
    "program_id": "",
    "itn": "",
    "ce_type": "",
    "voltage_kv": "",
    "driver": "",
    "nwa_status": "",
    "source": "Ameren 2025 Annual Report - Electric Distribution (Docket 22-0487), 2026-03-31",
    "notes": ""
   },
   "geometry": {
    "type": "Polygon",
    "coordinates": [
     [
      [
       -89.916002,
       38.8114
      ],
      [
       -89.916181,
       38.814241
      ],
      [
       -89.916716,
       38.817055
      ],
      [
       -89.917603,
       38.819814
      ],
      [
       -89.918833,
       38.822492
      ],
      [
       -89.920394,
       38.825064
      ],
      [
       -89.922271,
       38.827503
      ],
      [
       -89.924445,
       38.829788
      ],
      [
       -89.926897,
       38.831896
      ],
      [
       -89.929602,
       38.833806
      ],
      [
       -89.932534,
       38.835501
      ],
      [
       -89.935665,
       38.836963
      ],
      [
       -89.938965,
       38.838179
      ],
      [
       -89.942402,
       38.839137
      ],
      [
       -89.945943,
       38.839829
      ],
      [
       -89.949554,
       38.840246
      ],
      [
       -89.9532,
       38.840386
      ],
      [
       -89.956846,
       38.840246
      ],
      [
       -89.960457,
       38.839829
      ],
      [
       -89.963998,
       38.839137
      ],
      [
       -89.967435,
       38.838179
      ],
      [
       -89.970735,
       38.836963
      ],
      [
       -89.973866,
       38.835501
      ],
      [
       -89.976798,
       38.833806
      ],
      [
       -89.979503,
       38.831896
      ],
      [
       -89.981955,
       38.829788
      ],
      [
       -89.984129,
       38.827503
      ],
      [
       -89.986006,
       38.825064
      ],
      [
       -89.987567,
       38.822492
      ],
      [
       -89.988797,
       38.819814
      ],
      [
       -89.989684,
       38.817055
      ],
      [
       -89.990219,
       38.814241
      ],
      [
       -89.990398,
       38.8114
      ],
      [
       -89.990219,
       38.808559
      ],
      [
       -89.989684,
       38.805745
      ],
      [
       -89.988797,
       38.802986
      ],
      [
       -89.987567,
       38.800308
      ],
      [
       -89.986006,
       38.797736
      ],
      [
       -89.984129,
       38.795297
      ],
      [
       -89.981955,
       38.793012
      ],
      [
       -89.979503,
       38.790904
      ],
      [
       -89.976798,
       38.788994
      ],
      [
       -89.973866,
       38.787299
      ],
      [
       -89.970735,
       38.785837
      ],
      [
       -89.967435,
       38.784621
      ],
      [
       -89.963998,
       38.783663
      ],
      [
       -89.960457,
       38.782971
      ],
      [
       -89.956846,
       38.782554
      ],
      [
       -89.9532,
       38.782414
      ],
      [
       -89.949554,
       38.782554
      ],
      [
       -89.945943,
       38.782971
      ],
      [
       -89.942402,
       38.783663
      ],
      [
       -89.938965,
       38.784621
      ],
      [
       -89.935665,
       38.785837
      ],
      [
       -89.932534,
       38.787299
      ],
      [
       -89.929602,
       38.788994
      ],
      [
       -89.926897,
       38.790904
      ],
      [
       -89.924445,
       38.793012
      ],
      [
       -89.922271,
       38.795297
      ],
      [
       -89.920394,
       38.797736
      ],
      [
       -89.918833,
       38.800308
      ],
      [
       -89.917603,
       38.802986
      ],
      [
       -89.916716,
       38.805745
      ],
      [
       -89.916181,
       38.808559
      ],
      [
       -89.916002,
       38.8114
      ]
     ]
    ]
   }
  },
  {
   "type": "Feature",
   "properties": {
    "utility": "Ameren Illinois",
    "docket": "22-0487",
    "status": "approved",
    "group": "2. Substation capacity",
    "project_id": "",
    "project_name": "Downtown Bloomington Substation Rebuild",
    "category": "Capacity Expansion",
    "asset_type": "substation rebuild",
    "feeder_id": "",
    "substation": "",
    "place": "Bloomington",
    "county": "McLean",
    "region": "",
    "program_year": "",
    "cost_usd": "",
    "est_headroom_mw": "",
    "loc_method": "municipality_centroid",
    "uncertainty_mi": 2.0,
    "feeder_match": "",
    "sub_nearest": "",
    "sub_nearest_mi": "",
    "sub_hc_kw": "",
    "sub_candidates": "",
    "hosting_capacity_flag": "possible",
    "removal_risk": "none - approved",
    "risk_reason": "Already approved by the ICC and in execution. Timing can still slip: Ameren's Sidney and New Berlin projects were both dropped from the 2024-2027 portfolio after approval.",
    "program_id": "",
    "itn": "",
    "ce_type": "",
    "voltage_kv": "",
    "driver": "",
    "nwa_status": "",
    "source": "Ameren 2025 Annual Report - Electric Distribution (Docket 22-0487), 2026-03-31",
    "notes": "In service 2025-07-01. Ameren states explicitly this project WILL INCREASE HOSTING CAPACITY - the clearest such statement by either utility. Child: J0627 BLM Powerhouse Sub Ln Wrk."
   },
   "geometry": {
    "type": "Polygon",
    "coordinates": [
     [
      [
       -88.955591,
       40.4842
      ],
      [
       -88.955774,
       40.487041
      ],
      [
       -88.956323,
       40.489855
      ],
      [
       -88.957231,
       40.492614
      ],
      [
       -88.958491,
       40.495292
      ],
      [
       -88.96009,
       40.497864
      ],
      [
       -88.962013,
       40.500303
      ],
      [
       -88.964241,
       40.502588
      ],
      [
       -88.966753,
       40.504696
      ],
      [
       -88.969524,
       40.506606
      ],
      [
       -88.972528,
       40.508301
      ],
      [
       -88.975735,
       40.509763
      ],
      [
       -88.979116,
       40.510979
      ],
      [
       -88.982637,
       40.511937
      ],
      [
       -88.986265,
       40.512629
      ],
      [
       -88.989965,
       40.513046
      ],
      [
       -88.9937,
       40.513186
      ],
      [
       -88.997435,
       40.513046
      ],
      [
       -89.001135,
       40.512629
      ],
      [
       -89.004763,
       40.511937
      ],
      [
       -89.008284,
       40.510979
      ],
      [
       -89.011665,
       40.509763
      ],
      [
       -89.014872,
       40.508301
      ],
      [
       -89.017876,
       40.506606
      ],
      [
       -89.020647,
       40.504696
      ],
      [
       -89.023159,
       40.502588
      ],
      [
       -89.025387,
       40.500303
      ],
      [
       -89.02731,
       40.497864
      ],
      [
       -89.028909,
       40.495292
      ],
      [
       -89.030169,
       40.492614
      ],
      [
       -89.031077,
       40.489855
      ],
      [
       -89.031626,
       40.487041
      ],
      [
       -89.031809,
       40.4842
      ],
      [
       -89.031626,
       40.481359
      ],
      [
       -89.031077,
       40.478545
      ],
      [
       -89.030169,
       40.475786
      ],
      [
       -89.028909,
       40.473108
      ],
      [
       -89.02731,
       40.470536
      ],
      [
       -89.025387,
       40.468097
      ],
      [
       -89.023159,
       40.465812
      ],
      [
       -89.020647,
       40.463704
      ],
      [
       -89.017876,
       40.461794
      ],
      [
       -89.014872,
       40.460099
      ],
      [
       -89.011665,
       40.458637
      ],
      [
       -89.008284,
       40.457421
      ],
      [
       -89.004763,
       40.456463
      ],
      [
       -89.001135,
       40.455771
      ],
      [
       -88.997435,
       40.455354
      ],
      [
       -88.9937,
       40.455214
      ],
      [
       -88.989965,
       40.455354
      ],
      [
       -88.986265,
       40.455771
      ],
      [
       -88.982637,
       40.456463
      ],
      [
       -88.979116,
       40.457421
      ],
      [
       -88.975735,
       40.458637
      ],
      [
       -88.972528,
       40.460099
      ],
      [
       -88.969524,
       40.461794
      ],
      [
       -88.966753,
       40.463704
      ],
      [
       -88.964241,
       40.465812
      ],
      [
       -88.962013,
       40.468097
      ],
      [
       -88.96009,
       40.470536
      ],
      [
       -88.958491,
       40.473108
      ],
      [
       -88.957231,
       40.475786
      ],
      [
       -88.956323,
       40.478545
      ],
      [
       -88.955774,
       40.481359
      ],
      [
       -88.955591,
       40.4842
      ]
     ]
    ]
   }
  },
  {
   "type": "Feature",
   "properties": {
    "utility": "Ameren Illinois",
    "docket": "22-0487",
    "status": "approved",
    "group": "4. DER & hosting capacity",
    "project_id": "AIC12796",
    "project_name": "Galva - Viper VT Transformer LAs (DG24001)",
    "category": "DER Integration",
    "asset_type": "substation upgrade",
    "feeder_id": "",
    "substation": "",
    "place": "Galva",
    "county": "Henry",
    "region": "",
    "program_year": "",
    "cost_usd": "",
    "est_headroom_mw": "",
    "loc_method": "municipality_centroid",
    "uncertainty_mi": 2.0,
    "feeder_match": "",
    "sub_nearest": "",
    "sub_nearest_mi": "",
    "sub_hc_kw": "",
    "sub_candidates": "",
    "hosting_capacity_flag": "explicit",
    "removal_risk": "none - approved",
    "risk_reason": "Already approved by the ICC and in execution. Timing can still slip: Ameren's Sidney and New Berlin projects were both dropped from the 2024-2027 portfolio after approval.",
    "program_id": "",
    "itn": "",
    "ce_type": "",
    "voltage_kv": "",
    "driver": "",
    "nwa_status": "",
    "source": "Ameren 2025 Annual Report - Electric Distribution (Docket 22-0487), 2026-03-31",
    "notes": "Tied to a specific DG interconnection queue number."
   },
   "geometry": {
    "type": "Polygon",
    "coordinates": [
     [
      [
       -90.004096,
       41.1667
      ],
      [
       -90.004282,
       41.169541
      ],
      [
       -90.004836,
       41.172355
      ],
      [
       -90.005754,
       41.175114
      ],
      [
       -90.007027,
       41.177792
      ],
      [
       -90.008643,
       41.180364
      ],
      [
       -90.010585,
       41.182803
      ],
      [
       -90.012836,
       41.185088
      ],
      [
       -90.015374,
       41.187196
      ],
      [
       -90.018173,
       41.189106
      ],
      [
       -90.021208,
       41.190801
      ],
      [
       -90.024449,
       41.192263
      ],
      [
       -90.027865,
       41.193479
      ],
      [
       -90.031423,
       41.194437
      ],
      [
       -90.035088,
       41.195129
      ],
      [
       -90.038826,
       41.195546
      ],
      [
       -90.0426,
       41.195686
      ],
      [
       -90.046374,
       41.195546
      ],
      [
       -90.050112,
       41.195129
      ],
      [
       -90.053777,
       41.194437
      ],
      [
       -90.057335,
       41.193479
      ],
      [
       -90.060751,
       41.192263
      ],
      [
       -90.063992,
       41.190801
      ],
      [
       -90.067027,
       41.189106
      ],
      [
       -90.069826,
       41.187196
      ],
      [
       -90.072364,
       41.185088
      ],
      [
       -90.074615,
       41.182803
      ],
      [
       -90.076557,
       41.180364
      ],
      [
       -90.078173,
       41.177792
      ],
      [
       -90.079446,
       41.175114
      ],
      [
       -90.080364,
       41.172355
      ],
      [
       -90.080918,
       41.169541
      ],
      [
       -90.081104,
       41.1667
      ],
      [
       -90.080918,
       41.163859
      ],
      [
       -90.080364,
       41.161045
      ],
      [
       -90.079446,
       41.158286
      ],
      [
       -90.078173,
       41.155608
      ],
      [
       -90.076557,
       41.153036
      ],
      [
       -90.074615,
       41.150597
      ],
      [
       -90.072364,
       41.148312
      ],
      [
       -90.069826,
       41.146204
      ],
      [
       -90.067027,
       41.144294
      ],
      [
       -90.063992,
       41.142599
      ],
      [
       -90.060751,
       41.141137
      ],
      [
       -90.057335,
       41.139921
      ],
      [
       -90.053777,
       41.138963
      ],
      [
       -90.050112,
       41.138271
      ],
      [
       -90.046374,
       41.137854
      ],
      [
       -90.0426,
       41.137714
      ],
      [
       -90.038826,
       41.137854
      ],
      [
       -90.035088,
       41.138271
      ],
      [
       -90.031423,
       41.138963
      ],
      [
       -90.027865,
       41.139921
      ],
      [
       -90.024449,
       41.141137
      ],
      [
       -90.021208,
       41.142599
      ],
      [
       -90.018173,
       41.144294
      ],
      [
       -90.015374,
       41.146204
      ],
      [
       -90.012836,
       41.148312
      ],
      [
       -90.010585,
       41.150597
      ],
      [
       -90.008643,
       41.153036
      ],
      [
       -90.007027,
       41.155608
      ],
      [
       -90.005754,
       41.158286
      ],
      [
       -90.004836,
       41.161045
      ],
      [
       -90.004282,
       41.163859
      ],
      [
       -90.004096,
       41.1667
      ]
     ]
    ]
   }
  },
  {
   "type": "Feature",
   "properties": {
    "utility": "Ameren Illinois",
    "docket": "22-0487",
    "status": "approved",
    "group": "4. DER & hosting capacity",
    "project_id": "J0BVR",
    "project_name": "Moyer Substation - One Earth DG",
    "category": "DER Integration",
    "asset_type": "substation upgrade",
    "feeder_id": "",
    "substation": "",
    "place": "Gibson City",
    "county": "Ford",
    "region": "",
    "program_year": "",
    "cost_usd": "",
    "est_headroom_mw": "",
    "loc_method": "municipality_centroid",
    "uncertainty_mi": 2.0,
    "feeder_match": "",
    "sub_nearest": "",
    "sub_nearest_mi": "",
    "sub_hc_kw": "",
    "sub_candidates": "",
    "hosting_capacity_flag": "explicit",
    "removal_risk": "none - approved",
    "risk_reason": "Already approved by the ICC and in execution. Timing can still slip: Ameren's Sidney and New Berlin projects were both dropped from the 2024-2027 portfolio after approval.",
    "program_id": "",
    "itn": "",
    "ce_type": "",
    "voltage_kv": "",
    "driver": "",
    "nwa_status": "",
    "source": "Ameren 2025 Annual Report - Electric Distribution (Docket 22-0487), 2026-03-31",
    "notes": "One Earth Energy, Gibson City."
   },
   "geometry": {
    "type": "Polygon",
    "coordinates": [
     [
      [
       -88.339248,
       40.3831
      ],
      [
       -88.339431,
       40.385941
      ],
      [
       -88.339979,
       40.388755
      ],
      [
       -88.340886,
       40.391514
      ],
      [
       -88.342144,
       40.394192
      ],
      [
       -88.343741,
       40.396764
      ],
      [
       -88.345661,
       40.399203
      ],
      [
       -88.347885,
       40.401488
      ],
      [
       -88.350393,
       40.403596
      ],
      [
       -88.35316,
       40.405506
      ],
      [
       -88.356159,
       40.407201
      ],
      [
       -88.359362,
       40.408663
      ],
      [
       -88.362738,
       40.409879
      ],
      [
       -88.366254,
       40.410837
      ],
      [
       -88.369876,
       40.411529
      ],
      [
       -88.37357,
       40.411946
      ],
      [
       -88.3773,
       40.412086
      ],
      [
       -88.38103,
       40.411946
      ],
      [
       -88.384724,
       40.411529
      ],
      [
       -88.388346,
       40.410837
      ],
      [
       -88.391862,
       40.409879
      ],
      [
       -88.395238,
       40.408663
      ],
      [
       -88.398441,
       40.407201
      ],
      [
       -88.40144,
       40.405506
      ],
      [
       -88.404207,
       40.403596
      ],
      [
       -88.406715,
       40.401488
      ],
      [
       -88.408939,
       40.399203
      ],
      [
       -88.410859,
       40.396764
      ],
      [
       -88.412456,
       40.394192
      ],
      [
       -88.413714,
       40.391514
      ],
      [
       -88.414621,
       40.388755
      ],
      [
       -88.415169,
       40.385941
      ],
      [
       -88.415352,
       40.3831
      ],
      [
       -88.415169,
       40.380259
      ],
      [
       -88.414621,
       40.377445
      ],
      [
       -88.413714,
       40.374686
      ],
      [
       -88.412456,
       40.372008
      ],
      [
       -88.410859,
       40.369436
      ],
      [
       -88.408939,
       40.366997
      ],
      [
       -88.406715,
       40.364712
      ],
      [
       -88.404207,
       40.362604
      ],
      [
       -88.40144,
       40.360694
      ],
      [
       -88.398441,
       40.358999
      ],
      [
       -88.395238,
       40.357537
      ],
      [
       -88.391862,
       40.356321
      ],
      [
       -88.388346,
       40.355363
      ],
      [
       -88.384724,
       40.354671
      ],
      [
       -88.38103,
       40.354254
      ],
      [
       -88.3773,
       40.354114
      ],
      [
       -88.37357,
       40.354254
      ],
      [
       -88.369876,
       40.354671
      ],
      [
       -88.366254,
       40.355363
      ],
      [
       -88.362738,
       40.356321
      ],
      [
       -88.359362,
       40.357537
      ],
      [
       -88.356159,
       40.358999
      ],
      [
       -88.35316,
       40.360694
      ],
      [
       -88.350393,
       40.362604
      ],
      [
       -88.347885,
       40.364712
      ],
      [
       -88.345661,
       40.366997
      ],
      [
       -88.343741,
       40.369436
      ],
      [
       -88.342144,
       40.372008
      ],
      [
       -88.340886,
       40.374686
      ],
      [
       -88.339979,
       40.377445
      ],
      [
       -88.339431,
       40.380259
      ],
      [
       -88.339248,
       40.3831
      ]
     ]
    ]
   }
  },
  {
   "type": "Feature",
   "properties": {
    "utility": "Ameren Illinois",
    "docket": "Public NWA page",
    "status": "approved",
    "group": "2. Substation capacity",
    "project_id": "",
    "project_name": "Sidney Substation - Capacity Expansion (NWA RFP)",
    "category": "Capacity Expansion",
    "asset_type": "substation capacity",
    "feeder_id": "",
    "substation": "",
    "place": "Sidney",
    "county": "Champaign",
    "region": "",
    "program_year": 2027,
    "cost_usd": "",
    "est_headroom_mw": "",
    "loc_method": "municipality_centroid",
    "uncertainty_mi": 2.0,
    "feeder_match": "",
    "sub_nearest": "",
    "sub_nearest_mi": "",
    "sub_hc_kw": "",
    "sub_candidates": "",
    "hosting_capacity_flag": "possible",
    "removal_risk": "none - approved",
    "risk_reason": "Already approved by the ICC and in execution. Timing can still slip: Ameren's Sidney and New Berlin projects were both dropped from the 2024-2027 portfolio after approval.",
    "program_id": "",
    "itn": "",
    "ce_type": "",
    "voltage_kv": "",
    "driver": "",
    "nwa_status": "",
    "source": "Ameren public Non-Wire Alternative projects page",
    "notes": "RFP published 2024-12-31, closed 2025-07-31; est in-service 2027-12-31. CAUTION: all NWA bids scored not cost-effective AND the traditional solution was also found not cost-effective and will not be pursued. Treat as constrained-location signal, not a committed build."
   },
   "geometry": {
    "type": "Polygon",
    "coordinates": [
     [
      [
       -88.03525,
       40.0217
      ],
      [
       -88.035432,
       40.024541
      ],
      [
       -88.035977,
       40.027355
      ],
      [
       -88.03688,
       40.030114
      ],
      [
       -88.038131,
       40.032792
      ],
      [
       -88.039719,
       40.035364
      ],
      [
       -88.041629,
       40.037803
      ],
      [
       -88.043842,
       40.040088
      ],
      [
       -88.046336,
       40.042196
      ],
      [
       -88.049088,
       40.044106
      ],
      [
       -88.052072,
       40.045801
      ],
      [
       -88.055258,
       40.047263
      ],
      [
       -88.058615,
       40.048479
      ],
      [
       -88.062113,
       40.049437
      ],
      [
       -88.065716,
       40.050129
      ],
      [
       -88.06939,
       40.050546
      ],
      [
       -88.0731,
       40.050686
      ],
      [
       -88.07681,
       40.050546
      ],
      [
       -88.080484,
       40.050129
      ],
      [
       -88.084087,
       40.049437
      ],
      [
       -88.087585,
       40.048479
      ],
      [
       -88.090942,
       40.047263
      ],
      [
       -88.094128,
       40.045801
      ],
      [
       -88.097112,
       40.044106
      ],
      [
       -88.099864,
       40.042196
      ],
      [
       -88.102358,
       40.040088
      ],
      [
       -88.104571,
       40.037803
      ],
      [
       -88.106481,
       40.035364
      ],
      [
       -88.108069,
       40.032792
      ],
      [
       -88.10932,
       40.030114
      ],
      [
       -88.110223,
       40.027355
      ],
      [
       -88.110768,
       40.024541
      ],
      [
       -88.11095,
       40.0217
      ],
      [
       -88.110768,
       40.018859
      ],
      [
       -88.110223,
       40.016045
      ],
      [
       -88.10932,
       40.013286
      ],
      [
       -88.108069,
       40.010608
      ],
      [
       -88.106481,
       40.008036
      ],
      [
       -88.104571,
       40.005597
      ],
      [
       -88.102358,
       40.003312
      ],
      [
       -88.099864,
       40.001204
      ],
      [
       -88.097112,
       39.999294
      ],
      [
       -88.094128,
       39.997599
      ],
      [
       -88.090942,
       39.996137
      ],
      [
       -88.087585,
       39.994921
      ],
      [
       -88.084087,
       39.993963
      ],
      [
       -88.080484,
       39.993271
      ],
      [
       -88.07681,
       39.992854
      ],
      [
       -88.0731,
       39.992714
      ],
      [
       -88.06939,
       39.992854
      ],
      [
       -88.065716,
       39.993271
      ],
      [
       -88.062113,
       39.993963
      ],
      [
       -88.058615,
       39.994921
      ],
      [
       -88.055258,
       39.996137
      ],
      [
       -88.052072,
       39.997599
      ],
      [
       -88.049088,
       39.999294
      ],
      [
       -88.046336,
       40.001204
      ],
      [
       -88.043842,
       40.003312
      ],
      [
       -88.041629,
       40.005597
      ],
      [
       -88.039719,
       40.008036
      ],
      [
       -88.038131,
       40.010608
      ],
      [
       -88.03688,
       40.013286
      ],
      [
       -88.035977,
       40.016045
      ],
      [
       -88.035432,
       40.018859
      ],
      [
       -88.03525,
       40.0217
      ]
     ]
    ]
   }
  },
  {
   "type": "Feature",
   "properties": {
    "utility": "Ameren Illinois",
    "docket": "Public NWA page",
    "status": "proposed",
    "group": "3. Feeders & lines",
    "project_id": "",
    "project_name": "Paxton Y55 - Capacity Expansion (NWA)",
    "category": "Capacity Expansion",
    "asset_type": "circuit capacity",
    "feeder_id": "Y55",
    "substation": "",
    "place": "Paxton",
    "county": "Ford",
    "region": "",
    "program_year": 2029,
    "cost_usd": "",
    "est_headroom_mw": "",
    "loc_method": "municipality_centroid",
    "uncertainty_mi": 2.0,
    "feeder_match": "",
    "sub_nearest": "",
    "sub_nearest_mi": "",
    "sub_hc_kw": "",
    "sub_candidates": "",
    "hosting_capacity_flag": "possible",
    "removal_risk": "low",
    "risk_reason": "Party asks total ~$450M against $2.68B (~17%), far milder than the 2023 rejection, and ICC Staff finds the plan substantially compliant. Only one Capacity Expansion project is targeted for removal.",
    "program_id": "",
    "itn": "",
    "ce_type": "",
    "voltage_kv": "",
    "driver": "",
    "nwa_status": "",
    "source": "Ameren public Non-Wire Alternative projects page",
    "notes": "RFP publishes 2026-12-31, closes 2027-06-30; est in-service 2029-12-31. Circuit Y55. NOTE: 'Y55' substring-matches 3,977 HC cells - requires exact tokenized match, not LIKE."
   },
   "geometry": {
    "type": "Polygon",
    "coordinates": [
     [
      [
       -88.057004,
       40.4606
      ],
      [
       -88.057187,
       40.463441
      ],
      [
       -88.057736,
       40.466255
      ],
      [
       -88.058644,
       40.469014
      ],
      [
       -88.059904,
       40.471692
      ],
      [
       -88.061502,
       40.474264
      ],
      [
       -88.063424,
       40.476703
      ],
      [
       -88.065651,
       40.478988
      ],
      [
       -88.068162,
       40.481096
      ],
      [
       -88.070932,
       40.483006
      ],
      [
       -88.073935,
       40.484701
      ],
      [
       -88.077142,
       40.486163
      ],
      [
       -88.080521,
       40.487379
      ],
      [
       -88.084041,
       40.488337
      ],
      [
       -88.087668,
       40.489029
      ],
      [
       -88.091366,
       40.489446
      ],
      [
       -88.0951,
       40.489586
      ],
      [
       -88.098834,
       40.489446
      ],
      [
       -88.102532,
       40.489029
      ],
      [
       -88.106159,
       40.488337
      ],
      [
       -88.109679,
       40.487379
      ],
      [
       -88.113058,
       40.486163
      ],
      [
       -88.116265,
       40.484701
      ],
      [
       -88.119268,
       40.483006
      ],
      [
       -88.122038,
       40.481096
      ],
      [
       -88.124549,
       40.478988
      ],
      [
       -88.126776,
       40.476703
      ],
      [
       -88.128698,
       40.474264
      ],
      [
       -88.130296,
       40.471692
      ],
      [
       -88.131556,
       40.469014
      ],
      [
       -88.132464,
       40.466255
      ],
      [
       -88.133013,
       40.463441
      ],
      [
       -88.133196,
       40.4606
      ],
      [
       -88.133013,
       40.457759
      ],
      [
       -88.132464,
       40.454945
      ],
      [
       -88.131556,
       40.452186
      ],
      [
       -88.130296,
       40.449508
      ],
      [
       -88.128698,
       40.446936
      ],
      [
       -88.126776,
       40.444497
      ],
      [
       -88.124549,
       40.442212
      ],
      [
       -88.122038,
       40.440104
      ],
      [
       -88.119268,
       40.438194
      ],
      [
       -88.116265,
       40.436499
      ],
      [
       -88.113058,
       40.435037
      ],
      [
       -88.109679,
       40.433821
      ],
      [
       -88.106159,
       40.432863
      ],
      [
       -88.102532,
       40.432171
      ],
      [
       -88.098834,
       40.431754
      ],
      [
       -88.0951,
       40.431614
      ],
      [
       -88.091366,
       40.431754
      ],
      [
       -88.087668,
       40.432171
      ],
      [
       -88.084041,
       40.432863
      ],
      [
       -88.080521,
       40.433821
      ],
      [
       -88.077142,
       40.435037
      ],
      [
       -88.073935,
       40.436499
      ],
      [
       -88.070932,
       40.438194
      ],
      [
       -88.068162,
       40.440104
      ],
      [
       -88.065651,
       40.442212
      ],
      [
       -88.063424,
       40.444497
      ],
      [
       -88.061502,
       40.446936
      ],
      [
       -88.059904,
       40.449508
      ],
      [
       -88.058644,
       40.452186
      ],
      [
       -88.057736,
       40.454945
      ],
      [
       -88.057187,
       40.457759
      ],
      [
       -88.057004,
       40.4606
      ]
     ]
    ]
   }
  },
  {
   "type": "Feature",
   "properties": {
    "utility": "ComEd",
    "docket": "26-0047",
    "status": "proposed",
    "group": "1. New substations",
    "project_id": "401001 / ITN 364566",
    "project_name": "Franklin Park New Substation",
    "category": "Capacity Planning & Management",
    "asset_type": "NEW substation",
    "feeder_id": "",
    "substation": "",
    "place": "Franklin Park",
    "county": "Cook",
    "region": "North",
    "program_year": "2028-2031",
    "cost_usd": "",
    "est_headroom_mw": "",
    "loc_method": "verified_asset_match",
    "uncertainty_mi": 0.75,
    "feeder_match": "",
    "sub_nearest": "S0732",
    "sub_nearest_mi": 0.06,
    "sub_hc_kw": 223823,
    "sub_candidates": "S0732;S0665",
    "hosting_capacity_flag": "possible",
    "removal_risk": "moderate",
    "risk_reason": "CUB seeks over $1B in cuts overall, but this project cleared ComEd's own non-wires screen and has a dedicated cost-effectiveness appendix, which strengthens it relative to other ComEd asks.",
    "program_id": "401001",
    "itn": "364566",
    "ce_type": "Type 4B",
    "voltage_kv": "138 (existing site)",
    "driver": "area load growth",
    "nwa_status": "screened - no non-wires option met ComEd TRC criteria",
    "source": "ComEd MYIGP 2028-2031 (Docket 26-0047), filed 2026-01-16",
    "notes": "Has a dedicated public cost-effectiveness appendix. 'Do nothing' does not support area load growth. Filing places it 'south of O'Hare International Airport in Franklin Park' and states the airport's critical load is networked across two substations. COORDINATE VERIFIED against the HIFLD Electric_Substations record named FRANKLIN PARK (138 kV) - the only ComEd project in this register whose name matched HIFLD. The existing substation is NOT replaced by this entry; it remains in the substation layer with its own data."
   },
   "geometry": {
    "type": "Polygon",
    "coordinates": [
     [
      [
       -87.873744,
       41.935447
      ],
      [
       -87.873815,
       41.936512
      ],
      [
       -87.874025,
       41.937568
      ],
      [
       -87.874374,
       41.938602
      ],
      [
       -87.874857,
       41.939607
      ],
      [
       -87.87547,
       41.940571
      ],
      [
       -87.876207,
       41.941486
      ],
      [
       -87.877061,
       41.942343
      ],
      [
       -87.878024,
       41.943133
      ],
      [
       -87.879086,
       41.943849
      ],
      [
       -87.880238,
       41.944485
      ],
      [
       -87.881468,
       41.945033
      ],
      [
       -87.882764,
       41.945489
      ],
      [
       -87.884114,
       41.945849
      ],
      [
       -87.885505,
       41.946108
      ],
      [
       -87.886924,
       41.946264
      ],
      [
       -87.888356,
       41.946317
      ],
      [
       -87.889788,
       41.946264
      ],
      [
       -87.891207,
       41.946108
      ],
      [
       -87.892598,
       41.945849
      ],
      [
       -87.893948,
       41.945489
      ],
      [
       -87.895244,
       41.945033
      ],
      [
       -87.896474,
       41.944485
      ],
      [
       -87.897626,
       41.943849
      ],
      [
       -87.898688,
       41.943133
      ],
      [
       -87.899651,
       41.942343
      ],
      [
       -87.900505,
       41.941486
      ],
      [
       -87.901242,
       41.940571
      ],
      [
       -87.901855,
       41.939607
      ],
      [
       -87.902338,
       41.938602
      ],
      [
       -87.902687,
       41.937568
      ],
      [
       -87.902897,
       41.936512
      ],
      [
       -87.902968,
       41.935447
      ],
      [
       -87.902897,
       41.934382
      ],
      [
       -87.902687,
       41.933326
      ],
      [
       -87.902338,
       41.932292
      ],
      [
       -87.901855,
       41.931287
      ],
      [
       -87.901242,
       41.930323
      ],
      [
       -87.900505,
       41.929408
      ],
      [
       -87.899651,
       41.928551
      ],
      [
       -87.898688,
       41.927761
      ],
      [
       -87.897626,
       41.927045
      ],
      [
       -87.896474,
       41.926409
      ],
      [
       -87.895244,
       41.925861
      ],
      [
       -87.893948,
       41.925405
      ],
      [
       -87.892598,
       41.925045
      ],
      [
       -87.891207,
       41.924786
      ],
      [
       -87.889788,
       41.92463
      ],
      [
       -87.888356,
       41.924577
      ],
      [
       -87.886924,
       41.92463
      ],
      [
       -87.885505,
       41.924786
      ],
      [
       -87.884114,
       41.925045
      ],
      [
       -87.882764,
       41.925405
      ],
      [
       -87.881468,
       41.925861
      ],
      [
       -87.880238,
       41.926409
      ],
      [
       -87.879086,
       41.927045
      ],
      [
       -87.878024,
       41.927761
      ],
      [
       -87.877061,
       41.928551
      ],
      [
       -87.876207,
       41.929408
      ],
      [
       -87.87547,
       41.930323
      ],
      [
       -87.874857,
       41.931287
      ],
      [
       -87.874374,
       41.932292
      ],
      [
       -87.874025,
       41.933326
      ],
      [
       -87.873815,
       41.934382
      ],
      [
       -87.873744,
       41.935447
      ]
     ]
    ]
   }
  },
  {
   "type": "Feature",
   "properties": {
    "utility": "ComEd",
    "docket": "26-0047",
    "status": "proposed",
    "group": "1. New substations",
    "project_id": "",
    "project_name": "Elk Grove III Substation",
    "category": "Capacity Planning & Management",
    "asset_type": "NEW substation",
    "feeder_id": "",
    "substation": "",
    "place": "Elk Grove Village",
    "county": "Cook",
    "region": "North",
    "program_year": "2028-2031",
    "cost_usd": "",
    "est_headroom_mw": "",
    "loc_method": "municipality_centroid",
    "uncertainty_mi": 2.0,
    "feeder_match": "",
    "sub_nearest": "S0528",
    "sub_nearest_mi": 1.77,
    "sub_hc_kw": 14361,
    "sub_candidates": "S0528;S0638;S0538;S0752",
    "hosting_capacity_flag": "possible",
    "removal_risk": "high",
    "risk_reason": "CUB seeks $405M of data-center-driven upgrades cut until costs are allocated to the causing customers, arguing the forecasts come from developers facing no penalty for speculating. ComEd conceded one such data center was CANCELLED by its developer.",
    "program_id": "",
    "itn": "",
    "ce_type": "Type 4B",
    "voltage_kv": "34 / 12",
    "driver": "data centers / large load",
    "nwa_status": "",
    "source": "ComEd MYIGP 2028-2031 (Docket 26-0047), filed 2026-01-16",
    "notes": "Serves Elk Grove Village and surrounding areas, primarily large-load customers including data centers. Data-center-driven capacity is the least durable category: CUB seeks $405M in such cuts and ComEd conceded one such data center was cancelled by its developer."
   },
   "geometry": {
    "type": "Polygon",
    "coordinates": [
     [
      [
       -87.972394,
       42.0039
      ],
      [
       -87.972582,
       42.006741
      ],
      [
       -87.973143,
       42.009555
      ],
      [
       -87.974073,
       42.012314
      ],
      [
       -87.975363,
       42.014992
      ],
      [
       -87.977,
       42.017564
      ],
      [
       -87.978967,
       42.020003
      ],
      [
       -87.981248,
       42.022288
      ],
      [
       -87.983818,
       42.024396
      ],
      [
       -87.986655,
       42.026306
      ],
      [
       -87.989729,
       42.028001
      ],
      [
       -87.993013,
       42.029463
      ],
      [
       -87.996473,
       42.030679
      ],
      [
       -88.000077,
       42.031637
      ],
      [
       -88.00379,
       42.032329
      ],
      [
       -88.007577,
       42.032746
      ],
      [
       -88.0114,
       42.032886
      ],
      [
       -88.015223,
       42.032746
      ],
      [
       -88.01901,
       42.032329
      ],
      [
       -88.022723,
       42.031637
      ],
      [
       -88.026327,
       42.030679
      ],
      [
       -88.029787,
       42.029463
      ],
      [
       -88.033071,
       42.028001
      ],
      [
       -88.036145,
       42.026306
      ],
      [
       -88.038982,
       42.024396
      ],
      [
       -88.041552,
       42.022288
      ],
      [
       -88.043833,
       42.020003
      ],
      [
       -88.0458,
       42.017564
      ],
      [
       -88.047437,
       42.014992
      ],
      [
       -88.048727,
       42.012314
      ],
      [
       -88.049657,
       42.009555
      ],
      [
       -88.050218,
       42.006741
      ],
      [
       -88.050406,
       42.0039
      ],
      [
       -88.050218,
       42.001059
      ],
      [
       -88.049657,
       41.998245
      ],
      [
       -88.048727,
       41.995486
      ],
      [
       -88.047437,
       41.992808
      ],
      [
       -88.0458,
       41.990236
      ],
      [
       -88.043833,
       41.987797
      ],
      [
       -88.041552,
       41.985512
      ],
      [
       -88.038982,
       41.983404
      ],
      [
       -88.036145,
       41.981494
      ],
      [
       -88.033071,
       41.979799
      ],
      [
       -88.029787,
       41.978337
      ],
      [
       -88.026327,
       41.977121
      ],
      [
       -88.022723,
       41.976163
      ],
      [
       -88.01901,
       41.975471
      ],
      [
       -88.015223,
       41.975054
      ],
      [
       -88.0114,
       41.974914
      ],
      [
       -88.007577,
       41.975054
      ],
      [
       -88.00379,
       41.975471
      ],
      [
       -88.000077,
       41.976163
      ],
      [
       -87.996473,
       41.977121
      ],
      [
       -87.993013,
       41.978337
      ],
      [
       -87.989729,
       41.979799
      ],
      [
       -87.986655,
       41.981494
      ],
      [
       -87.983818,
       41.983404
      ],
      [
       -87.981248,
       41.985512
      ],
      [
       -87.978967,
       41.987797
      ],
      [
       -87.977,
       41.990236
      ],
      [
       -87.975363,
       41.992808
      ],
      [
       -87.974073,
       41.995486
      ],
      [
       -87.973143,
       41.998245
      ],
      [
       -87.972582,
       42.001059
      ],
      [
       -87.972394,
       42.0039
      ]
     ]
    ]
   }
  },
  {
   "type": "Feature",
   "properties": {
    "utility": "ComEd",
    "docket": "26-0047",
    "status": "proposed",
    "group": "1. New substations",
    "project_id": "",
    "project_name": "Lakeview Substation (TSS35)",
    "category": "Capacity Planning & Management",
    "asset_type": "NEW substation",
    "feeder_id": "",
    "substation": "",
    "place": "Lincoln Park",
    "county": "Cook",
    "region": "",
    "program_year": "2028-2031",
    "cost_usd": "",
    "est_headroom_mw": "",
    "loc_method": "narrative_reference",
    "uncertainty_mi": 1.0,
    "feeder_match": "",
    "sub_nearest": "S0702",
    "sub_nearest_mi": 0.9,
    "sub_hc_kw": 27364,
    "sub_candidates": "S0702;S0713;S0735;S0648;S0504;S0700;S0697",
    "hosting_capacity_flag": "possible",
    "removal_risk": "moderate",
    "risk_reason": "CUB seeks over $1B in total reductions from ComEd's $15.3B ask, including $238M of summer-peak adequacy investment for failure to evaluate non-wires alternatives.",
    "program_id": "",
    "itn": "77687",
    "ce_type": "",
    "voltage_kv": "",
    "driver": "North Branch redevelopment",
    "nwa_status": "",
    "source": "ComEd MYIGP 2028-2031 (Docket 26-0047), filed 2026-01-16",
    "notes": "CONFIRMED from filing narrative: developed in Lincoln Park, serving Chicago's northeast sector north of the CBD. Load drivers are the former Finkl Steel and General Iron industrial sites (North Branch corridor / Lincoln Yards). Reported separately as 138kV at 1111 W. Diversey with organized neighborhood opposition - that address is from news reporting, not the filing."
   },
   "geometry": {
    "type": "Polygon",
    "coordinates": [
     [
      [
       -87.639519,
       41.9325
      ],
      [
       -87.639613,
       41.933921
      ],
      [
       -87.639893,
       41.935327
      ],
      [
       -87.640358,
       41.936707
      ],
      [
       -87.641002,
       41.938046
      ],
      [
       -87.641819,
       41.939332
      ],
      [
       -87.642802,
       41.940552
      ],
      [
       -87.643941,
       41.941694
      ],
      [
       -87.645225,
       41.942748
      ],
      [
       -87.646641,
       41.943703
      ],
      [
       -87.648177,
       41.94455
      ],
      [
       -87.649817,
       41.945281
      ],
      [
       -87.651545,
       41.94589
      ],
      [
       -87.653345,
       41.946369
      ],
      [
       -87.655199,
       41.946714
      ],
      [
       -87.657091,
       41.946923
      ],
      [
       -87.659,
       41.946993
      ],
      [
       -87.660909,
       41.946923
      ],
      [
       -87.662801,
       41.946714
      ],
      [
       -87.664655,
       41.946369
      ],
      [
       -87.666455,
       41.94589
      ],
      [
       -87.668183,
       41.945281
      ],
      [
       -87.669823,
       41.94455
      ],
      [
       -87.671359,
       41.943703
      ],
      [
       -87.672775,
       41.942748
      ],
      [
       -87.674059,
       41.941694
      ],
      [
       -87.675198,
       41.940552
      ],
      [
       -87.676181,
       41.939332
      ],
      [
       -87.676998,
       41.938046
      ],
      [
       -87.677642,
       41.936707
      ],
      [
       -87.678107,
       41.935327
      ],
      [
       -87.678387,
       41.933921
      ],
      [
       -87.678481,
       41.9325
      ],
      [
       -87.678387,
       41.931079
      ],
      [
       -87.678107,
       41.929673
      ],
      [
       -87.677642,
       41.928293
      ],
      [
       -87.676998,
       41.926954
      ],
      [
       -87.676181,
       41.925668
      ],
      [
       -87.675198,
       41.924448
      ],
      [
       -87.674059,
       41.923306
      ],
      [
       -87.672775,
       41.922252
      ],
      [
       -87.671359,
       41.921297
      ],
      [
       -87.669823,
       41.92045
      ],
      [
       -87.668183,
       41.919719
      ],
      [
       -87.666455,
       41.91911
      ],
      [
       -87.664655,
       41.918631
      ],
      [
       -87.662801,
       41.918286
      ],
      [
       -87.660909,
       41.918077
      ],
      [
       -87.659,
       41.918007
      ],
      [
       -87.657091,
       41.918077
      ],
      [
       -87.655199,
       41.918286
      ],
      [
       -87.653345,
       41.918631
      ],
      [
       -87.651545,
       41.91911
      ],
      [
       -87.649817,
       41.919719
      ],
      [
       -87.648177,
       41.92045
      ],
      [
       -87.646641,
       41.921297
      ],
      [
       -87.645225,
       41.922252
      ],
      [
       -87.643941,
       41.923306
      ],
      [
       -87.642802,
       41.924448
      ],
      [
       -87.641819,
       41.925668
      ],
      [
       -87.641002,
       41.926954
      ],
      [
       -87.640358,
       41.928293
      ],
      [
       -87.639893,
       41.929673
      ],
      [
       -87.639613,
       41.931079
      ],
      [
       -87.639519,
       41.9325
      ]
     ]
    ]
   }
  },
  {
   "type": "Feature",
   "properties": {
    "utility": "ComEd",
    "docket": "26-0047",
    "status": "proposed",
    "group": "1. New substations",
    "project_id": "",
    "project_name": "Van Buren Substation (fka Randolph)",
    "category": "Capacity Planning & Management",
    "asset_type": "NEW substation",
    "feeder_id": "",
    "substation": "",
    "place": "Chicago Loop",
    "county": "Cook",
    "region": "",
    "program_year": "2028-2031",
    "cost_usd": "",
    "est_headroom_mw": "",
    "loc_method": "narrative_reference",
    "uncertainty_mi": 1.5,
    "feeder_match": "",
    "sub_nearest": "S0710",
    "sub_nearest_mi": 0.22,
    "sub_hc_kw": 8910,
    "sub_candidates": "S0710;S0634;S0740;S0723;S0633;S0698;S0706;S0635;S0722;S0697;S0658;S0735;S0504;S0520;S0632;S0637;S0713",
    "hosting_capacity_flag": "possible",
    "removal_risk": "moderate",
    "risk_reason": "CUB seeks over $1B in total reductions from ComEd's $15.3B ask, including $238M of summer-peak adequacy investment for failure to evaluate non-wires alternatives.",
    "program_id": "",
    "itn": "",
    "ce_type": "",
    "voltage_kv": "",
    "driver": "Central Business District load growth",
    "nwa_status": "",
    "source": "ComEd MYIGP 2028-2031 (Docket 26-0047), filed 2026-01-16",
    "notes": "RESOLVED from filing narrative: located in the Chicago Loop, serving the Central Business District. ComEd defines that district explicitly as the area bounded by North Ave, Halsted, I-55 and Lake Michigan - currently served by 12 substations. Also enables retirement of the Jefferson-DeKoven 69kV system."
   },
   "geometry": {
    "type": "Polygon",
    "coordinates": [
     [
      [
       -87.600603,
       41.8786
      ],
      [
       -87.600743,
       41.880731
      ],
      [
       -87.601164,
       41.882841
      ],
      [
       -87.60186,
       41.884911
      ],
      [
       -87.602825,
       41.886919
      ],
      [
       -87.60405,
       41.888848
      ],
      [
       -87.605523,
       41.890678
      ],
      [
       -87.60723,
       41.892391
      ],
      [
       -87.609154,
       41.893972
      ],
      [
       -87.611277,
       41.895405
      ],
      [
       -87.613579,
       41.896675
      ],
      [
       -87.616037,
       41.897772
      ],
      [
       -87.618627,
       41.898684
      ],
      [
       -87.621324,
       41.899403
      ],
      [
       -87.624104,
       41.899921
      ],
      [
       -87.626938,
       41.900234
      ],
      [
       -87.6298,
       41.900339
      ],
      [
       -87.632662,
       41.900234
      ],
      [
       -87.635496,
       41.899921
      ],
      [
       -87.638276,
       41.899403
      ],
      [
       -87.640973,
       41.898684
      ],
      [
       -87.643563,
       41.897772
      ],
      [
       -87.646021,
       41.896675
      ],
      [
       -87.648323,
       41.895405
      ],
      [
       -87.650446,
       41.893972
      ],
      [
       -87.65237,
       41.892391
      ],
      [
       -87.654077,
       41.890678
      ],
      [
       -87.65555,
       41.888848
      ],
      [
       -87.656775,
       41.886919
      ],
      [
       -87.65774,
       41.884911
      ],
      [
       -87.658436,
       41.882841
      ],
      [
       -87.658857,
       41.880731
      ],
      [
       -87.658997,
       41.8786
      ],
      [
       -87.658857,
       41.876469
      ],
      [
       -87.658436,
       41.874359
      ],
      [
       -87.65774,
       41.872289
      ],
      [
       -87.656775,
       41.870281
      ],
      [
       -87.65555,
       41.868352
      ],
      [
       -87.654077,
       41.866522
      ],
      [
       -87.65237,
       41.864809
      ],
      [
       -87.650446,
       41.863228
      ],
      [
       -87.648323,
       41.861795
      ],
      [
       -87.646021,
       41.860525
      ],
      [
       -87.643563,
       41.859428
      ],
      [
       -87.640973,
       41.858516
      ],
      [
       -87.638276,
       41.857797
      ],
      [
       -87.635496,
       41.857279
      ],
      [
       -87.632662,
       41.856966
      ],
      [
       -87.6298,
       41.856861
      ],
      [
       -87.626938,
       41.856966
      ],
      [
       -87.624104,
       41.857279
      ],
      [
       -87.621324,
       41.857797
      ],
      [
       -87.618627,
       41.858516
      ],
      [
       -87.616037,
       41.859428
      ],
      [
       -87.613579,
       41.860525
      ],
      [
       -87.611277,
       41.861795
      ],
      [
       -87.609154,
       41.863228
      ],
      [
       -87.60723,
       41.864809
      ],
      [
       -87.605523,
       41.866522
      ],
      [
       -87.60405,
       41.868352
      ],
      [
       -87.602825,
       41.870281
      ],
      [
       -87.60186,
       41.872289
      ],
      [
       -87.601164,
       41.874359
      ],
      [
       -87.600743,
       41.876469
      ],
      [
       -87.600603,
       41.8786
      ]
     ]
    ]
   }
  },
  {
   "type": "Feature",
   "properties": {
    "utility": "ComEd",
    "docket": "26-0047",
    "status": "proposed",
    "group": "1. New substations",
    "project_id": "",
    "project_name": "Keslinger Substation",
    "category": "Capacity Planning & Management",
    "asset_type": "NEW substation",
    "feeder_id": "",
    "substation": "",
    "place": "DeKalb",
    "county": "DeKalb",
    "region": "",
    "program_year": "2032+",
    "cost_usd": "",
    "est_headroom_mw": "",
    "loc_method": "narrative_reference",
    "uncertainty_mi": 3.0,
    "feeder_match": "",
    "sub_nearest": "S0736",
    "sub_nearest_mi": 1.25,
    "sub_hc_kw": 1470,
    "sub_candidates": "S0736;S0072;S0559",
    "hosting_capacity_flag": "possible",
    "removal_risk": "moderate",
    "risk_reason": "CUB seeks over $1B in total reductions from ComEd's $15.3B ask, including $238M of summer-peak adequacy investment for failure to evaluate non-wires alternatives.",
    "program_id": "",
    "itn": "",
    "ce_type": "",
    "voltage_kv": "34 / 12",
    "driver": "industrial development",
    "nwa_status": "",
    "source": "ComEd MYIGP 2028-2031 (Docket 26-0047), filed 2026-01-16",
    "notes": "RESOLVED from filing narrative: located in DeKalb, operating at 34kV and 12kV. Load drivers are the Chicago West Business Center and Park 88 industrial parks, with ~4,500 acres zoned for industrial development. DEFERRED to 2032+, i.e. beyond this plan period."
   },
   "geometry": {
    "type": "Polygon",
    "coordinates": [
     [
      [
       -88.691959,
       41.9294
      ],
      [
       -88.69224,
       41.933662
      ],
      [
       -88.693082,
       41.937882
      ],
      [
       -88.694475,
       41.942021
      ],
      [
       -88.696408,
       41.946038
      ],
      [
       -88.69886,
       41.949896
      ],
      [
       -88.701808,
       41.953555
      ],
      [
       -88.705225,
       41.956982
      ],
      [
       -88.709076,
       41.960144
      ],
      [
       -88.713325,
       41.963009
      ],
      [
       -88.717932,
       41.965551
      ],
      [
       -88.722851,
       41.967744
      ],
      [
       -88.728036,
       41.969569
      ],
      [
       -88.733435,
       41.971006
      ],
      [
       -88.738999,
       41.972043
      ],
      [
       -88.744672,
       41.972669
      ],
      [
       -88.7504,
       41.972878
      ],
      [
       -88.756128,
       41.972669
      ],
      [
       -88.761801,
       41.972043
      ],
      [
       -88.767365,
       41.971006
      ],
      [
       -88.772764,
       41.969569
      ],
      [
       -88.777949,
       41.967744
      ],
      [
       -88.782868,
       41.965551
      ],
      [
       -88.787475,
       41.963009
      ],
      [
       -88.791724,
       41.960144
      ],
      [
       -88.795575,
       41.956982
      ],
      [
       -88.798992,
       41.953555
      ],
      [
       -88.80194,
       41.949896
      ],
      [
       -88.804392,
       41.946038
      ],
      [
       -88.806325,
       41.942021
      ],
      [
       -88.807718,
       41.937882
      ],
      [
       -88.80856,
       41.933662
      ],
      [
       -88.808841,
       41.9294
      ],
      [
       -88.80856,
       41.925138
      ],
      [
       -88.807718,
       41.920918
      ],
      [
       -88.806325,
       41.916779
      ],
      [
       -88.804392,
       41.912762
      ],
      [
       -88.80194,
       41.908904
      ],
      [
       -88.798992,
       41.905245
      ],
      [
       -88.795575,
       41.901818
      ],
      [
       -88.791724,
       41.898656
      ],
      [
       -88.787475,
       41.895791
      ],
      [
       -88.782868,
       41.893249
      ],
      [
       -88.777949,
       41.891056
      ],
      [
       -88.772764,
       41.889231
      ],
      [
       -88.767365,
       41.887794
      ],
      [
       -88.761801,
       41.886757
      ],
      [
       -88.756128,
       41.886131
      ],
      [
       -88.7504,
       41.885922
      ],
      [
       -88.744672,
       41.886131
      ],
      [
       -88.738999,
       41.886757
      ],
      [
       -88.733435,
       41.887794
      ],
      [
       -88.728036,
       41.889231
      ],
      [
       -88.722851,
       41.891056
      ],
      [
       -88.717932,
       41.893249
      ],
      [
       -88.713325,
       41.895791
      ],
      [
       -88.709076,
       41.898656
      ],
      [
       -88.705225,
       41.901818
      ],
      [
       -88.701808,
       41.905245
      ],
      [
       -88.69886,
       41.908904
      ],
      [
       -88.696408,
       41.912762
      ],
      [
       -88.694475,
       41.916779
      ],
      [
       -88.693082,
       41.920918
      ],
      [
       -88.69224,
       41.925138
      ],
      [
       -88.691959,
       41.9294
      ]
     ]
    ]
   }
  },
  {
   "type": "Feature",
   "properties": {
    "utility": "ComEd",
    "docket": "26-0047",
    "status": "proposed",
    "group": "1. New substations",
    "project_id": "",
    "project_name": "West Side Substation (fka Rockwell, TSS755)",
    "category": "Capacity Planning & Management",
    "asset_type": "NEW substation",
    "feeder_id": "",
    "substation": "",
    "place": "East Garfield Park",
    "county": "Cook",
    "region": "",
    "program_year": "2028-2031",
    "cost_usd": "",
    "est_headroom_mw": "",
    "loc_method": "narrative_reference",
    "uncertainty_mi": 1.5,
    "feeder_match": "",
    "sub_nearest": "S0632",
    "sub_nearest_mi": 1.35,
    "sub_hc_kw": 25513,
    "sub_candidates": "S0632;S0700;S0698;S0693",
    "hosting_capacity_flag": "possible",
    "removal_risk": "moderate",
    "risk_reason": "CUB seeks over $1B in total reductions from ComEd's $15.3B ask, including $238M of summer-peak adequacy investment for failure to evaluate non-wires alternatives.",
    "program_id": "",
    "itn": "64090",
    "ce_type": "",
    "voltage_kv": "",
    "driver": "West Loop / Illinois Medical District growth",
    "nwa_status": "",
    "source": "ComEd MYIGP 2028-2031 (Docket 26-0047), filed 2026-01-16",
    "notes": "RESOLVED from filing narrative: sited in East Garfield Park, serving the West Loop and Illinois Medical District. Load drivers named as the Medical District, Fulton Market and United Center. Relieves the Humboldt Park and Medical Center substations, whose loading has increased; nearest substations to the area are ~5 miles away. Land purchase booked as ITN 80493."
   },
   "geometry": {
    "type": "Polygon",
    "coordinates": [
     [
      [
       -87.671101,
       41.8817
      ],
      [
       -87.671242,
       41.883831
      ],
      [
       -87.671662,
       41.885941
      ],
      [
       -87.672359,
       41.888011
      ],
      [
       -87.673324,
       41.890019
      ],
      [
       -87.674549,
       41.891948
      ],
      [
       -87.676022,
       41.893778
      ],
      [
       -87.677729,
       41.895491
      ],
      [
       -87.679653,
       41.897072
      ],
      [
       -87.681777,
       41.898505
      ],
      [
       -87.684078,
       41.899775
      ],
      [
       -87.686536,
       41.900872
      ],
      [
       -87.689126,
       41.901784
      ],
      [
       -87.691824,
       41.902503
      ],
      [
       -87.694604,
       41.903021
      ],
      [
       -87.697438,
       41.903334
      ],
      [
       -87.7003,
       41.903439
      ],
      [
       -87.703162,
       41.903334
      ],
      [
       -87.705996,
       41.903021
      ],
      [
       -87.708776,
       41.902503
      ],
      [
       -87.711474,
       41.901784
      ],
      [
       -87.714064,
       41.900872
      ],
      [
       -87.716522,
       41.899775
      ],
      [
       -87.718823,
       41.898505
      ],
      [
       -87.720947,
       41.897072
      ],
      [
       -87.722871,
       41.895491
      ],
      [
       -87.724578,
       41.893778
      ],
      [
       -87.726051,
       41.891948
      ],
      [
       -87.727276,
       41.890019
      ],
      [
       -87.728241,
       41.888011
      ],
      [
       -87.728938,
       41.885941
      ],
      [
       -87.729358,
       41.883831
      ],
      [
       -87.729499,
       41.8817
      ],
      [
       -87.729358,
       41.879569
      ],
      [
       -87.728938,
       41.877459
      ],
      [
       -87.728241,
       41.875389
      ],
      [
       -87.727276,
       41.873381
      ],
      [
       -87.726051,
       41.871452
      ],
      [
       -87.724578,
       41.869622
      ],
      [
       -87.722871,
       41.867909
      ],
      [
       -87.720947,
       41.866328
      ],
      [
       -87.718823,
       41.864895
      ],
      [
       -87.716522,
       41.863625
      ],
      [
       -87.714064,
       41.862528
      ],
      [
       -87.711474,
       41.861616
      ],
      [
       -87.708776,
       41.860897
      ],
      [
       -87.705996,
       41.860379
      ],
      [
       -87.703162,
       41.860066
      ],
      [
       -87.7003,
       41.859961
      ],
      [
       -87.697438,
       41.860066
      ],
      [
       -87.694604,
       41.860379
      ],
      [
       -87.691824,
       41.860897
      ],
      [
       -87.689126,
       41.861616
      ],
      [
       -87.686536,
       41.862528
      ],
      [
       -87.684078,
       41.863625
      ],
      [
       -87.681777,
       41.864895
      ],
      [
       -87.679653,
       41.866328
      ],
      [
       -87.677729,
       41.867909
      ],
      [
       -87.676022,
       41.869622
      ],
      [
       -87.674549,
       41.871452
      ],
      [
       -87.673324,
       41.873381
      ],
      [
       -87.672359,
       41.875389
      ],
      [
       -87.671662,
       41.877459
      ],
      [
       -87.671242,
       41.879569
      ],
      [
       -87.671101,
       41.8817
      ]
     ]
    ]
   }
  },
  {
   "type": "Feature",
   "properties": {
    "utility": "ComEd",
    "docket": "22-0486/23-0055/24-0181",
    "status": "approved",
    "group": "3. Feeders & lines",
    "project_id": "5P230001",
    "project_name": "TSS131 West Chicago",
    "category": "Distribution Capacity Planning and Management",
    "asset_type": "capacity relief",
    "feeder_id": "",
    "substation": "TSS131 West Chicago",
    "place": "West Chicago",
    "county": "DuPage",
    "region": "",
    "program_year": 2026,
    "cost_usd": 7798872,
    "est_headroom_mw": "",
    "loc_method": "substation_match",
    "uncertainty_mi": 0.5,
    "feeder_match": "",
    "sub_nearest": "S0661",
    "sub_nearest_mi": 1.23,
    "sub_hc_kw": 48221,
    "sub_candidates": "S0661",
    "hosting_capacity_flag": "possible",
    "removal_risk": "none - approved",
    "risk_reason": "Already approved by the ICC and in execution. Timing can still slip: Ameren's Sidney and New Berlin projects were both dropped from the 2024-2027 portfolio after approval.",
    "program_id": "",
    "itn": "81689",
    "ce_type": "",
    "voltage_kv": "",
    "driver": "",
    "nwa_status": "",
    "source": "ComEd Q1 2026 Investment Report (Docket 22-0486), filed 2026-06-29",
    "notes": "LOCATION UPGRADED: snapped to derived ComEd substation S0661, the only known substation within 1.5 mi of the named town. Its as-built substation hosting capacity is 48221 kW. Matched by proximity, not by ID - ComEd's public map is anonymized, so this is a strong inference rather than a confirmed identity."
   },
   "geometry": {
    "type": "Polygon",
    "coordinates": [
     [
      [
       -88.215245,
       41.89319
      ],
      [
       -88.215292,
       41.8939
      ],
      [
       -88.215432,
       41.894604
      ],
      [
       -88.215665,
       41.895294
      ],
      [
       -88.215986,
       41.895963
      ],
      [
       -88.216395,
       41.896606
      ],
      [
       -88.216886,
       41.897216
      ],
      [
       -88.217455,
       41.897787
      ],
      [
       -88.218097,
       41.898314
      ],
      [
       -88.218804,
       41.898792
      ],
      [
       -88.219572,
       41.899215
      ],
      [
       -88.220391,
       41.899581
      ],
      [
       -88.221255,
       41.899885
      ],
      [
       -88.222154,
       41.900124
      ],
      [
       -88.223081,
       41.900297
      ],
      [
       -88.224026,
       41.900401
      ],
      [
       -88.22498,
       41.900436
      ],
      [
       -88.225934,
       41.900401
      ],
      [
       -88.226879,
       41.900297
      ],
      [
       -88.227806,
       41.900124
      ],
      [
       -88.228705,
       41.899885
      ],
      [
       -88.229569,
       41.899581
      ],
      [
       -88.230388,
       41.899215
      ],
      [
       -88.231156,
       41.898792
      ],
      [
       -88.231863,
       41.898314
      ],
      [
       -88.232505,
       41.897787
      ],
      [
       -88.233074,
       41.897216
      ],
      [
       -88.233565,
       41.896606
      ],
      [
       -88.233974,
       41.895963
      ],
      [
       -88.234295,
       41.895294
      ],
      [
       -88.234528,
       41.894604
      ],
      [
       -88.234668,
       41.8939
      ],
      [
       -88.234715,
       41.89319
      ],
      [
       -88.234668,
       41.89248
      ],
      [
       -88.234528,
       41.891776
      ],
      [
       -88.234295,
       41.891086
      ],
      [
       -88.233974,
       41.890417
      ],
      [
       -88.233565,
       41.889774
      ],
      [
       -88.233074,
       41.889164
      ],
      [
       -88.232505,
       41.888593
      ],
      [
       -88.231863,
       41.888066
      ],
      [
       -88.231156,
       41.887588
      ],
      [
       -88.230388,
       41.887165
      ],
      [
       -88.229569,
       41.886799
      ],
      [
       -88.228705,
       41.886495
      ],
      [
       -88.227806,
       41.886256
      ],
      [
       -88.226879,
       41.886083
      ],
      [
       -88.225934,
       41.885979
      ],
      [
       -88.22498,
       41.885944
      ],
      [
       -88.224026,
       41.885979
      ],
      [
       -88.223081,
       41.886083
      ],
      [
       -88.222154,
       41.886256
      ],
      [
       -88.221255,
       41.886495
      ],
      [
       -88.220391,
       41.886799
      ],
      [
       -88.219572,
       41.887165
      ],
      [
       -88.218804,
       41.887588
      ],
      [
       -88.218097,
       41.888066
      ],
      [
       -88.217455,
       41.888593
      ],
      [
       -88.216886,
       41.889164
      ],
      [
       -88.216395,
       41.889774
      ],
      [
       -88.215986,
       41.890417
      ],
      [
       -88.215665,
       41.891086
      ],
      [
       -88.215432,
       41.891776
      ],
      [
       -88.215292,
       41.89248
      ],
      [
       -88.215245,
       41.89319
      ]
     ]
    ]
   }
  },
  {
   "type": "Feature",
   "properties": {
    "utility": "ComEd",
    "docket": "22-0486/23-0055/24-0181",
    "status": "approved",
    "group": "3. Feeders & lines",
    "project_id": "",
    "project_name": "TSS37 Natoma 138kV Hardening",
    "category": "Distribution Capacity Planning and Management",
    "asset_type": "capacity relief",
    "feeder_id": "",
    "substation": "TSS37 Natoma",
    "place": "Chicago",
    "county": "",
    "region": "",
    "program_year": 2026,
    "cost_usd": 5571109,
    "est_headroom_mw": "",
    "loc_method": "approximate_locality",
    "uncertainty_mi": 1.0,
    "feeder_match": "",
    "sub_nearest": "S0699",
    "sub_nearest_mi": 0.55,
    "sub_hc_kw": 9067,
    "sub_candidates": "S0699;S0694;S0599;S0695",
    "hosting_capacity_flag": "possible",
    "removal_risk": "none - approved",
    "risk_reason": "Already approved by the ICC and in execution. Timing can still slip: Ameren's Sidney and New Berlin projects were both dropped from the 2024-2027 portfolio after approval.",
    "program_id": "",
    "itn": "363364",
    "ce_type": "",
    "voltage_kv": "",
    "driver": "",
    "nwa_status": "",
    "source": "ComEd Q1 2026 Investment Report (Docket 22-0486), filed 2026-06-29",
    "notes": "Distribution child to ITN 81026. Natoma Ave, NW Chicago - approximate."
   },
   "geometry": {
    "type": "Polygon",
    "coordinates": [
     [
      [
       -87.780523,
       41.92
      ],
      [
       -87.780616,
       41.921421
      ],
      [
       -87.780897,
       41.922827
      ],
      [
       -87.781361,
       41.924207
      ],
      [
       -87.782005,
       41.925546
      ],
      [
       -87.782822,
       41.926832
      ],
      [
       -87.783805,
       41.928052
      ],
      [
       -87.784944,
       41.929194
      ],
      [
       -87.786227,
       41.930248
      ],
      [
       -87.787644,
       41.931203
      ],
      [
       -87.789179,
       41.93205
      ],
      [
       -87.790818,
       41.932781
      ],
      [
       -87.792546,
       41.93339
      ],
      [
       -87.794346,
       41.933869
      ],
      [
       -87.7962,
       41.934214
      ],
      [
       -87.798091,
       41.934423
      ],
      [
       -87.8,
       41.934493
      ],
      [
       -87.801909,
       41.934423
      ],
      [
       -87.8038,
       41.934214
      ],
      [
       -87.805654,
       41.933869
      ],
      [
       -87.807454,
       41.93339
      ],
      [
       -87.809182,
       41.932781
      ],
      [
       -87.810821,
       41.93205
      ],
      [
       -87.812356,
       41.931203
      ],
      [
       -87.813773,
       41.930248
      ],
      [
       -87.815056,
       41.929194
      ],
      [
       -87.816195,
       41.928052
      ],
      [
       -87.817178,
       41.926832
      ],
      [
       -87.817995,
       41.925546
      ],
      [
       -87.818639,
       41.924207
      ],
      [
       -87.819103,
       41.922827
      ],
      [
       -87.819384,
       41.921421
      ],
      [
       -87.819477,
       41.92
      ],
      [
       -87.819384,
       41.918579
      ],
      [
       -87.819103,
       41.917173
      ],
      [
       -87.818639,
       41.915793
      ],
      [
       -87.817995,
       41.914454
      ],
      [
       -87.817178,
       41.913168
      ],
      [
       -87.816195,
       41.911948
      ],
      [
       -87.815056,
       41.910806
      ],
      [
       -87.813773,
       41.909752
      ],
      [
       -87.812356,
       41.908797
      ],
      [
       -87.810821,
       41.90795
      ],
      [
       -87.809182,
       41.907219
      ],
      [
       -87.807454,
       41.90661
      ],
      [
       -87.805654,
       41.906131
      ],
      [
       -87.8038,
       41.905786
      ],
      [
       -87.801909,
       41.905577
      ],
      [
       -87.8,
       41.905507
      ],
      [
       -87.798091,
       41.905577
      ],
      [
       -87.7962,
       41.905786
      ],
      [
       -87.794346,
       41.906131
      ],
      [
       -87.792546,
       41.90661
      ],
      [
       -87.790818,
       41.907219
      ],
      [
       -87.789179,
       41.90795
      ],
      [
       -87.787644,
       41.908797
      ],
      [
       -87.786227,
       41.909752
      ],
      [
       -87.784944,
       41.910806
      ],
      [
       -87.783805,
       41.911948
      ],
      [
       -87.782822,
       41.913168
      ],
      [
       -87.782005,
       41.914454
      ],
      [
       -87.781361,
       41.915793
      ],
      [
       -87.780897,
       41.917173
      ],
      [
       -87.780616,
       41.918579
      ],
      [
       -87.780523,
       41.92
      ]
     ]
    ]
   }
  },
  {
   "type": "Feature",
   "properties": {
    "utility": "ComEd",
    "docket": "22-0486/23-0055/24-0181",
    "status": "approved",
    "group": "3. Feeders & lines",
    "project_id": "",
    "project_name": "Property Purchase for New West Side TSS",
    "category": "Distribution Capacity Planning and Management",
    "asset_type": "capacity relief",
    "feeder_id": "",
    "substation": "New West Side TSS",
    "place": "Chicago",
    "county": "Cook",
    "region": "",
    "program_year": 2026,
    "cost_usd": 4509735,
    "est_headroom_mw": "",
    "loc_method": "municipality_centroid",
    "uncertainty_mi": 2.0,
    "feeder_match": "",
    "sub_nearest": "",
    "sub_nearest_mi": "",
    "sub_hc_kw": "",
    "sub_candidates": "",
    "hosting_capacity_flag": "possible",
    "removal_risk": "none - approved",
    "risk_reason": "Already approved by the ICC and in execution. Timing can still slip: Ameren's Sidney and New Berlin projects were both dropped from the 2024-2027 portfolio after approval.",
    "program_id": "",
    "itn": "",
    "ce_type": "",
    "voltage_kv": "",
    "driver": "",
    "nwa_status": "",
    "source": "ComEd Q1 2026 Investment Report (Docket 22-0486), filed 2026-06-29",
    "notes": "NEW substation, Chicago West Side. Land purchase stage; exact site not disclosed."
   },
   "geometry": {
    "type": "Polygon",
    "coordinates": [
     [
      [
       -87.590871,
       41.8781
      ],
      [
       -87.591058,
       41.880941
      ],
      [
       -87.591619,
       41.883755
      ],
      [
       -87.592547,
       41.886514
      ],
      [
       -87.593834,
       41.889192
      ],
      [
       -87.595467,
       41.891764
      ],
      [
       -87.597431,
       41.894203
      ],
      [
       -87.599707,
       41.896488
      ],
      [
       -87.602273,
       41.898596
      ],
      [
       -87.605103,
       41.900506
      ],
      [
       -87.608172,
       41.902201
      ],
      [
       -87.611449,
       41.903663
      ],
      [
       -87.614902,
       41.904879
      ],
      [
       -87.618499,
       41.905837
      ],
      [
       -87.622205,
       41.906529
      ],
      [
       -87.625984,
       41.906946
      ],
      [
       -87.6298,
       41.907086
      ],
      [
       -87.633616,
       41.906946
      ],
      [
       -87.637395,
       41.906529
      ],
      [
       -87.641101,
       41.905837
      ],
      [
       -87.644698,
       41.904879
      ],
      [
       -87.648151,
       41.903663
      ],
      [
       -87.651428,
       41.902201
      ],
      [
       -87.654497,
       41.900506
      ],
      [
       -87.657327,
       41.898596
      ],
      [
       -87.659893,
       41.896488
      ],
      [
       -87.662169,
       41.894203
      ],
      [
       -87.664133,
       41.891764
      ],
      [
       -87.665766,
       41.889192
      ],
      [
       -87.667053,
       41.886514
      ],
      [
       -87.667981,
       41.883755
      ],
      [
       -87.668542,
       41.880941
      ],
      [
       -87.668729,
       41.8781
      ],
      [
       -87.668542,
       41.875259
      ],
      [
       -87.667981,
       41.872445
      ],
      [
       -87.667053,
       41.869686
      ],
      [
       -87.665766,
       41.867008
      ],
      [
       -87.664133,
       41.864436
      ],
      [
       -87.662169,
       41.861997
      ],
      [
       -87.659893,
       41.859712
      ],
      [
       -87.657327,
       41.857604
      ],
      [
       -87.654497,
       41.855694
      ],
      [
       -87.651428,
       41.853999
      ],
      [
       -87.648151,
       41.852537
      ],
      [
       -87.644698,
       41.851321
      ],
      [
       -87.641101,
       41.850363
      ],
      [
       -87.637395,
       41.849671
      ],
      [
       -87.633616,
       41.849254
      ],
      [
       -87.6298,
       41.849114
      ],
      [
       -87.625984,
       41.849254
      ],
      [
       -87.622205,
       41.849671
      ],
      [
       -87.618499,
       41.850363
      ],
      [
       -87.614902,
       41.851321
      ],
      [
       -87.611449,
       41.852537
      ],
      [
       -87.608172,
       41.853999
      ],
      [
       -87.605103,
       41.855694
      ],
      [
       -87.602273,
       41.857604
      ],
      [
       -87.599707,
       41.859712
      ],
      [
       -87.597431,
       41.861997
      ],
      [
       -87.595467,
       41.864436
      ],
      [
       -87.593834,
       41.867008
      ],
      [
       -87.592547,
       41.869686
      ],
      [
       -87.591619,
       41.872445
      ],
      [
       -87.591058,
       41.875259
      ],
      [
       -87.590871,
       41.8781
      ]
     ]
    ]
   }
  },
  {
   "type": "Feature",
   "properties": {
    "utility": "ComEd",
    "docket": "22-0486/23-0055/24-0181",
    "status": "approved",
    "group": "3. Feeders & lines",
    "project_id": "",
    "project_name": "Install new Transformer and 34kV Terminal at TSS113 Waterman",
    "category": "Distribution Capacity Planning and Management",
    "asset_type": "capacity relief",
    "feeder_id": "",
    "substation": "TSS113 Waterman",
    "place": "Waterman",
    "county": "DeKalb",
    "region": "",
    "program_year": 2026,
    "cost_usd": 4484783,
    "est_headroom_mw": "",
    "loc_method": "substation_match",
    "uncertainty_mi": 0.5,
    "feeder_match": "",
    "sub_nearest": "S0277",
    "sub_nearest_mi": 0.93,
    "sub_hc_kw": 0,
    "sub_candidates": "S0277;S0276",
    "hosting_capacity_flag": "possible",
    "removal_risk": "none - approved",
    "risk_reason": "Already approved by the ICC and in execution. Timing can still slip: Ameren's Sidney and New Berlin projects were both dropped from the 2024-2027 portfolio after approval.",
    "program_id": "",
    "itn": "364833",
    "ce_type": "",
    "voltage_kv": "",
    "driver": "",
    "nwa_status": "",
    "source": "ComEd Q1 2026 Investment Report (Docket 22-0486), filed 2026-06-29",
    "notes": "FORECAST REVISED DOWN SHARPLY: ComEd's Q4 2025 filing projected $24.27M for this same 2026 work; the Q1 2026 filing shows $4.48M. The later figure is used here. A revision this large is a caution against treating any single-vintage cost as settled. LOCATION UPGRADED: snapped to derived ComEd substation S0277, the only known substation within 1.5 mi of the named town. Its as-built substation hosting capacity is 0 kW. Matched by proximity, not by ID - ComEd's public map is anonymized, so this is a strong inference rather than a confirmed identity."
   },
   "geometry": {
    "type": "Polygon",
    "coordinates": [
     [
      [
       -88.764142,
       41.78504
      ],
      [
       -88.764189,
       41.78575
      ],
      [
       -88.764329,
       41.786454
      ],
      [
       -88.76456,
       41.787144
      ],
      [
       -88.764882,
       41.787813
      ],
      [
       -88.765289,
       41.788456
      ],
      [
       -88.76578,
       41.789066
      ],
      [
       -88.766348,
       41.789637
      ],
      [
       -88.766988,
       41.790164
      ],
      [
       -88.767695,
       41.790642
      ],
      [
       -88.768461,
       41.791065
      ],
      [
       -88.769279,
       41.791431
      ],
      [
       -88.770141,
       41.791735
      ],
      [
       -88.771039,
       41.791974
      ],
      [
       -88.771964,
       41.792147
      ],
      [
       -88.772907,
       41.792251
      ],
      [
       -88.77386,
       41.792286
      ],
      [
       -88.774813,
       41.792251
      ],
      [
       -88.775756,
       41.792147
      ],
      [
       -88.776681,
       41.791974
      ],
      [
       -88.777579,
       41.791735
      ],
      [
       -88.778441,
       41.791431
      ],
      [
       -88.779259,
       41.791065
      ],
      [
       -88.780025,
       41.790642
      ],
      [
       -88.780732,
       41.790164
      ],
      [
       -88.781372,
       41.789637
      ],
      [
       -88.78194,
       41.789066
      ],
      [
       -88.782431,
       41.788456
      ],
      [
       -88.782838,
       41.787813
      ],
      [
       -88.78316,
       41.787144
      ],
      [
       -88.783391,
       41.786454
      ],
      [
       -88.783531,
       41.78575
      ],
      [
       -88.783578,
       41.78504
      ],
      [
       -88.783531,
       41.78433
      ],
      [
       -88.783391,
       41.783626
      ],
      [
       -88.78316,
       41.782936
      ],
      [
       -88.782838,
       41.782267
      ],
      [
       -88.782431,
       41.781624
      ],
      [
       -88.78194,
       41.781014
      ],
      [
       -88.781372,
       41.780443
      ],
      [
       -88.780732,
       41.779916
      ],
      [
       -88.780025,
       41.779438
      ],
      [
       -88.779259,
       41.779015
      ],
      [
       -88.778441,
       41.778649
      ],
      [
       -88.777579,
       41.778345
      ],
      [
       -88.776681,
       41.778106
      ],
      [
       -88.775756,
       41.777933
      ],
      [
       -88.774813,
       41.777829
      ],
      [
       -88.77386,
       41.777794
      ],
      [
       -88.772907,
       41.777829
      ],
      [
       -88.771964,
       41.777933
      ],
      [
       -88.771039,
       41.778106
      ],
      [
       -88.770141,
       41.778345
      ],
      [
       -88.769279,
       41.778649
      ],
      [
       -88.768461,
       41.779015
      ],
      [
       -88.767695,
       41.779438
      ],
      [
       -88.766988,
       41.779916
      ],
      [
       -88.766348,
       41.780443
      ],
      [
       -88.76578,
       41.781014
      ],
      [
       -88.765289,
       41.781624
      ],
      [
       -88.764882,
       41.782267
      ],
      [
       -88.76456,
       41.782936
      ],
      [
       -88.764329,
       41.783626
      ],
      [
       -88.764189,
       41.78433
      ],
      [
       -88.764142,
       41.78504
      ]
     ]
    ]
   }
  },
  {
   "type": "Feature",
   "properties": {
    "utility": "ComEd",
    "docket": "22-0486/23-0055/24-0181",
    "status": "approved",
    "group": "3. Feeders & lines",
    "project_id": "7P260200",
    "project_name": "New Transformer & 34kV L11345 at TSS113 Waterman",
    "category": "Distribution Capacity Planning and Management",
    "asset_type": "capacity relief",
    "feeder_id": "L11345",
    "substation": "TSS113 Waterman",
    "place": "Waterman",
    "county": "DeKalb",
    "region": "",
    "program_year": 2026,
    "cost_usd": 3764419,
    "est_headroom_mw": "",
    "loc_method": "substation_match",
    "uncertainty_mi": 0.5,
    "feeder_match": "",
    "sub_nearest": "S0277",
    "sub_nearest_mi": 0.93,
    "sub_hc_kw": 0,
    "sub_candidates": "S0277;S0276",
    "hosting_capacity_flag": "possible",
    "removal_risk": "none - approved",
    "risk_reason": "Already approved by the ICC and in execution. Timing can still slip: Ameren's Sidney and New Berlin projects were both dropped from the 2024-2027 portfolio after approval.",
    "program_id": "",
    "itn": "",
    "ce_type": "",
    "voltage_kv": "",
    "driver": "",
    "nwa_status": "",
    "source": "ComEd Q1 2026 Investment Report (Docket 22-0486), filed 2026-06-29",
    "notes": "LOCATION UPGRADED: snapped to derived ComEd substation S0277, the only known substation within 1.5 mi of the named town. Its as-built substation hosting capacity is 0 kW. Matched by proximity, not by ID - ComEd's public map is anonymized, so this is a strong inference rather than a confirmed identity."
   },
   "geometry": {
    "type": "Polygon",
    "coordinates": [
     [
      [
       -88.764142,
       41.78504
      ],
      [
       -88.764189,
       41.78575
      ],
      [
       -88.764329,
       41.786454
      ],
      [
       -88.76456,
       41.787144
      ],
      [
       -88.764882,
       41.787813
      ],
      [
       -88.765289,
       41.788456
      ],
      [
       -88.76578,
       41.789066
      ],
      [
       -88.766348,
       41.789637
      ],
      [
       -88.766988,
       41.790164
      ],
      [
       -88.767695,
       41.790642
      ],
      [
       -88.768461,
       41.791065
      ],
      [
       -88.769279,
       41.791431
      ],
      [
       -88.770141,
       41.791735
      ],
      [
       -88.771039,
       41.791974
      ],
      [
       -88.771964,
       41.792147
      ],
      [
       -88.772907,
       41.792251
      ],
      [
       -88.77386,
       41.792286
      ],
      [
       -88.774813,
       41.792251
      ],
      [
       -88.775756,
       41.792147
      ],
      [
       -88.776681,
       41.791974
      ],
      [
       -88.777579,
       41.791735
      ],
      [
       -88.778441,
       41.791431
      ],
      [
       -88.779259,
       41.791065
      ],
      [
       -88.780025,
       41.790642
      ],
      [
       -88.780732,
       41.790164
      ],
      [
       -88.781372,
       41.789637
      ],
      [
       -88.78194,
       41.789066
      ],
      [
       -88.782431,
       41.788456
      ],
      [
       -88.782838,
       41.787813
      ],
      [
       -88.78316,
       41.787144
      ],
      [
       -88.783391,
       41.786454
      ],
      [
       -88.783531,
       41.78575
      ],
      [
       -88.783578,
       41.78504
      ],
      [
       -88.783531,
       41.78433
      ],
      [
       -88.783391,
       41.783626
      ],
      [
       -88.78316,
       41.782936
      ],
      [
       -88.782838,
       41.782267
      ],
      [
       -88.782431,
       41.781624
      ],
      [
       -88.78194,
       41.781014
      ],
      [
       -88.781372,
       41.780443
      ],
      [
       -88.780732,
       41.779916
      ],
      [
       -88.780025,
       41.779438
      ],
      [
       -88.779259,
       41.779015
      ],
      [
       -88.778441,
       41.778649
      ],
      [
       -88.777579,
       41.778345
      ],
      [
       -88.776681,
       41.778106
      ],
      [
       -88.775756,
       41.777933
      ],
      [
       -88.774813,
       41.777829
      ],
      [
       -88.77386,
       41.777794
      ],
      [
       -88.772907,
       41.777829
      ],
      [
       -88.771964,
       41.777933
      ],
      [
       -88.771039,
       41.778106
      ],
      [
       -88.770141,
       41.778345
      ],
      [
       -88.769279,
       41.778649
      ],
      [
       -88.768461,
       41.779015
      ],
      [
       -88.767695,
       41.779438
      ],
      [
       -88.766988,
       41.779916
      ],
      [
       -88.766348,
       41.780443
      ],
      [
       -88.76578,
       41.781014
      ],
      [
       -88.765289,
       41.781624
      ],
      [
       -88.764882,
       41.782267
      ],
      [
       -88.76456,
       41.782936
      ],
      [
       -88.764329,
       41.783626
      ],
      [
       -88.764189,
       41.78433
      ],
      [
       -88.764142,
       41.78504
      ]
     ]
    ]
   }
  },
  {
   "type": "Feature",
   "properties": {
    "utility": "ComEd",
    "docket": "22-0486/23-0055/24-0181",
    "status": "approved",
    "group": "3. Feeders & lines",
    "project_id": "3P250800",
    "project_name": "Create new Ties for Pershing LG",
    "category": "Distribution Capacity Planning and Management",
    "asset_type": "capacity relief",
    "feeder_id": "",
    "substation": "Pershing",
    "place": "Chicago",
    "county": "",
    "region": "",
    "program_year": 2026,
    "cost_usd": 2721317,
    "est_headroom_mw": "",
    "loc_method": "approximate_locality",
    "uncertainty_mi": 1.0,
    "feeder_match": "",
    "sub_nearest": "",
    "sub_nearest_mi": "",
    "sub_hc_kw": "",
    "sub_candidates": "",
    "hosting_capacity_flag": "possible",
    "removal_risk": "none - approved",
    "risk_reason": "Already approved by the ICC and in execution. Timing can still slip: Ameren's Sidney and New Berlin projects were both dropped from the 2024-2027 portfolio after approval.",
    "program_id": "",
    "itn": "",
    "ce_type": "",
    "voltage_kv": "",
    "driver": "",
    "nwa_status": "",
    "source": "ComEd Q1 2026 Investment Report (Docket 22-0486), filed 2026-06-29",
    "notes": "Pershing Rd, Chicago - approximate."
   },
   "geometry": {
    "type": "Polygon",
    "coordinates": [
     [
      [
       -87.660552,
       41.823
      ],
      [
       -87.660646,
       41.824421
      ],
      [
       -87.660926,
       41.825827
      ],
      [
       -87.661389,
       41.827207
      ],
      [
       -87.662032,
       41.828546
      ],
      [
       -87.662848,
       41.829832
      ],
      [
       -87.66383,
       41.831052
      ],
      [
       -87.664967,
       41.832194
      ],
      [
       -87.666248,
       41.833248
      ],
      [
       -87.667662,
       41.834203
      ],
      [
       -87.669195,
       41.83505
      ],
      [
       -87.670832,
       41.835781
      ],
      [
       -87.672558,
       41.83639
      ],
      [
       -87.674355,
       41.836869
      ],
      [
       -87.676206,
       41.837214
      ],
      [
       -87.678094,
       41.837423
      ],
      [
       -87.68,
       41.837493
      ],
      [
       -87.681906,
       41.837423
      ],
      [
       -87.683794,
       41.837214
      ],
      [
       -87.685645,
       41.836869
      ],
      [
       -87.687442,
       41.83639
      ],
      [
       -87.689168,
       41.835781
      ],
      [
       -87.690805,
       41.83505
      ],
      [
       -87.692338,
       41.834203
      ],
      [
       -87.693752,
       41.833248
      ],
      [
       -87.695033,
       41.832194
      ],
      [
       -87.69617,
       41.831052
      ],
      [
       -87.697152,
       41.829832
      ],
      [
       -87.697968,
       41.828546
      ],
      [
       -87.698611,
       41.827207
      ],
      [
       -87.699074,
       41.825827
      ],
      [
       -87.699354,
       41.824421
      ],
      [
       -87.699448,
       41.823
      ],
      [
       -87.699354,
       41.821579
      ],
      [
       -87.699074,
       41.820173
      ],
      [
       -87.698611,
       41.818793
      ],
      [
       -87.697968,
       41.817454
      ],
      [
       -87.697152,
       41.816168
      ],
      [
       -87.69617,
       41.814948
      ],
      [
       -87.695033,
       41.813806
      ],
      [
       -87.693752,
       41.812752
      ],
      [
       -87.692338,
       41.811797
      ],
      [
       -87.690805,
       41.81095
      ],
      [
       -87.689168,
       41.810219
      ],
      [
       -87.687442,
       41.80961
      ],
      [
       -87.685645,
       41.809131
      ],
      [
       -87.683794,
       41.808786
      ],
      [
       -87.681906,
       41.808577
      ],
      [
       -87.68,
       41.808507
      ],
      [
       -87.678094,
       41.808577
      ],
      [
       -87.676206,
       41.808786
      ],
      [
       -87.674355,
       41.809131
      ],
      [
       -87.672558,
       41.80961
      ],
      [
       -87.670832,
       41.810219
      ],
      [
       -87.669195,
       41.81095
      ],
      [
       -87.667662,
       41.811797
      ],
      [
       -87.666248,
       41.812752
      ],
      [
       -87.664967,
       41.813806
      ],
      [
       -87.66383,
       41.814948
      ],
      [
       -87.662848,
       41.816168
      ],
      [
       -87.662032,
       41.817454
      ],
      [
       -87.661389,
       41.818793
      ],
      [
       -87.660926,
       41.820173
      ],
      [
       -87.660646,
       41.821579
      ],
      [
       -87.660552,
       41.823
      ]
     ]
    ]
   }
  },
  {
   "type": "Feature",
   "properties": {
    "utility": "ComEd",
    "docket": "22-0486/23-0055/24-0181",
    "status": "approved",
    "group": "2. Substation capacity",
    "project_id": "",
    "project_name": "SS249 Wilmette TR51 Replacement",
    "category": "System Performance",
    "asset_type": "transformer replacement",
    "feeder_id": "",
    "substation": "SS249 Wilmette",
    "place": "Wilmette",
    "county": "Cook",
    "region": "",
    "program_year": 2026,
    "cost_usd": 2634328,
    "est_headroom_mw": "",
    "loc_method": "municipality_centroid",
    "uncertainty_mi": 2.0,
    "feeder_match": "",
    "sub_nearest": "S0708",
    "sub_nearest_mi": 2.0,
    "sub_hc_kw": 28555,
    "sub_candidates": "S0708;S0741;S0550",
    "hosting_capacity_flag": "possible",
    "removal_risk": "none - approved",
    "risk_reason": "Already approved by the ICC and in execution. Timing can still slip: Ameren's Sidney and New Berlin projects were both dropped from the 2024-2027 portfolio after approval.",
    "program_id": "",
    "itn": "88213",
    "ce_type": "",
    "voltage_kv": "",
    "driver": "",
    "nwa_status": "",
    "source": "ComEd Q1 2026 Investment Report (Docket 22-0486), filed 2026-06-29",
    "notes": "Asset replacement - may or may not add headroom."
   },
   "geometry": {
    "type": "Polygon",
    "coordinates": [
     [
      [
       -87.683752,
       42.0722
      ],
      [
       -87.68394,
       42.075041
      ],
      [
       -87.684502,
       42.077855
      ],
      [
       -87.685433,
       42.080614
      ],
      [
       -87.686724,
       42.083292
      ],
      [
       -87.688363,
       42.085864
      ],
      [
       -87.690333,
       42.088303
      ],
      [
       -87.692615,
       42.090588
      ],
      [
       -87.695189,
       42.092696
      ],
      [
       -87.698028,
       42.094606
      ],
      [
       -87.701106,
       42.096301
      ],
      [
       -87.704393,
       42.097763
      ],
      [
       -87.707857,
       42.098979
      ],
      [
       -87.711465,
       42.099937
      ],
      [
       -87.715182,
       42.100629
      ],
      [
       -87.718973,
       42.101046
      ],
      [
       -87.7228,
       42.101186
      ],
      [
       -87.726627,
       42.101046
      ],
      [
       -87.730418,
       42.100629
      ],
      [
       -87.734135,
       42.099937
      ],
      [
       -87.737743,
       42.098979
      ],
      [
       -87.741207,
       42.097763
      ],
      [
       -87.744494,
       42.096301
      ],
      [
       -87.747572,
       42.094606
      ],
      [
       -87.750411,
       42.092696
      ],
      [
       -87.752985,
       42.090588
      ],
      [
       -87.755267,
       42.088303
      ],
      [
       -87.757237,
       42.085864
      ],
      [
       -87.758876,
       42.083292
      ],
      [
       -87.760167,
       42.080614
      ],
      [
       -87.761098,
       42.077855
      ],
      [
       -87.76166,
       42.075041
      ],
      [
       -87.761848,
       42.0722
      ],
      [
       -87.76166,
       42.069359
      ],
      [
       -87.761098,
       42.066545
      ],
      [
       -87.760167,
       42.063786
      ],
      [
       -87.758876,
       42.061108
      ],
      [
       -87.757237,
       42.058536
      ],
      [
       -87.755267,
       42.056097
      ],
      [
       -87.752985,
       42.053812
      ],
      [
       -87.750411,
       42.051704
      ],
      [
       -87.747572,
       42.049794
      ],
      [
       -87.744494,
       42.048099
      ],
      [
       -87.741207,
       42.046637
      ],
      [
       -87.737743,
       42.045421
      ],
      [
       -87.734135,
       42.044463
      ],
      [
       -87.730418,
       42.043771
      ],
      [
       -87.726627,
       42.043354
      ],
      [
       -87.7228,
       42.043214
      ],
      [
       -87.718973,
       42.043354
      ],
      [
       -87.715182,
       42.043771
      ],
      [
       -87.711465,
       42.044463
      ],
      [
       -87.707857,
       42.045421
      ],
      [
       -87.704393,
       42.046637
      ],
      [
       -87.701106,
       42.048099
      ],
      [
       -87.698028,
       42.049794
      ],
      [
       -87.695189,
       42.051704
      ],
      [
       -87.692615,
       42.053812
      ],
      [
       -87.690333,
       42.056097
      ],
      [
       -87.688363,
       42.058536
      ],
      [
       -87.686724,
       42.061108
      ],
      [
       -87.685433,
       42.063786
      ],
      [
       -87.684502,
       42.066545
      ],
      [
       -87.68394,
       42.069359
      ],
      [
       -87.683752,
       42.0722
      ]
     ]
    ]
   }
  },
  {
   "type": "Feature",
   "properties": {
    "utility": "ComEd",
    "docket": "22-0486/23-0055/24-0181",
    "status": "approved",
    "group": "2. Substation capacity",
    "project_id": "",
    "project_name": "TSS163 Roscoe Bert TR71 Replacement",
    "category": "System Performance",
    "asset_type": "transformer replacement",
    "feeder_id": "",
    "substation": "TSS163 Roscoe",
    "place": "Roscoe",
    "county": "Winnebago",
    "region": "",
    "program_year": 2026,
    "cost_usd": 5803003,
    "est_headroom_mw": "",
    "loc_method": "municipality_centroid",
    "uncertainty_mi": 2.0,
    "feeder_match": "",
    "sub_nearest": "",
    "sub_nearest_mi": "",
    "sub_hc_kw": "",
    "sub_candidates": "",
    "hosting_capacity_flag": "possible",
    "removal_risk": "none - approved",
    "risk_reason": "Already approved by the ICC and in execution. Timing can still slip: Ameren's Sidney and New Berlin projects were both dropped from the 2024-2027 portfolio after approval.",
    "program_id": "",
    "itn": "80727",
    "ce_type": "",
    "voltage_kv": "",
    "driver": "",
    "nwa_status": "",
    "source": "ComEd Q1 2026 Investment Report (Docket 22-0486), filed 2026-06-29",
    "notes": "Asset replacement - may or may not add headroom."
   },
   "geometry": {
    "type": "Polygon",
    "coordinates": [
     [
      [
       -88.969436,
       42.42
      ],
      [
       -88.969625,
       42.422841
      ],
      [
       -88.97019,
       42.425655
      ],
      [
       -88.971127,
       42.428414
      ],
      [
       -88.972425,
       42.431092
      ],
      [
       -88.974072,
       42.433664
      ],
      [
       -88.976053,
       42.436103
      ],
      [
       -88.978348,
       42.438388
      ],
      [
       -88.980936,
       42.440496
      ],
      [
       -88.983791,
       42.442406
      ],
      [
       -88.986886,
       42.444101
      ],
      [
       -88.990191,
       42.445563
      ],
      [
       -88.993674,
       42.446779
      ],
      [
       -88.997302,
       42.447737
      ],
      [
       -89.00104,
       42.448429
      ],
      [
       -89.004851,
       42.448846
      ],
      [
       -89.0087,
       42.448986
      ],
      [
       -89.012549,
       42.448846
      ],
      [
       -89.01636,
       42.448429
      ],
      [
       -89.020098,
       42.447737
      ],
      [
       -89.023726,
       42.446779
      ],
      [
       -89.027209,
       42.445563
      ],
      [
       -89.030514,
       42.444101
      ],
      [
       -89.033609,
       42.442406
      ],
      [
       -89.036464,
       42.440496
      ],
      [
       -89.039052,
       42.438388
      ],
      [
       -89.041347,
       42.436103
      ],
      [
       -89.043328,
       42.433664
      ],
      [
       -89.044975,
       42.431092
      ],
      [
       -89.046273,
       42.428414
      ],
      [
       -89.04721,
       42.425655
      ],
      [
       -89.047775,
       42.422841
      ],
      [
       -89.047964,
       42.42
      ],
      [
       -89.047775,
       42.417159
      ],
      [
       -89.04721,
       42.414345
      ],
      [
       -89.046273,
       42.411586
      ],
      [
       -89.044975,
       42.408908
      ],
      [
       -89.043328,
       42.406336
      ],
      [
       -89.041347,
       42.403897
      ],
      [
       -89.039052,
       42.401612
      ],
      [
       -89.036464,
       42.399504
      ],
      [
       -89.033609,
       42.397594
      ],
      [
       -89.030514,
       42.395899
      ],
      [
       -89.027209,
       42.394437
      ],
      [
       -89.023726,
       42.393221
      ],
      [
       -89.020098,
       42.392263
      ],
      [
       -89.01636,
       42.391571
      ],
      [
       -89.012549,
       42.391154
      ],
      [
       -89.0087,
       42.391014
      ],
      [
       -89.004851,
       42.391154
      ],
      [
       -89.00104,
       42.391571
      ],
      [
       -88.997302,
       42.392263
      ],
      [
       -88.993674,
       42.393221
      ],
      [
       -88.990191,
       42.394437
      ],
      [
       -88.986886,
       42.395899
      ],
      [
       -88.983791,
       42.397594
      ],
      [
       -88.980936,
       42.399504
      ],
      [
       -88.978348,
       42.401612
      ],
      [
       -88.976053,
       42.403897
      ],
      [
       -88.974072,
       42.406336
      ],
      [
       -88.972425,
       42.408908
      ],
      [
       -88.971127,
       42.411586
      ],
      [
       -88.97019,
       42.414345
      ],
      [
       -88.969625,
       42.417159
      ],
      [
       -88.969436,
       42.42
      ]
     ]
    ]
   }
  },
  {
   "type": "Feature",
   "properties": {
    "utility": "ComEd",
    "docket": "22-0486/23-0055/24-0181",
    "status": "approved",
    "group": "2. Substation capacity",
    "project_id": "",
    "project_name": "DCD140 Brookfield TR1 Replacement",
    "category": "System Performance",
    "asset_type": "transformer replacement",
    "feeder_id": "",
    "substation": "DCD140 Brookfield",
    "place": "Brookfield",
    "county": "Cook",
    "region": "",
    "program_year": 2026,
    "cost_usd": 2316783,
    "est_headroom_mw": "",
    "loc_method": "substation_match",
    "uncertainty_mi": 0.5,
    "feeder_match": "",
    "sub_nearest": "S0664",
    "sub_nearest_mi": 1.16,
    "sub_hc_kw": 10668,
    "sub_candidates": "S0664;S0711",
    "hosting_capacity_flag": "possible",
    "removal_risk": "none - approved",
    "risk_reason": "Already approved by the ICC and in execution. Timing can still slip: Ameren's Sidney and New Berlin projects were both dropped from the 2024-2027 portfolio after approval.",
    "program_id": "",
    "itn": "77706",
    "ce_type": "",
    "voltage_kv": "",
    "driver": "",
    "nwa_status": "",
    "source": "ComEd Q1 2026 Investment Report (Docket 22-0486), filed 2026-06-29",
    "notes": "Asset replacement - may or may not add headroom. LOCATION UPGRADED: snapped to derived ComEd substation S0664, the only known substation within 1.5 mi of the named town. Its as-built substation hosting capacity is 10668 kW. Matched by proximity, not by ID - ComEd's public map is anonymized, so this is a strong inference rather than a confirmed identity."
   },
   "geometry": {
    "type": "Polygon",
    "coordinates": [
     [
      [
       -87.856924,
       41.83601
      ],
      [
       -87.856971,
       41.83672
      ],
      [
       -87.857111,
       41.837424
      ],
      [
       -87.857343,
       41.838114
      ],
      [
       -87.857664,
       41.838783
      ],
      [
       -87.858072,
       41.839426
      ],
      [
       -87.858563,
       41.840036
      ],
      [
       -87.859132,
       41.840607
      ],
      [
       -87.859773,
       41.841134
      ],
      [
       -87.86048,
       41.841612
      ],
      [
       -87.861247,
       41.842035
      ],
      [
       -87.862065,
       41.842401
      ],
      [
       -87.862928,
       41.842705
      ],
      [
       -87.863827,
       41.842944
      ],
      [
       -87.864753,
       41.843117
      ],
      [
       -87.865697,
       41.843221
      ],
      [
       -87.86665,
       41.843256
      ],
      [
       -87.867603,
       41.843221
      ],
      [
       -87.868547,
       41.843117
      ],
      [
       -87.869473,
       41.842944
      ],
      [
       -87.870372,
       41.842705
      ],
      [
       -87.871235,
       41.842401
      ],
      [
       -87.872053,
       41.842035
      ],
      [
       -87.87282,
       41.841612
      ],
      [
       -87.873527,
       41.841134
      ],
      [
       -87.874168,
       41.840607
      ],
      [
       -87.874737,
       41.840036
      ],
      [
       -87.875228,
       41.839426
      ],
      [
       -87.875636,
       41.838783
      ],
      [
       -87.875957,
       41.838114
      ],
      [
       -87.876189,
       41.837424
      ],
      [
       -87.876329,
       41.83672
      ],
      [
       -87.876376,
       41.83601
      ],
      [
       -87.876329,
       41.8353
      ],
      [
       -87.876189,
       41.834596
      ],
      [
       -87.875957,
       41.833906
      ],
      [
       -87.875636,
       41.833237
      ],
      [
       -87.875228,
       41.832594
      ],
      [
       -87.874737,
       41.831984
      ],
      [
       -87.874168,
       41.831413
      ],
      [
       -87.873527,
       41.830886
      ],
      [
       -87.87282,
       41.830408
      ],
      [
       -87.872053,
       41.829985
      ],
      [
       -87.871235,
       41.829619
      ],
      [
       -87.870372,
       41.829315
      ],
      [
       -87.869473,
       41.829076
      ],
      [
       -87.868547,
       41.828903
      ],
      [
       -87.867603,
       41.828799
      ],
      [
       -87.86665,
       41.828764
      ],
      [
       -87.865697,
       41.828799
      ],
      [
       -87.864753,
       41.828903
      ],
      [
       -87.863827,
       41.829076
      ],
      [
       -87.862928,
       41.829315
      ],
      [
       -87.862065,
       41.829619
      ],
      [
       -87.861247,
       41.829985
      ],
      [
       -87.86048,
       41.830408
      ],
      [
       -87.859773,
       41.830886
      ],
      [
       -87.859132,
       41.831413
      ],
      [
       -87.858563,
       41.831984
      ],
      [
       -87.858072,
       41.832594
      ],
      [
       -87.857664,
       41.833237
      ],
      [
       -87.857343,
       41.833906
      ],
      [
       -87.857111,
       41.834596
      ],
      [
       -87.856971,
       41.8353
      ],
      [
       -87.856924,
       41.83601
      ]
     ]
    ]
   }
  },
  {
   "type": "Feature",
   "properties": {
    "utility": "ComEd",
    "docket": "22-0486/23-0055/24-0181",
    "status": "approved",
    "group": "2. Substation capacity",
    "project_id": "",
    "project_name": "Crestwood Backbone Expansion",
    "category": "System Performance",
    "asset_type": "transformer replacement",
    "feeder_id": "",
    "substation": "Crestwood",
    "place": "Crestwood",
    "county": "Cook",
    "region": "",
    "program_year": 2026,
    "cost_usd": "",
    "est_headroom_mw": "",
    "loc_method": "substation_match",
    "uncertainty_mi": 0.5,
    "feeder_match": "",
    "sub_nearest": "S0591",
    "sub_nearest_mi": 0.5,
    "sub_hc_kw": 11914,
    "sub_candidates": "S0591",
    "hosting_capacity_flag": "possible",
    "removal_risk": "none - approved",
    "risk_reason": "Already approved by the ICC and in execution. Timing can still slip: Ameren's Sidney and New Berlin projects were both dropped from the 2024-2027 portfolio after approval.",
    "program_id": "",
    "itn": "",
    "ce_type": "",
    "voltage_kv": "",
    "driver": "",
    "nwa_status": "",
    "source": "ComEd Q1 2026 Investment Report (Docket 22-0486), filed 2026-06-29",
    "notes": "Asset replacement - may or may not add headroom. LOCATION UPGRADED: snapped to derived ComEd substation S0591, the only known substation within 1.5 mi of the named town. Its as-built substation hosting capacity is 11914 kW. Matched by proximity, not by ID - ComEd's public map is anonymized, so this is a strong inference rather than a confirmed identity."
   },
   "geometry": {
    "type": "Polygon",
    "coordinates": [
     [
      [
       -87.722454,
       41.63987
      ],
      [
       -87.7225,
       41.64058
      ],
      [
       -87.72264,
       41.641284
      ],
      [
       -87.722871,
       41.641974
      ],
      [
       -87.723192,
       41.642643
      ],
      [
       -87.723599,
       41.643286
      ],
      [
       -87.724088,
       41.643896
      ],
      [
       -87.724655,
       41.644467
      ],
      [
       -87.725294,
       41.644994
      ],
      [
       -87.725999,
       41.645472
      ],
      [
       -87.726763,
       41.645895
      ],
      [
       -87.727579,
       41.646261
      ],
      [
       -87.728439,
       41.646565
      ],
      [
       -87.729335,
       41.646804
      ],
      [
       -87.730258,
       41.646977
      ],
      [
       -87.7312,
       41.647081
      ],
      [
       -87.73215,
       41.647116
      ],
      [
       -87.7331,
       41.647081
      ],
      [
       -87.734042,
       41.646977
      ],
      [
       -87.734965,
       41.646804
      ],
      [
       -87.735861,
       41.646565
      ],
      [
       -87.736721,
       41.646261
      ],
      [
       -87.737537,
       41.645895
      ],
      [
       -87.738301,
       41.645472
      ],
      [
       -87.739006,
       41.644994
      ],
      [
       -87.739645,
       41.644467
      ],
      [
       -87.740212,
       41.643896
      ],
      [
       -87.740701,
       41.643286
      ],
      [
       -87.741108,
       41.642643
      ],
      [
       -87.741429,
       41.641974
      ],
      [
       -87.74166,
       41.641284
      ],
      [
       -87.7418,
       41.64058
      ],
      [
       -87.741846,
       41.63987
      ],
      [
       -87.7418,
       41.63916
      ],
      [
       -87.74166,
       41.638456
      ],
      [
       -87.741429,
       41.637766
      ],
      [
       -87.741108,
       41.637097
      ],
      [
       -87.740701,
       41.636454
      ],
      [
       -87.740212,
       41.635844
      ],
      [
       -87.739645,
       41.635273
      ],
      [
       -87.739006,
       41.634746
      ],
      [
       -87.738301,
       41.634268
      ],
      [
       -87.737537,
       41.633845
      ],
      [
       -87.736721,
       41.633479
      ],
      [
       -87.735861,
       41.633175
      ],
      [
       -87.734965,
       41.632936
      ],
      [
       -87.734042,
       41.632763
      ],
      [
       -87.7331,
       41.632659
      ],
      [
       -87.73215,
       41.632624
      ],
      [
       -87.7312,
       41.632659
      ],
      [
       -87.730258,
       41.632763
      ],
      [
       -87.729335,
       41.632936
      ],
      [
       -87.728439,
       41.633175
      ],
      [
       -87.727579,
       41.633479
      ],
      [
       -87.726763,
       41.633845
      ],
      [
       -87.725999,
       41.634268
      ],
      [
       -87.725294,
       41.634746
      ],
      [
       -87.724655,
       41.635273
      ],
      [
       -87.724088,
       41.635844
      ],
      [
       -87.723599,
       41.636454
      ],
      [
       -87.723192,
       41.637097
      ],
      [
       -87.722871,
       41.637766
      ],
      [
       -87.72264,
       41.638456
      ],
      [
       -87.7225,
       41.63916
      ],
      [
       -87.722454,
       41.63987
      ]
     ]
    ]
   }
  },
  {
   "type": "Feature",
   "properties": {
    "utility": "ComEd",
    "docket": "23-0055",
    "status": "approved",
    "group": "4. DER & hosting capacity",
    "project_id": "",
    "project_name": "Mendota Substation Enhancement",
    "category": "DER Integration",
    "asset_type": "substation enhancement",
    "feeder_id": "",
    "substation": "",
    "place": "Mendota",
    "county": "LaSalle",
    "region": "",
    "program_year": 2030,
    "cost_usd": "",
    "est_headroom_mw": "",
    "loc_method": "constraint_zone",
    "uncertainty_mi": 25.0,
    "feeder_match": "",
    "sub_nearest": "S0668",
    "sub_nearest_mi": 0.44,
    "sub_hc_kw": 922,
    "sub_candidates": "S0668",
    "hosting_capacity_flag": "explicit",
    "removal_risk": "none - approved",
    "risk_reason": "Already approved by the ICC and in execution. Timing can still slip: Ameren's Sidney and New Berlin projects were both dropped from the 2024-2027 portfolio after approval.",
    "program_id": "",
    "itn": "",
    "ce_type": "",
    "voltage_kv": "",
    "driver": "",
    "nwa_status": "",
    "source": "ComEd Refiled Grid Plan Ch. V, compliance filing 2025-02-14",
    "notes": "THE SINGLE STRONGEST FUTURE-CAPACITY SIGNAL IN THE COMED RECORD. ComEd states there is no available DER hosting capacity at the Mendota substation OR WITHIN A LARGER 25-MILE VICINITY - the ring here is that stated 25-mile radius, not a location guess. Scope adds a second transmission line plus a transformer. In service by 2030, beyond the plan years, because it needs transmission expansion. Mendota sits on a 34kV sub-network, so the constraint is the whole loop rather than one point. DERMS launched at its first substation Nov 2025 enabling 30 MW - strongly believed to be Mendota, not explicitly confirmed."
   },
   "geometry": {
    "type": "Polygon",
    "coordinates": [
     [
      [
       -88.636279,
       41.5475
      ],
      [
       -88.638611,
       41.583013
      ],
      [
       -88.645582,
       41.618185
      ],
      [
       -88.657125,
       41.652676
      ],
      [
       -88.673131,
       41.686153
      ],
      [
       -88.693444,
       41.718296
      ],
      [
       -88.717868,
       41.748794
      ],
      [
       -88.74617,
       41.777353
      ],
      [
       -88.778075,
       41.803698
      ],
      [
       -88.813277,
       41.827576
      ],
      [
       -88.851437,
       41.848757
      ],
      [
       -88.892187,
       41.867037
      ],
      [
       -88.935135,
       41.882239
      ],
      [
       -88.979867,
       41.894218
      ],
      [
       -89.025953,
       41.902857
      ],
      [
       -89.072948,
       41.908074
      ],
      [
       -89.1204,
       41.909819
      ],
      [
       -89.167852,
       41.908074
      ],
      [
       -89.214847,
       41.902857
      ],
      [
       -89.260933,
       41.894218
      ],
      [
       -89.305665,
       41.882239
      ],
      [
       -89.348613,
       41.867037
      ],
      [
       -89.389363,
       41.848757
      ],
      [
       -89.427523,
       41.827576
      ],
      [
       -89.462725,
       41.803698
      ],
      [
       -89.49463,
       41.777353
      ],
      [
       -89.522932,
       41.748794
      ],
      [
       -89.547356,
       41.718296
      ],
      [
       -89.567669,
       41.686153
      ],
      [
       -89.583675,
       41.652676
      ],
      [
       -89.595218,
       41.618185
      ],
      [
       -89.602189,
       41.583013
      ],
      [
       -89.604521,
       41.5475
      ],
      [
       -89.602189,
       41.511987
      ],
      [
       -89.595218,
       41.476815
      ],
      [
       -89.583675,
       41.442324
      ],
      [
       -89.567669,
       41.408847
      ],
      [
       -89.547356,
       41.376704
      ],
      [
       -89.522932,
       41.346206
      ],
      [
       -89.49463,
       41.317647
      ],
      [
       -89.462725,
       41.291302
      ],
      [
       -89.427523,
       41.267424
      ],
      [
       -89.389363,
       41.246243
      ],
      [
       -89.348613,
       41.227963
      ],
      [
       -89.305665,
       41.212761
      ],
      [
       -89.260933,
       41.200782
      ],
      [
       -89.214847,
       41.192143
      ],
      [
       -89.167852,
       41.186926
      ],
      [
       -89.1204,
       41.185181
      ],
      [
       -89.072948,
       41.186926
      ],
      [
       -89.025953,
       41.192143
      ],
      [
       -88.979867,
       41.200782
      ],
      [
       -88.935135,
       41.212761
      ],
      [
       -88.892187,
       41.227963
      ],
      [
       -88.851437,
       41.246243
      ],
      [
       -88.813277,
       41.267424
      ],
      [
       -88.778075,
       41.291302
      ],
      [
       -88.74617,
       41.317647
      ],
      [
       -88.717868,
       41.346206
      ],
      [
       -88.693444,
       41.376704
      ],
      [
       -88.673131,
       41.408847
      ],
      [
       -88.657125,
       41.442324
      ],
      [
       -88.645582,
       41.476815
      ],
      [
       -88.638611,
       41.511987
      ],
      [
       -88.636279,
       41.5475
      ]
     ]
    ]
   }
  },
  {
   "type": "Feature",
   "properties": {
    "utility": "ComEd",
    "docket": "23-0055",
    "status": "approved",
    "group": "4. DER & hosting capacity",
    "project_id": "",
    "project_name": "Marengo Area Substation Enhancement",
    "category": "DER Integration",
    "asset_type": "substation enhancement",
    "feeder_id": "",
    "substation": "",
    "place": "Marengo",
    "county": "McHenry",
    "region": "",
    "program_year": "",
    "cost_usd": "",
    "est_headroom_mw": "",
    "loc_method": "substation_match",
    "uncertainty_mi": 0.5,
    "feeder_match": "",
    "sub_nearest": "S0655",
    "sub_nearest_mi": 1.12,
    "sub_hc_kw": 30328,
    "sub_candidates": "S0655",
    "hosting_capacity_flag": "explicit",
    "removal_risk": "none - approved",
    "risk_reason": "Already approved by the ICC and in execution. Timing can still slip: Ameren's Sidney and New Berlin projects were both dropped from the 2024-2027 portfolio after approval.",
    "program_id": "",
    "itn": "",
    "ce_type": "",
    "voltage_kv": "",
    "driver": "",
    "nwa_status": "",
    "source": "ComEd Refiled Grid Plan Ch. V, compliance filing 2025-02-14",
    "notes": "Second substation. Targets PV hosting capacity limitation in the area between Belvidere, Woodstock and Marengo. DISCLOSED CONSTRAINT: zero available PV hosting capacity when queue projects are considered; Marengo substation and neighbors at ~95% of substation capacity BEFORE any EV load. Highest-value constrained-area signal ComEd discloses. LOCATION UPGRADED: snapped to derived ComEd substation S0655, the only known substation within 1.5 mi of the named town. Its as-built substation hosting capacity is 30328 kW. Matched by proximity, not by ID - ComEd's public map is anonymized, so this is a strong inference rather than a confirmed identity."
   },
   "geometry": {
    "type": "Polygon",
    "coordinates": [
     [
      [
       -88.61928,
       42.25381
      ],
      [
       -88.619327,
       42.25452
      ],
      [
       -88.619468,
       42.255224
      ],
      [
       -88.619701,
       42.255914
      ],
      [
       -88.620025,
       42.256583
      ],
      [
       -88.620436,
       42.257226
      ],
      [
       -88.62093,
       42.257836
      ],
      [
       -88.621502,
       42.258407
      ],
      [
       -88.622147,
       42.258934
      ],
      [
       -88.622859,
       42.259412
      ],
      [
       -88.623631,
       42.259835
      ],
      [
       -88.624455,
       42.260201
      ],
      [
       -88.625323,
       42.260505
      ],
      [
       -88.626228,
       42.260744
      ],
      [
       -88.62716,
       42.260917
      ],
      [
       -88.62811,
       42.261021
      ],
      [
       -88.62907,
       42.261056
      ],
      [
       -88.63003,
       42.261021
      ],
      [
       -88.63098,
       42.260917
      ],
      [
       -88.631912,
       42.260744
      ],
      [
       -88.632817,
       42.260505
      ],
      [
       -88.633685,
       42.260201
      ],
      [
       -88.634509,
       42.259835
      ],
      [
       -88.635281,
       42.259412
      ],
      [
       -88.635993,
       42.258934
      ],
      [
       -88.636638,
       42.258407
      ],
      [
       -88.63721,
       42.257836
      ],
      [
       -88.637704,
       42.257226
      ],
      [
       -88.638115,
       42.256583
      ],
      [
       -88.638439,
       42.255914
      ],
      [
       -88.638672,
       42.255224
      ],
      [
       -88.638813,
       42.25452
      ],
      [
       -88.63886,
       42.25381
      ],
      [
       -88.638813,
       42.2531
      ],
      [
       -88.638672,
       42.252396
      ],
      [
       -88.638439,
       42.251706
      ],
      [
       -88.638115,
       42.251037
      ],
      [
       -88.637704,
       42.250394
      ],
      [
       -88.63721,
       42.249784
      ],
      [
       -88.636638,
       42.249213
      ],
      [
       -88.635993,
       42.248686
      ],
      [
       -88.635281,
       42.248208
      ],
      [
       -88.634509,
       42.247785
      ],
      [
       -88.633685,
       42.247419
      ],
      [
       -88.632817,
       42.247115
      ],
      [
       -88.631912,
       42.246876
      ],
      [
       -88.63098,
       42.246703
      ],
      [
       -88.63003,
       42.246599
      ],
      [
       -88.62907,
       42.246564
      ],
      [
       -88.62811,
       42.246599
      ],
      [
       -88.62716,
       42.246703
      ],
      [
       -88.626228,
       42.246876
      ],
      [
       -88.625323,
       42.247115
      ],
      [
       -88.624455,
       42.247419
      ],
      [
       -88.623631,
       42.247785
      ],
      [
       -88.622859,
       42.248208
      ],
      [
       -88.622147,
       42.248686
      ],
      [
       -88.621502,
       42.249213
      ],
      [
       -88.62093,
       42.249784
      ],
      [
       -88.620436,
       42.250394
      ],
      [
       -88.620025,
       42.251037
      ],
      [
       -88.619701,
       42.251706
      ],
      [
       -88.619468,
       42.252396
      ],
      [
       -88.619327,
       42.2531
      ],
      [
       -88.61928,
       42.25381
      ]
     ]
    ]
   }
  },
  {
   "type": "Feature",
   "properties": {
    "utility": "ComEd",
    "docket": "22-0486/23-0055/24-0181",
    "status": "in_service",
    "group": "2. Substation capacity",
    "project_id": "76261",
    "project_name": "Install 5th 50MVA Transformer at State TSS126",
    "category": "Capacity Expansion",
    "asset_type": "transformer addition",
    "feeder_id": "",
    "substation": "",
    "place": "Chicago",
    "county": "Cook",
    "region": "",
    "program_year": "2024",
    "cost_usd": 11204944,
    "est_headroom_mw": "",
    "loc_method": "municipality_centroid",
    "uncertainty_mi": 2.0,
    "feeder_match": "",
    "sub_nearest": "S0710",
    "sub_nearest_mi": 0.19,
    "sub_hc_kw": 8910,
    "sub_candidates": "S0710;S0634;S0723;S0740;S0633;S0706;S0698;S0635;S0722;S0697;S0658;S0735;S0504;S0520;S0632;S0637;S0713",
    "hosting_capacity_flag": "possible",
    "removal_risk": "none - complete",
    "risk_reason": "Already placed in service, so there is nothing left to cut. Useful as evidence of where each utility has actually been adding capacity, rather than where it says it will.",
    "program_id": "",
    "itn": "76261",
    "ce_type": "",
    "voltage_kv": "",
    "driver": "",
    "nwa_status": "",
    "source": "ComEd quarterly Sect 16-108.18(f)(5) Investment Reports, 2024-2025",
    "notes": "From ComEd's quarterly investment reporting. Named substation, so geocodable to the town - but the town centroid is NOT the substation site."
   },
   "geometry": {
    "type": "Polygon",
    "coordinates": [
     [
      [
       -87.590871,
       41.8781
      ],
      [
       -87.591058,
       41.880941
      ],
      [
       -87.591619,
       41.883755
      ],
      [
       -87.592547,
       41.886514
      ],
      [
       -87.593834,
       41.889192
      ],
      [
       -87.595467,
       41.891764
      ],
      [
       -87.597431,
       41.894203
      ],
      [
       -87.599707,
       41.896488
      ],
      [
       -87.602273,
       41.898596
      ],
      [
       -87.605103,
       41.900506
      ],
      [
       -87.608172,
       41.902201
      ],
      [
       -87.611449,
       41.903663
      ],
      [
       -87.614902,
       41.904879
      ],
      [
       -87.618499,
       41.905837
      ],
      [
       -87.622205,
       41.906529
      ],
      [
       -87.625984,
       41.906946
      ],
      [
       -87.6298,
       41.907086
      ],
      [
       -87.633616,
       41.906946
      ],
      [
       -87.637395,
       41.906529
      ],
      [
       -87.641101,
       41.905837
      ],
      [
       -87.644698,
       41.904879
      ],
      [
       -87.648151,
       41.903663
      ],
      [
       -87.651428,
       41.902201
      ],
      [
       -87.654497,
       41.900506
      ],
      [
       -87.657327,
       41.898596
      ],
      [
       -87.659893,
       41.896488
      ],
      [
       -87.662169,
       41.894203
      ],
      [
       -87.664133,
       41.891764
      ],
      [
       -87.665766,
       41.889192
      ],
      [
       -87.667053,
       41.886514
      ],
      [
       -87.667981,
       41.883755
      ],
      [
       -87.668542,
       41.880941
      ],
      [
       -87.668729,
       41.8781
      ],
      [
       -87.668542,
       41.875259
      ],
      [
       -87.667981,
       41.872445
      ],
      [
       -87.667053,
       41.869686
      ],
      [
       -87.665766,
       41.867008
      ],
      [
       -87.664133,
       41.864436
      ],
      [
       -87.662169,
       41.861997
      ],
      [
       -87.659893,
       41.859712
      ],
      [
       -87.657327,
       41.857604
      ],
      [
       -87.654497,
       41.855694
      ],
      [
       -87.651428,
       41.853999
      ],
      [
       -87.648151,
       41.852537
      ],
      [
       -87.644698,
       41.851321
      ],
      [
       -87.641101,
       41.850363
      ],
      [
       -87.637395,
       41.849671
      ],
      [
       -87.633616,
       41.849254
      ],
      [
       -87.6298,
       41.849114
      ],
      [
       -87.625984,
       41.849254
      ],
      [
       -87.622205,
       41.849671
      ],
      [
       -87.618499,
       41.850363
      ],
      [
       -87.614902,
       41.851321
      ],
      [
       -87.611449,
       41.852537
      ],
      [
       -87.608172,
       41.853999
      ],
      [
       -87.605103,
       41.855694
      ],
      [
       -87.602273,
       41.857604
      ],
      [
       -87.599707,
       41.859712
      ],
      [
       -87.597431,
       41.861997
      ],
      [
       -87.595467,
       41.864436
      ],
      [
       -87.593834,
       41.867008
      ],
      [
       -87.592547,
       41.869686
      ],
      [
       -87.591619,
       41.872445
      ],
      [
       -87.591058,
       41.875259
      ],
      [
       -87.590871,
       41.8781
      ]
     ]
    ]
   }
  },
  {
   "type": "Feature",
   "properties": {
    "utility": "ComEd",
    "docket": "22-0486/23-0055/24-0181",
    "status": "in_service",
    "group": "2. Substation capacity",
    "project_id": "76780",
    "project_name": "Install 3rd TR & switchgear building at TDC469 Evergreen Park",
    "category": "Capacity Expansion",
    "asset_type": "transformer addition",
    "feeder_id": "",
    "substation": "",
    "place": "Evergreen Park",
    "county": "Cook",
    "region": "",
    "program_year": "2024",
    "cost_usd": 19797402,
    "est_headroom_mw": "",
    "loc_method": "substation_match",
    "uncertainty_mi": 0.5,
    "feeder_match": "",
    "sub_nearest": "S0593",
    "sub_nearest_mi": 0.56,
    "sub_hc_kw": 6772,
    "sub_candidates": "S0593;S0636;S0696;S0742",
    "hosting_capacity_flag": "possible",
    "removal_risk": "none - complete",
    "risk_reason": "Already placed in service, so there is nothing left to cut. Useful as evidence of where each utility has actually been adding capacity, rather than where it says it will.",
    "program_id": "",
    "itn": "76780",
    "ce_type": "",
    "voltage_kv": "",
    "driver": "",
    "nwa_status": "",
    "source": "ComEd quarterly Sect 16-108.18(f)(5) Investment Reports, 2024-2025",
    "notes": "From ComEd's quarterly investment reporting. Named substation, so geocodable to the town - but the town centroid is NOT the substation site. LOCATION UPGRADED: snapped to derived ComEd substation S0593, the only known substation within 1.5 mi of the named town. Its as-built substation hosting capacity is 6772 kW. Matched by proximity, not by ID - ComEd's public map is anonymized, so this is a strong inference rather than a confirmed identity."
   },
   "geometry": {
    "type": "Polygon",
    "coordinates": [
     [
      [
       -87.697421,
       41.72728
      ],
      [
       -87.697467,
       41.72799
      ],
      [
       -87.697607,
       41.728694
      ],
      [
       -87.697839,
       41.729384
      ],
      [
       -87.69816,
       41.730053
      ],
      [
       -87.698567,
       41.730696
      ],
      [
       -87.699057,
       41.731306
      ],
      [
       -87.699624,
       41.731877
      ],
      [
       -87.700264,
       41.732404
      ],
      [
       -87.70097,
       41.732882
      ],
      [
       -87.701736,
       41.733305
      ],
      [
       -87.702553,
       41.733671
      ],
      [
       -87.703414,
       41.733975
      ],
      [
       -87.704311,
       41.734214
      ],
      [
       -87.705236,
       41.734387
      ],
      [
       -87.706178,
       41.734491
      ],
      [
       -87.70713,
       41.734526
      ],
      [
       -87.708082,
       41.734491
      ],
      [
       -87.709024,
       41.734387
      ],
      [
       -87.709949,
       41.734214
      ],
      [
       -87.710846,
       41.733975
      ],
      [
       -87.711707,
       41.733671
      ],
      [
       -87.712524,
       41.733305
      ],
      [
       -87.71329,
       41.732882
      ],
      [
       -87.713996,
       41.732404
      ],
      [
       -87.714636,
       41.731877
      ],
      [
       -87.715203,
       41.731306
      ],
      [
       -87.715693,
       41.730696
      ],
      [
       -87.7161,
       41.730053
      ],
      [
       -87.716421,
       41.729384
      ],
      [
       -87.716653,
       41.728694
      ],
      [
       -87.716793,
       41.72799
      ],
      [
       -87.716839,
       41.72728
      ],
      [
       -87.716793,
       41.72657
      ],
      [
       -87.716653,
       41.725866
      ],
      [
       -87.716421,
       41.725176
      ],
      [
       -87.7161,
       41.724507
      ],
      [
       -87.715693,
       41.723864
      ],
      [
       -87.715203,
       41.723254
      ],
      [
       -87.714636,
       41.722683
      ],
      [
       -87.713996,
       41.722156
      ],
      [
       -87.71329,
       41.721678
      ],
      [
       -87.712524,
       41.721255
      ],
      [
       -87.711707,
       41.720889
      ],
      [
       -87.710846,
       41.720585
      ],
      [
       -87.709949,
       41.720346
      ],
      [
       -87.709024,
       41.720173
      ],
      [
       -87.708082,
       41.720069
      ],
      [
       -87.70713,
       41.720034
      ],
      [
       -87.706178,
       41.720069
      ],
      [
       -87.705236,
       41.720173
      ],
      [
       -87.704311,
       41.720346
      ],
      [
       -87.703414,
       41.720585
      ],
      [
       -87.702553,
       41.720889
      ],
      [
       -87.701736,
       41.721255
      ],
      [
       -87.70097,
       41.721678
      ],
      [
       -87.700264,
       41.722156
      ],
      [
       -87.699624,
       41.722683
      ],
      [
       -87.699057,
       41.723254
      ],
      [
       -87.698567,
       41.723864
      ],
      [
       -87.69816,
       41.724507
      ],
      [
       -87.697839,
       41.725176
      ],
      [
       -87.697607,
       41.725866
      ],
      [
       -87.697467,
       41.72657
      ],
      [
       -87.697421,
       41.72728
      ]
     ]
    ]
   }
  },
  {
   "type": "Feature",
   "properties": {
    "utility": "ComEd",
    "docket": "22-0486/23-0055/24-0181",
    "status": "in_service",
    "group": "2. Substation capacity",
    "project_id": "67908",
    "project_name": "TSS79 34.5kV bus reconfiguration",
    "category": "Capacity Expansion",
    "asset_type": "substation reconfiguration",
    "feeder_id": "",
    "substation": "",
    "place": "Chicago",
    "county": "Cook",
    "region": "",
    "program_year": "2024",
    "cost_usd": 35731422,
    "est_headroom_mw": "",
    "loc_method": "municipality_centroid",
    "uncertainty_mi": 2.0,
    "feeder_match": "",
    "sub_nearest": "S0710",
    "sub_nearest_mi": 0.19,
    "sub_hc_kw": 8910,
    "sub_candidates": "S0710;S0634;S0723;S0740;S0633;S0706;S0698;S0635;S0722;S0697;S0658;S0735;S0504;S0520;S0632;S0637;S0713",
    "hosting_capacity_flag": "possible",
    "removal_risk": "none - complete",
    "risk_reason": "Already placed in service, so there is nothing left to cut. Useful as evidence of where each utility has actually been adding capacity, rather than where it says it will.",
    "program_id": "",
    "itn": "67908",
    "ce_type": "",
    "voltage_kv": "",
    "driver": "",
    "nwa_status": "",
    "source": "ComEd quarterly Sect 16-108.18(f)(5) Investment Reports, 2024-2025",
    "notes": "From ComEd's quarterly investment reporting. Named substation, so geocodable to the town - but the town centroid is NOT the substation site."
   },
   "geometry": {
    "type": "Polygon",
    "coordinates": [
     [
      [
       -87.590871,
       41.8781
      ],
      [
       -87.591058,
       41.880941
      ],
      [
       -87.591619,
       41.883755
      ],
      [
       -87.592547,
       41.886514
      ],
      [
       -87.593834,
       41.889192
      ],
      [
       -87.595467,
       41.891764
      ],
      [
       -87.597431,
       41.894203
      ],
      [
       -87.599707,
       41.896488
      ],
      [
       -87.602273,
       41.898596
      ],
      [
       -87.605103,
       41.900506
      ],
      [
       -87.608172,
       41.902201
      ],
      [
       -87.611449,
       41.903663
      ],
      [
       -87.614902,
       41.904879
      ],
      [
       -87.618499,
       41.905837
      ],
      [
       -87.622205,
       41.906529
      ],
      [
       -87.625984,
       41.906946
      ],
      [
       -87.6298,
       41.907086
      ],
      [
       -87.633616,
       41.906946
      ],
      [
       -87.637395,
       41.906529
      ],
      [
       -87.641101,
       41.905837
      ],
      [
       -87.644698,
       41.904879
      ],
      [
       -87.648151,
       41.903663
      ],
      [
       -87.651428,
       41.902201
      ],
      [
       -87.654497,
       41.900506
      ],
      [
       -87.657327,
       41.898596
      ],
      [
       -87.659893,
       41.896488
      ],
      [
       -87.662169,
       41.894203
      ],
      [
       -87.664133,
       41.891764
      ],
      [
       -87.665766,
       41.889192
      ],
      [
       -87.667053,
       41.886514
      ],
      [
       -87.667981,
       41.883755
      ],
      [
       -87.668542,
       41.880941
      ],
      [
       -87.668729,
       41.8781
      ],
      [
       -87.668542,
       41.875259
      ],
      [
       -87.667981,
       41.872445
      ],
      [
       -87.667053,
       41.869686
      ],
      [
       -87.665766,
       41.867008
      ],
      [
       -87.664133,
       41.864436
      ],
      [
       -87.662169,
       41.861997
      ],
      [
       -87.659893,
       41.859712
      ],
      [
       -87.657327,
       41.857604
      ],
      [
       -87.654497,
       41.855694
      ],
      [
       -87.651428,
       41.853999
      ],
      [
       -87.648151,
       41.852537
      ],
      [
       -87.644698,
       41.851321
      ],
      [
       -87.641101,
       41.850363
      ],
      [
       -87.637395,
       41.849671
      ],
      [
       -87.633616,
       41.849254
      ],
      [
       -87.6298,
       41.849114
      ],
      [
       -87.625984,
       41.849254
      ],
      [
       -87.622205,
       41.849671
      ],
      [
       -87.618499,
       41.850363
      ],
      [
       -87.614902,
       41.851321
      ],
      [
       -87.611449,
       41.852537
      ],
      [
       -87.608172,
       41.853999
      ],
      [
       -87.605103,
       41.855694
      ],
      [
       -87.602273,
       41.857604
      ],
      [
       -87.599707,
       41.859712
      ],
      [
       -87.597431,
       41.861997
      ],
      [
       -87.595467,
       41.864436
      ],
      [
       -87.593834,
       41.867008
      ],
      [
       -87.592547,
       41.869686
      ],
      [
       -87.591619,
       41.872445
      ],
      [
       -87.591058,
       41.875259
      ],
      [
       -87.590871,
       41.8781
      ]
     ]
    ]
   }
  },
  {
   "type": "Feature",
   "properties": {
    "utility": "ComEd",
    "docket": "22-0486/23-0055/24-0181",
    "status": "approved",
    "group": "2. Substation capacity",
    "project_id": "79696",
    "project_name": "Install 3rd TR (40MVA) at TDC282 Zion",
    "category": "Capacity Expansion",
    "asset_type": "transformer addition",
    "feeder_id": "",
    "substation": "",
    "place": "Zion",
    "county": "Lake",
    "region": "",
    "program_year": "2024",
    "cost_usd": 5906402,
    "est_headroom_mw": "",
    "loc_method": "municipality_centroid",
    "uncertainty_mi": 2.0,
    "feeder_match": "",
    "sub_nearest": "S0554",
    "sub_nearest_mi": 1.75,
    "sub_hc_kw": 342,
    "sub_candidates": "S0554",
    "hosting_capacity_flag": "possible",
    "removal_risk": "none - approved",
    "risk_reason": "Already approved by the ICC and in execution. Timing can still slip: Ameren's Sidney and New Berlin projects were both dropped from the 2024-2027 portfolio after approval.",
    "program_id": "",
    "itn": "79696",
    "ce_type": "",
    "voltage_kv": "",
    "driver": "",
    "nwa_status": "",
    "source": "ComEd quarterly Sect 16-108.18(f)(5) Investment Reports, 2024-2025",
    "notes": "From ComEd's quarterly investment reporting. Named substation, so geocodable to the town - but the town centroid is NOT the substation site."
   },
   "geometry": {
    "type": "Polygon",
    "coordinates": [
     [
      [
       -87.793519,
       42.4475
      ],
      [
       -87.793708,
       42.450341
      ],
      [
       -87.794273,
       42.453155
      ],
      [
       -87.79521,
       42.455914
      ],
      [
       -87.796509,
       42.458592
      ],
      [
       -87.798157,
       42.461164
      ],
      [
       -87.800139,
       42.463603
      ],
      [
       -87.802435,
       42.465888
      ],
      [
       -87.805024,
       42.467996
      ],
      [
       -87.80788,
       42.469906
      ],
      [
       -87.810976,
       42.471601
      ],
      [
       -87.814283,
       42.473063
      ],
      [
       -87.817768,
       42.474279
      ],
      [
       -87.821397,
       42.475237
      ],
      [
       -87.825137,
       42.475929
      ],
      [
       -87.82895,
       42.476346
      ],
      [
       -87.8328,
       42.476486
      ],
      [
       -87.83665,
       42.476346
      ],
      [
       -87.840463,
       42.475929
      ],
      [
       -87.844203,
       42.475237
      ],
      [
       -87.847832,
       42.474279
      ],
      [
       -87.851317,
       42.473063
      ],
      [
       -87.854624,
       42.471601
      ],
      [
       -87.85772,
       42.469906
      ],
      [
       -87.860576,
       42.467996
      ],
      [
       -87.863165,
       42.465888
      ],
      [
       -87.865461,
       42.463603
      ],
      [
       -87.867443,
       42.461164
      ],
      [
       -87.869091,
       42.458592
      ],
      [
       -87.87039,
       42.455914
      ],
      [
       -87.871327,
       42.453155
      ],
      [
       -87.871892,
       42.450341
      ],
      [
       -87.872081,
       42.4475
      ],
      [
       -87.871892,
       42.444659
      ],
      [
       -87.871327,
       42.441845
      ],
      [
       -87.87039,
       42.439086
      ],
      [
       -87.869091,
       42.436408
      ],
      [
       -87.867443,
       42.433836
      ],
      [
       -87.865461,
       42.431397
      ],
      [
       -87.863165,
       42.429112
      ],
      [
       -87.860576,
       42.427004
      ],
      [
       -87.85772,
       42.425094
      ],
      [
       -87.854624,
       42.423399
      ],
      [
       -87.851317,
       42.421937
      ],
      [
       -87.847832,
       42.420721
      ],
      [
       -87.844203,
       42.419763
      ],
      [
       -87.840463,
       42.419071
      ],
      [
       -87.83665,
       42.418654
      ],
      [
       -87.8328,
       42.418514
      ],
      [
       -87.82895,
       42.418654
      ],
      [
       -87.825137,
       42.419071
      ],
      [
       -87.821397,
       42.419763
      ],
      [
       -87.817768,
       42.420721
      ],
      [
       -87.814283,
       42.421937
      ],
      [
       -87.810976,
       42.423399
      ],
      [
       -87.80788,
       42.425094
      ],
      [
       -87.805024,
       42.427004
      ],
      [
       -87.802435,
       42.429112
      ],
      [
       -87.800139,
       42.431397
      ],
      [
       -87.798157,
       42.433836
      ],
      [
       -87.796509,
       42.436408
      ],
      [
       -87.79521,
       42.439086
      ],
      [
       -87.794273,
       42.441845
      ],
      [
       -87.793708,
       42.444659
      ],
      [
       -87.793519,
       42.4475
      ]
     ]
    ]
   }
  },
  {
   "type": "Feature",
   "properties": {
    "utility": "ComEd",
    "docket": "22-0486/23-0055/24-0181",
    "status": "approved",
    "group": "2. Substation capacity",
    "project_id": "50576",
    "project_name": "Crosby TSS82 install 5th 50 MVA transformer",
    "category": "Capacity Expansion",
    "asset_type": "transformer addition",
    "feeder_id": "",
    "substation": "",
    "place": "Chicago",
    "county": "Cook",
    "region": "",
    "program_year": "2024",
    "cost_usd": 2220234,
    "est_headroom_mw": "",
    "loc_method": "municipality_centroid",
    "uncertainty_mi": 2.0,
    "feeder_match": "",
    "sub_nearest": "S0710",
    "sub_nearest_mi": 0.19,
    "sub_hc_kw": 8910,
    "sub_candidates": "S0710;S0634;S0723;S0740;S0633;S0706;S0698;S0635;S0722;S0697;S0658;S0735;S0504;S0520;S0632;S0637;S0713",
    "hosting_capacity_flag": "possible",
    "removal_risk": "none - approved",
    "risk_reason": "Already approved by the ICC and in execution. Timing can still slip: Ameren's Sidney and New Berlin projects were both dropped from the 2024-2027 portfolio after approval.",
    "program_id": "",
    "itn": "50576",
    "ce_type": "",
    "voltage_kv": "",
    "driver": "",
    "nwa_status": "",
    "source": "ComEd quarterly Sect 16-108.18(f)(5) Investment Reports, 2024-2025",
    "notes": "From ComEd's quarterly investment reporting. Named substation, so geocodable to the town - but the town centroid is NOT the substation site."
   },
   "geometry": {
    "type": "Polygon",
    "coordinates": [
     [
      [
       -87.590871,
       41.8781
      ],
      [
       -87.591058,
       41.880941
      ],
      [
       -87.591619,
       41.883755
      ],
      [
       -87.592547,
       41.886514
      ],
      [
       -87.593834,
       41.889192
      ],
      [
       -87.595467,
       41.891764
      ],
      [
       -87.597431,
       41.894203
      ],
      [
       -87.599707,
       41.896488
      ],
      [
       -87.602273,
       41.898596
      ],
      [
       -87.605103,
       41.900506
      ],
      [
       -87.608172,
       41.902201
      ],
      [
       -87.611449,
       41.903663
      ],
      [
       -87.614902,
       41.904879
      ],
      [
       -87.618499,
       41.905837
      ],
      [
       -87.622205,
       41.906529
      ],
      [
       -87.625984,
       41.906946
      ],
      [
       -87.6298,
       41.907086
      ],
      [
       -87.633616,
       41.906946
      ],
      [
       -87.637395,
       41.906529
      ],
      [
       -87.641101,
       41.905837
      ],
      [
       -87.644698,
       41.904879
      ],
      [
       -87.648151,
       41.903663
      ],
      [
       -87.651428,
       41.902201
      ],
      [
       -87.654497,
       41.900506
      ],
      [
       -87.657327,
       41.898596
      ],
      [
       -87.659893,
       41.896488
      ],
      [
       -87.662169,
       41.894203
      ],
      [
       -87.664133,
       41.891764
      ],
      [
       -87.665766,
       41.889192
      ],
      [
       -87.667053,
       41.886514
      ],
      [
       -87.667981,
       41.883755
      ],
      [
       -87.668542,
       41.880941
      ],
      [
       -87.668729,
       41.8781
      ],
      [
       -87.668542,
       41.875259
      ],
      [
       -87.667981,
       41.872445
      ],
      [
       -87.667053,
       41.869686
      ],
      [
       -87.665766,
       41.867008
      ],
      [
       -87.664133,
       41.864436
      ],
      [
       -87.662169,
       41.861997
      ],
      [
       -87.659893,
       41.859712
      ],
      [
       -87.657327,
       41.857604
      ],
      [
       -87.654497,
       41.855694
      ],
      [
       -87.651428,
       41.853999
      ],
      [
       -87.648151,
       41.852537
      ],
      [
       -87.644698,
       41.851321
      ],
      [
       -87.641101,
       41.850363
      ],
      [
       -87.637395,
       41.849671
      ],
      [
       -87.633616,
       41.849254
      ],
      [
       -87.6298,
       41.849114
      ],
      [
       -87.625984,
       41.849254
      ],
      [
       -87.622205,
       41.849671
      ],
      [
       -87.618499,
       41.850363
      ],
      [
       -87.614902,
       41.851321
      ],
      [
       -87.611449,
       41.852537
      ],
      [
       -87.608172,
       41.853999
      ],
      [
       -87.605103,
       41.855694
      ],
      [
       -87.602273,
       41.857604
      ],
      [
       -87.599707,
       41.859712
      ],
      [
       -87.597431,
       41.861997
      ],
      [
       -87.595467,
       41.864436
      ],
      [
       -87.593834,
       41.867008
      ],
      [
       -87.592547,
       41.869686
      ],
      [
       -87.591619,
       41.872445
      ],
      [
       -87.591058,
       41.875259
      ],
      [
       -87.590871,
       41.8781
      ]
     ]
    ]
   }
  },
  {
   "type": "Feature",
   "properties": {
    "utility": "ComEd",
    "docket": "22-0486/23-0055/24-0181",
    "status": "in_service",
    "group": "4. DER & hosting capacity",
    "project_id": "74954",
    "project_name": "Bronzeville Microgrid DER - Oakland",
    "category": "Capacity Expansion",
    "asset_type": "microgrid / DER",
    "feeder_id": "",
    "substation": "",
    "place": "Bronzeville",
    "county": "Cook",
    "region": "",
    "program_year": "2024",
    "cost_usd": 4366074,
    "est_headroom_mw": "",
    "loc_method": "municipality_centroid",
    "uncertainty_mi": 2.0,
    "feeder_match": "",
    "sub_nearest": "",
    "sub_nearest_mi": "",
    "sub_hc_kw": "",
    "sub_candidates": "",
    "hosting_capacity_flag": "possible",
    "removal_risk": "none - complete",
    "risk_reason": "Already placed in service, so there is nothing left to cut. Useful as evidence of where each utility has actually been adding capacity, rather than where it says it will.",
    "program_id": "",
    "itn": "74954",
    "ce_type": "",
    "voltage_kv": "",
    "driver": "",
    "nwa_status": "",
    "source": "ComEd quarterly Sect 16-108.18(f)(5) Investment Reports, 2024-2025",
    "notes": "From ComEd's quarterly investment reporting. Named substation, so geocodable to the town - but the town centroid is NOT the substation site."
   },
   "geometry": {
    "type": "Polygon",
    "coordinates": [
     [
      [
       -87.57711,
       41.813
      ],
      [
       -87.577297,
       41.815841
      ],
      [
       -87.577857,
       41.818655
      ],
      [
       -87.578785,
       41.821414
      ],
      [
       -87.580071,
       41.824092
      ],
      [
       -87.581702,
       41.826664
      ],
      [
       -87.583664,
       41.829103
      ],
      [
       -87.585938,
       41.831388
      ],
      [
       -87.588501,
       41.833496
      ],
      [
       -87.591329,
       41.835406
      ],
      [
       -87.594394,
       41.837101
      ],
      [
       -87.597667,
       41.838563
      ],
      [
       -87.601118,
       41.839779
      ],
      [
       -87.604711,
       41.840737
      ],
      [
       -87.608413,
       41.841429
      ],
      [
       -87.612188,
       41.841846
      ],
      [
       -87.616,
       41.841986
      ],
      [
       -87.619812,
       41.841846
      ],
      [
       -87.623587,
       41.841429
      ],
      [
       -87.627289,
       41.840737
      ],
      [
       -87.630882,
       41.839779
      ],
      [
       -87.634333,
       41.838563
      ],
      [
       -87.637606,
       41.837101
      ],
      [
       -87.640671,
       41.835406
      ],
      [
       -87.643499,
       41.833496
      ],
      [
       -87.646062,
       41.831388
      ],
      [
       -87.648336,
       41.829103
      ],
      [
       -87.650298,
       41.826664
      ],
      [
       -87.651929,
       41.824092
      ],
      [
       -87.653215,
       41.821414
      ],
      [
       -87.654143,
       41.818655
      ],
      [
       -87.654703,
       41.815841
      ],
      [
       -87.65489,
       41.813
      ],
      [
       -87.654703,
       41.810159
      ],
      [
       -87.654143,
       41.807345
      ],
      [
       -87.653215,
       41.804586
      ],
      [
       -87.651929,
       41.801908
      ],
      [
       -87.650298,
       41.799336
      ],
      [
       -87.648336,
       41.796897
      ],
      [
       -87.646062,
       41.794612
      ],
      [
       -87.643499,
       41.792504
      ],
      [
       -87.640671,
       41.790594
      ],
      [
       -87.637606,
       41.788899
      ],
      [
       -87.634333,
       41.787437
      ],
      [
       -87.630882,
       41.786221
      ],
      [
       -87.627289,
       41.785263
      ],
      [
       -87.623587,
       41.784571
      ],
      [
       -87.619812,
       41.784154
      ],
      [
       -87.616,
       41.784014
      ],
      [
       -87.612188,
       41.784154
      ],
      [
       -87.608413,
       41.784571
      ],
      [
       -87.604711,
       41.785263
      ],
      [
       -87.601118,
       41.786221
      ],
      [
       -87.597667,
       41.787437
      ],
      [
       -87.594394,
       41.788899
      ],
      [
       -87.591329,
       41.790594
      ],
      [
       -87.588501,
       41.792504
      ],
      [
       -87.585938,
       41.794612
      ],
      [
       -87.583664,
       41.796897
      ],
      [
       -87.581702,
       41.799336
      ],
      [
       -87.580071,
       41.801908
      ],
      [
       -87.578785,
       41.804586
      ],
      [
       -87.577857,
       41.807345
      ],
      [
       -87.577297,
       41.810159
      ],
      [
       -87.57711,
       41.813
      ]
     ]
    ]
   }
  },
  {
   "type": "Feature",
   "properties": {
    "utility": "ComEd",
    "docket": "22-0486/23-0055/24-0181",
    "status": "approved",
    "group": "2. Substation capacity",
    "project_id": "76913",
    "project_name": "TSS79 Spaulding TR76 replacement",
    "category": "Capacity Expansion",
    "asset_type": "transformer replacement",
    "feeder_id": "",
    "substation": "",
    "place": "Chicago",
    "county": "Cook",
    "region": "",
    "program_year": "2024",
    "cost_usd": 2528029,
    "est_headroom_mw": "",
    "loc_method": "municipality_centroid",
    "uncertainty_mi": 2.0,
    "feeder_match": "",
    "sub_nearest": "S0710",
    "sub_nearest_mi": 0.19,
    "sub_hc_kw": 8910,
    "sub_candidates": "S0710;S0634;S0723;S0740;S0633;S0706;S0698;S0635;S0722;S0697;S0658;S0735;S0504;S0520;S0632;S0637;S0713",
    "hosting_capacity_flag": "possible",
    "removal_risk": "none - approved",
    "risk_reason": "Already approved by the ICC and in execution. Timing can still slip: Ameren's Sidney and New Berlin projects were both dropped from the 2024-2027 portfolio after approval.",
    "program_id": "",
    "itn": "76913",
    "ce_type": "",
    "voltage_kv": "",
    "driver": "",
    "nwa_status": "",
    "source": "ComEd quarterly Sect 16-108.18(f)(5) Investment Reports, 2024-2025",
    "notes": "From ComEd's quarterly investment reporting. Named substation, so geocodable to the town - but the town centroid is NOT the substation site."
   },
   "geometry": {
    "type": "Polygon",
    "coordinates": [
     [
      [
       -87.590871,
       41.8781
      ],
      [
       -87.591058,
       41.880941
      ],
      [
       -87.591619,
       41.883755
      ],
      [
       -87.592547,
       41.886514
      ],
      [
       -87.593834,
       41.889192
      ],
      [
       -87.595467,
       41.891764
      ],
      [
       -87.597431,
       41.894203
      ],
      [
       -87.599707,
       41.896488
      ],
      [
       -87.602273,
       41.898596
      ],
      [
       -87.605103,
       41.900506
      ],
      [
       -87.608172,
       41.902201
      ],
      [
       -87.611449,
       41.903663
      ],
      [
       -87.614902,
       41.904879
      ],
      [
       -87.618499,
       41.905837
      ],
      [
       -87.622205,
       41.906529
      ],
      [
       -87.625984,
       41.906946
      ],
      [
       -87.6298,
       41.907086
      ],
      [
       -87.633616,
       41.906946
      ],
      [
       -87.637395,
       41.906529
      ],
      [
       -87.641101,
       41.905837
      ],
      [
       -87.644698,
       41.904879
      ],
      [
       -87.648151,
       41.903663
      ],
      [
       -87.651428,
       41.902201
      ],
      [
       -87.654497,
       41.900506
      ],
      [
       -87.657327,
       41.898596
      ],
      [
       -87.659893,
       41.896488
      ],
      [
       -87.662169,
       41.894203
      ],
      [
       -87.664133,
       41.891764
      ],
      [
       -87.665766,
       41.889192
      ],
      [
       -87.667053,
       41.886514
      ],
      [
       -87.667981,
       41.883755
      ],
      [
       -87.668542,
       41.880941
      ],
      [
       -87.668729,
       41.8781
      ],
      [
       -87.668542,
       41.875259
      ],
      [
       -87.667981,
       41.872445
      ],
      [
       -87.667053,
       41.869686
      ],
      [
       -87.665766,
       41.867008
      ],
      [
       -87.664133,
       41.864436
      ],
      [
       -87.662169,
       41.861997
      ],
      [
       -87.659893,
       41.859712
      ],
      [
       -87.657327,
       41.857604
      ],
      [
       -87.654497,
       41.855694
      ],
      [
       -87.651428,
       41.853999
      ],
      [
       -87.648151,
       41.852537
      ],
      [
       -87.644698,
       41.851321
      ],
      [
       -87.641101,
       41.850363
      ],
      [
       -87.637395,
       41.849671
      ],
      [
       -87.633616,
       41.849254
      ],
      [
       -87.6298,
       41.849114
      ],
      [
       -87.625984,
       41.849254
      ],
      [
       -87.622205,
       41.849671
      ],
      [
       -87.618499,
       41.850363
      ],
      [
       -87.614902,
       41.851321
      ],
      [
       -87.611449,
       41.852537
      ],
      [
       -87.608172,
       41.853999
      ],
      [
       -87.605103,
       41.855694
      ],
      [
       -87.602273,
       41.857604
      ],
      [
       -87.599707,
       41.859712
      ],
      [
       -87.597431,
       41.861997
      ],
      [
       -87.595467,
       41.864436
      ],
      [
       -87.593834,
       41.867008
      ],
      [
       -87.592547,
       41.869686
      ],
      [
       -87.591619,
       41.872445
      ],
      [
       -87.591058,
       41.875259
      ],
      [
       -87.590871,
       41.8781
      ]
     ]
    ]
   }
  },
  {
   "type": "Feature",
   "properties": {
    "utility": "ComEd",
    "docket": "22-0486/23-0055/24-0181",
    "status": "approved",
    "group": "2. Substation capacity",
    "project_id": "69892",
    "project_name": "SS603 Lawrence TR2",
    "category": "Capacity Expansion",
    "asset_type": "transformer",
    "feeder_id": "",
    "substation": "",
    "place": "Chicago",
    "county": "Cook",
    "region": "",
    "program_year": "2024",
    "cost_usd": 3276197,
    "est_headroom_mw": "",
    "loc_method": "municipality_centroid",
    "uncertainty_mi": 2.0,
    "feeder_match": "",
    "sub_nearest": "S0710",
    "sub_nearest_mi": 0.19,
    "sub_hc_kw": 8910,
    "sub_candidates": "S0710;S0634;S0723;S0740;S0633;S0706;S0698;S0635;S0722;S0697;S0658;S0735;S0504;S0520;S0632;S0637;S0713",
    "hosting_capacity_flag": "possible",
    "removal_risk": "none - approved",
    "risk_reason": "Already approved by the ICC and in execution. Timing can still slip: Ameren's Sidney and New Berlin projects were both dropped from the 2024-2027 portfolio after approval.",
    "program_id": "",
    "itn": "69892",
    "ce_type": "",
    "voltage_kv": "",
    "driver": "",
    "nwa_status": "",
    "source": "ComEd quarterly Sect 16-108.18(f)(5) Investment Reports, 2024-2025",
    "notes": "From ComEd's quarterly investment reporting. Named substation, so geocodable to the town - but the town centroid is NOT the substation site."
   },
   "geometry": {
    "type": "Polygon",
    "coordinates": [
     [
      [
       -87.590871,
       41.8781
      ],
      [
       -87.591058,
       41.880941
      ],
      [
       -87.591619,
       41.883755
      ],
      [
       -87.592547,
       41.886514
      ],
      [
       -87.593834,
       41.889192
      ],
      [
       -87.595467,
       41.891764
      ],
      [
       -87.597431,
       41.894203
      ],
      [
       -87.599707,
       41.896488
      ],
      [
       -87.602273,
       41.898596
      ],
      [
       -87.605103,
       41.900506
      ],
      [
       -87.608172,
       41.902201
      ],
      [
       -87.611449,
       41.903663
      ],
      [
       -87.614902,
       41.904879
      ],
      [
       -87.618499,
       41.905837
      ],
      [
       -87.622205,
       41.906529
      ],
      [
       -87.625984,
       41.906946
      ],
      [
       -87.6298,
       41.907086
      ],
      [
       -87.633616,
       41.906946
      ],
      [
       -87.637395,
       41.906529
      ],
      [
       -87.641101,
       41.905837
      ],
      [
       -87.644698,
       41.904879
      ],
      [
       -87.648151,
       41.903663
      ],
      [
       -87.651428,
       41.902201
      ],
      [
       -87.654497,
       41.900506
      ],
      [
       -87.657327,
       41.898596
      ],
      [
       -87.659893,
       41.896488
      ],
      [
       -87.662169,
       41.894203
      ],
      [
       -87.664133,
       41.891764
      ],
      [
       -87.665766,
       41.889192
      ],
      [
       -87.667053,
       41.886514
      ],
      [
       -87.667981,
       41.883755
      ],
      [
       -87.668542,
       41.880941
      ],
      [
       -87.668729,
       41.8781
      ],
      [
       -87.668542,
       41.875259
      ],
      [
       -87.667981,
       41.872445
      ],
      [
       -87.667053,
       41.869686
      ],
      [
       -87.665766,
       41.867008
      ],
      [
       -87.664133,
       41.864436
      ],
      [
       -87.662169,
       41.861997
      ],
      [
       -87.659893,
       41.859712
      ],
      [
       -87.657327,
       41.857604
      ],
      [
       -87.654497,
       41.855694
      ],
      [
       -87.651428,
       41.853999
      ],
      [
       -87.648151,
       41.852537
      ],
      [
       -87.644698,
       41.851321
      ],
      [
       -87.641101,
       41.850363
      ],
      [
       -87.637395,
       41.849671
      ],
      [
       -87.633616,
       41.849254
      ],
      [
       -87.6298,
       41.849114
      ],
      [
       -87.625984,
       41.849254
      ],
      [
       -87.622205,
       41.849671
      ],
      [
       -87.618499,
       41.850363
      ],
      [
       -87.614902,
       41.851321
      ],
      [
       -87.611449,
       41.852537
      ],
      [
       -87.608172,
       41.853999
      ],
      [
       -87.605103,
       41.855694
      ],
      [
       -87.602273,
       41.857604
      ],
      [
       -87.599707,
       41.859712
      ],
      [
       -87.597431,
       41.861997
      ],
      [
       -87.595467,
       41.864436
      ],
      [
       -87.593834,
       41.867008
      ],
      [
       -87.592547,
       41.869686
      ],
      [
       -87.591619,
       41.872445
      ],
      [
       -87.591058,
       41.875259
      ],
      [
       -87.590871,
       41.8781
      ]
     ]
    ]
   }
  },
  {
   "type": "Feature",
   "properties": {
    "utility": "ComEd",
    "docket": "22-0486/23-0055/24-0181",
    "status": "in_service",
    "group": "2. Substation capacity",
    "project_id": "69908",
    "project_name": "DCY310 Austin TR1",
    "category": "Capacity Expansion",
    "asset_type": "transformer",
    "feeder_id": "",
    "substation": "",
    "place": "Chicago",
    "county": "Cook",
    "region": "",
    "program_year": "2024",
    "cost_usd": 3269791,
    "est_headroom_mw": "",
    "loc_method": "municipality_centroid",
    "uncertainty_mi": 2.0,
    "feeder_match": "",
    "sub_nearest": "S0710",
    "sub_nearest_mi": 0.19,
    "sub_hc_kw": 8910,
    "sub_candidates": "S0710;S0634;S0723;S0740;S0633;S0706;S0698;S0635;S0722;S0697;S0658;S0735;S0504;S0520;S0632;S0637;S0713",
    "hosting_capacity_flag": "possible",
    "removal_risk": "none - complete",
    "risk_reason": "Already placed in service, so there is nothing left to cut. Useful as evidence of where each utility has actually been adding capacity, rather than where it says it will.",
    "program_id": "",
    "itn": "69908",
    "ce_type": "",
    "voltage_kv": "",
    "driver": "",
    "nwa_status": "",
    "source": "ComEd quarterly Sect 16-108.18(f)(5) Investment Reports, 2024-2025",
    "notes": "From ComEd's quarterly investment reporting. Named substation, so geocodable to the town - but the town centroid is NOT the substation site."
   },
   "geometry": {
    "type": "Polygon",
    "coordinates": [
     [
      [
       -87.590871,
       41.8781
      ],
      [
       -87.591058,
       41.880941
      ],
      [
       -87.591619,
       41.883755
      ],
      [
       -87.592547,
       41.886514
      ],
      [
       -87.593834,
       41.889192
      ],
      [
       -87.595467,
       41.891764
      ],
      [
       -87.597431,
       41.894203
      ],
      [
       -87.599707,
       41.896488
      ],
      [
       -87.602273,
       41.898596
      ],
      [
       -87.605103,
       41.900506
      ],
      [
       -87.608172,
       41.902201
      ],
      [
       -87.611449,
       41.903663
      ],
      [
       -87.614902,
       41.904879
      ],
      [
       -87.618499,
       41.905837
      ],
      [
       -87.622205,
       41.906529
      ],
      [
       -87.625984,
       41.906946
      ],
      [
       -87.6298,
       41.907086
      ],
      [
       -87.633616,
       41.906946
      ],
      [
       -87.637395,
       41.906529
      ],
      [
       -87.641101,
       41.905837
      ],
      [
       -87.644698,
       41.904879
      ],
      [
       -87.648151,
       41.903663
      ],
      [
       -87.651428,
       41.902201
      ],
      [
       -87.654497,
       41.900506
      ],
      [
       -87.657327,
       41.898596
      ],
      [
       -87.659893,
       41.896488
      ],
      [
       -87.662169,
       41.894203
      ],
      [
       -87.664133,
       41.891764
      ],
      [
       -87.665766,
       41.889192
      ],
      [
       -87.667053,
       41.886514
      ],
      [
       -87.667981,
       41.883755
      ],
      [
       -87.668542,
       41.880941
      ],
      [
       -87.668729,
       41.8781
      ],
      [
       -87.668542,
       41.875259
      ],
      [
       -87.667981,
       41.872445
      ],
      [
       -87.667053,
       41.869686
      ],
      [
       -87.665766,
       41.867008
      ],
      [
       -87.664133,
       41.864436
      ],
      [
       -87.662169,
       41.861997
      ],
      [
       -87.659893,
       41.859712
      ],
      [
       -87.657327,
       41.857604
      ],
      [
       -87.654497,
       41.855694
      ],
      [
       -87.651428,
       41.853999
      ],
      [
       -87.648151,
       41.852537
      ],
      [
       -87.644698,
       41.851321
      ],
      [
       -87.641101,
       41.850363
      ],
      [
       -87.637395,
       41.849671
      ],
      [
       -87.633616,
       41.849254
      ],
      [
       -87.6298,
       41.849114
      ],
      [
       -87.625984,
       41.849254
      ],
      [
       -87.622205,
       41.849671
      ],
      [
       -87.618499,
       41.850363
      ],
      [
       -87.614902,
       41.851321
      ],
      [
       -87.611449,
       41.852537
      ],
      [
       -87.608172,
       41.853999
      ],
      [
       -87.605103,
       41.855694
      ],
      [
       -87.602273,
       41.857604
      ],
      [
       -87.599707,
       41.859712
      ],
      [
       -87.597431,
       41.861997
      ],
      [
       -87.595467,
       41.864436
      ],
      [
       -87.593834,
       41.867008
      ],
      [
       -87.592547,
       41.869686
      ],
      [
       -87.591619,
       41.872445
      ],
      [
       -87.591058,
       41.875259
      ],
      [
       -87.590871,
       41.8781
      ]
     ]
    ]
   }
  },
  {
   "type": "Feature",
   "properties": {
    "utility": "ComEd",
    "docket": "22-0486/23-0055/24-0181",
    "status": "in_service",
    "group": "5. Reliability & hardening",
    "project_id": "74650",
    "project_name": "SS471 Pontiac hardening BT 1-7",
    "category": "Capacity Expansion",
    "asset_type": "substation hardening",
    "feeder_id": "",
    "substation": "",
    "place": "Pontiac",
    "county": "Livingston",
    "region": "",
    "program_year": "2024",
    "cost_usd": 2250482,
    "est_headroom_mw": "",
    "loc_method": "municipality_centroid",
    "uncertainty_mi": 2.0,
    "feeder_match": "",
    "sub_nearest": "S0734",
    "sub_nearest_mi": 2.97,
    "sub_hc_kw": 1692,
    "sub_candidates": "S0734",
    "hosting_capacity_flag": "possible",
    "removal_risk": "none - complete",
    "risk_reason": "Already placed in service, so there is nothing left to cut. Useful as evidence of where each utility has actually been adding capacity, rather than where it says it will.",
    "program_id": "",
    "itn": "74650",
    "ce_type": "",
    "voltage_kv": "",
    "driver": "",
    "nwa_status": "",
    "source": "ComEd quarterly Sect 16-108.18(f)(5) Investment Reports, 2024-2025",
    "notes": "From ComEd's quarterly investment reporting. Named substation, so geocodable to the town - but the town centroid is NOT the substation site."
   },
   "geometry": {
    "type": "Polygon",
    "coordinates": [
     [
      [
       -88.591463,
       40.8809
      ],
      [
       -88.591648,
       40.883741
      ],
      [
       -88.5922,
       40.886555
      ],
      [
       -88.593114,
       40.889314
      ],
      [
       -88.594381,
       40.891992
      ],
      [
       -88.59599,
       40.894564
      ],
      [
       -88.597924,
       40.897003
      ],
      [
       -88.600165,
       40.899288
      ],
      [
       -88.602692,
       40.901396
      ],
      [
       -88.605479,
       40.903306
      ],
      [
       -88.608501,
       40.905001
      ],
      [
       -88.611728,
       40.906463
      ],
      [
       -88.615129,
       40.907679
      ],
      [
       -88.618671,
       40.908637
      ],
      [
       -88.622321,
       40.909329
      ],
      [
       -88.626042,
       40.909746
      ],
      [
       -88.6298,
       40.909886
      ],
      [
       -88.633558,
       40.909746
      ],
      [
       -88.637279,
       40.909329
      ],
      [
       -88.640929,
       40.908637
      ],
      [
       -88.644471,
       40.907679
      ],
      [
       -88.647872,
       40.906463
      ],
      [
       -88.651099,
       40.905001
      ],
      [
       -88.654121,
       40.903306
      ],
      [
       -88.656908,
       40.901396
      ],
      [
       -88.659435,
       40.899288
      ],
      [
       -88.661676,
       40.897003
      ],
      [
       -88.66361,
       40.894564
      ],
      [
       -88.665219,
       40.891992
      ],
      [
       -88.666486,
       40.889314
      ],
      [
       -88.6674,
       40.886555
      ],
      [
       -88.667952,
       40.883741
      ],
      [
       -88.668137,
       40.8809
      ],
      [
       -88.667952,
       40.878059
      ],
      [
       -88.6674,
       40.875245
      ],
      [
       -88.666486,
       40.872486
      ],
      [
       -88.665219,
       40.869808
      ],
      [
       -88.66361,
       40.867236
      ],
      [
       -88.661676,
       40.864797
      ],
      [
       -88.659435,
       40.862512
      ],
      [
       -88.656908,
       40.860404
      ],
      [
       -88.654121,
       40.858494
      ],
      [
       -88.651099,
       40.856799
      ],
      [
       -88.647872,
       40.855337
      ],
      [
       -88.644471,
       40.854121
      ],
      [
       -88.640929,
       40.853163
      ],
      [
       -88.637279,
       40.852471
      ],
      [
       -88.633558,
       40.852054
      ],
      [
       -88.6298,
       40.851914
      ],
      [
       -88.626042,
       40.852054
      ],
      [
       -88.622321,
       40.852471
      ],
      [
       -88.618671,
       40.853163
      ],
      [
       -88.615129,
       40.854121
      ],
      [
       -88.611728,
       40.855337
      ],
      [
       -88.608501,
       40.856799
      ],
      [
       -88.605479,
       40.858494
      ],
      [
       -88.602692,
       40.860404
      ],
      [
       -88.600165,
       40.862512
      ],
      [
       -88.597924,
       40.864797
      ],
      [
       -88.59599,
       40.867236
      ],
      [
       -88.594381,
       40.869808
      ],
      [
       -88.593114,
       40.872486
      ],
      [
       -88.5922,
       40.875245
      ],
      [
       -88.591648,
       40.878059
      ],
      [
       -88.591463,
       40.8809
      ]
     ]
    ]
   }
  },
  {
   "type": "Feature",
   "properties": {
    "utility": "ComEd",
    "docket": "22-0486/23-0055/24-0181",
    "status": "in_service",
    "group": "5. Reliability & hardening",
    "project_id": "77304",
    "project_name": "TDC220 South Schaumburg fiber/resiliency",
    "category": "Capacity Expansion",
    "asset_type": "substation resiliency",
    "feeder_id": "",
    "substation": "",
    "place": "Schaumburg",
    "county": "Cook",
    "region": "",
    "program_year": "2024",
    "cost_usd": 12602901,
    "est_headroom_mw": "",
    "loc_method": "substation_match",
    "uncertainty_mi": 0.5,
    "feeder_match": "",
    "sub_nearest": "S0535",
    "sub_nearest_mi": 1.07,
    "sub_hc_kw": 5203,
    "sub_candidates": "S0535;S0549",
    "hosting_capacity_flag": "possible",
    "removal_risk": "none - complete",
    "risk_reason": "Already placed in service, so there is nothing left to cut. Useful as evidence of where each utility has actually been adding capacity, rather than where it says it will.",
    "program_id": "",
    "itn": "77304",
    "ce_type": "",
    "voltage_kv": "",
    "driver": "",
    "nwa_status": "",
    "source": "ComEd quarterly Sect 16-108.18(f)(5) Investment Reports, 2024-2025",
    "notes": "From ComEd's quarterly investment reporting. Named substation, so geocodable to the town - but the town centroid is NOT the substation site. LOCATION UPGRADED: snapped to derived ComEd substation S0535, the only known substation within 1.5 mi of the named town. Its as-built substation hosting capacity is 5203 kW. Matched by proximity, not by ID - ComEd's public map is anonymized, so this is a strong inference rather than a confirmed identity."
   },
   "geometry": {
    "type": "Polygon",
    "coordinates": [
     [
      [
       -88.054095,
       42.02796
      ],
      [
       -88.054142,
       42.02867
      ],
      [
       -88.054282,
       42.029374
      ],
      [
       -88.054515,
       42.030064
      ],
      [
       -88.054837,
       42.030733
      ],
      [
       -88.055247,
       42.031376
      ],
      [
       -88.055739,
       42.031986
      ],
      [
       -88.056309,
       42.032557
      ],
      [
       -88.056952,
       42.033084
      ],
      [
       -88.057661,
       42.033562
      ],
      [
       -88.05843,
       42.033985
      ],
      [
       -88.059251,
       42.034351
      ],
      [
       -88.060117,
       42.034655
      ],
      [
       -88.061018,
       42.034894
      ],
      [
       -88.061947,
       42.035067
      ],
      [
       -88.062894,
       42.035171
      ],
      [
       -88.06385,
       42.035206
      ],
      [
       -88.064806,
       42.035171
      ],
      [
       -88.065753,
       42.035067
      ],
      [
       -88.066682,
       42.034894
      ],
      [
       -88.067583,
       42.034655
      ],
      [
       -88.068449,
       42.034351
      ],
      [
       -88.06927,
       42.033985
      ],
      [
       -88.070039,
       42.033562
      ],
      [
       -88.070748,
       42.033084
      ],
      [
       -88.071391,
       42.032557
      ],
      [
       -88.071961,
       42.031986
      ],
      [
       -88.072453,
       42.031376
      ],
      [
       -88.072863,
       42.030733
      ],
      [
       -88.073185,
       42.030064
      ],
      [
       -88.073418,
       42.029374
      ],
      [
       -88.073558,
       42.02867
      ],
      [
       -88.073605,
       42.02796
      ],
      [
       -88.073558,
       42.02725
      ],
      [
       -88.073418,
       42.026546
      ],
      [
       -88.073185,
       42.025856
      ],
      [
       -88.072863,
       42.025187
      ],
      [
       -88.072453,
       42.024544
      ],
      [
       -88.071961,
       42.023934
      ],
      [
       -88.071391,
       42.023363
      ],
      [
       -88.070748,
       42.022836
      ],
      [
       -88.070039,
       42.022358
      ],
      [
       -88.06927,
       42.021935
      ],
      [
       -88.068449,
       42.021569
      ],
      [
       -88.067583,
       42.021265
      ],
      [
       -88.066682,
       42.021026
      ],
      [
       -88.065753,
       42.020853
      ],
      [
       -88.064806,
       42.020749
      ],
      [
       -88.06385,
       42.020714
      ],
      [
       -88.062894,
       42.020749
      ],
      [
       -88.061947,
       42.020853
      ],
      [
       -88.061018,
       42.021026
      ],
      [
       -88.060117,
       42.021265
      ],
      [
       -88.059251,
       42.021569
      ],
      [
       -88.05843,
       42.021935
      ],
      [
       -88.057661,
       42.022358
      ],
      [
       -88.056952,
       42.022836
      ],
      [
       -88.056309,
       42.023363
      ],
      [
       -88.055739,
       42.023934
      ],
      [
       -88.055247,
       42.024544
      ],
      [
       -88.054837,
       42.025187
      ],
      [
       -88.054515,
       42.025856
      ],
      [
       -88.054282,
       42.026546
      ],
      [
       -88.054142,
       42.02725
      ],
      [
       -88.054095,
       42.02796
      ]
     ]
    ]
   }
  },
  {
   "type": "Feature",
   "properties": {
    "utility": "ComEd",
    "docket": "22-0486/23-0055/24-0181",
    "status": "in_service",
    "group": "5. Reliability & hardening",
    "project_id": "77212",
    "project_name": "TSS60 Alsip fiber/resiliency",
    "category": "Capacity Expansion",
    "asset_type": "substation resiliency",
    "feeder_id": "",
    "substation": "",
    "place": "Alsip",
    "county": "Cook",
    "region": "",
    "program_year": "2024",
    "cost_usd": 3815905,
    "est_headroom_mw": "",
    "loc_method": "substation_match",
    "uncertainty_mi": 0.5,
    "feeder_match": "",
    "sub_nearest": "S0718",
    "sub_nearest_mi": 1.41,
    "sub_hc_kw": 27700,
    "sub_candidates": "S0718;S0591",
    "hosting_capacity_flag": "possible",
    "removal_risk": "none - complete",
    "risk_reason": "Already placed in service, so there is nothing left to cut. Useful as evidence of where each utility has actually been adding capacity, rather than where it says it will.",
    "program_id": "",
    "itn": "77212",
    "ce_type": "",
    "voltage_kv": "",
    "driver": "",
    "nwa_status": "",
    "source": "ComEd quarterly Sect 16-108.18(f)(5) Investment Reports, 2024-2025",
    "notes": "From ComEd's quarterly investment reporting. Named substation, so geocodable to the town - but the town centroid is NOT the substation site. LOCATION UPGRADED: snapped to derived ComEd substation S0718, the only known substation within 1.5 mi of the named town. Its as-built substation hosting capacity is 27700 kW. Matched by proximity, not by ID - ComEd's public map is anonymized, so this is a strong inference rather than a confirmed identity."
   },
   "geometry": {
    "type": "Polygon",
    "coordinates": [
     [
      [
       -87.732066,
       41.68862
      ],
      [
       -87.732113,
       41.68933
      ],
      [
       -87.732253,
       41.690034
      ],
      [
       -87.732484,
       41.690724
      ],
      [
       -87.732805,
       41.691393
      ],
      [
       -87.733212,
       41.692036
      ],
      [
       -87.733702,
       41.692646
      ],
      [
       -87.734269,
       41.693217
      ],
      [
       -87.734909,
       41.693744
      ],
      [
       -87.735614,
       41.694222
      ],
      [
       -87.736379,
       41.694645
      ],
      [
       -87.737196,
       41.695011
      ],
      [
       -87.738057,
       41.695315
      ],
      [
       -87.738953,
       41.695554
      ],
      [
       -87.739877,
       41.695727
      ],
      [
       -87.740819,
       41.695831
      ],
      [
       -87.74177,
       41.695866
      ],
      [
       -87.742721,
       41.695831
      ],
      [
       -87.743663,
       41.695727
      ],
      [
       -87.744587,
       41.695554
      ],
      [
       -87.745483,
       41.695315
      ],
      [
       -87.746344,
       41.695011
      ],
      [
       -87.747161,
       41.694645
      ],
      [
       -87.747926,
       41.694222
      ],
      [
       -87.748631,
       41.693744
      ],
      [
       -87.749271,
       41.693217
      ],
      [
       -87.749838,
       41.692646
      ],
      [
       -87.750328,
       41.692036
      ],
      [
       -87.750735,
       41.691393
      ],
      [
       -87.751056,
       41.690724
      ],
      [
       -87.751287,
       41.690034
      ],
      [
       -87.751427,
       41.68933
      ],
      [
       -87.751474,
       41.68862
      ],
      [
       -87.751427,
       41.68791
      ],
      [
       -87.751287,
       41.687206
      ],
      [
       -87.751056,
       41.686516
      ],
      [
       -87.750735,
       41.685847
      ],
      [
       -87.750328,
       41.685204
      ],
      [
       -87.749838,
       41.684594
      ],
      [
       -87.749271,
       41.684023
      ],
      [
       -87.748631,
       41.683496
      ],
      [
       -87.747926,
       41.683018
      ],
      [
       -87.747161,
       41.682595
      ],
      [
       -87.746344,
       41.682229
      ],
      [
       -87.745483,
       41.681925
      ],
      [
       -87.744587,
       41.681686
      ],
      [
       -87.743663,
       41.681513
      ],
      [
       -87.742721,
       41.681409
      ],
      [
       -87.74177,
       41.681374
      ],
      [
       -87.740819,
       41.681409
      ],
      [
       -87.739877,
       41.681513
      ],
      [
       -87.738953,
       41.681686
      ],
      [
       -87.738057,
       41.681925
      ],
      [
       -87.737196,
       41.682229
      ],
      [
       -87.736379,
       41.682595
      ],
      [
       -87.735614,
       41.683018
      ],
      [
       -87.734909,
       41.683496
      ],
      [
       -87.734269,
       41.684023
      ],
      [
       -87.733702,
       41.684594
      ],
      [
       -87.733212,
       41.685204
      ],
      [
       -87.732805,
       41.685847
      ],
      [
       -87.732484,
       41.686516
      ],
      [
       -87.732253,
       41.687206
      ],
      [
       -87.732113,
       41.68791
      ],
      [
       -87.732066,
       41.68862
      ]
     ]
    ]
   }
  },
  {
   "type": "Feature",
   "properties": {
    "utility": "ComEd",
    "docket": "22-0486/23-0055/24-0181",
    "status": "in_service",
    "group": "3. Feeders & lines",
    "project_id": "62472",
    "project_name": "34kV circuit rebuild L13349 - Sterling",
    "category": "Capacity Expansion",
    "asset_type": "line rebuild",
    "feeder_id": "",
    "substation": "",
    "place": "Sterling",
    "county": "Whiteside",
    "region": "",
    "program_year": "2024",
    "cost_usd": 6275643,
    "est_headroom_mw": "",
    "loc_method": "municipality_centroid",
    "uncertainty_mi": 2.0,
    "feeder_match": "",
    "sub_nearest": "",
    "sub_nearest_mi": "",
    "sub_hc_kw": "",
    "sub_candidates": "",
    "hosting_capacity_flag": "possible",
    "removal_risk": "none - complete",
    "risk_reason": "Already placed in service, so there is nothing left to cut. Useful as evidence of where each utility has actually been adding capacity, rather than where it says it will.",
    "program_id": "",
    "itn": "62472",
    "ce_type": "",
    "voltage_kv": "",
    "driver": "",
    "nwa_status": "",
    "source": "ComEd quarterly Sect 16-108.18(f)(5) Investment Reports, 2024-2025",
    "notes": "From ComEd's quarterly investment reporting. Named substation, so geocodable to the town - but the town centroid is NOT the substation site."
   },
   "geometry": {
    "type": "Polygon",
    "coordinates": [
     [
      [
       -89.657325,
       41.7886
      ],
      [
       -89.657512,
       41.791441
      ],
      [
       -89.658072,
       41.794255
      ],
      [
       -89.658999,
       41.797014
      ],
      [
       -89.660284,
       41.799692
      ],
      [
       -89.661915,
       41.802264
      ],
      [
       -89.663877,
       41.804703
      ],
      [
       -89.666149,
       41.806988
      ],
      [
       -89.668711,
       41.809096
      ],
      [
       -89.671538,
       41.811006
      ],
      [
       -89.674602,
       41.812701
      ],
      [
       -89.677874,
       41.814163
      ],
      [
       -89.681323,
       41.815379
      ],
      [
       -89.684915,
       41.816337
      ],
      [
       -89.688616,
       41.817029
      ],
      [
       -89.69239,
       41.817446
      ],
      [
       -89.6962,
       41.817586
      ],
      [
       -89.70001,
       41.817446
      ],
      [
       -89.703784,
       41.817029
      ],
      [
       -89.707485,
       41.816337
      ],
      [
       -89.711077,
       41.815379
      ],
      [
       -89.714526,
       41.814163
      ],
      [
       -89.717798,
       41.812701
      ],
      [
       -89.720862,
       41.811006
      ],
      [
       -89.723689,
       41.809096
      ],
      [
       -89.726251,
       41.806988
      ],
      [
       -89.728523,
       41.804703
      ],
      [
       -89.730485,
       41.802264
      ],
      [
       -89.732116,
       41.799692
      ],
      [
       -89.733401,
       41.797014
      ],
      [
       -89.734328,
       41.794255
      ],
      [
       -89.734888,
       41.791441
      ],
      [
       -89.735075,
       41.7886
      ],
      [
       -89.734888,
       41.785759
      ],
      [
       -89.734328,
       41.782945
      ],
      [
       -89.733401,
       41.780186
      ],
      [
       -89.732116,
       41.777508
      ],
      [
       -89.730485,
       41.774936
      ],
      [
       -89.728523,
       41.772497
      ],
      [
       -89.726251,
       41.770212
      ],
      [
       -89.723689,
       41.768104
      ],
      [
       -89.720862,
       41.766194
      ],
      [
       -89.717798,
       41.764499
      ],
      [
       -89.714526,
       41.763037
      ],
      [
       -89.711077,
       41.761821
      ],
      [
       -89.707485,
       41.760863
      ],
      [
       -89.703784,
       41.760171
      ],
      [
       -89.70001,
       41.759754
      ],
      [
       -89.6962,
       41.759614
      ],
      [
       -89.69239,
       41.759754
      ],
      [
       -89.688616,
       41.760171
      ],
      [
       -89.684915,
       41.760863
      ],
      [
       -89.681323,
       41.761821
      ],
      [
       -89.677874,
       41.763037
      ],
      [
       -89.674602,
       41.764499
      ],
      [
       -89.671538,
       41.766194
      ],
      [
       -89.668711,
       41.768104
      ],
      [
       -89.666149,
       41.770212
      ],
      [
       -89.663877,
       41.772497
      ],
      [
       -89.661915,
       41.774936
      ],
      [
       -89.660284,
       41.777508
      ],
      [
       -89.658999,
       41.780186
      ],
      [
       -89.658072,
       41.782945
      ],
      [
       -89.657512,
       41.785759
      ],
      [
       -89.657325,
       41.7886
      ]
     ]
    ]
   }
  },
  {
   "type": "Feature",
   "properties": {
    "utility": "ComEd",
    "docket": "22-0486/23-0055/24-0181",
    "status": "in_service",
    "group": "3. Feeders & lines",
    "project_id": "78753",
    "project_name": "34kV circuit rebuild L13349 - Rock Falls",
    "category": "Capacity Expansion",
    "asset_type": "line rebuild",
    "feeder_id": "",
    "substation": "",
    "place": "Rock Falls",
    "county": "Whiteside",
    "region": "",
    "program_year": "2024",
    "cost_usd": 3594841,
    "est_headroom_mw": "",
    "loc_method": "municipality_centroid",
    "uncertainty_mi": 2.0,
    "feeder_match": "",
    "sub_nearest": "",
    "sub_nearest_mi": "",
    "sub_hc_kw": "",
    "sub_candidates": "",
    "hosting_capacity_flag": "possible",
    "removal_risk": "none - complete",
    "risk_reason": "Already placed in service, so there is nothing left to cut. Useful as evidence of where each utility has actually been adding capacity, rather than where it says it will.",
    "program_id": "",
    "itn": "78753",
    "ce_type": "",
    "voltage_kv": "",
    "driver": "",
    "nwa_status": "",
    "source": "ComEd quarterly Sect 16-108.18(f)(5) Investment Reports, 2024-2025",
    "notes": "From ComEd's quarterly investment reporting. Named substation, so geocodable to the town - but the town centroid is NOT the substation site."
   },
   "geometry": {
    "type": "Polygon",
    "coordinates": [
     [
      [
       -89.649035,
       41.7717
      ],
      [
       -89.649222,
       41.774541
      ],
      [
       -89.649782,
       41.777355
      ],
      [
       -89.650709,
       41.780114
      ],
      [
       -89.651994,
       41.782792
      ],
      [
       -89.653624,
       41.785364
      ],
      [
       -89.655585,
       41.787803
      ],
      [
       -89.657857,
       41.790088
      ],
      [
       -89.660418,
       41.792196
      ],
      [
       -89.663244,
       41.794106
      ],
      [
       -89.666308,
       41.795801
      ],
      [
       -89.669579,
       41.797263
      ],
      [
       -89.673027,
       41.798479
      ],
      [
       -89.676618,
       41.799437
      ],
      [
       -89.680318,
       41.800129
      ],
      [
       -89.684091,
       41.800546
      ],
      [
       -89.6879,
       41.800686
      ],
      [
       -89.691709,
       41.800546
      ],
      [
       -89.695482,
       41.800129
      ],
      [
       -89.699182,
       41.799437
      ],
      [
       -89.702773,
       41.798479
      ],
      [
       -89.706221,
       41.797263
      ],
      [
       -89.709492,
       41.795801
      ],
      [
       -89.712556,
       41.794106
      ],
      [
       -89.715382,
       41.792196
      ],
      [
       -89.717943,
       41.790088
      ],
      [
       -89.720215,
       41.787803
      ],
      [
       -89.722176,
       41.785364
      ],
      [
       -89.723806,
       41.782792
      ],
      [
       -89.725091,
       41.780114
      ],
      [
       -89.726018,
       41.777355
      ],
      [
       -89.726578,
       41.774541
      ],
      [
       -89.726765,
       41.7717
      ],
      [
       -89.726578,
       41.768859
      ],
      [
       -89.726018,
       41.766045
      ],
      [
       -89.725091,
       41.763286
      ],
      [
       -89.723806,
       41.760608
      ],
      [
       -89.722176,
       41.758036
      ],
      [
       -89.720215,
       41.755597
      ],
      [
       -89.717943,
       41.753312
      ],
      [
       -89.715382,
       41.751204
      ],
      [
       -89.712556,
       41.749294
      ],
      [
       -89.709492,
       41.747599
      ],
      [
       -89.706221,
       41.746137
      ],
      [
       -89.702773,
       41.744921
      ],
      [
       -89.699182,
       41.743963
      ],
      [
       -89.695482,
       41.743271
      ],
      [
       -89.691709,
       41.742854
      ],
      [
       -89.6879,
       41.742714
      ],
      [
       -89.684091,
       41.742854
      ],
      [
       -89.680318,
       41.743271
      ],
      [
       -89.676618,
       41.743963
      ],
      [
       -89.673027,
       41.744921
      ],
      [
       -89.669579,
       41.746137
      ],
      [
       -89.666308,
       41.747599
      ],
      [
       -89.663244,
       41.749294
      ],
      [
       -89.660418,
       41.751204
      ],
      [
       -89.657857,
       41.753312
      ],
      [
       -89.655585,
       41.755597
      ],
      [
       -89.653624,
       41.758036
      ],
      [
       -89.651994,
       41.760608
      ],
      [
       -89.650709,
       41.763286
      ],
      [
       -89.649782,
       41.766045
      ],
      [
       -89.649222,
       41.768859
      ],
      [
       -89.649035,
       41.7717
      ]
     ]
    ]
   }
  },
  {
   "type": "Feature",
   "properties": {
    "utility": "ComEd",
    "docket": "22-0486/23-0055/24-0181",
    "status": "in_service",
    "group": "5. Reliability & hardening",
    "project_id": "76371",
    "project_name": "University Park fiber/resiliency",
    "category": "Capacity Expansion",
    "asset_type": "substation resiliency",
    "feeder_id": "",
    "substation": "",
    "place": "University Park",
    "county": "Will",
    "region": "",
    "program_year": "2024",
    "cost_usd": 1591229,
    "est_headroom_mw": "",
    "loc_method": "municipality_centroid",
    "uncertainty_mi": 2.0,
    "feeder_match": "",
    "sub_nearest": "S0589",
    "sub_nearest_mi": 2.88,
    "sub_hc_kw": 2649,
    "sub_candidates": "S0589",
    "hosting_capacity_flag": "possible",
    "removal_risk": "none - complete",
    "risk_reason": "Already placed in service, so there is nothing left to cut. Useful as evidence of where each utility has actually been adding capacity, rather than where it says it will.",
    "program_id": "",
    "itn": "76371",
    "ce_type": "",
    "voltage_kv": "",
    "driver": "",
    "nwa_status": "",
    "source": "ComEd quarterly Sect 16-108.18(f)(5) Investment Reports, 2024-2025",
    "notes": "From ComEd's quarterly investment reporting. Named substation, so geocodable to the town - but the town centroid is NOT the substation site."
   },
   "geometry": {
    "type": "Polygon",
    "coordinates": [
     [
      [
       -87.645832,
       41.445
      ],
      [
       -87.646018,
       41.447841
      ],
      [
       -87.646575,
       41.450655
      ],
      [
       -87.647497,
       41.453414
      ],
      [
       -87.648775,
       41.456092
      ],
      [
       -87.650398,
       41.458664
      ],
      [
       -87.652348,
       41.461103
      ],
      [
       -87.654609,
       41.463388
      ],
      [
       -87.657157,
       41.465496
      ],
      [
       -87.659969,
       41.467406
      ],
      [
       -87.663017,
       41.469101
      ],
      [
       -87.666272,
       41.470563
      ],
      [
       -87.669702,
       41.471779
      ],
      [
       -87.673275,
       41.472737
      ],
      [
       -87.676956,
       41.473429
      ],
      [
       -87.68071,
       41.473846
      ],
      [
       -87.6845,
       41.473986
      ],
      [
       -87.68829,
       41.473846
      ],
      [
       -87.692044,
       41.473429
      ],
      [
       -87.695725,
       41.472737
      ],
      [
       -87.699298,
       41.471779
      ],
      [
       -87.702728,
       41.470563
      ],
      [
       -87.705983,
       41.469101
      ],
      [
       -87.709031,
       41.467406
      ],
      [
       -87.711843,
       41.465496
      ],
      [
       -87.714391,
       41.463388
      ],
      [
       -87.716652,
       41.461103
      ],
      [
       -87.718602,
       41.458664
      ],
      [
       -87.720225,
       41.456092
      ],
      [
       -87.721503,
       41.453414
      ],
      [
       -87.722425,
       41.450655
      ],
      [
       -87.722982,
       41.447841
      ],
      [
       -87.723168,
       41.445
      ],
      [
       -87.722982,
       41.442159
      ],
      [
       -87.722425,
       41.439345
      ],
      [
       -87.721503,
       41.436586
      ],
      [
       -87.720225,
       41.433908
      ],
      [
       -87.718602,
       41.431336
      ],
      [
       -87.716652,
       41.428897
      ],
      [
       -87.714391,
       41.426612
      ],
      [
       -87.711843,
       41.424504
      ],
      [
       -87.709031,
       41.422594
      ],
      [
       -87.705983,
       41.420899
      ],
      [
       -87.702728,
       41.419437
      ],
      [
       -87.699298,
       41.418221
      ],
      [
       -87.695725,
       41.417263
      ],
      [
       -87.692044,
       41.416571
      ],
      [
       -87.68829,
       41.416154
      ],
      [
       -87.6845,
       41.416014
      ],
      [
       -87.68071,
       41.416154
      ],
      [
       -87.676956,
       41.416571
      ],
      [
       -87.673275,
       41.417263
      ],
      [
       -87.669702,
       41.418221
      ],
      [
       -87.666272,
       41.419437
      ],
      [
       -87.663017,
       41.420899
      ],
      [
       -87.659969,
       41.422594
      ],
      [
       -87.657157,
       41.424504
      ],
      [
       -87.654609,
       41.426612
      ],
      [
       -87.652348,
       41.428897
      ],
      [
       -87.650398,
       41.431336
      ],
      [
       -87.648775,
       41.433908
      ],
      [
       -87.647497,
       41.436586
      ],
      [
       -87.646575,
       41.439345
      ],
      [
       -87.646018,
       41.442159
      ],
      [
       -87.645832,
       41.445
      ]
     ]
    ]
   }
  },
  {
   "type": "Feature",
   "properties": {
    "utility": "ComEd",
    "docket": "22-0486/23-0055/24-0181",
    "status": "approved",
    "group": "6. Programs, land & studies",
    "project_id": "77842",
    "project_name": "Maywood outdoor lab (MOAT) expansion",
    "category": "Capacity Expansion",
    "asset_type": "test facility",
    "feeder_id": "",
    "substation": "",
    "place": "Maywood",
    "county": "Cook",
    "region": "",
    "program_year": "2024",
    "cost_usd": 2702437,
    "est_headroom_mw": "",
    "loc_method": "municipality_centroid",
    "uncertainty_mi": 2.0,
    "feeder_match": "",
    "sub_nearest": "",
    "sub_nearest_mi": "",
    "sub_hc_kw": "",
    "sub_candidates": "",
    "hosting_capacity_flag": "possible",
    "removal_risk": "none - approved",
    "risk_reason": "Already approved by the ICC and in execution. Timing can still slip: Ameren's Sidney and New Berlin projects were both dropped from the 2024-2027 portfolio after approval.",
    "program_id": "",
    "itn": "77842",
    "ce_type": "",
    "voltage_kv": "",
    "driver": "",
    "nwa_status": "",
    "source": "ComEd quarterly Sect 16-108.18(f)(5) Investment Reports, 2024-2025",
    "notes": "From ComEd's quarterly investment reporting. Named substation, so geocodable to the town - but the town centroid is NOT the substation site."
   },
   "geometry": {
    "type": "Polygon",
    "coordinates": [
     [
      [
       -87.80447,
       41.8794
      ],
      [
       -87.804657,
       41.882241
      ],
      [
       -87.805218,
       41.885055
      ],
      [
       -87.806146,
       41.887814
      ],
      [
       -87.807433,
       41.890492
      ],
      [
       -87.809067,
       41.893064
      ],
      [
       -87.811031,
       41.895503
      ],
      [
       -87.813307,
       41.897788
      ],
      [
       -87.815872,
       41.899896
      ],
      [
       -87.818703,
       41.901806
      ],
      [
       -87.821772,
       41.903501
      ],
      [
       -87.825048,
       41.904963
      ],
      [
       -87.828502,
       41.906179
      ],
      [
       -87.832099,
       41.907137
      ],
      [
       -87.835805,
       41.907829
      ],
      [
       -87.839584,
       41.908246
      ],
      [
       -87.8434,
       41.908386
      ],
      [
       -87.847216,
       41.908246
      ],
      [
       -87.850995,
       41.907829
      ],
      [
       -87.854701,
       41.907137
      ],
      [
       -87.858298,
       41.906179
      ],
      [
       -87.861752,
       41.904963
      ],
      [
       -87.865028,
       41.903501
      ],
      [
       -87.868097,
       41.901806
      ],
      [
       -87.870928,
       41.899896
      ],
      [
       -87.873493,
       41.897788
      ],
      [
       -87.875769,
       41.895503
      ],
      [
       -87.877733,
       41.893064
      ],
      [
       -87.879367,
       41.890492
      ],
      [
       -87.880654,
       41.887814
      ],
      [
       -87.881582,
       41.885055
      ],
      [
       -87.882143,
       41.882241
      ],
      [
       -87.88233,
       41.8794
      ],
      [
       -87.882143,
       41.876559
      ],
      [
       -87.881582,
       41.873745
      ],
      [
       -87.880654,
       41.870986
      ],
      [
       -87.879367,
       41.868308
      ],
      [
       -87.877733,
       41.865736
      ],
      [
       -87.875769,
       41.863297
      ],
      [
       -87.873493,
       41.861012
      ],
      [
       -87.870928,
       41.858904
      ],
      [
       -87.868097,
       41.856994
      ],
      [
       -87.865028,
       41.855299
      ],
      [
       -87.861752,
       41.853837
      ],
      [
       -87.858298,
       41.852621
      ],
      [
       -87.854701,
       41.851663
      ],
      [
       -87.850995,
       41.850971
      ],
      [
       -87.847216,
       41.850554
      ],
      [
       -87.8434,
       41.850414
      ],
      [
       -87.839584,
       41.850554
      ],
      [
       -87.835805,
       41.850971
      ],
      [
       -87.832099,
       41.851663
      ],
      [
       -87.828502,
       41.852621
      ],
      [
       -87.825048,
       41.853837
      ],
      [
       -87.821772,
       41.855299
      ],
      [
       -87.818703,
       41.856994
      ],
      [
       -87.815872,
       41.858904
      ],
      [
       -87.813307,
       41.861012
      ],
      [
       -87.811031,
       41.863297
      ],
      [
       -87.809067,
       41.865736
      ],
      [
       -87.807433,
       41.868308
      ],
      [
       -87.806146,
       41.870986
      ],
      [
       -87.805218,
       41.873745
      ],
      [
       -87.804657,
       41.876559
      ],
      [
       -87.80447,
       41.8794
      ]
     ]
    ]
   }
  },
  {
   "type": "Feature",
   "properties": {
    "utility": "ComEd",
    "docket": "22-0486/23-0055/24-0181",
    "status": "in_service",
    "group": "1. New substations",
    "project_id": "80493",
    "project_name": "Property purchase for new West Side TSS",
    "category": "Capacity Planning and Management",
    "asset_type": "land acquisition",
    "feeder_id": "",
    "substation": "",
    "place": "East Garfield Park",
    "county": "Cook",
    "region": "",
    "program_year": "2025",
    "cost_usd": 2992512,
    "est_headroom_mw": "",
    "loc_method": "municipality_centroid",
    "uncertainty_mi": 2.0,
    "feeder_match": "",
    "sub_nearest": "",
    "sub_nearest_mi": "",
    "sub_hc_kw": "",
    "sub_candidates": "",
    "hosting_capacity_flag": "possible",
    "removal_risk": "none - complete",
    "risk_reason": "Already placed in service, so there is nothing left to cut. Useful as evidence of where each utility has actually been adding capacity, rather than where it says it will.",
    "program_id": "",
    "itn": "80493",
    "ce_type": "",
    "voltage_kv": "",
    "driver": "",
    "nwa_status": "",
    "source": "ComEd quarterly Sect 16-108.18(f)(5) Investment Reports, 2024-2025",
    "notes": "From ComEd's quarterly investment reporting. Named substation, so geocodable to the town - but the town centroid is NOT the substation site."
   },
   "geometry": {
    "type": "Polygon",
    "coordinates": [
     [
      [
       -87.661368,
       41.8817
      ],
      [
       -87.661556,
       41.884541
      ],
      [
       -87.662117,
       41.887355
      ],
      [
       -87.663045,
       41.890114
      ],
      [
       -87.664332,
       41.892792
      ],
      [
       -87.665965,
       41.895364
      ],
      [
       -87.66793,
       41.897803
      ],
      [
       -87.670206,
       41.900088
      ],
      [
       -87.672771,
       41.902196
      ],
      [
       -87.675602,
       41.904106
      ],
      [
       -87.678671,
       41.905801
      ],
      [
       -87.681948,
       41.907263
      ],
      [
       -87.685402,
       41.908479
      ],
      [
       -87.688999,
       41.909437
      ],
      [
       -87.692705,
       41.910129
      ],
      [
       -87.696484,
       41.910546
      ],
      [
       -87.7003,
       41.910686
      ],
      [
       -87.704116,
       41.910546
      ],
      [
       -87.707895,
       41.910129
      ],
      [
       -87.711601,
       41.909437
      ],
      [
       -87.715198,
       41.908479
      ],
      [
       -87.718652,
       41.907263
      ],
      [
       -87.721929,
       41.905801
      ],
      [
       -87.724998,
       41.904106
      ],
      [
       -87.727829,
       41.902196
      ],
      [
       -87.730394,
       41.900088
      ],
      [
       -87.73267,
       41.897803
      ],
      [
       -87.734635,
       41.895364
      ],
      [
       -87.736268,
       41.892792
      ],
      [
       -87.737555,
       41.890114
      ],
      [
       -87.738483,
       41.887355
      ],
      [
       -87.739044,
       41.884541
      ],
      [
       -87.739232,
       41.8817
      ],
      [
       -87.739044,
       41.878859
      ],
      [
       -87.738483,
       41.876045
      ],
      [
       -87.737555,
       41.873286
      ],
      [
       -87.736268,
       41.870608
      ],
      [
       -87.734635,
       41.868036
      ],
      [
       -87.73267,
       41.865597
      ],
      [
       -87.730394,
       41.863312
      ],
      [
       -87.727829,
       41.861204
      ],
      [
       -87.724998,
       41.859294
      ],
      [
       -87.721929,
       41.857599
      ],
      [
       -87.718652,
       41.856137
      ],
      [
       -87.715198,
       41.854921
      ],
      [
       -87.711601,
       41.853963
      ],
      [
       -87.707895,
       41.853271
      ],
      [
       -87.704116,
       41.852854
      ],
      [
       -87.7003,
       41.852714
      ],
      [
       -87.696484,
       41.852854
      ],
      [
       -87.692705,
       41.853271
      ],
      [
       -87.688999,
       41.853963
      ],
      [
       -87.685402,
       41.854921
      ],
      [
       -87.681948,
       41.856137
      ],
      [
       -87.678671,
       41.857599
      ],
      [
       -87.675602,
       41.859294
      ],
      [
       -87.672771,
       41.861204
      ],
      [
       -87.670206,
       41.863312
      ],
      [
       -87.66793,
       41.865597
      ],
      [
       -87.665965,
       41.868036
      ],
      [
       -87.664332,
       41.870608
      ],
      [
       -87.663045,
       41.873286
      ],
      [
       -87.662117,
       41.876045
      ],
      [
       -87.661556,
       41.878859
      ],
      [
       -87.661368,
       41.8817
      ]
     ]
    ]
   }
  },
  {
   "type": "Feature",
   "properties": {
    "utility": "ComEd",
    "docket": "22-0486/23-0055/24-0181",
    "status": "approved",
    "group": "3. Feeders & lines",
    "project_id": "64077",
    "project_name": "DCE27 Arlington Heights DCIB & 4/12kV conversion",
    "category": "Capacity Planning and Management",
    "asset_type": "voltage conversion 4kV-12kV",
    "feeder_id": "",
    "substation": "",
    "place": "Arlington Heights",
    "county": "Cook",
    "region": "",
    "program_year": "2025",
    "cost_usd": 4980583,
    "est_headroom_mw": 4,
    "loc_method": "municipality_centroid",
    "uncertainty_mi": 2.0,
    "feeder_match": "",
    "sub_nearest": "S0553",
    "sub_nearest_mi": 2.06,
    "sub_hc_kw": 11094,
    "sub_candidates": "S0553;S0527",
    "hosting_capacity_flag": "explicit",
    "removal_risk": "none - approved",
    "risk_reason": "Already approved by the ICC and in execution. Timing can still slip: Ameren's Sidney and New Berlin projects were both dropped from the 2024-2027 portfolio after approval.",
    "program_id": "",
    "itn": "64077",
    "ce_type": "",
    "voltage_kv": "",
    "driver": "",
    "nwa_status": "",
    "source": "ComEd quarterly Sect 16-108.18(f)(5) Investment Reports, 2024-2025",
    "notes": "From ComEd's quarterly investment reporting. Named substation, so geocodable to the town - but the town centroid is NOT the substation site."
   },
   "geometry": {
    "type": "Polygon",
    "coordinates": [
     [
      [
       -87.941542,
       42.0884
      ],
      [
       -87.94173,
       42.091241
      ],
      [
       -87.942292,
       42.094055
      ],
      [
       -87.943224,
       42.096814
      ],
      [
       -87.944515,
       42.099492
      ],
      [
       -87.946154,
       42.102064
      ],
      [
       -87.948124,
       42.104503
      ],
      [
       -87.950408,
       42.106788
      ],
      [
       -87.952982,
       42.108896
      ],
      [
       -87.955822,
       42.110806
      ],
      [
       -87.9589,
       42.112501
      ],
      [
       -87.962188,
       42.113963
      ],
      [
       -87.965653,
       42.115179
      ],
      [
       -87.969262,
       42.116137
      ],
      [
       -87.97298,
       42.116829
      ],
      [
       -87.976772,
       42.117246
      ],
      [
       -87.9806,
       42.117386
      ],
      [
       -87.984428,
       42.117246
      ],
      [
       -87.98822,
       42.116829
      ],
      [
       -87.991938,
       42.116137
      ],
      [
       -87.995547,
       42.115179
      ],
      [
       -87.999012,
       42.113963
      ],
      [
       -88.0023,
       42.112501
      ],
      [
       -88.005378,
       42.110806
      ],
      [
       -88.008218,
       42.108896
      ],
      [
       -88.010792,
       42.106788
      ],
      [
       -88.013076,
       42.104503
      ],
      [
       -88.015046,
       42.102064
      ],
      [
       -88.016685,
       42.099492
      ],
      [
       -88.017976,
       42.096814
      ],
      [
       -88.018908,
       42.094055
      ],
      [
       -88.01947,
       42.091241
      ],
      [
       -88.019658,
       42.0884
      ],
      [
       -88.01947,
       42.085559
      ],
      [
       -88.018908,
       42.082745
      ],
      [
       -88.017976,
       42.079986
      ],
      [
       -88.016685,
       42.077308
      ],
      [
       -88.015046,
       42.074736
      ],
      [
       -88.013076,
       42.072297
      ],
      [
       -88.010792,
       42.070012
      ],
      [
       -88.008218,
       42.067904
      ],
      [
       -88.005378,
       42.065994
      ],
      [
       -88.0023,
       42.064299
      ],
      [
       -87.999012,
       42.062837
      ],
      [
       -87.995547,
       42.061621
      ],
      [
       -87.991938,
       42.060663
      ],
      [
       -87.98822,
       42.059971
      ],
      [
       -87.984428,
       42.059554
      ],
      [
       -87.9806,
       42.059414
      ],
      [
       -87.976772,
       42.059554
      ],
      [
       -87.97298,
       42.059971
      ],
      [
       -87.969262,
       42.060663
      ],
      [
       -87.965653,
       42.061621
      ],
      [
       -87.962188,
       42.062837
      ],
      [
       -87.9589,
       42.064299
      ],
      [
       -87.955822,
       42.065994
      ],
      [
       -87.952982,
       42.067904
      ],
      [
       -87.950408,
       42.070012
      ],
      [
       -87.948124,
       42.072297
      ],
      [
       -87.946154,
       42.074736
      ],
      [
       -87.944515,
       42.077308
      ],
      [
       -87.943224,
       42.079986
      ],
      [
       -87.942292,
       42.082745
      ],
      [
       -87.94173,
       42.085559
      ],
      [
       -87.941542,
       42.0884
      ]
     ]
    ]
   }
  },
  {
   "type": "Feature",
   "properties": {
    "utility": "ComEd",
    "docket": "22-0486/23-0055/24-0181",
    "status": "in_service",
    "group": "2. Substation capacity",
    "project_id": "80729",
    "project_name": "SS860 Hyde Park TR1 replacement",
    "category": "Capacity Planning and Management",
    "asset_type": "transformer replacement",
    "feeder_id": "",
    "substation": "",
    "place": "Hyde Park",
    "county": "Cook",
    "region": "",
    "program_year": "2025",
    "cost_usd": 2041338,
    "est_headroom_mw": "",
    "loc_method": "substation_match",
    "uncertainty_mi": 0.5,
    "feeder_match": "",
    "sub_nearest": "S0685",
    "sub_nearest_mi": 1.05,
    "sub_hc_kw": 26645,
    "sub_candidates": "S0685;S0667;S0509",
    "hosting_capacity_flag": "possible",
    "removal_risk": "none - complete",
    "risk_reason": "Already placed in service, so there is nothing left to cut. Useful as evidence of where each utility has actually been adding capacity, rather than where it says it will.",
    "program_id": "",
    "itn": "80729",
    "ce_type": "",
    "voltage_kv": "",
    "driver": "",
    "nwa_status": "",
    "source": "ComEd quarterly Sect 16-108.18(f)(5) Investment Reports, 2024-2025",
    "notes": "From ComEd's quarterly investment reporting. Named substation, so geocodable to the town - but the town centroid is NOT the substation site. LOCATION UPGRADED: snapped to derived ComEd substation S0685, the only known substation within 1.5 mi of the named town. Its as-built substation hosting capacity is 26645 kW. Matched by proximity, not by ID - ComEd's public map is anonymized, so this is a strong inference rather than a confirmed identity."
   },
   "geometry": {
    "type": "Polygon",
    "coordinates": [
     [
      [
       -87.597099,
       41.80368
      ],
      [
       -87.597146,
       41.80439
      ],
      [
       -87.597286,
       41.805094
      ],
      [
       -87.597518,
       41.805784
      ],
      [
       -87.597839,
       41.806453
      ],
      [
       -87.598247,
       41.807096
      ],
      [
       -87.598737,
       41.807706
      ],
      [
       -87.599306,
       41.808277
      ],
      [
       -87.599946,
       41.808804
      ],
      [
       -87.600653,
       41.809282
      ],
      [
       -87.601419,
       41.809705
      ],
      [
       -87.602238,
       41.810071
      ],
      [
       -87.6031,
       41.810375
      ],
      [
       -87.603998,
       41.810614
      ],
      [
       -87.604924,
       41.810787
      ],
      [
       -87.605867,
       41.810891
      ],
      [
       -87.60682,
       41.810926
      ],
      [
       -87.607773,
       41.810891
      ],
      [
       -87.608716,
       41.810787
      ],
      [
       -87.609642,
       41.810614
      ],
      [
       -87.61054,
       41.810375
      ],
      [
       -87.611402,
       41.810071
      ],
      [
       -87.612221,
       41.809705
      ],
      [
       -87.612987,
       41.809282
      ],
      [
       -87.613694,
       41.808804
      ],
      [
       -87.614334,
       41.808277
      ],
      [
       -87.614903,
       41.807706
      ],
      [
       -87.615393,
       41.807096
      ],
      [
       -87.615801,
       41.806453
      ],
      [
       -87.616122,
       41.805784
      ],
      [
       -87.616354,
       41.805094
      ],
      [
       -87.616494,
       41.80439
      ],
      [
       -87.616541,
       41.80368
      ],
      [
       -87.616494,
       41.80297
      ],
      [
       -87.616354,
       41.802266
      ],
      [
       -87.616122,
       41.801576
      ],
      [
       -87.615801,
       41.800907
      ],
      [
       -87.615393,
       41.800264
      ],
      [
       -87.614903,
       41.799654
      ],
      [
       -87.614334,
       41.799083
      ],
      [
       -87.613694,
       41.798556
      ],
      [
       -87.612987,
       41.798078
      ],
      [
       -87.612221,
       41.797655
      ],
      [
       -87.611402,
       41.797289
      ],
      [
       -87.61054,
       41.796985
      ],
      [
       -87.609642,
       41.796746
      ],
      [
       -87.608716,
       41.796573
      ],
      [
       -87.607773,
       41.796469
      ],
      [
       -87.60682,
       41.796434
      ],
      [
       -87.605867,
       41.796469
      ],
      [
       -87.604924,
       41.796573
      ],
      [
       -87.603998,
       41.796746
      ],
      [
       -87.6031,
       41.796985
      ],
      [
       -87.602238,
       41.797289
      ],
      [
       -87.601419,
       41.797655
      ],
      [
       -87.600653,
       41.798078
      ],
      [
       -87.599946,
       41.798556
      ],
      [
       -87.599306,
       41.799083
      ],
      [
       -87.598737,
       41.799654
      ],
      [
       -87.598247,
       41.800264
      ],
      [
       -87.597839,
       41.800907
      ],
      [
       -87.597518,
       41.801576
      ],
      [
       -87.597286,
       41.802266
      ],
      [
       -87.597146,
       41.80297
      ],
      [
       -87.597099,
       41.80368
      ]
     ]
    ]
   }
  },
  {
   "type": "Feature",
   "properties": {
    "utility": "ComEd",
    "docket": "22-0486/23-0055/24-0181",
    "status": "in_service",
    "group": "2. Substation capacity",
    "project_id": "69701",
    "project_name": "STA11 Fisk capacitor bank replacement",
    "category": "Capacity Planning and Management",
    "asset_type": "capacitor bank",
    "feeder_id": "",
    "substation": "",
    "place": "Chicago",
    "county": "Cook",
    "region": "",
    "program_year": "2025",
    "cost_usd": 4191104,
    "est_headroom_mw": "",
    "loc_method": "municipality_centroid",
    "uncertainty_mi": 2.0,
    "feeder_match": "",
    "sub_nearest": "S0710",
    "sub_nearest_mi": 0.19,
    "sub_hc_kw": 8910,
    "sub_candidates": "S0710;S0634;S0723;S0740;S0633;S0706;S0698;S0635;S0722;S0697;S0658;S0735;S0504;S0520;S0632;S0637;S0713",
    "hosting_capacity_flag": "possible",
    "removal_risk": "none - complete",
    "risk_reason": "Already placed in service, so there is nothing left to cut. Useful as evidence of where each utility has actually been adding capacity, rather than where it says it will.",
    "program_id": "",
    "itn": "69701",
    "ce_type": "",
    "voltage_kv": "",
    "driver": "",
    "nwa_status": "",
    "source": "ComEd quarterly Sect 16-108.18(f)(5) Investment Reports, 2024-2025",
    "notes": "From ComEd's quarterly investment reporting. Named substation, so geocodable to the town - but the town centroid is NOT the substation site."
   },
   "geometry": {
    "type": "Polygon",
    "coordinates": [
     [
      [
       -87.590871,
       41.8781
      ],
      [
       -87.591058,
       41.880941
      ],
      [
       -87.591619,
       41.883755
      ],
      [
       -87.592547,
       41.886514
      ],
      [
       -87.593834,
       41.889192
      ],
      [
       -87.595467,
       41.891764
      ],
      [
       -87.597431,
       41.894203
      ],
      [
       -87.599707,
       41.896488
      ],
      [
       -87.602273,
       41.898596
      ],
      [
       -87.605103,
       41.900506
      ],
      [
       -87.608172,
       41.902201
      ],
      [
       -87.611449,
       41.903663
      ],
      [
       -87.614902,
       41.904879
      ],
      [
       -87.618499,
       41.905837
      ],
      [
       -87.622205,
       41.906529
      ],
      [
       -87.625984,
       41.906946
      ],
      [
       -87.6298,
       41.907086
      ],
      [
       -87.633616,
       41.906946
      ],
      [
       -87.637395,
       41.906529
      ],
      [
       -87.641101,
       41.905837
      ],
      [
       -87.644698,
       41.904879
      ],
      [
       -87.648151,
       41.903663
      ],
      [
       -87.651428,
       41.902201
      ],
      [
       -87.654497,
       41.900506
      ],
      [
       -87.657327,
       41.898596
      ],
      [
       -87.659893,
       41.896488
      ],
      [
       -87.662169,
       41.894203
      ],
      [
       -87.664133,
       41.891764
      ],
      [
       -87.665766,
       41.889192
      ],
      [
       -87.667053,
       41.886514
      ],
      [
       -87.667981,
       41.883755
      ],
      [
       -87.668542,
       41.880941
      ],
      [
       -87.668729,
       41.8781
      ],
      [
       -87.668542,
       41.875259
      ],
      [
       -87.667981,
       41.872445
      ],
      [
       -87.667053,
       41.869686
      ],
      [
       -87.665766,
       41.867008
      ],
      [
       -87.664133,
       41.864436
      ],
      [
       -87.662169,
       41.861997
      ],
      [
       -87.659893,
       41.859712
      ],
      [
       -87.657327,
       41.857604
      ],
      [
       -87.654497,
       41.855694
      ],
      [
       -87.651428,
       41.853999
      ],
      [
       -87.648151,
       41.852537
      ],
      [
       -87.644698,
       41.851321
      ],
      [
       -87.641101,
       41.850363
      ],
      [
       -87.637395,
       41.849671
      ],
      [
       -87.633616,
       41.849254
      ],
      [
       -87.6298,
       41.849114
      ],
      [
       -87.625984,
       41.849254
      ],
      [
       -87.622205,
       41.849671
      ],
      [
       -87.618499,
       41.850363
      ],
      [
       -87.614902,
       41.851321
      ],
      [
       -87.611449,
       41.852537
      ],
      [
       -87.608172,
       41.853999
      ],
      [
       -87.605103,
       41.855694
      ],
      [
       -87.602273,
       41.857604
      ],
      [
       -87.599707,
       41.859712
      ],
      [
       -87.597431,
       41.861997
      ],
      [
       -87.595467,
       41.864436
      ],
      [
       -87.593834,
       41.867008
      ],
      [
       -87.592547,
       41.869686
      ],
      [
       -87.591619,
       41.872445
      ],
      [
       -87.591058,
       41.875259
      ],
      [
       -87.590871,
       41.8781
      ]
     ]
    ]
   }
  },
  {
   "type": "Feature",
   "properties": {
    "utility": "ComEd",
    "docket": "22-0486/23-0055/24-0181",
    "status": "in_service",
    "group": "5. Reliability & hardening",
    "project_id": "77224",
    "project_name": "STA13 Crawford fiber/resiliency",
    "category": "Capacity Planning and Management",
    "asset_type": "substation resiliency",
    "feeder_id": "",
    "substation": "",
    "place": "Chicago",
    "county": "Cook",
    "region": "",
    "program_year": "2025",
    "cost_usd": 20396227,
    "est_headroom_mw": "",
    "loc_method": "municipality_centroid",
    "uncertainty_mi": 2.0,
    "feeder_match": "",
    "sub_nearest": "S0710",
    "sub_nearest_mi": 0.19,
    "sub_hc_kw": 8910,
    "sub_candidates": "S0710;S0634;S0723;S0740;S0633;S0706;S0698;S0635;S0722;S0697;S0658;S0735;S0504;S0520;S0632;S0637;S0713",
    "hosting_capacity_flag": "possible",
    "removal_risk": "none - complete",
    "risk_reason": "Already placed in service, so there is nothing left to cut. Useful as evidence of where each utility has actually been adding capacity, rather than where it says it will.",
    "program_id": "",
    "itn": "77224",
    "ce_type": "",
    "voltage_kv": "",
    "driver": "",
    "nwa_status": "",
    "source": "ComEd quarterly Sect 16-108.18(f)(5) Investment Reports, 2024-2025",
    "notes": "From ComEd's quarterly investment reporting. Named substation, so geocodable to the town - but the town centroid is NOT the substation site."
   },
   "geometry": {
    "type": "Polygon",
    "coordinates": [
     [
      [
       -87.590871,
       41.8781
      ],
      [
       -87.591058,
       41.880941
      ],
      [
       -87.591619,
       41.883755
      ],
      [
       -87.592547,
       41.886514
      ],
      [
       -87.593834,
       41.889192
      ],
      [
       -87.595467,
       41.891764
      ],
      [
       -87.597431,
       41.894203
      ],
      [
       -87.599707,
       41.896488
      ],
      [
       -87.602273,
       41.898596
      ],
      [
       -87.605103,
       41.900506
      ],
      [
       -87.608172,
       41.902201
      ],
      [
       -87.611449,
       41.903663
      ],
      [
       -87.614902,
       41.904879
      ],
      [
       -87.618499,
       41.905837
      ],
      [
       -87.622205,
       41.906529
      ],
      [
       -87.625984,
       41.906946
      ],
      [
       -87.6298,
       41.907086
      ],
      [
       -87.633616,
       41.906946
      ],
      [
       -87.637395,
       41.906529
      ],
      [
       -87.641101,
       41.905837
      ],
      [
       -87.644698,
       41.904879
      ],
      [
       -87.648151,
       41.903663
      ],
      [
       -87.651428,
       41.902201
      ],
      [
       -87.654497,
       41.900506
      ],
      [
       -87.657327,
       41.898596
      ],
      [
       -87.659893,
       41.896488
      ],
      [
       -87.662169,
       41.894203
      ],
      [
       -87.664133,
       41.891764
      ],
      [
       -87.665766,
       41.889192
      ],
      [
       -87.667053,
       41.886514
      ],
      [
       -87.667981,
       41.883755
      ],
      [
       -87.668542,
       41.880941
      ],
      [
       -87.668729,
       41.8781
      ],
      [
       -87.668542,
       41.875259
      ],
      [
       -87.667981,
       41.872445
      ],
      [
       -87.667053,
       41.869686
      ],
      [
       -87.665766,
       41.867008
      ],
      [
       -87.664133,
       41.864436
      ],
      [
       -87.662169,
       41.861997
      ],
      [
       -87.659893,
       41.859712
      ],
      [
       -87.657327,
       41.857604
      ],
      [
       -87.654497,
       41.855694
      ],
      [
       -87.651428,
       41.853999
      ],
      [
       -87.648151,
       41.852537
      ],
      [
       -87.644698,
       41.851321
      ],
      [
       -87.641101,
       41.850363
      ],
      [
       -87.637395,
       41.849671
      ],
      [
       -87.633616,
       41.849254
      ],
      [
       -87.6298,
       41.849114
      ],
      [
       -87.625984,
       41.849254
      ],
      [
       -87.622205,
       41.849671
      ],
      [
       -87.618499,
       41.850363
      ],
      [
       -87.614902,
       41.851321
      ],
      [
       -87.611449,
       41.852537
      ],
      [
       -87.608172,
       41.853999
      ],
      [
       -87.605103,
       41.855694
      ],
      [
       -87.602273,
       41.857604
      ],
      [
       -87.599707,
       41.859712
      ],
      [
       -87.597431,
       41.861997
      ],
      [
       -87.595467,
       41.864436
      ],
      [
       -87.593834,
       41.867008
      ],
      [
       -87.592547,
       41.869686
      ],
      [
       -87.591619,
       41.872445
      ],
      [
       -87.591058,
       41.875259
      ],
      [
       -87.590871,
       41.8781
      ]
     ]
    ]
   }
  },
  {
   "type": "Feature",
   "properties": {
    "utility": "ComEd",
    "docket": "22-0486/23-0055/24-0181",
    "status": "in_service",
    "group": "5. Reliability & hardening",
    "project_id": "87288",
    "project_name": "TSS30-03 Columbus Park fiber/resiliency",
    "category": "Capacity Planning and Management",
    "asset_type": "substation resiliency",
    "feeder_id": "",
    "substation": "",
    "place": "Chicago",
    "county": "Cook",
    "region": "",
    "program_year": "2025",
    "cost_usd": "",
    "est_headroom_mw": "",
    "loc_method": "municipality_centroid",
    "uncertainty_mi": 2.0,
    "feeder_match": "",
    "sub_nearest": "S0710",
    "sub_nearest_mi": 0.19,
    "sub_hc_kw": 8910,
    "sub_candidates": "S0710;S0634;S0723;S0740;S0633;S0706;S0698;S0635;S0722;S0697;S0658;S0735;S0504;S0520;S0632;S0637;S0713",
    "hosting_capacity_flag": "possible",
    "removal_risk": "none - complete",
    "risk_reason": "Already placed in service, so there is nothing left to cut. Useful as evidence of where each utility has actually been adding capacity, rather than where it says it will.",
    "program_id": "",
    "itn": "87288",
    "ce_type": "",
    "voltage_kv": "",
    "driver": "",
    "nwa_status": "",
    "source": "ComEd quarterly Sect 16-108.18(f)(5) Investment Reports, 2024-2025",
    "notes": "From ComEd's quarterly investment reporting. Named substation, so geocodable to the town - but the town centroid is NOT the substation site."
   },
   "geometry": {
    "type": "Polygon",
    "coordinates": [
     [
      [
       -87.590871,
       41.8781
      ],
      [
       -87.591058,
       41.880941
      ],
      [
       -87.591619,
       41.883755
      ],
      [
       -87.592547,
       41.886514
      ],
      [
       -87.593834,
       41.889192
      ],
      [
       -87.595467,
       41.891764
      ],
      [
       -87.597431,
       41.894203
      ],
      [
       -87.599707,
       41.896488
      ],
      [
       -87.602273,
       41.898596
      ],
      [
       -87.605103,
       41.900506
      ],
      [
       -87.608172,
       41.902201
      ],
      [
       -87.611449,
       41.903663
      ],
      [
       -87.614902,
       41.904879
      ],
      [
       -87.618499,
       41.905837
      ],
      [
       -87.622205,
       41.906529
      ],
      [
       -87.625984,
       41.906946
      ],
      [
       -87.6298,
       41.907086
      ],
      [
       -87.633616,
       41.906946
      ],
      [
       -87.637395,
       41.906529
      ],
      [
       -87.641101,
       41.905837
      ],
      [
       -87.644698,
       41.904879
      ],
      [
       -87.648151,
       41.903663
      ],
      [
       -87.651428,
       41.902201
      ],
      [
       -87.654497,
       41.900506
      ],
      [
       -87.657327,
       41.898596
      ],
      [
       -87.659893,
       41.896488
      ],
      [
       -87.662169,
       41.894203
      ],
      [
       -87.664133,
       41.891764
      ],
      [
       -87.665766,
       41.889192
      ],
      [
       -87.667053,
       41.886514
      ],
      [
       -87.667981,
       41.883755
      ],
      [
       -87.668542,
       41.880941
      ],
      [
       -87.668729,
       41.8781
      ],
      [
       -87.668542,
       41.875259
      ],
      [
       -87.667981,
       41.872445
      ],
      [
       -87.667053,
       41.869686
      ],
      [
       -87.665766,
       41.867008
      ],
      [
       -87.664133,
       41.864436
      ],
      [
       -87.662169,
       41.861997
      ],
      [
       -87.659893,
       41.859712
      ],
      [
       -87.657327,
       41.857604
      ],
      [
       -87.654497,
       41.855694
      ],
      [
       -87.651428,
       41.853999
      ],
      [
       -87.648151,
       41.852537
      ],
      [
       -87.644698,
       41.851321
      ],
      [
       -87.641101,
       41.850363
      ],
      [
       -87.637395,
       41.849671
      ],
      [
       -87.633616,
       41.849254
      ],
      [
       -87.6298,
       41.849114
      ],
      [
       -87.625984,
       41.849254
      ],
      [
       -87.622205,
       41.849671
      ],
      [
       -87.618499,
       41.850363
      ],
      [
       -87.614902,
       41.851321
      ],
      [
       -87.611449,
       41.852537
      ],
      [
       -87.608172,
       41.853999
      ],
      [
       -87.605103,
       41.855694
      ],
      [
       -87.602273,
       41.857604
      ],
      [
       -87.599707,
       41.859712
      ],
      [
       -87.597431,
       41.861997
      ],
      [
       -87.595467,
       41.864436
      ],
      [
       -87.593834,
       41.867008
      ],
      [
       -87.592547,
       41.869686
      ],
      [
       -87.591619,
       41.872445
      ],
      [
       -87.591058,
       41.875259
      ],
      [
       -87.590871,
       41.8781
      ]
     ]
    ]
   }
  },
  {
   "type": "Feature",
   "properties": {
    "utility": "ComEd",
    "docket": "22-0486/23-0055/24-0181",
    "status": "approved",
    "group": "5. Reliability & hardening",
    "project_id": "77206",
    "project_name": "Libertyville fiber/resiliency",
    "category": "Capacity Planning and Management",
    "asset_type": "substation resiliency",
    "feeder_id": "",
    "substation": "",
    "place": "Libertyville",
    "county": "Lake",
    "region": "",
    "program_year": "2025",
    "cost_usd": 271787,
    "est_headroom_mw": "",
    "loc_method": "municipality_centroid",
    "uncertainty_mi": 2.0,
    "feeder_match": "",
    "sub_nearest": "S0676",
    "sub_nearest_mi": 2.38,
    "sub_hc_kw": 3996,
    "sub_candidates": "S0676",
    "hosting_capacity_flag": "possible",
    "removal_risk": "none - approved",
    "risk_reason": "Already approved by the ICC and in execution. Timing can still slip: Ameren's Sidney and New Berlin projects were both dropped from the 2024-2027 portfolio after approval.",
    "program_id": "",
    "itn": "77206",
    "ce_type": "",
    "voltage_kv": "",
    "driver": "",
    "nwa_status": "",
    "source": "ComEd quarterly Sect 16-108.18(f)(5) Investment Reports, 2024-2025",
    "notes": "From ComEd's quarterly investment reporting. Named substation, so geocodable to the town - but the town centroid is NOT the substation site."
   },
   "geometry": {
    "type": "Polygon",
    "coordinates": [
     [
      [
       -87.913921,
       42.2831
      ],
      [
       -87.91411,
       42.285941
      ],
      [
       -87.914674,
       42.288755
      ],
      [
       -87.915608,
       42.291514
      ],
      [
       -87.916904,
       42.294192
      ],
      [
       -87.918548,
       42.296764
      ],
      [
       -87.920524,
       42.299203
      ],
      [
       -87.922815,
       42.301488
      ],
      [
       -87.925397,
       42.303596
      ],
      [
       -87.928245,
       42.305506
      ],
      [
       -87.931334,
       42.307201
      ],
      [
       -87.934631,
       42.308663
      ],
      [
       -87.938107,
       42.309879
      ],
      [
       -87.941727,
       42.310837
      ],
      [
       -87.945457,
       42.311529
      ],
      [
       -87.94926,
       42.311946
      ],
      [
       -87.9531,
       42.312086
      ],
      [
       -87.95694,
       42.311946
      ],
      [
       -87.960743,
       42.311529
      ],
      [
       -87.964473,
       42.310837
      ],
      [
       -87.968093,
       42.309879
      ],
      [
       -87.971569,
       42.308663
      ],
      [
       -87.974866,
       42.307201
      ],
      [
       -87.977955,
       42.305506
      ],
      [
       -87.980803,
       42.303596
      ],
      [
       -87.983385,
       42.301488
      ],
      [
       -87.985676,
       42.299203
      ],
      [
       -87.987652,
       42.296764
      ],
      [
       -87.989296,
       42.294192
      ],
      [
       -87.990592,
       42.291514
      ],
      [
       -87.991526,
       42.288755
      ],
      [
       -87.99209,
       42.285941
      ],
      [
       -87.992279,
       42.2831
      ],
      [
       -87.99209,
       42.280259
      ],
      [
       -87.991526,
       42.277445
      ],
      [
       -87.990592,
       42.274686
      ],
      [
       -87.989296,
       42.272008
      ],
      [
       -87.987652,
       42.269436
      ],
      [
       -87.985676,
       42.266997
      ],
      [
       -87.983385,
       42.264712
      ],
      [
       -87.980803,
       42.262604
      ],
      [
       -87.977955,
       42.260694
      ],
      [
       -87.974866,
       42.258999
      ],
      [
       -87.971569,
       42.257537
      ],
      [
       -87.968093,
       42.256321
      ],
      [
       -87.964473,
       42.255363
      ],
      [
       -87.960743,
       42.254671
      ],
      [
       -87.95694,
       42.254254
      ],
      [
       -87.9531,
       42.254114
      ],
      [
       -87.94926,
       42.254254
      ],
      [
       -87.945457,
       42.254671
      ],
      [
       -87.941727,
       42.255363
      ],
      [
       -87.938107,
       42.256321
      ],
      [
       -87.934631,
       42.257537
      ],
      [
       -87.931334,
       42.258999
      ],
      [
       -87.928245,
       42.260694
      ],
      [
       -87.925397,
       42.262604
      ],
      [
       -87.922815,
       42.264712
      ],
      [
       -87.920524,
       42.266997
      ],
      [
       -87.918548,
       42.269436
      ],
      [
       -87.916904,
       42.272008
      ],
      [
       -87.915608,
       42.274686
      ],
      [
       -87.914674,
       42.277445
      ],
      [
       -87.91411,
       42.280259
      ],
      [
       -87.913921,
       42.2831
      ]
     ]
    ]
   }
  },
  {
   "type": "Feature",
   "properties": {
    "utility": "ComEd",
    "docket": "22-0486/23-0055/24-0181",
    "status": "in_service",
    "group": "3. Feeders & lines",
    "project_id": "85857",
    "project_name": "Replace 69SK6 Rock River crossing wood pole",
    "category": "Capacity Planning and Management",
    "asset_type": "line rebuild",
    "feeder_id": "",
    "substation": "",
    "place": "Rock Falls",
    "county": "Whiteside",
    "region": "",
    "program_year": "2025",
    "cost_usd": 3282926,
    "est_headroom_mw": "",
    "loc_method": "municipality_centroid",
    "uncertainty_mi": 2.0,
    "feeder_match": "",
    "sub_nearest": "",
    "sub_nearest_mi": "",
    "sub_hc_kw": "",
    "sub_candidates": "",
    "hosting_capacity_flag": "possible",
    "removal_risk": "none - complete",
    "risk_reason": "Already placed in service, so there is nothing left to cut. Useful as evidence of where each utility has actually been adding capacity, rather than where it says it will.",
    "program_id": "",
    "itn": "85857",
    "ce_type": "",
    "voltage_kv": "",
    "driver": "",
    "nwa_status": "",
    "source": "ComEd quarterly Sect 16-108.18(f)(5) Investment Reports, 2024-2025",
    "notes": "From ComEd's quarterly investment reporting. Named substation, so geocodable to the town - but the town centroid is NOT the substation site."
   },
   "geometry": {
    "type": "Polygon",
    "coordinates": [
     [
      [
       -89.649035,
       41.7717
      ],
      [
       -89.649222,
       41.774541
      ],
      [
       -89.649782,
       41.777355
      ],
      [
       -89.650709,
       41.780114
      ],
      [
       -89.651994,
       41.782792
      ],
      [
       -89.653624,
       41.785364
      ],
      [
       -89.655585,
       41.787803
      ],
      [
       -89.657857,
       41.790088
      ],
      [
       -89.660418,
       41.792196
      ],
      [
       -89.663244,
       41.794106
      ],
      [
       -89.666308,
       41.795801
      ],
      [
       -89.669579,
       41.797263
      ],
      [
       -89.673027,
       41.798479
      ],
      [
       -89.676618,
       41.799437
      ],
      [
       -89.680318,
       41.800129
      ],
      [
       -89.684091,
       41.800546
      ],
      [
       -89.6879,
       41.800686
      ],
      [
       -89.691709,
       41.800546
      ],
      [
       -89.695482,
       41.800129
      ],
      [
       -89.699182,
       41.799437
      ],
      [
       -89.702773,
       41.798479
      ],
      [
       -89.706221,
       41.797263
      ],
      [
       -89.709492,
       41.795801
      ],
      [
       -89.712556,
       41.794106
      ],
      [
       -89.715382,
       41.792196
      ],
      [
       -89.717943,
       41.790088
      ],
      [
       -89.720215,
       41.787803
      ],
      [
       -89.722176,
       41.785364
      ],
      [
       -89.723806,
       41.782792
      ],
      [
       -89.725091,
       41.780114
      ],
      [
       -89.726018,
       41.777355
      ],
      [
       -89.726578,
       41.774541
      ],
      [
       -89.726765,
       41.7717
      ],
      [
       -89.726578,
       41.768859
      ],
      [
       -89.726018,
       41.766045
      ],
      [
       -89.725091,
       41.763286
      ],
      [
       -89.723806,
       41.760608
      ],
      [
       -89.722176,
       41.758036
      ],
      [
       -89.720215,
       41.755597
      ],
      [
       -89.717943,
       41.753312
      ],
      [
       -89.715382,
       41.751204
      ],
      [
       -89.712556,
       41.749294
      ],
      [
       -89.709492,
       41.747599
      ],
      [
       -89.706221,
       41.746137
      ],
      [
       -89.702773,
       41.744921
      ],
      [
       -89.699182,
       41.743963
      ],
      [
       -89.695482,
       41.743271
      ],
      [
       -89.691709,
       41.742854
      ],
      [
       -89.6879,
       41.742714
      ],
      [
       -89.684091,
       41.742854
      ],
      [
       -89.680318,
       41.743271
      ],
      [
       -89.676618,
       41.743963
      ],
      [
       -89.673027,
       41.744921
      ],
      [
       -89.669579,
       41.746137
      ],
      [
       -89.666308,
       41.747599
      ],
      [
       -89.663244,
       41.749294
      ],
      [
       -89.660418,
       41.751204
      ],
      [
       -89.657857,
       41.753312
      ],
      [
       -89.655585,
       41.755597
      ],
      [
       -89.653624,
       41.758036
      ],
      [
       -89.651994,
       41.760608
      ],
      [
       -89.650709,
       41.763286
      ],
      [
       -89.649782,
       41.766045
      ],
      [
       -89.649222,
       41.768859
      ],
      [
       -89.649035,
       41.7717
      ]
     ]
    ]
   }
  },
  {
   "type": "Feature",
   "properties": {
    "utility": "ComEd",
    "docket": "26-0047",
    "status": "proposed",
    "group": "3. Feeders & lines",
    "project_id": "",
    "project_name": "TSS38 Humboldt Park - 4kV retirement",
    "category": "Capacity Planning & Management",
    "asset_type": "voltage conversion 4kV-12kV",
    "feeder_id": "",
    "substation": "",
    "place": "Humboldt Park",
    "county": "Cook",
    "region": "",
    "program_year": "2028-2031",
    "cost_usd": "",
    "est_headroom_mw": 4,
    "loc_method": "substation_match",
    "uncertainty_mi": 0.5,
    "feeder_match": "",
    "sub_nearest": "S0700",
    "sub_nearest_mi": 0.72,
    "sub_hc_kw": 33047,
    "sub_candidates": "S0700;S0632;S0702;S0713;S0735;S0695;S0648",
    "hosting_capacity_flag": "explicit",
    "removal_risk": "moderate",
    "risk_reason": "CUB seeks over $1B in total reductions from ComEd's $15.3B ask, including $238M of summer-peak adequacy investment for failure to evaluate non-wires alternatives.",
    "program_id": "",
    "itn": "",
    "ce_type": "",
    "voltage_kv": "",
    "driver": "",
    "nwa_status": "",
    "source": "ComEd MYIGP 2028-2031 (Docket 26-0047), filed 2026-01-16",
    "notes": "Named in Ch.4 as a 4kV conversion/retirement target. Headroom estimated with ComEd's own +4 MW per 4-to-12kV conversion factor. LOCATION UPGRADED: snapped to derived ComEd substation S0700, the only known substation within 1.5 mi of the named town. Its as-built substation hosting capacity is 33047 kW. Matched by proximity, not by ID - ComEd's public map is anonymized, so this is a strong inference rather than a confirmed identity."
   },
   "geometry": {
    "type": "Polygon",
    "coordinates": [
     [
      [
       -87.677524,
       41.90069
      ],
      [
       -87.677571,
       41.9014
      ],
      [
       -87.677711,
       41.902104
      ],
      [
       -87.677943,
       41.902794
      ],
      [
       -87.678265,
       41.903463
      ],
      [
       -87.678674,
       41.904106
      ],
      [
       -87.679165,
       41.904716
      ],
      [
       -87.679734,
       41.905287
      ],
      [
       -87.680376,
       41.905814
      ],
      [
       -87.681084,
       41.906292
      ],
      [
       -87.681851,
       41.906715
      ],
      [
       -87.682671,
       41.907081
      ],
      [
       -87.683534,
       41.907385
      ],
      [
       -87.684434,
       41.907624
      ],
      [
       -87.685361,
       41.907797
      ],
      [
       -87.686306,
       41.907901
      ],
      [
       -87.68726,
       41.907936
      ],
      [
       -87.688214,
       41.907901
      ],
      [
       -87.689159,
       41.907797
      ],
      [
       -87.690086,
       41.907624
      ],
      [
       -87.690986,
       41.907385
      ],
      [
       -87.691849,
       41.907081
      ],
      [
       -87.692669,
       41.906715
      ],
      [
       -87.693436,
       41.906292
      ],
      [
       -87.694144,
       41.905814
      ],
      [
       -87.694786,
       41.905287
      ],
      [
       -87.695355,
       41.904716
      ],
      [
       -87.695846,
       41.904106
      ],
      [
       -87.696255,
       41.903463
      ],
      [
       -87.696577,
       41.902794
      ],
      [
       -87.696809,
       41.902104
      ],
      [
       -87.696949,
       41.9014
      ],
      [
       -87.696996,
       41.90069
      ],
      [
       -87.696949,
       41.89998
      ],
      [
       -87.696809,
       41.899276
      ],
      [
       -87.696577,
       41.898586
      ],
      [
       -87.696255,
       41.897917
      ],
      [
       -87.695846,
       41.897274
      ],
      [
       -87.695355,
       41.896664
      ],
      [
       -87.694786,
       41.896093
      ],
      [
       -87.694144,
       41.895566
      ],
      [
       -87.693436,
       41.895088
      ],
      [
       -87.692669,
       41.894665
      ],
      [
       -87.691849,
       41.894299
      ],
      [
       -87.690986,
       41.893995
      ],
      [
       -87.690086,
       41.893756
      ],
      [
       -87.689159,
       41.893583
      ],
      [
       -87.688214,
       41.893479
      ],
      [
       -87.68726,
       41.893444
      ],
      [
       -87.686306,
       41.893479
      ],
      [
       -87.685361,
       41.893583
      ],
      [
       -87.684434,
       41.893756
      ],
      [
       -87.683534,
       41.893995
      ],
      [
       -87.682671,
       41.894299
      ],
      [
       -87.681851,
       41.894665
      ],
      [
       -87.681084,
       41.895088
      ],
      [
       -87.680376,
       41.895566
      ],
      [
       -87.679734,
       41.896093
      ],
      [
       -87.679165,
       41.896664
      ],
      [
       -87.678674,
       41.897274
      ],
      [
       -87.678265,
       41.897917
      ],
      [
       -87.677943,
       41.898586
      ],
      [
       -87.677711,
       41.899276
      ],
      [
       -87.677571,
       41.89998
      ],
      [
       -87.677524,
       41.90069
      ]
     ]
    ]
   }
  },
  {
   "type": "Feature",
   "properties": {
    "utility": "ComEd",
    "docket": "26-0047",
    "status": "proposed",
    "group": "3. Feeders & lines",
    "project_id": "",
    "project_name": "SS761 Wendell - 4kV retirement",
    "category": "Capacity Planning & Management",
    "asset_type": "voltage conversion 4kV-12kV",
    "feeder_id": "",
    "substation": "",
    "place": "Chicago",
    "county": "Cook",
    "region": "",
    "program_year": "2028-2031",
    "cost_usd": "",
    "est_headroom_mw": 4,
    "loc_method": "municipality_centroid",
    "uncertainty_mi": 2.0,
    "feeder_match": "",
    "sub_nearest": "S0710",
    "sub_nearest_mi": 0.19,
    "sub_hc_kw": 8910,
    "sub_candidates": "S0710;S0634;S0723;S0740;S0633;S0706;S0698;S0635;S0722;S0697;S0658;S0735;S0504;S0520;S0632;S0637;S0713",
    "hosting_capacity_flag": "explicit",
    "removal_risk": "moderate",
    "risk_reason": "CUB seeks over $1B in total reductions from ComEd's $15.3B ask, including $238M of summer-peak adequacy investment for failure to evaluate non-wires alternatives.",
    "program_id": "",
    "itn": "",
    "ce_type": "",
    "voltage_kv": "",
    "driver": "",
    "nwa_status": "",
    "source": "ComEd MYIGP 2028-2031 (Docket 26-0047), filed 2026-01-16",
    "notes": "Named in Ch.4 as a 4kV conversion/retirement target. Headroom estimated with ComEd's own +4 MW per 4-to-12kV conversion factor."
   },
   "geometry": {
    "type": "Polygon",
    "coordinates": [
     [
      [
       -87.590871,
       41.8781
      ],
      [
       -87.591058,
       41.880941
      ],
      [
       -87.591619,
       41.883755
      ],
      [
       -87.592547,
       41.886514
      ],
      [
       -87.593834,
       41.889192
      ],
      [
       -87.595467,
       41.891764
      ],
      [
       -87.597431,
       41.894203
      ],
      [
       -87.599707,
       41.896488
      ],
      [
       -87.602273,
       41.898596
      ],
      [
       -87.605103,
       41.900506
      ],
      [
       -87.608172,
       41.902201
      ],
      [
       -87.611449,
       41.903663
      ],
      [
       -87.614902,
       41.904879
      ],
      [
       -87.618499,
       41.905837
      ],
      [
       -87.622205,
       41.906529
      ],
      [
       -87.625984,
       41.906946
      ],
      [
       -87.6298,
       41.907086
      ],
      [
       -87.633616,
       41.906946
      ],
      [
       -87.637395,
       41.906529
      ],
      [
       -87.641101,
       41.905837
      ],
      [
       -87.644698,
       41.904879
      ],
      [
       -87.648151,
       41.903663
      ],
      [
       -87.651428,
       41.902201
      ],
      [
       -87.654497,
       41.900506
      ],
      [
       -87.657327,
       41.898596
      ],
      [
       -87.659893,
       41.896488
      ],
      [
       -87.662169,
       41.894203
      ],
      [
       -87.664133,
       41.891764
      ],
      [
       -87.665766,
       41.889192
      ],
      [
       -87.667053,
       41.886514
      ],
      [
       -87.667981,
       41.883755
      ],
      [
       -87.668542,
       41.880941
      ],
      [
       -87.668729,
       41.8781
      ],
      [
       -87.668542,
       41.875259
      ],
      [
       -87.667981,
       41.872445
      ],
      [
       -87.667053,
       41.869686
      ],
      [
       -87.665766,
       41.867008
      ],
      [
       -87.664133,
       41.864436
      ],
      [
       -87.662169,
       41.861997
      ],
      [
       -87.659893,
       41.859712
      ],
      [
       -87.657327,
       41.857604
      ],
      [
       -87.654497,
       41.855694
      ],
      [
       -87.651428,
       41.853999
      ],
      [
       -87.648151,
       41.852537
      ],
      [
       -87.644698,
       41.851321
      ],
      [
       -87.641101,
       41.850363
      ],
      [
       -87.637395,
       41.849671
      ],
      [
       -87.633616,
       41.849254
      ],
      [
       -87.6298,
       41.849114
      ],
      [
       -87.625984,
       41.849254
      ],
      [
       -87.622205,
       41.849671
      ],
      [
       -87.618499,
       41.850363
      ],
      [
       -87.614902,
       41.851321
      ],
      [
       -87.611449,
       41.852537
      ],
      [
       -87.608172,
       41.853999
      ],
      [
       -87.605103,
       41.855694
      ],
      [
       -87.602273,
       41.857604
      ],
      [
       -87.599707,
       41.859712
      ],
      [
       -87.597431,
       41.861997
      ],
      [
       -87.595467,
       41.864436
      ],
      [
       -87.593834,
       41.867008
      ],
      [
       -87.592547,
       41.869686
      ],
      [
       -87.591619,
       41.872445
      ],
      [
       -87.591058,
       41.875259
      ],
      [
       -87.590871,
       41.8781
      ]
     ]
    ]
   }
  },
  {
   "type": "Feature",
   "properties": {
    "utility": "ComEd",
    "docket": "26-0047",
    "status": "proposed",
    "group": "3. Feeders & lines",
    "project_id": "",
    "project_name": "SS834 Grand Crossing - 4kV retirement",
    "category": "Capacity Planning & Management",
    "asset_type": "voltage conversion 4kV-12kV",
    "feeder_id": "",
    "substation": "",
    "place": "Grand Crossing",
    "county": "Cook",
    "region": "",
    "program_year": "2028-2031",
    "cost_usd": "",
    "est_headroom_mw": 4,
    "loc_method": "substation_match",
    "uncertainty_mi": 0.5,
    "feeder_match": "",
    "sub_nearest": "S0509",
    "sub_nearest_mi": 1.3,
    "sub_hc_kw": 10083,
    "sub_candidates": "S0509;S0667;S0651",
    "hosting_capacity_flag": "explicit",
    "removal_risk": "moderate",
    "risk_reason": "CUB seeks over $1B in total reductions from ComEd's $15.3B ask, including $238M of summer-peak adequacy investment for failure to evaluate non-wires alternatives.",
    "program_id": "",
    "itn": "",
    "ce_type": "",
    "voltage_kv": "",
    "driver": "",
    "nwa_status": "",
    "source": "ComEd MYIGP 2028-2031 (Docket 26-0047), filed 2026-01-16",
    "notes": "Named in Ch.4 as a 4kV conversion/retirement target. Headroom estimated with ComEd's own +4 MW per 4-to-12kV conversion factor. LOCATION UPGRADED: snapped to derived ComEd substation S0509, the only known substation within 1.5 mi of the named town. Its as-built substation hosting capacity is 10083 kW. Matched by proximity, not by ID - ComEd's public map is anonymized, so this is a strong inference rather than a confirmed identity."
   },
   "geometry": {
    "type": "Polygon",
    "coordinates": [
     [
      [
       -87.577147,
       41.7524
      ],
      [
       -87.577194,
       41.75311
      ],
      [
       -87.577333,
       41.753814
      ],
      [
       -87.577565,
       41.754504
      ],
      [
       -87.577886,
       41.755173
      ],
      [
       -87.578294,
       41.755816
      ],
      [
       -87.578784,
       41.756426
      ],
      [
       -87.579352,
       41.756997
      ],
      [
       -87.579992,
       41.757524
      ],
      [
       -87.580698,
       41.758002
      ],
      [
       -87.581464,
       41.758425
      ],
      [
       -87.582281,
       41.758791
      ],
      [
       -87.583143,
       41.759095
      ],
      [
       -87.58404,
       41.759334
      ],
      [
       -87.584965,
       41.759507
      ],
      [
       -87.585908,
       41.759611
      ],
      [
       -87.58686,
       41.759646
      ],
      [
       -87.587812,
       41.759611
      ],
      [
       -87.588755,
       41.759507
      ],
      [
       -87.58968,
       41.759334
      ],
      [
       -87.590577,
       41.759095
      ],
      [
       -87.591439,
       41.758791
      ],
      [
       -87.592256,
       41.758425
      ],
      [
       -87.593022,
       41.758002
      ],
      [
       -87.593728,
       41.757524
      ],
      [
       -87.594368,
       41.756997
      ],
      [
       -87.594936,
       41.756426
      ],
      [
       -87.595426,
       41.755816
      ],
      [
       -87.595834,
       41.755173
      ],
      [
       -87.596155,
       41.754504
      ],
      [
       -87.596387,
       41.753814
      ],
      [
       -87.596526,
       41.75311
      ],
      [
       -87.596573,
       41.7524
      ],
      [
       -87.596526,
       41.75169
      ],
      [
       -87.596387,
       41.750986
      ],
      [
       -87.596155,
       41.750296
      ],
      [
       -87.595834,
       41.749627
      ],
      [
       -87.595426,
       41.748984
      ],
      [
       -87.594936,
       41.748374
      ],
      [
       -87.594368,
       41.747803
      ],
      [
       -87.593728,
       41.747276
      ],
      [
       -87.593022,
       41.746798
      ],
      [
       -87.592256,
       41.746375
      ],
      [
       -87.591439,
       41.746009
      ],
      [
       -87.590577,
       41.745705
      ],
      [
       -87.58968,
       41.745466
      ],
      [
       -87.588755,
       41.745293
      ],
      [
       -87.587812,
       41.745189
      ],
      [
       -87.58686,
       41.745154
      ],
      [
       -87.585908,
       41.745189
      ],
      [
       -87.584965,
       41.745293
      ],
      [
       -87.58404,
       41.745466
      ],
      [
       -87.583143,
       41.745705
      ],
      [
       -87.582281,
       41.746009
      ],
      [
       -87.581464,
       41.746375
      ],
      [
       -87.580698,
       41.746798
      ],
      [
       -87.579992,
       41.747276
      ],
      [
       -87.579352,
       41.747803
      ],
      [
       -87.578784,
       41.748374
      ],
      [
       -87.578294,
       41.748984
      ],
      [
       -87.577886,
       41.749627
      ],
      [
       -87.577565,
       41.750296
      ],
      [
       -87.577333,
       41.750986
      ],
      [
       -87.577194,
       41.75169
      ],
      [
       -87.577147,
       41.7524
      ]
     ]
    ]
   }
  },
  {
   "type": "Feature",
   "properties": {
    "utility": "ComEd",
    "docket": "26-0047",
    "status": "proposed",
    "group": "3. Feeders & lines",
    "project_id": "",
    "project_name": "TSS64 Bellwood - 4/12kV conversion candidate",
    "category": "Capacity Planning & Management",
    "asset_type": "voltage conversion 4kV-12kV",
    "feeder_id": "",
    "substation": "",
    "place": "Bellwood",
    "county": "Cook",
    "region": "",
    "program_year": "2028-2031",
    "cost_usd": "",
    "est_headroom_mw": 4,
    "loc_method": "substation_match",
    "uncertainty_mi": 0.5,
    "feeder_match": "",
    "sub_nearest": "S0721",
    "sub_nearest_mi": 0.5,
    "sub_hc_kw": 224362,
    "sub_candidates": "S0721;S0607",
    "hosting_capacity_flag": "explicit",
    "removal_risk": "moderate",
    "risk_reason": "CUB seeks over $1B in total reductions from ComEd's $15.3B ask, including $238M of summer-peak adequacy investment for failure to evaluate non-wires alternatives.",
    "program_id": "",
    "itn": "",
    "ce_type": "",
    "voltage_kv": "",
    "driver": "",
    "nwa_status": "",
    "source": "ComEd MYIGP 2028-2031 (Docket 26-0047), filed 2026-01-16",
    "notes": "Cited as an example of a larger station suited to conversion. Headroom estimated with ComEd's own +4 MW per 4-to-12kV conversion factor. LOCATION UPGRADED: snapped to derived ComEd substation S0721, the only known substation within 1.5 mi of the named town. Its as-built substation hosting capacity is 224362 kW. Matched by proximity, not by ID - ComEd's public map is anonymized, so this is a strong inference rather than a confirmed identity."
   },
   "geometry": {
    "type": "Polygon",
    "coordinates": [
     [
      [
       -87.862637,
       41.88453
      ],
      [
       -87.862684,
       41.88524
      ],
      [
       -87.862824,
       41.885944
      ],
      [
       -87.863056,
       41.886634
      ],
      [
       -87.863378,
       41.887303
      ],
      [
       -87.863786,
       41.887946
      ],
      [
       -87.864277,
       41.888556
      ],
      [
       -87.864846,
       41.889127
      ],
      [
       -87.865488,
       41.889654
      ],
      [
       -87.866195,
       41.890132
      ],
      [
       -87.866962,
       41.890555
      ],
      [
       -87.867782,
       41.890921
      ],
      [
       -87.868645,
       41.891225
      ],
      [
       -87.869545,
       41.891464
      ],
      [
       -87.870471,
       41.891637
      ],
      [
       -87.871416,
       41.891741
      ],
      [
       -87.87237,
       41.891776
      ],
      [
       -87.873324,
       41.891741
      ],
      [
       -87.874269,
       41.891637
      ],
      [
       -87.875195,
       41.891464
      ],
      [
       -87.876095,
       41.891225
      ],
      [
       -87.876958,
       41.890921
      ],
      [
       -87.877778,
       41.890555
      ],
      [
       -87.878545,
       41.890132
      ],
      [
       -87.879252,
       41.889654
      ],
      [
       -87.879894,
       41.889127
      ],
      [
       -87.880463,
       41.888556
      ],
      [
       -87.880954,
       41.887946
      ],
      [
       -87.881362,
       41.887303
      ],
      [
       -87.881684,
       41.886634
      ],
      [
       -87.881916,
       41.885944
      ],
      [
       -87.882056,
       41.88524
      ],
      [
       -87.882103,
       41.88453
      ],
      [
       -87.882056,
       41.88382
      ],
      [
       -87.881916,
       41.883116
      ],
      [
       -87.881684,
       41.882426
      ],
      [
       -87.881362,
       41.881757
      ],
      [
       -87.880954,
       41.881114
      ],
      [
       -87.880463,
       41.880504
      ],
      [
       -87.879894,
       41.879933
      ],
      [
       -87.879252,
       41.879406
      ],
      [
       -87.878545,
       41.878928
      ],
      [
       -87.877778,
       41.878505
      ],
      [
       -87.876958,
       41.878139
      ],
      [
       -87.876095,
       41.877835
      ],
      [
       -87.875195,
       41.877596
      ],
      [
       -87.874269,
       41.877423
      ],
      [
       -87.873324,
       41.877319
      ],
      [
       -87.87237,
       41.877284
      ],
      [
       -87.871416,
       41.877319
      ],
      [
       -87.870471,
       41.877423
      ],
      [
       -87.869545,
       41.877596
      ],
      [
       -87.868645,
       41.877835
      ],
      [
       -87.867782,
       41.878139
      ],
      [
       -87.866962,
       41.878505
      ],
      [
       -87.866195,
       41.878928
      ],
      [
       -87.865488,
       41.879406
      ],
      [
       -87.864846,
       41.879933
      ],
      [
       -87.864277,
       41.880504
      ],
      [
       -87.863786,
       41.881114
      ],
      [
       -87.863378,
       41.881757
      ],
      [
       -87.863056,
       41.882426
      ],
      [
       -87.862824,
       41.883116
      ],
      [
       -87.862684,
       41.88382
      ],
      [
       -87.862637,
       41.88453
      ]
     ]
    ]
   }
  },
  {
   "type": "Feature",
   "properties": {
    "utility": "ComEd",
    "docket": "26-0047",
    "status": "proposed",
    "group": "3. Feeders & lines",
    "project_id": "",
    "project_name": "TSS59 Cicero - 4/12kV conversion candidate",
    "category": "Capacity Planning & Management",
    "asset_type": "voltage conversion 4kV-12kV",
    "feeder_id": "",
    "substation": "",
    "place": "Cicero",
    "county": "Cook",
    "region": "",
    "program_year": "2028-2031",
    "cost_usd": "",
    "est_headroom_mw": 4,
    "loc_method": "municipality_centroid",
    "uncertainty_mi": 2.0,
    "feeder_match": "",
    "sub_nearest": "S0712",
    "sub_nearest_mi": 0.35,
    "sub_hc_kw": 5726,
    "sub_candidates": "S0712;S0717;S0693;S0611;S0522",
    "hosting_capacity_flag": "explicit",
    "removal_risk": "moderate",
    "risk_reason": "CUB seeks over $1B in total reductions from ComEd's $15.3B ask, including $238M of summer-peak adequacy investment for failure to evaluate non-wires alternatives.",
    "program_id": "",
    "itn": "",
    "ce_type": "",
    "voltage_kv": "",
    "driver": "",
    "nwa_status": "",
    "source": "ComEd MYIGP 2028-2031 (Docket 26-0047), filed 2026-01-16",
    "notes": "Cited as a conversion candidate; also suffered significant damage in the 2023 Cicero flooding. Headroom estimated with ComEd's own +4 MW per 4-to-12kV conversion factor."
   },
   "geometry": {
    "type": "Polygon",
    "coordinates": [
     [
      [
       -87.71499,
       41.8456
      ],
      [
       -87.715178,
       41.848441
      ],
      [
       -87.715738,
       41.851255
      ],
      [
       -87.716666,
       41.854014
      ],
      [
       -87.717952,
       41.856692
      ],
      [
       -87.719585,
       41.859264
      ],
      [
       -87.721548,
       41.861703
      ],
      [
       -87.723822,
       41.863988
      ],
      [
       -87.726387,
       41.866096
      ],
      [
       -87.729216,
       41.868006
      ],
      [
       -87.732283,
       41.869701
      ],
      [
       -87.735558,
       41.871163
      ],
      [
       -87.73901,
       41.872379
      ],
      [
       -87.742605,
       41.873337
      ],
      [
       -87.746309,
       41.874029
      ],
      [
       -87.750086,
       41.874446
      ],
      [
       -87.7539,
       41.874586
      ],
      [
       -87.757714,
       41.874446
      ],
      [
       -87.761491,
       41.874029
      ],
      [
       -87.765195,
       41.873337
      ],
      [
       -87.76879,
       41.872379
      ],
      [
       -87.772242,
       41.871163
      ],
      [
       -87.775517,
       41.869701
      ],
      [
       -87.778584,
       41.868006
      ],
      [
       -87.781413,
       41.866096
      ],
      [
       -87.783978,
       41.863988
      ],
      [
       -87.786252,
       41.861703
      ],
      [
       -87.788215,
       41.859264
      ],
      [
       -87.789848,
       41.856692
      ],
      [
       -87.791134,
       41.854014
      ],
      [
       -87.792062,
       41.851255
      ],
      [
       -87.792622,
       41.848441
      ],
      [
       -87.79281,
       41.8456
      ],
      [
       -87.792622,
       41.842759
      ],
      [
       -87.792062,
       41.839945
      ],
      [
       -87.791134,
       41.837186
      ],
      [
       -87.789848,
       41.834508
      ],
      [
       -87.788215,
       41.831936
      ],
      [
       -87.786252,
       41.829497
      ],
      [
       -87.783978,
       41.827212
      ],
      [
       -87.781413,
       41.825104
      ],
      [
       -87.778584,
       41.823194
      ],
      [
       -87.775517,
       41.821499
      ],
      [
       -87.772242,
       41.820037
      ],
      [
       -87.76879,
       41.818821
      ],
      [
       -87.765195,
       41.817863
      ],
      [
       -87.761491,
       41.817171
      ],
      [
       -87.757714,
       41.816754
      ],
      [
       -87.7539,
       41.816614
      ],
      [
       -87.750086,
       41.816754
      ],
      [
       -87.746309,
       41.817171
      ],
      [
       -87.742605,
       41.817863
      ],
      [
       -87.73901,
       41.818821
      ],
      [
       -87.735558,
       41.820037
      ],
      [
       -87.732283,
       41.821499
      ],
      [
       -87.729216,
       41.823194
      ],
      [
       -87.726387,
       41.825104
      ],
      [
       -87.723822,
       41.827212
      ],
      [
       -87.721548,
       41.829497
      ],
      [
       -87.719585,
       41.831936
      ],
      [
       -87.717952,
       41.834508
      ],
      [
       -87.716666,
       41.837186
      ],
      [
       -87.715738,
       41.839945
      ],
      [
       -87.715178,
       41.842759
      ],
      [
       -87.71499,
       41.8456
      ]
     ]
    ]
   }
  },
  {
   "type": "Feature",
   "properties": {
    "utility": "ComEd",
    "docket": "26-0047",
    "status": "proposed",
    "group": "3. Feeders & lines",
    "project_id": "",
    "project_name": "SS280 Lake Bluff - 4/12kV conversion candidate",
    "category": "Capacity Planning & Management",
    "asset_type": "voltage conversion 4kV-12kV",
    "feeder_id": "",
    "substation": "",
    "place": "Lake Bluff",
    "county": "Lake",
    "region": "",
    "program_year": "2028-2031",
    "cost_usd": "",
    "est_headroom_mw": 4,
    "loc_method": "municipality_centroid",
    "uncertainty_mi": 2.0,
    "feeder_match": "",
    "sub_nearest": "S0537",
    "sub_nearest_mi": 1.69,
    "sub_hc_kw": 2549,
    "sub_candidates": "S0537",
    "hosting_capacity_flag": "explicit",
    "removal_risk": "moderate",
    "risk_reason": "CUB seeks over $1B in total reductions from ComEd's $15.3B ask, including $238M of summer-peak adequacy investment for failure to evaluate non-wires alternatives.",
    "program_id": "",
    "itn": "",
    "ce_type": "",
    "voltage_kv": "",
    "driver": "",
    "nwa_status": "",
    "source": "ComEd MYIGP 2028-2031 (Docket 26-0047), filed 2026-01-16",
    "notes": "Cited as an example of a larger station suited to conversion. Headroom estimated with ComEd's own +4 MW per 4-to-12kV conversion factor."
   },
   "geometry": {
    "type": "Polygon",
    "coordinates": [
     [
      [
       -87.795024,
       42.2789
      ],
      [
       -87.795213,
       42.281741
      ],
      [
       -87.795777,
       42.284555
      ],
      [
       -87.796711,
       42.287314
      ],
      [
       -87.798006,
       42.289992
      ],
      [
       -87.79965,
       42.292564
      ],
      [
       -87.801626,
       42.295003
      ],
      [
       -87.803917,
       42.297288
      ],
      [
       -87.806498,
       42.299396
      ],
      [
       -87.809347,
       42.301306
      ],
      [
       -87.812435,
       42.303001
      ],
      [
       -87.815733,
       42.304463
      ],
      [
       -87.819208,
       42.305679
      ],
      [
       -87.822828,
       42.306637
      ],
      [
       -87.826557,
       42.307329
      ],
      [
       -87.83036,
       42.307746
      ],
      [
       -87.8342,
       42.307886
      ],
      [
       -87.83804,
       42.307746
      ],
      [
       -87.841843,
       42.307329
      ],
      [
       -87.845572,
       42.306637
      ],
      [
       -87.849192,
       42.305679
      ],
      [
       -87.852667,
       42.304463
      ],
      [
       -87.855965,
       42.303001
      ],
      [
       -87.859053,
       42.301306
      ],
      [
       -87.861902,
       42.299396
      ],
      [
       -87.864483,
       42.297288
      ],
      [
       -87.866774,
       42.295003
      ],
      [
       -87.86875,
       42.292564
      ],
      [
       -87.870394,
       42.289992
      ],
      [
       -87.871689,
       42.287314
      ],
      [
       -87.872623,
       42.284555
      ],
      [
       -87.873187,
       42.281741
      ],
      [
       -87.873376,
       42.2789
      ],
      [
       -87.873187,
       42.276059
      ],
      [
       -87.872623,
       42.273245
      ],
      [
       -87.871689,
       42.270486
      ],
      [
       -87.870394,
       42.267808
      ],
      [
       -87.86875,
       42.265236
      ],
      [
       -87.866774,
       42.262797
      ],
      [
       -87.864483,
       42.260512
      ],
      [
       -87.861902,
       42.258404
      ],
      [
       -87.859053,
       42.256494
      ],
      [
       -87.855965,
       42.254799
      ],
      [
       -87.852667,
       42.253337
      ],
      [
       -87.849192,
       42.252121
      ],
      [
       -87.845572,
       42.251163
      ],
      [
       -87.841843,
       42.250471
      ],
      [
       -87.83804,
       42.250054
      ],
      [
       -87.8342,
       42.249914
      ],
      [
       -87.83036,
       42.250054
      ],
      [
       -87.826557,
       42.250471
      ],
      [
       -87.822828,
       42.251163
      ],
      [
       -87.819208,
       42.252121
      ],
      [
       -87.815733,
       42.253337
      ],
      [
       -87.812435,
       42.254799
      ],
      [
       -87.809347,
       42.256494
      ],
      [
       -87.806498,
       42.258404
      ],
      [
       -87.803917,
       42.260512
      ],
      [
       -87.801626,
       42.262797
      ],
      [
       -87.79965,
       42.265236
      ],
      [
       -87.798006,
       42.267808
      ],
      [
       -87.796711,
       42.270486
      ],
      [
       -87.795777,
       42.273245
      ],
      [
       -87.795213,
       42.276059
      ],
      [
       -87.795024,
       42.2789
      ]
     ]
    ]
   }
  },
  {
   "type": "Feature",
   "properties": {
    "utility": "ComEd",
    "docket": "26-0047",
    "status": "proposed",
    "group": "5. Reliability & hardening",
    "project_id": "",
    "project_name": "TSS89 Beverly - substation hardening",
    "category": "System Reliability",
    "asset_type": "substation hardening",
    "feeder_id": "",
    "substation": "",
    "place": "Beverly",
    "county": "Cook",
    "region": "",
    "program_year": "2028-2031",
    "cost_usd": "",
    "est_headroom_mw": "",
    "loc_method": "substation_match",
    "uncertainty_mi": 0.5,
    "feeder_match": "",
    "sub_nearest": "S0742",
    "sub_nearest_mi": 1.36,
    "sub_hc_kw": 11301,
    "sub_candidates": "S0742;S0593;S0636;S0651",
    "hosting_capacity_flag": "unknown",
    "removal_risk": "moderate",
    "risk_reason": "CUB seeks over $1B in total reductions from ComEd's $15.3B ask, including $238M of summer-peak adequacy investment for failure to evaluate non-wires alternatives.",
    "program_id": "",
    "itn": "",
    "ce_type": "",
    "voltage_kv": "",
    "driver": "",
    "nwa_status": "",
    "source": "ComEd MYIGP 2028-2031 (Docket 26-0047), filed 2026-01-16",
    "notes": "Named hardening site (Ch.6). Note ComEd's Appendix A 'Location' field is an operating-area label, not a municipality - it tags TSS103 Lisle as 'Bolingbrook'. LOCATION UPGRADED: snapped to derived ComEd substation S0742, the only known substation within 1.5 mi of the named town. Its as-built substation hosting capacity is 11301 kW. Matched by proximity, not by ID - ComEd's public map is anonymized, so this is a strong inference rather than a confirmed identity."
   },
   "geometry": {
    "type": "Polygon",
    "coordinates": [
     [
      [
       -87.644614,
       41.70349
      ],
      [
       -87.644661,
       41.7042
      ],
      [
       -87.644801,
       41.704904
      ],
      [
       -87.645032,
       41.705594
      ],
      [
       -87.645353,
       41.706263
      ],
      [
       -87.64576,
       41.706906
      ],
      [
       -87.64625,
       41.707516
      ],
      [
       -87.646817,
       41.708087
      ],
      [
       -87.647457,
       41.708614
      ],
      [
       -87.648163,
       41.709092
      ],
      [
       -87.648928,
       41.709515
      ],
      [
       -87.649745,
       41.709881
      ],
      [
       -87.650606,
       41.710185
      ],
      [
       -87.651503,
       41.710424
      ],
      [
       -87.652426,
       41.710597
      ],
      [
       -87.653369,
       41.710701
      ],
      [
       -87.65432,
       41.710736
      ],
      [
       -87.655271,
       41.710701
      ],
      [
       -87.656214,
       41.710597
      ],
      [
       -87.657137,
       41.710424
      ],
      [
       -87.658034,
       41.710185
      ],
      [
       -87.658895,
       41.709881
      ],
      [
       -87.659712,
       41.709515
      ],
      [
       -87.660477,
       41.709092
      ],
      [
       -87.661183,
       41.708614
      ],
      [
       -87.661823,
       41.708087
      ],
      [
       -87.66239,
       41.707516
      ],
      [
       -87.66288,
       41.706906
      ],
      [
       -87.663287,
       41.706263
      ],
      [
       -87.663608,
       41.705594
      ],
      [
       -87.663839,
       41.704904
      ],
      [
       -87.663979,
       41.7042
      ],
      [
       -87.664026,
       41.70349
      ],
      [
       -87.663979,
       41.70278
      ],
      [
       -87.663839,
       41.702076
      ],
      [
       -87.663608,
       41.701386
      ],
      [
       -87.663287,
       41.700717
      ],
      [
       -87.66288,
       41.700074
      ],
      [
       -87.66239,
       41.699464
      ],
      [
       -87.661823,
       41.698893
      ],
      [
       -87.661183,
       41.698366
      ],
      [
       -87.660477,
       41.697888
      ],
      [
       -87.659712,
       41.697465
      ],
      [
       -87.658895,
       41.697099
      ],
      [
       -87.658034,
       41.696795
      ],
      [
       -87.657137,
       41.696556
      ],
      [
       -87.656214,
       41.696383
      ],
      [
       -87.655271,
       41.696279
      ],
      [
       -87.65432,
       41.696244
      ],
      [
       -87.653369,
       41.696279
      ],
      [
       -87.652426,
       41.696383
      ],
      [
       -87.651503,
       41.696556
      ],
      [
       -87.650606,
       41.696795
      ],
      [
       -87.649745,
       41.697099
      ],
      [
       -87.648928,
       41.697465
      ],
      [
       -87.648163,
       41.697888
      ],
      [
       -87.647457,
       41.698366
      ],
      [
       -87.646817,
       41.698893
      ],
      [
       -87.64625,
       41.699464
      ],
      [
       -87.64576,
       41.700074
      ],
      [
       -87.645353,
       41.700717
      ],
      [
       -87.645032,
       41.701386
      ],
      [
       -87.644801,
       41.702076
      ],
      [
       -87.644661,
       41.70278
      ],
      [
       -87.644614,
       41.70349
      ]
     ]
    ]
   }
  },
  {
   "type": "Feature",
   "properties": {
    "utility": "ComEd",
    "docket": "26-0047",
    "status": "proposed",
    "group": "5. Reliability & hardening",
    "project_id": "",
    "project_name": "TSS103 Lisle - substation hardening",
    "category": "System Reliability",
    "asset_type": "substation hardening",
    "feeder_id": "",
    "substation": "",
    "place": "Lisle",
    "county": "DuPage",
    "region": "",
    "program_year": "2028-2031",
    "cost_usd": "",
    "est_headroom_mw": "",
    "loc_method": "substation_match",
    "uncertainty_mi": 0.5,
    "feeder_match": "",
    "sub_nearest": "S0640",
    "sub_nearest_mi": 0.86,
    "sub_hc_kw": 69684,
    "sub_candidates": "S0640;S0612",
    "hosting_capacity_flag": "unknown",
    "removal_risk": "moderate",
    "risk_reason": "CUB seeks over $1B in total reductions from ComEd's $15.3B ask, including $238M of summer-peak adequacy investment for failure to evaluate non-wires alternatives.",
    "program_id": "",
    "itn": "",
    "ce_type": "",
    "voltage_kv": "",
    "driver": "",
    "nwa_status": "",
    "source": "ComEd MYIGP 2028-2031 (Docket 26-0047), filed 2026-01-16",
    "notes": "Named hardening site (Ch.6). Note ComEd's Appendix A 'Location' field is an operating-area label, not a municipality - it tags TSS103 Lisle as 'Bolingbrook'. LOCATION UPGRADED: snapped to derived ComEd substation S0640, the only known substation within 1.5 mi of the named town. Its as-built substation hosting capacity is 69684 kW. Matched by proximity, not by ID - ComEd's public map is anonymized, so this is a strong inference rather than a confirmed identity."
   },
   "geometry": {
    "type": "Polygon",
    "coordinates": [
     [
      [
       -88.04852,
       41.79773
      ],
      [
       -88.048567,
       41.79844
      ],
      [
       -88.048707,
       41.799144
      ],
      [
       -88.048938,
       41.799834
      ],
      [
       -88.04926,
       41.800503
      ],
      [
       -88.049668,
       41.801146
      ],
      [
       -88.050158,
       41.801756
      ],
      [
       -88.050726,
       41.802327
      ],
      [
       -88.051367,
       41.802854
      ],
      [
       -88.052074,
       41.803332
      ],
      [
       -88.05284,
       41.803755
      ],
      [
       -88.053658,
       41.804121
      ],
      [
       -88.05452,
       41.804425
      ],
      [
       -88.055418,
       41.804664
      ],
      [
       -88.056344,
       41.804837
      ],
      [
       -88.057287,
       41.804941
      ],
      [
       -88.05824,
       41.804976
      ],
      [
       -88.059193,
       41.804941
      ],
      [
       -88.060136,
       41.804837
      ],
      [
       -88.061062,
       41.804664
      ],
      [
       -88.06196,
       41.804425
      ],
      [
       -88.062822,
       41.804121
      ],
      [
       -88.06364,
       41.803755
      ],
      [
       -88.064406,
       41.803332
      ],
      [
       -88.065113,
       41.802854
      ],
      [
       -88.065754,
       41.802327
      ],
      [
       -88.066322,
       41.801756
      ],
      [
       -88.066812,
       41.801146
      ],
      [
       -88.06722,
       41.800503
      ],
      [
       -88.067542,
       41.799834
      ],
      [
       -88.067773,
       41.799144
      ],
      [
       -88.067913,
       41.79844
      ],
      [
       -88.06796,
       41.79773
      ],
      [
       -88.067913,
       41.79702
      ],
      [
       -88.067773,
       41.796316
      ],
      [
       -88.067542,
       41.795626
      ],
      [
       -88.06722,
       41.794957
      ],
      [
       -88.066812,
       41.794314
      ],
      [
       -88.066322,
       41.793704
      ],
      [
       -88.065754,
       41.793133
      ],
      [
       -88.065113,
       41.792606
      ],
      [
       -88.064406,
       41.792128
      ],
      [
       -88.06364,
       41.791705
      ],
      [
       -88.062822,
       41.791339
      ],
      [
       -88.06196,
       41.791035
      ],
      [
       -88.061062,
       41.790796
      ],
      [
       -88.060136,
       41.790623
      ],
      [
       -88.059193,
       41.790519
      ],
      [
       -88.05824,
       41.790484
      ],
      [
       -88.057287,
       41.790519
      ],
      [
       -88.056344,
       41.790623
      ],
      [
       -88.055418,
       41.790796
      ],
      [
       -88.05452,
       41.791035
      ],
      [
       -88.053658,
       41.791339
      ],
      [
       -88.05284,
       41.791705
      ],
      [
       -88.052074,
       41.792128
      ],
      [
       -88.051367,
       41.792606
      ],
      [
       -88.050726,
       41.793133
      ],
      [
       -88.050158,
       41.793704
      ],
      [
       -88.049668,
       41.794314
      ],
      [
       -88.04926,
       41.794957
      ],
      [
       -88.048938,
       41.795626
      ],
      [
       -88.048707,
       41.796316
      ],
      [
       -88.048567,
       41.79702
      ],
      [
       -88.04852,
       41.79773
      ]
     ]
    ]
   }
  },
  {
   "type": "Feature",
   "properties": {
    "utility": "ComEd",
    "docket": "26-0047",
    "status": "proposed",
    "group": "5. Reliability & hardening",
    "project_id": "",
    "project_name": "TSS56 North Aurora - substation hardening",
    "category": "System Reliability",
    "asset_type": "substation hardening",
    "feeder_id": "",
    "substation": "",
    "place": "North Aurora",
    "county": "Kane",
    "region": "",
    "program_year": "2028-2031",
    "cost_usd": "",
    "est_headroom_mw": "",
    "loc_method": "municipality_centroid",
    "uncertainty_mi": 2.0,
    "feeder_match": "",
    "sub_nearest": "S0715",
    "sub_nearest_mi": 1.79,
    "sub_hc_kw": 131069,
    "sub_candidates": "S0715",
    "hosting_capacity_flag": "unknown",
    "removal_risk": "moderate",
    "risk_reason": "CUB seeks over $1B in total reductions from ComEd's $15.3B ask, including $238M of summer-peak adequacy investment for failure to evaluate non-wires alternatives.",
    "program_id": "",
    "itn": "",
    "ce_type": "",
    "voltage_kv": "",
    "driver": "",
    "nwa_status": "",
    "source": "ComEd MYIGP 2028-2031 (Docket 26-0047), filed 2026-01-16",
    "notes": "Named hardening site (Ch.6). Note ComEd's Appendix A 'Location' field is an operating-area label, not a municipality - it tags TSS103 Lisle as 'Bolingbrook'."
   },
   "geometry": {
    "type": "Polygon",
    "coordinates": [
     [
      [
       -88.288414,
       41.8064
      ],
      [
       -88.288601,
       41.809241
      ],
      [
       -88.289161,
       41.812055
      ],
      [
       -88.290089,
       41.814814
      ],
      [
       -88.291374,
       41.817492
      ],
      [
       -88.293006,
       41.820064
      ],
      [
       -88.294968,
       41.822503
      ],
      [
       -88.297241,
       41.824788
      ],
      [
       -88.299804,
       41.826896
      ],
      [
       -88.302631,
       41.828806
      ],
      [
       -88.305696,
       41.830501
      ],
      [
       -88.308969,
       41.831963
      ],
      [
       -88.312419,
       41.833179
      ],
      [
       -88.316012,
       41.834137
      ],
      [
       -88.319714,
       41.834829
      ],
      [
       -88.323489,
       41.835246
      ],
      [
       -88.3273,
       41.835386
      ],
      [
       -88.331111,
       41.835246
      ],
      [
       -88.334886,
       41.834829
      ],
      [
       -88.338588,
       41.834137
      ],
      [
       -88.342181,
       41.833179
      ],
      [
       -88.345631,
       41.831963
      ],
      [
       -88.348904,
       41.830501
      ],
      [
       -88.351969,
       41.828806
      ],
      [
       -88.354796,
       41.826896
      ],
      [
       -88.357359,
       41.824788
      ],
      [
       -88.359632,
       41.822503
      ],
      [
       -88.361594,
       41.820064
      ],
      [
       -88.363226,
       41.817492
      ],
      [
       -88.364511,
       41.814814
      ],
      [
       -88.365439,
       41.812055
      ],
      [
       -88.365999,
       41.809241
      ],
      [
       -88.366186,
       41.8064
      ],
      [
       -88.365999,
       41.803559
      ],
      [
       -88.365439,
       41.800745
      ],
      [
       -88.364511,
       41.797986
      ],
      [
       -88.363226,
       41.795308
      ],
      [
       -88.361594,
       41.792736
      ],
      [
       -88.359632,
       41.790297
      ],
      [
       -88.357359,
       41.788012
      ],
      [
       -88.354796,
       41.785904
      ],
      [
       -88.351969,
       41.783994
      ],
      [
       -88.348904,
       41.782299
      ],
      [
       -88.345631,
       41.780837
      ],
      [
       -88.342181,
       41.779621
      ],
      [
       -88.338588,
       41.778663
      ],
      [
       -88.334886,
       41.777971
      ],
      [
       -88.331111,
       41.777554
      ],
      [
       -88.3273,
       41.777414
      ],
      [
       -88.323489,
       41.777554
      ],
      [
       -88.319714,
       41.777971
      ],
      [
       -88.316012,
       41.778663
      ],
      [
       -88.312419,
       41.779621
      ],
      [
       -88.308969,
       41.780837
      ],
      [
       -88.305696,
       41.782299
      ],
      [
       -88.302631,
       41.783994
      ],
      [
       -88.299804,
       41.785904
      ],
      [
       -88.297241,
       41.788012
      ],
      [
       -88.294968,
       41.790297
      ],
      [
       -88.293006,
       41.792736
      ],
      [
       -88.291374,
       41.795308
      ],
      [
       -88.290089,
       41.797986
      ],
      [
       -88.289161,
       41.800745
      ],
      [
       -88.288601,
       41.803559
      ],
      [
       -88.288414,
       41.8064
      ]
     ]
    ]
   }
  },
  {
   "type": "Feature",
   "properties": {
    "utility": "ComEd",
    "docket": "26-0047",
    "status": "proposed",
    "group": "6. Programs, land & studies",
    "project_id": "",
    "project_name": "Tinley Park / Mokena area - capacity under evaluation",
    "category": "Capacity Planning & Management",
    "asset_type": "capacity study",
    "feeder_id": "",
    "substation": "",
    "place": "Tinley Park",
    "county": "Cook",
    "region": "",
    "program_year": "2028-2031",
    "cost_usd": "",
    "est_headroom_mw": "",
    "loc_method": "narrative_reference",
    "uncertainty_mi": 6.0,
    "feeder_match": "",
    "sub_nearest": "",
    "sub_nearest_mi": "",
    "sub_hc_kw": "",
    "sub_candidates": "",
    "hosting_capacity_flag": "possible",
    "removal_risk": "moderate",
    "risk_reason": "CUB seeks over $1B in total reductions from ComEd's $15.3B ask, including $238M of summer-peak adequacy investment for failure to evaluate non-wires alternatives.",
    "program_id": "",
    "itn": "",
    "ce_type": "",
    "voltage_kv": "",
    "driver": "",
    "nwa_status": "",
    "source": "ComEd MYIGP 2028-2031 (Docket 26-0047), filed 2026-01-16",
    "notes": "ComEd states it is evaluating projects in the Tinley Park and Mokena area to support anticipated customer load growth. Not yet a funded project - an early signal of where capacity may be added."
   },
   "geometry": {
    "type": "Polygon",
    "coordinates": [
     [
      [
       -87.668265,
       41.5731
      ],
      [
       -87.668825,
       41.581623
      ],
      [
       -87.670498,
       41.590064
      ],
      [
       -87.67327,
       41.598342
      ],
      [
       -87.677113,
       41.606377
      ],
      [
       -87.68199,
       41.614091
      ],
      [
       -87.687854,
       41.62141
      ],
      [
       -87.694649,
       41.628265
      ],
      [
       -87.702309,
       41.634588
      ],
      [
       -87.710761,
       41.640318
      ],
      [
       -87.719923,
       41.645402
      ],
      [
       -87.729707,
       41.649789
      ],
      [
       -87.740019,
       41.653437
      ],
      [
       -87.750759,
       41.656312
      ],
      [
       -87.761824,
       41.658386
      ],
      [
       -87.773107,
       41.659638
      ],
      [
       -87.7845,
       41.660057
      ],
      [
       -87.795893,
       41.659638
      ],
      [
       -87.807176,
       41.658386
      ],
      [
       -87.818241,
       41.656312
      ],
      [
       -87.828981,
       41.653437
      ],
      [
       -87.839293,
       41.649789
      ],
      [
       -87.849077,
       41.645402
      ],
      [
       -87.858239,
       41.640318
      ],
      [
       -87.866691,
       41.634588
      ],
      [
       -87.874351,
       41.628265
      ],
      [
       -87.881146,
       41.62141
      ],
      [
       -87.88701,
       41.614091
      ],
      [
       -87.891887,
       41.606377
      ],
      [
       -87.89573,
       41.598342
      ],
      [
       -87.898502,
       41.590064
      ],
      [
       -87.900175,
       41.581623
      ],
      [
       -87.900735,
       41.5731
      ],
      [
       -87.900175,
       41.564577
      ],
      [
       -87.898502,
       41.556136
      ],
      [
       -87.89573,
       41.547858
      ],
      [
       -87.891887,
       41.539823
      ],
      [
       -87.88701,
       41.532109
      ],
      [
       -87.881146,
       41.52479
      ],
      [
       -87.874351,
       41.517935
      ],
      [
       -87.866691,
       41.511612
      ],
      [
       -87.858239,
       41.505882
      ],
      [
       -87.849077,
       41.500798
      ],
      [
       -87.839293,
       41.496411
      ],
      [
       -87.828981,
       41.492763
      ],
      [
       -87.818241,
       41.489888
      ],
      [
       -87.807176,
       41.487814
      ],
      [
       -87.795893,
       41.486562
      ],
      [
       -87.7845,
       41.486143
      ],
      [
       -87.773107,
       41.486562
      ],
      [
       -87.761824,
       41.487814
      ],
      [
       -87.750759,
       41.489888
      ],
      [
       -87.740019,
       41.492763
      ],
      [
       -87.729707,
       41.496411
      ],
      [
       -87.719923,
       41.500798
      ],
      [
       -87.710761,
       41.505882
      ],
      [
       -87.702309,
       41.511612
      ],
      [
       -87.694649,
       41.517935
      ],
      [
       -87.687854,
       41.52479
      ],
      [
       -87.68199,
       41.532109
      ],
      [
       -87.677113,
       41.539823
      ],
      [
       -87.67327,
       41.547858
      ],
      [
       -87.670498,
       41.556136
      ],
      [
       -87.668825,
       41.564577
      ],
      [
       -87.668265,
       41.5731
      ]
     ]
    ]
   }
  }
 ]
}