{
 "type": "FeatureCollection",
 "name": "il_grid_plan_points",
 "crs": {
  "type": "name",
  "properties": {
   "name": "urn:ogc:def:crs:OGC:1.3:CRS84"
  }
 },
 "features": [
  {
   "type": "Feature",
   "properties": {
    "utility": "Ameren Illinois",
    "docket": "26-0051",
    "status": "proposed",
    "project_id": "AIC13725",
    "project_name": "WRE Quincy/Camp Point 4kV-12kV Conversion",
    "category": "Capacity Expansion",
    "asset_type": "voltage conversion 4kV-12kV",
    "feeder_id": "",
    "substation": "",
    "place": "Quincy",
    "county": "Adams",
    "region": "Western",
    "program_year": 2030,
    "cost_usd": 1721600,
    "est_headroom_mw": "",
    "loc_method": "municipality_centroid",
    "uncertainty_mi": 2.0,
    "hosting_capacity_flag": "likely",
    "removal_risk": "low",
    "risk_reason": "Party asks total ~$450M against $2.68B (~17%), far milder than the 2023 rejection, and ICC Staff finds the plan substantially compliant. Only one Capacity Expansion project is targeted for removal.",
    "n_projects": "",
    "program_id": "",
    "itn": "",
    "ce_type": "",
    "voltage_kv": "",
    "driver": "",
    "nwa_status": "",
    "source": "ICC Staff Ex. 15.02 (Docket 26-0051), 2026-05-07",
    "notes": "Voltage conversion raises feeder capacity; Ameren publishes no MW-per-conversion factor."
   },
   "geometry": {
    "type": "Point",
    "coordinates": [
     -91.4099,
     39.9356
    ]
   }
  },
  {
   "type": "Feature",
   "properties": {
    "utility": "Ameren Illinois",
    "docket": "26-0051",
    "status": "proposed",
    "project_id": "AIC13726",
    "project_name": "WRE Jerseyville/Greenfield 4kV-12kV Conversion",
    "category": "Capacity Expansion",
    "asset_type": "voltage conversion 4kV-12kV",
    "feeder_id": "",
    "substation": "",
    "place": "Jerseyville",
    "county": "Jersey",
    "region": "Western",
    "program_year": 2031,
    "cost_usd": 601340,
    "est_headroom_mw": "",
    "loc_method": "municipality_centroid",
    "uncertainty_mi": 2.0,
    "hosting_capacity_flag": "likely",
    "removal_risk": "low",
    "risk_reason": "Party asks total ~$450M against $2.68B (~17%), far milder than the 2023 rejection, and ICC Staff finds the plan substantially compliant. Only one Capacity Expansion project is targeted for removal.",
    "n_projects": "",
    "program_id": "",
    "itn": "",
    "ce_type": "",
    "voltage_kv": "",
    "driver": "",
    "nwa_status": "",
    "source": "ICC Staff Ex. 15.02 (Docket 26-0051), 2026-05-07",
    "notes": "Voltage conversion raises feeder capacity; Ameren publishes no MW-per-conversion factor."
   },
   "geometry": {
    "type": "Point",
    "coordinates": [
     -90.3287,
     39.1206
    ]
   }
  },
  {
   "type": "Feature",
   "properties": {
    "utility": "Ameren Illinois",
    "docket": "26-0051",
    "status": "proposed",
    "project_id": "AIC13727",
    "project_name": "WRE Hillsboro Subs 4kV-12kV Conversion",
    "category": "Capacity Expansion",
    "asset_type": "voltage conversion 4kV-12kV",
    "feeder_id": "",
    "substation": "",
    "place": "Hillsboro",
    "county": "Montgomery",
    "region": "Western",
    "program_year": 2030,
    "cost_usd": 1535978,
    "est_headroom_mw": "",
    "loc_method": "municipality_centroid",
    "uncertainty_mi": 2.0,
    "hosting_capacity_flag": "likely",
    "removal_risk": "low",
    "risk_reason": "Party asks total ~$450M against $2.68B (~17%), far milder than the 2023 rejection, and ICC Staff finds the plan substantially compliant. Only one Capacity Expansion project is targeted for removal.",
    "n_projects": "",
    "program_id": "",
    "itn": "",
    "ce_type": "",
    "voltage_kv": "",
    "driver": "",
    "nwa_status": "",
    "source": "ICC Staff Ex. 15.02 (Docket 26-0051), 2026-05-07",
    "notes": "Voltage conversion raises feeder capacity; Ameren publishes no MW-per-conversion factor."
   },
   "geometry": {
    "type": "Point",
    "coordinates": [
     -89.4959,
     39.1611
    ]
   }
  },
  {
   "type": "Feature",
   "properties": {
    "utility": "Ameren Illinois",
    "docket": "26-0051",
    "status": "proposed",
    "project_id": "AIC13728",
    "project_name": "WRE Beardstown/Meredosia 4kV-12kV Conversion",
    "category": "Capacity Expansion",
    "asset_type": "voltage conversion 4kV-12kV",
    "feeder_id": "",
    "substation": "",
    "place": "Beardstown",
    "county": "Cass",
    "region": "Western",
    "program_year": 2030,
    "cost_usd": 520092,
    "est_headroom_mw": "",
    "loc_method": "municipality_centroid",
    "uncertainty_mi": 2.0,
    "hosting_capacity_flag": "likely",
    "removal_risk": "low",
    "risk_reason": "Party asks total ~$450M against $2.68B (~17%), far milder than the 2023 rejection, and ICC Staff finds the plan substantially compliant. Only one Capacity Expansion project is targeted for removal.",
    "n_projects": "",
    "program_id": "",
    "itn": "",
    "ce_type": "",
    "voltage_kv": "",
    "driver": "",
    "nwa_status": "",
    "source": "ICC Staff Ex. 15.02 (Docket 26-0051), 2026-05-07",
    "notes": "Voltage conversion raises feeder capacity; Ameren publishes no MW-per-conversion factor."
   },
   "geometry": {
    "type": "Point",
    "coordinates": [
     -90.4243,
     39.9978
    ]
   }
  },
  {
   "type": "Feature",
   "properties": {
    "utility": "Ameren Illinois",
    "docket": "26-0051",
    "status": "proposed",
    "project_id": "AIC13735",
    "project_name": "Hillsboro 4-12kV Conversion & Substation Reserve",
    "category": "Capacity Expansion",
    "asset_type": "voltage conversion 4kV-12kV",
    "feeder_id": "",
    "substation": "",
    "place": "Hillsboro",
    "county": "Montgomery",
    "region": "",
    "program_year": 2030,
    "cost_usd": 4685525,
    "est_headroom_mw": "",
    "loc_method": "municipality_centroid",
    "uncertainty_mi": 2.0,
    "hosting_capacity_flag": "likely",
    "removal_risk": "low",
    "risk_reason": "Party asks total ~$450M against $2.68B (~17%), far milder than the 2023 rejection, and ICC Staff finds the plan substantially compliant. Only one Capacity Expansion project is targeted for removal.",
    "n_projects": "",
    "program_id": "",
    "itn": "",
    "ce_type": "",
    "voltage_kv": "",
    "driver": "",
    "nwa_status": "",
    "source": "ICC Staff Ex. 15.02 (Docket 26-0051), 2026-05-07",
    "notes": "Voltage conversion raises feeder capacity; Ameren publishes no MW-per-conversion factor."
   },
   "geometry": {
    "type": "Point",
    "coordinates": [
     -89.4959,
     39.1611
    ]
   }
  },
  {
   "type": "Feature",
   "properties": {
    "utility": "Ameren Illinois",
    "docket": "26-0051",
    "status": "proposed",
    "project_id": "AIC13736",
    "project_name": "Decatur E Main St 4-12kV Conversion",
    "category": "Capacity Expansion",
    "asset_type": "voltage conversion 4kV-12kV",
    "feeder_id": "",
    "substation": "",
    "place": "Decatur",
    "county": "Macon",
    "region": "",
    "program_year": 2028,
    "cost_usd": 5408516,
    "est_headroom_mw": "",
    "loc_method": "municipality_centroid",
    "uncertainty_mi": 2.0,
    "hosting_capacity_flag": "likely",
    "removal_risk": "low",
    "risk_reason": "Party asks total ~$450M against $2.68B (~17%), far milder than the 2023 rejection, and ICC Staff finds the plan substantially compliant. Only one Capacity Expansion project is targeted for removal.",
    "n_projects": "",
    "program_id": "",
    "itn": "",
    "ce_type": "",
    "voltage_kv": "",
    "driver": "",
    "nwa_status": "",
    "source": "ICC Staff Ex. 15.02 (Docket 26-0051), 2026-05-07",
    "notes": "Voltage conversion raises feeder capacity; Ameren publishes no MW-per-conversion factor."
   },
   "geometry": {
    "type": "Point",
    "coordinates": [
     -88.9548,
     39.8403
    ]
   }
  },
  {
   "type": "Feature",
   "properties": {
    "utility": "Ameren Illinois",
    "docket": "26-0051",
    "status": "proposed",
    "project_id": "AIC13747",
    "project_name": "NRE DEC E Main Conversion",
    "category": "Capacity Expansion",
    "asset_type": "voltage conversion 4kV-12kV",
    "feeder_id": "",
    "substation": "",
    "place": "Decatur",
    "county": "Macon",
    "region": "Northern",
    "program_year": 2028,
    "cost_usd": 2155563,
    "est_headroom_mw": "",
    "loc_method": "municipality_centroid",
    "uncertainty_mi": 2.0,
    "hosting_capacity_flag": "likely",
    "removal_risk": "low",
    "risk_reason": "Party asks total ~$450M against $2.68B (~17%), far milder than the 2023 rejection, and ICC Staff finds the plan substantially compliant. Only one Capacity Expansion project is targeted for removal.",
    "n_projects": "",
    "program_id": "",
    "itn": "",
    "ce_type": "",
    "voltage_kv": "",
    "driver": "",
    "nwa_status": "",
    "source": "ICC Staff Ex. 15.02 (Docket 26-0051), 2026-05-07",
    "notes": "Voltage conversion raises feeder capacity; Ameren publishes no MW-per-conversion factor."
   },
   "geometry": {
    "type": "Point",
    "coordinates": [
     -88.9548,
     39.8403
    ]
   }
  },
  {
   "type": "Feature",
   "properties": {
    "utility": "Ameren Illinois",
    "docket": "26-0051",
    "status": "proposed",
    "project_id": "AIC13741",
    "project_name": "Bloomington Division St Units 2 & 3 12kV Conversion",
    "category": "Capacity Expansion",
    "asset_type": "voltage conversion 4kV-12kV",
    "feeder_id": "",
    "substation": "",
    "place": "Bloomington",
    "county": "McLean",
    "region": "",
    "program_year": 2031,
    "cost_usd": 7180123,
    "est_headroom_mw": "",
    "loc_method": "municipality_centroid",
    "uncertainty_mi": 2.0,
    "hosting_capacity_flag": "likely",
    "removal_risk": "high",
    "risk_reason": "The AG specifically targets this project ($7.9M) as cost-ineffective - the ONLY Ameren Capacity Expansion project any party seeks to remove on those grounds.",
    "n_projects": "",
    "program_id": "",
    "itn": "",
    "ce_type": "",
    "voltage_kv": "",
    "driver": "",
    "nwa_status": "",
    "source": "ICC Staff Ex. 15.02 (Docket 26-0051), 2026-05-07",
    "notes": "Voltage conversion raises feeder capacity; Ameren publishes no MW-per-conversion factor."
   },
   "geometry": {
    "type": "Point",
    "coordinates": [
     -88.9937,
     40.4842
    ]
   }
  },
  {
   "type": "Feature",
   "properties": {
    "utility": "Ameren Illinois",
    "docket": "26-0051",
    "status": "proposed",
    "project_id": "AIC13748",
    "project_name": "NRE BLM Division St Conversion",
    "category": "Capacity Expansion",
    "asset_type": "voltage conversion 4kV-12kV",
    "feeder_id": "",
    "substation": "",
    "place": "Bloomington",
    "county": "McLean",
    "region": "Northern",
    "program_year": 2031,
    "cost_usd": 5000875,
    "est_headroom_mw": "",
    "loc_method": "municipality_centroid",
    "uncertainty_mi": 2.0,
    "hosting_capacity_flag": "likely",
    "removal_risk": "high",
    "risk_reason": "The AG specifically targets this project ($7.9M) as cost-ineffective - the ONLY Ameren Capacity Expansion project any party seeks to remove on those grounds.",
    "n_projects": "",
    "program_id": "",
    "itn": "",
    "ce_type": "",
    "voltage_kv": "",
    "driver": "",
    "nwa_status": "",
    "source": "ICC Staff Ex. 15.02 (Docket 26-0051), 2026-05-07",
    "notes": "Voltage conversion raises feeder capacity; Ameren publishes no MW-per-conversion factor."
   },
   "geometry": {
    "type": "Point",
    "coordinates": [
     -88.9937,
     40.4842
    ]
   }
  },
  {
   "type": "Feature",
   "properties": {
    "utility": "Ameren Illinois",
    "docket": "26-0051",
    "status": "proposed",
    "project_id": "AIC13749",
    "project_name": "NRE East Broadway B54 13.2kV Conversion",
    "category": "Capacity Expansion",
    "asset_type": "voltage conversion 4kV-12kV",
    "feeder_id": "B54",
    "substation": "",
    "place": "",
    "county": "",
    "region": "Northern",
    "program_year": 2030,
    "cost_usd": 617695,
    "est_headroom_mw": "",
    "loc_method": "region_approximation",
    "uncertainty_mi": 50,
    "hosting_capacity_flag": "likely",
    "removal_risk": "low",
    "risk_reason": "Party asks total ~$450M against $2.68B (~17%), far milder than the 2023 rejection, and ICC Staff finds the plan substantially compliant. Only one Capacity Expansion project is targeted for removal.",
    "n_projects": "",
    "program_id": "",
    "itn": "",
    "ce_type": "",
    "voltage_kv": "",
    "driver": "",
    "nwa_status": "",
    "source": "ICC Staff Ex. 15.02 (Docket 26-0051), 2026-05-07",
    "notes": "Voltage conversion raises feeder capacity; Ameren publishes no MW-per-conversion factor."
   },
   "geometry": {
    "type": "Point",
    "coordinates": [
     -89.4,
     40.7
    ]
   }
  },
  {
   "type": "Feature",
   "properties": {
    "utility": "Ameren Illinois",
    "docket": "26-0051",
    "status": "proposed",
    "project_id": "AIC13782",
    "project_name": "Kewanee N 4-12kV Conversion",
    "category": "Capacity Expansion",
    "asset_type": "voltage conversion 4kV-12kV",
    "feeder_id": "",
    "substation": "",
    "place": "Kewanee",
    "county": "Henry",
    "region": "",
    "program_year": 2029,
    "cost_usd": 5402706,
    "est_headroom_mw": "",
    "loc_method": "municipality_centroid",
    "uncertainty_mi": 2.0,
    "hosting_capacity_flag": "likely",
    "removal_risk": "low",
    "risk_reason": "Party asks total ~$450M against $2.68B (~17%), far milder than the 2023 rejection, and ICC Staff finds the plan substantially compliant. Only one Capacity Expansion project is targeted for removal.",
    "n_projects": "",
    "program_id": "",
    "itn": "",
    "ce_type": "",
    "voltage_kv": "",
    "driver": "",
    "nwa_status": "",
    "source": "ICC Staff Ex. 15.02 (Docket 26-0051), 2026-05-07",
    "notes": "Voltage conversion raises feeder capacity; Ameren publishes no MW-per-conversion factor."
   },
   "geometry": {
    "type": "Point",
    "coordinates": [
     -89.9248,
     41.2453
    ]
   }
  },
  {
   "type": "Feature",
   "properties": {
    "utility": "Ameren Illinois",
    "docket": "26-0051",
    "status": "proposed",
    "project_id": "AIC13924",
    "project_name": "NRE PPK Cleveland 12kV Conversion Feeder 1",
    "category": "Capacity Expansion",
    "asset_type": "voltage conversion 4kV-12kV",
    "feeder_id": "",
    "substation": "",
    "place": "Pekin",
    "county": "Tazewell",
    "region": "Northern",
    "program_year": 2030,
    "cost_usd": 131229,
    "est_headroom_mw": "",
    "loc_method": "municipality_centroid",
    "uncertainty_mi": 2.0,
    "hosting_capacity_flag": "likely",
    "removal_risk": "low",
    "risk_reason": "Party asks total ~$450M against $2.68B (~17%), far milder than the 2023 rejection, and ICC Staff finds the plan substantially compliant. Only one Capacity Expansion project is targeted for removal.",
    "n_projects": "",
    "program_id": "",
    "itn": "",
    "ce_type": "",
    "voltage_kv": "",
    "driver": "",
    "nwa_status": "",
    "source": "ICC Staff Ex. 15.02 (Docket 26-0051), 2026-05-07",
    "notes": "Voltage conversion raises feeder capacity; Ameren publishes no MW-per-conversion factor."
   },
   "geometry": {
    "type": "Point",
    "coordinates": [
     -89.6407,
     40.5675
    ]
   }
  },
  {
   "type": "Feature",
   "properties": {
    "utility": "Ameren Illinois",
    "docket": "26-0051",
    "status": "proposed",
    "project_id": "AIC13925",
    "project_name": "NRE PPK Cleveland 12kV Conversion Feeder 2",
    "category": "Capacity Expansion",
    "asset_type": "voltage conversion 4kV-12kV",
    "feeder_id": "",
    "substation": "",
    "place": "Pekin",
    "county": "Tazewell",
    "region": "Northern",
    "program_year": 2030,
    "cost_usd": 153583,
    "est_headroom_mw": "",
    "loc_method": "municipality_centroid",
    "uncertainty_mi": 2.0,
    "hosting_capacity_flag": "likely",
    "removal_risk": "low",
    "risk_reason": "Party asks total ~$450M against $2.68B (~17%), far milder than the 2023 rejection, and ICC Staff finds the plan substantially compliant. Only one Capacity Expansion project is targeted for removal.",
    "n_projects": "",
    "program_id": "",
    "itn": "",
    "ce_type": "",
    "voltage_kv": "",
    "driver": "",
    "nwa_status": "",
    "source": "ICC Staff Ex. 15.02 (Docket 26-0051), 2026-05-07",
    "notes": "Voltage conversion raises feeder capacity; Ameren publishes no MW-per-conversion factor."
   },
   "geometry": {
    "type": "Point",
    "coordinates": [
     -89.6407,
     40.5675
    ]
   }
  },
  {
   "type": "Feature",
   "properties": {
    "utility": "Ameren Illinois",
    "docket": "26-0051",
    "status": "proposed",
    "project_id": "AIC13926",
    "project_name": "NRE PPK Cleveland 12kV Conversion Feeder 3",
    "category": "Capacity Expansion",
    "asset_type": "voltage conversion 4kV-12kV",
    "feeder_id": "",
    "substation": "",
    "place": "Pekin",
    "county": "Tazewell",
    "region": "Northern",
    "program_year": 2030,
    "cost_usd": 100123,
    "est_headroom_mw": "",
    "loc_method": "municipality_centroid",
    "uncertainty_mi": 2.0,
    "hosting_capacity_flag": "likely",
    "removal_risk": "low",
    "risk_reason": "Party asks total ~$450M against $2.68B (~17%), far milder than the 2023 rejection, and ICC Staff finds the plan substantially compliant. Only one Capacity Expansion project is targeted for removal.",
    "n_projects": "",
    "program_id": "",
    "itn": "",
    "ce_type": "",
    "voltage_kv": "",
    "driver": "",
    "nwa_status": "",
    "source": "ICC Staff Ex. 15.02 (Docket 26-0051), 2026-05-07",
    "notes": "Voltage conversion raises feeder capacity; Ameren publishes no MW-per-conversion factor."
   },
   "geometry": {
    "type": "Point",
    "coordinates": [
     -89.6407,
     40.5675
    ]
   }
  },
  {
   "type": "Feature",
   "properties": {
    "utility": "Ameren Illinois",
    "docket": "26-0051",
    "status": "proposed",
    "project_id": "AIC13927",
    "project_name": "NRE Kewanee N. Main (N67) 12kV Conversion Feeder 312",
    "category": "Capacity Expansion",
    "asset_type": "voltage conversion 4kV-12kV",
    "feeder_id": "",
    "substation": "",
    "place": "Kewanee",
    "county": "Henry",
    "region": "Northern",
    "program_year": 2029,
    "cost_usd": 409531,
    "est_headroom_mw": "",
    "loc_method": "municipality_centroid",
    "uncertainty_mi": 2.0,
    "hosting_capacity_flag": "likely",
    "removal_risk": "low",
    "risk_reason": "Party asks total ~$450M against $2.68B (~17%), far milder than the 2023 rejection, and ICC Staff finds the plan substantially compliant. Only one Capacity Expansion project is targeted for removal.",
    "n_projects": "",
    "program_id": "",
    "itn": "",
    "ce_type": "",
    "voltage_kv": "",
    "driver": "",
    "nwa_status": "",
    "source": "ICC Staff Ex. 15.02 (Docket 26-0051), 2026-05-07",
    "notes": "Voltage conversion raises feeder capacity; Ameren publishes no MW-per-conversion factor."
   },
   "geometry": {
    "type": "Point",
    "coordinates": [
     -89.9248,
     41.2453
    ]
   }
  },
  {
   "type": "Feature",
   "properties": {
    "utility": "Ameren Illinois",
    "docket": "26-0051",
    "status": "proposed",
    "project_id": "AIC13928",
    "project_name": "NRE Kewanee N. Main (N67) 12kV Conversion Feeder 315",
    "category": "Capacity Expansion",
    "asset_type": "voltage conversion 4kV-12kV",
    "feeder_id": "",
    "substation": "",
    "place": "Kewanee",
    "county": "Henry",
    "region": "Northern",
    "program_year": 2029,
    "cost_usd": 779744,
    "est_headroom_mw": "",
    "loc_method": "municipality_centroid",
    "uncertainty_mi": 2.0,
    "hosting_capacity_flag": "likely",
    "removal_risk": "low",
    "risk_reason": "Party asks total ~$450M against $2.68B (~17%), far milder than the 2023 rejection, and ICC Staff finds the plan substantially compliant. Only one Capacity Expansion project is targeted for removal.",
    "n_projects": "",
    "program_id": "",
    "itn": "",
    "ce_type": "",
    "voltage_kv": "",
    "driver": "",
    "nwa_status": "",
    "source": "ICC Staff Ex. 15.02 (Docket 26-0051), 2026-05-07",
    "notes": "Voltage conversion raises feeder capacity; Ameren publishes no MW-per-conversion factor."
   },
   "geometry": {
    "type": "Point",
    "coordinates": [
     -89.9248,
     41.2453
    ]
   }
  },
  {
   "type": "Feature",
   "properties": {
    "utility": "Ameren Illinois",
    "docket": "26-0051",
    "status": "proposed",
    "project_id": "AIC13929",
    "project_name": "NRE Kewanee N. Main (N67) 12kV Conversion Feeder 316",
    "category": "Capacity Expansion",
    "asset_type": "voltage conversion 4kV-12kV",
    "feeder_id": "",
    "substation": "",
    "place": "Kewanee",
    "county": "Henry",
    "region": "Northern",
    "program_year": 2029,
    "cost_usd": 380043,
    "est_headroom_mw": "",
    "loc_method": "municipality_centroid",
    "uncertainty_mi": 2.0,
    "hosting_capacity_flag": "likely",
    "removal_risk": "low",
    "risk_reason": "Party asks total ~$450M against $2.68B (~17%), far milder than the 2023 rejection, and ICC Staff finds the plan substantially compliant. Only one Capacity Expansion project is targeted for removal.",
    "n_projects": "",
    "program_id": "",
    "itn": "",
    "ce_type": "",
    "voltage_kv": "",
    "driver": "",
    "nwa_status": "",
    "source": "ICC Staff Ex. 15.02 (Docket 26-0051), 2026-05-07",
    "notes": "Voltage conversion raises feeder capacity; Ameren publishes no MW-per-conversion factor."
   },
   "geometry": {
    "type": "Point",
    "coordinates": [
     -89.9248,
     41.2453
    ]
   }
  },
  {
   "type": "Feature",
   "properties": {
    "utility": "Ameren Illinois",
    "docket": "26-0051",
    "status": "proposed",
    "project_id": "",
    "project_name": "Louisville S - Replace 2 Transformers",
    "category": "Capacity Expansion",
    "asset_type": "transformer replacement x2",
    "feeder_id": "",
    "substation": "",
    "place": "Louisville",
    "county": "Clay",
    "region": "",
    "program_year": 2028,
    "cost_usd": 20994808,
    "est_headroom_mw": "",
    "loc_method": "municipality_centroid",
    "uncertainty_mi": 2.0,
    "hosting_capacity_flag": "possible",
    "removal_risk": "moderate",
    "risk_reason": "Falls within the AG's $34.7M of targeted substation transformer / switchgear / breaker reductions. Note these are asset replacement, so they add little headroom regardless.",
    "n_projects": "",
    "program_id": "",
    "itn": "",
    "ce_type": "",
    "voltage_kv": "",
    "driver": "",
    "nwa_status": "",
    "source": "ICC Staff Ex. 15.02 (Docket 26-0051), 2026-05-07",
    "notes": "Largest single Ameren capacity project 2028-2031."
   },
   "geometry": {
    "type": "Point",
    "coordinates": [
     -88.5006,
     38.7742
    ]
   }
  },
  {
   "type": "Feature",
   "properties": {
    "utility": "Ameren Illinois",
    "docket": "26-0051",
    "status": "proposed",
    "project_id": "",
    "project_name": "Olney N - Transformer 2 Upgrade",
    "category": "Capacity Expansion",
    "asset_type": "transformer upgrade",
    "feeder_id": "",
    "substation": "",
    "place": "Olney",
    "county": "Richland",
    "region": "",
    "program_year": 2028,
    "cost_usd": 8550483,
    "est_headroom_mw": "",
    "loc_method": "municipality_centroid",
    "uncertainty_mi": 2.0,
    "hosting_capacity_flag": "possible",
    "removal_risk": "low",
    "risk_reason": "Party asks total ~$450M against $2.68B (~17%), far milder than the 2023 rejection, and ICC Staff finds the plan substantially compliant. Only one Capacity Expansion project is targeted for removal.",
    "n_projects": "",
    "program_id": "",
    "itn": "",
    "ce_type": "",
    "voltage_kv": "",
    "driver": "",
    "nwa_status": "",
    "source": "ICC Staff Ex. 15.02 (Docket 26-0051), 2026-05-07",
    "notes": ""
   },
   "geometry": {
    "type": "Point",
    "coordinates": [
     -88.0855,
     38.7314
    ]
   }
  },
  {
   "type": "Feature",
   "properties": {
    "utility": "Ameren Illinois",
    "docket": "26-0051",
    "status": "proposed",
    "project_id": "",
    "project_name": "Fairview (Decatur) - Substation Upgrades",
    "category": "Capacity Expansion",
    "asset_type": "substation upgrade",
    "feeder_id": "",
    "substation": "",
    "place": "Decatur",
    "county": "Macon",
    "region": "",
    "program_year": 2028,
    "cost_usd": 5847189,
    "est_headroom_mw": "",
    "loc_method": "municipality_centroid",
    "uncertainty_mi": 2.0,
    "hosting_capacity_flag": "possible",
    "removal_risk": "low",
    "risk_reason": "Party asks total ~$450M against $2.68B (~17%), far milder than the 2023 rejection, and ICC Staff finds the plan substantially compliant. Only one Capacity Expansion project is targeted for removal.",
    "n_projects": "",
    "program_id": "",
    "itn": "",
    "ce_type": "",
    "voltage_kv": "",
    "driver": "",
    "nwa_status": "",
    "source": "ICC Staff Ex. 15.02 (Docket 26-0051), 2026-05-07",
    "notes": ""
   },
   "geometry": {
    "type": "Point",
    "coordinates": [
     -88.9548,
     39.8403
    ]
   }
  },
  {
   "type": "Feature",
   "properties": {
    "utility": "Ameren Illinois",
    "docket": "26-0051",
    "status": "proposed",
    "project_id": "",
    "project_name": "Glen Carbon - Distribution Substation Addition",
    "category": "Capacity Expansion",
    "asset_type": "NEW substation",
    "feeder_id": "",
    "substation": "",
    "place": "Glen Carbon",
    "county": "Madison",
    "region": "",
    "program_year": 2029,
    "cost_usd": 5240000,
    "est_headroom_mw": "",
    "loc_method": "municipality_centroid",
    "uncertainty_mi": 2.0,
    "hosting_capacity_flag": "possible",
    "removal_risk": "low",
    "risk_reason": "Party asks total ~$450M against $2.68B (~17%), far milder than the 2023 rejection, and ICC Staff finds the plan substantially compliant. Only one Capacity Expansion project is targeted for removal.",
    "n_projects": "",
    "program_id": "",
    "itn": "",
    "ce_type": "",
    "voltage_kv": "",
    "driver": "",
    "nwa_status": "",
    "source": "ICC Staff Ex. 15.02 (Docket 26-0051), 2026-05-07",
    "notes": "New distribution substation."
   },
   "geometry": {
    "type": "Point",
    "coordinates": [
     -89.9831,
     38.7522
    ]
   }
  },
  {
   "type": "Feature",
   "properties": {
    "utility": "Ameren Illinois",
    "docket": "26-0051",
    "status": "proposed",
    "project_id": "",
    "project_name": "Paxton Unit 5 - Transformer Upgrade",
    "category": "Capacity Expansion",
    "asset_type": "transformer upgrade",
    "feeder_id": "",
    "substation": "",
    "place": "Paxton",
    "county": "Ford",
    "region": "",
    "program_year": 2029,
    "cost_usd": 4046065,
    "est_headroom_mw": "",
    "loc_method": "municipality_centroid",
    "uncertainty_mi": 2.0,
    "hosting_capacity_flag": "possible",
    "removal_risk": "low",
    "risk_reason": "Party asks total ~$450M against $2.68B (~17%), far milder than the 2023 rejection, and ICC Staff finds the plan substantially compliant. Only one Capacity Expansion project is targeted for removal.",
    "n_projects": "",
    "program_id": "",
    "itn": "",
    "ce_type": "",
    "voltage_kv": "",
    "driver": "",
    "nwa_status": "",
    "source": "ICC Staff Ex. 15.02 (Docket 26-0051), 2026-05-07",
    "notes": "Only NWA candidate for 2028-2031. 10.5 MVA 69/12kV at ~85% loading; exceedance moved 2029->2031."
   },
   "geometry": {
    "type": "Point",
    "coordinates": [
     -88.0951,
     40.4606
    ]
   }
  },
  {
   "type": "Feature",
   "properties": {
    "utility": "Ameren Illinois",
    "docket": "26-0051",
    "status": "proposed",
    "project_id": "",
    "project_name": "Mt. Vernon Brownsville - Additional Transformer",
    "category": "Capacity Expansion",
    "asset_type": "transformer addition",
    "feeder_id": "",
    "substation": "",
    "place": "Mount Vernon",
    "county": "Jefferson",
    "region": "",
    "program_year": 2028,
    "cost_usd": 3390518,
    "est_headroom_mw": "",
    "loc_method": "municipality_centroid",
    "uncertainty_mi": 2.0,
    "hosting_capacity_flag": "possible",
    "removal_risk": "low",
    "risk_reason": "Party asks total ~$450M against $2.68B (~17%), far milder than the 2023 rejection, and ICC Staff finds the plan substantially compliant. Only one Capacity Expansion project is targeted for removal.",
    "n_projects": "",
    "program_id": "",
    "itn": "",
    "ce_type": "",
    "voltage_kv": "",
    "driver": "",
    "nwa_status": "",
    "source": "ICC Staff Ex. 15.02 (Docket 26-0051), 2026-05-07",
    "notes": ""
   },
   "geometry": {
    "type": "Point",
    "coordinates": [
     -88.9031,
     38.3173
    ]
   }
  },
  {
   "type": "Feature",
   "properties": {
    "utility": "Ameren Illinois",
    "docket": "26-0051",
    "status": "proposed",
    "project_id": "",
    "project_name": "Sauget - Substation Construction",
    "category": "Capacity Expansion",
    "asset_type": "NEW substation",
    "feeder_id": "",
    "substation": "",
    "place": "Sauget",
    "county": "St. Clair",
    "region": "",
    "program_year": 2028,
    "cost_usd": 3365632,
    "est_headroom_mw": "",
    "loc_method": "municipality_centroid",
    "uncertainty_mi": 2.0,
    "hosting_capacity_flag": "possible",
    "removal_risk": "low",
    "risk_reason": "Party asks total ~$450M against $2.68B (~17%), far milder than the 2023 rejection, and ICC Staff finds the plan substantially compliant. Only one Capacity Expansion project is targeted for removal.",
    "n_projects": "",
    "program_id": "",
    "itn": "",
    "ce_type": "",
    "voltage_kv": "",
    "driver": "",
    "nwa_status": "",
    "source": "ICC Staff Ex. 15.02 (Docket 26-0051), 2026-05-07",
    "notes": ""
   },
   "geometry": {
    "type": "Point",
    "coordinates": [
     -90.1704,
     38.5851
    ]
   }
  },
  {
   "type": "Feature",
   "properties": {
    "utility": "Ameren Illinois",
    "docket": "26-0051",
    "status": "proposed",
    "project_id": "",
    "project_name": "Normal Main - Transformer Upgrade",
    "category": "Capacity Expansion",
    "asset_type": "transformer upgrade",
    "feeder_id": "",
    "substation": "",
    "place": "Normal",
    "county": "McLean",
    "region": "",
    "program_year": 2030,
    "cost_usd": 3862486,
    "est_headroom_mw": "",
    "loc_method": "municipality_centroid",
    "uncertainty_mi": 2.0,
    "hosting_capacity_flag": "possible",
    "removal_risk": "low",
    "risk_reason": "Party asks total ~$450M against $2.68B (~17%), far milder than the 2023 rejection, and ICC Staff finds the plan substantially compliant. Only one Capacity Expansion project is targeted for removal.",
    "n_projects": "",
    "program_id": "",
    "itn": "",
    "ce_type": "",
    "voltage_kv": "",
    "driver": "",
    "nwa_status": "",
    "source": "ICC Staff Ex. 15.02 (Docket 26-0051), 2026-05-07",
    "notes": ""
   },
   "geometry": {
    "type": "Point",
    "coordinates": [
     -88.9906,
     40.5142
    ]
   }
  },
  {
   "type": "Feature",
   "properties": {
    "utility": "Ameren Illinois",
    "docket": "26-0051",
    "status": "proposed",
    "project_id": "",
    "project_name": "Nashville - Substation Construction",
    "category": "Capacity Expansion",
    "asset_type": "NEW substation",
    "feeder_id": "",
    "substation": "",
    "place": "Nashville",
    "county": "Washington",
    "region": "",
    "program_year": 2030,
    "cost_usd": 3465227,
    "est_headroom_mw": "",
    "loc_method": "municipality_centroid",
    "uncertainty_mi": 2.0,
    "hosting_capacity_flag": "possible",
    "removal_risk": "low",
    "risk_reason": "Party asks total ~$450M against $2.68B (~17%), far milder than the 2023 rejection, and ICC Staff finds the plan substantially compliant. Only one Capacity Expansion project is targeted for removal.",
    "n_projects": "",
    "program_id": "",
    "itn": "",
    "ce_type": "",
    "voltage_kv": "",
    "driver": "",
    "nwa_status": "",
    "source": "ICC Staff Ex. 15.02 (Docket 26-0051), 2026-05-07",
    "notes": "Paired with New Sub Site Purchase $331,957."
   },
   "geometry": {
    "type": "Point",
    "coordinates": [
     -89.3812,
     38.3437
    ]
   }
  },
  {
   "type": "Feature",
   "properties": {
    "utility": "Ameren Illinois",
    "docket": "26-0051",
    "status": "proposed",
    "project_id": "",
    "project_name": "Nashville - New Substation Site Purchase",
    "category": "Capacity Expansion",
    "asset_type": "land acquisition",
    "feeder_id": "",
    "substation": "",
    "place": "Nashville",
    "county": "Washington",
    "region": "",
    "program_year": 2030,
    "cost_usd": 331957,
    "est_headroom_mw": "",
    "loc_method": "municipality_centroid",
    "uncertainty_mi": 2.0,
    "hosting_capacity_flag": "possible",
    "removal_risk": "low",
    "risk_reason": "Party asks total ~$450M against $2.68B (~17%), far milder than the 2023 rejection, and ICC Staff finds the plan substantially compliant. Only one Capacity Expansion project is targeted for removal.",
    "n_projects": "",
    "program_id": "",
    "itn": "",
    "ce_type": "",
    "voltage_kv": "",
    "driver": "",
    "nwa_status": "",
    "source": "ICC Staff Ex. 15.02 (Docket 26-0051), 2026-05-07",
    "notes": "Land for new Nashville substation."
   },
   "geometry": {
    "type": "Point",
    "coordinates": [
     -89.3812,
     38.3437
    ]
   }
  },
  {
   "type": "Feature",
   "properties": {
    "utility": "Ameren Illinois",
    "docket": "26-0051",
    "status": "proposed",
    "project_id": "",
    "project_name": "Aviston - Second Transformer",
    "category": "Capacity Expansion",
    "asset_type": "transformer addition",
    "feeder_id": "",
    "substation": "",
    "place": "Aviston",
    "county": "Clinton",
    "region": "",
    "program_year": 2030,
    "cost_usd": 3342400,
    "est_headroom_mw": "",
    "loc_method": "municipality_centroid",
    "uncertainty_mi": 2.0,
    "hosting_capacity_flag": "possible",
    "removal_risk": "low",
    "risk_reason": "Party asks total ~$450M against $2.68B (~17%), far milder than the 2023 rejection, and ICC Staff finds the plan substantially compliant. Only one Capacity Expansion project is targeted for removal.",
    "n_projects": "",
    "program_id": "",
    "itn": "",
    "ce_type": "",
    "voltage_kv": "",
    "driver": "",
    "nwa_status": "",
    "source": "ICC Staff Ex. 15.02 (Docket 26-0051), 2026-05-07",
    "notes": "Paired with Aviston Capacity Line $249,745."
   },
   "geometry": {
    "type": "Point",
    "coordinates": [
     -89.6042,
     38.6103
    ]
   }
  },
  {
   "type": "Feature",
   "properties": {
    "utility": "Ameren Illinois",
    "docket": "26-0051",
    "status": "proposed",
    "project_id": "",
    "project_name": "Aviston - Capacity Line",
    "category": "Capacity Expansion",
    "asset_type": "line capacity",
    "feeder_id": "",
    "substation": "",
    "place": "Aviston",
    "county": "Clinton",
    "region": "",
    "program_year": 2030,
    "cost_usd": 249745,
    "est_headroom_mw": "",
    "loc_method": "municipality_centroid",
    "uncertainty_mi": 2.0,
    "hosting_capacity_flag": "possible",
    "removal_risk": "low",
    "risk_reason": "Party asks total ~$450M against $2.68B (~17%), far milder than the 2023 rejection, and ICC Staff finds the plan substantially compliant. Only one Capacity Expansion project is targeted for removal.",
    "n_projects": "",
    "program_id": "",
    "itn": "",
    "ce_type": "",
    "voltage_kv": "",
    "driver": "",
    "nwa_status": "",
    "source": "ICC Staff Ex. 15.02 (Docket 26-0051), 2026-05-07",
    "notes": ""
   },
   "geometry": {
    "type": "Point",
    "coordinates": [
     -89.6042,
     38.6103
    ]
   }
  },
  {
   "type": "Feature",
   "properties": {
    "utility": "Ameren Illinois",
    "docket": "26-0051",
    "status": "proposed",
    "project_id": "",
    "project_name": "Hartman Lane - Second Transformer",
    "category": "Capacity Expansion",
    "asset_type": "transformer addition",
    "feeder_id": "",
    "substation": "",
    "place": "Shiloh",
    "county": "St. Clair",
    "region": "",
    "program_year": 2029,
    "cost_usd": 2953898,
    "est_headroom_mw": "",
    "loc_method": "municipality_centroid",
    "uncertainty_mi": 2.0,
    "hosting_capacity_flag": "possible",
    "removal_risk": "low",
    "risk_reason": "Party asks total ~$450M against $2.68B (~17%), far milder than the 2023 rejection, and ICC Staff finds the plan substantially compliant. Only one Capacity Expansion project is targeted for removal.",
    "n_projects": "",
    "program_id": "",
    "itn": "",
    "ce_type": "",
    "voltage_kv": "",
    "driver": "",
    "nwa_status": "",
    "source": "ICC Staff Ex. 15.02 (Docket 26-0051), 2026-05-07",
    "notes": "Hartman Lane is in the Shiloh/Belleville area, St. Clair Co."
   },
   "geometry": {
    "type": "Point",
    "coordinates": [
     -89.9401,
     38.5595
    ]
   }
  },
  {
   "type": "Feature",
   "properties": {
    "utility": "Ameren Illinois",
    "docket": "26-0051",
    "status": "proposed",
    "project_id": "",
    "project_name": "Fondulac - Additional Transformer",
    "category": "Capacity Expansion",
    "asset_type": "transformer addition",
    "feeder_id": "",
    "substation": "",
    "place": "East Peoria",
    "county": "Tazewell",
    "region": "",
    "program_year": 2031,
    "cost_usd": 2883236,
    "est_headroom_mw": "",
    "loc_method": "municipality_centroid",
    "uncertainty_mi": 2.0,
    "hosting_capacity_flag": "possible",
    "removal_risk": "low",
    "risk_reason": "Party asks total ~$450M against $2.68B (~17%), far milder than the 2023 rejection, and ICC Staff finds the plan substantially compliant. Only one Capacity Expansion project is targeted for removal.",
    "n_projects": "",
    "program_id": "",
    "itn": "",
    "ce_type": "",
    "voltage_kv": "",
    "driver": "",
    "nwa_status": "",
    "source": "ICC Staff Ex. 15.02 (Docket 26-0051), 2026-05-07",
    "notes": "Fondulac = East Peoria area."
   },
   "geometry": {
    "type": "Point",
    "coordinates": [
     -89.5701,
     40.6661
    ]
   }
  },
  {
   "type": "Feature",
   "properties": {
    "utility": "Ameren Illinois",
    "docket": "26-0051",
    "status": "proposed",
    "project_id": "",
    "project_name": "Savoy - Transformer Upgrade",
    "category": "Capacity Expansion",
    "asset_type": "transformer upgrade",
    "feeder_id": "",
    "substation": "",
    "place": "Savoy",
    "county": "Champaign",
    "region": "",
    "program_year": 2028,
    "cost_usd": 2687248,
    "est_headroom_mw": "",
    "loc_method": "municipality_centroid",
    "uncertainty_mi": 2.0,
    "hosting_capacity_flag": "possible",
    "removal_risk": "low",
    "risk_reason": "Party asks total ~$450M against $2.68B (~17%), far milder than the 2023 rejection, and ICC Staff finds the plan substantially compliant. Only one Capacity Expansion project is targeted for removal.",
    "n_projects": "",
    "program_id": "",
    "itn": "",
    "ce_type": "",
    "voltage_kv": "",
    "driver": "",
    "nwa_status": "",
    "source": "ICC Staff Ex. 15.02 (Docket 26-0051), 2026-05-07",
    "notes": ""
   },
   "geometry": {
    "type": "Point",
    "coordinates": [
     -88.252,
     40.0553
    ]
   }
  },
  {
   "type": "Feature",
   "properties": {
    "utility": "Ameren Illinois",
    "docket": "26-0051",
    "status": "proposed",
    "project_id": "",
    "project_name": "Marseilles - New Substation Construction",
    "category": "Capacity Expansion",
    "asset_type": "NEW substation",
    "feeder_id": "",
    "substation": "",
    "place": "Marseilles",
    "county": "LaSalle",
    "region": "",
    "program_year": "",
    "cost_usd": "",
    "est_headroom_mw": "",
    "loc_method": "municipality_centroid",
    "uncertainty_mi": 2.0,
    "hosting_capacity_flag": "possible",
    "removal_risk": "low",
    "risk_reason": "Party asks total ~$450M against $2.68B (~17%), far milder than the 2023 rejection, and ICC Staff finds the plan substantially compliant. Only one Capacity Expansion project is targeted for removal.",
    "n_projects": "",
    "program_id": "",
    "itn": "",
    "ce_type": "",
    "voltage_kv": "",
    "driver": "",
    "nwa_status": "",
    "source": "ICC Staff Ex. 15.02 (Docket 26-0051), 2026-05-07",
    "notes": "Paired with land acquisition $337,958 and NRE LAS Marseilles substation line work."
   },
   "geometry": {
    "type": "Point",
    "coordinates": [
     -88.7081,
     41.3306
    ]
   }
  },
  {
   "type": "Feature",
   "properties": {
    "utility": "Ameren Illinois",
    "docket": "26-0051",
    "status": "proposed",
    "project_id": "",
    "project_name": "Marseilles - New Substation Land Acquisition",
    "category": "Capacity Expansion",
    "asset_type": "land acquisition",
    "feeder_id": "",
    "substation": "",
    "place": "Marseilles",
    "county": "LaSalle",
    "region": "",
    "program_year": "",
    "cost_usd": 337958,
    "est_headroom_mw": "",
    "loc_method": "municipality_centroid",
    "uncertainty_mi": 2.0,
    "hosting_capacity_flag": "possible",
    "removal_risk": "low",
    "risk_reason": "Party asks total ~$450M against $2.68B (~17%), far milder than the 2023 rejection, and ICC Staff finds the plan substantially compliant. Only one Capacity Expansion project is targeted for removal.",
    "n_projects": "",
    "program_id": "",
    "itn": "",
    "ce_type": "",
    "voltage_kv": "",
    "driver": "",
    "nwa_status": "",
    "source": "ICC Staff Ex. 15.02 (Docket 26-0051), 2026-05-07",
    "notes": ""
   },
   "geometry": {
    "type": "Point",
    "coordinates": [
     -88.7081,
     41.3306
    ]
   }
  },
  {
   "type": "Feature",
   "properties": {
    "utility": "Ameren Illinois",
    "docket": "26-0051",
    "status": "proposed",
    "project_id": "",
    "project_name": "Danville Frank - Transformer",
    "category": "Capacity Expansion",
    "asset_type": "transformer",
    "feeder_id": "",
    "substation": "",
    "place": "Danville",
    "county": "Vermilion",
    "region": "",
    "program_year": 2031,
    "cost_usd": 2381805,
    "est_headroom_mw": "",
    "loc_method": "municipality_centroid",
    "uncertainty_mi": 2.0,
    "hosting_capacity_flag": "possible",
    "removal_risk": "low",
    "risk_reason": "Party asks total ~$450M against $2.68B (~17%), far milder than the 2023 rejection, and ICC Staff finds the plan substantially compliant. Only one Capacity Expansion project is targeted for removal.",
    "n_projects": "",
    "program_id": "",
    "itn": "",
    "ce_type": "",
    "voltage_kv": "",
    "driver": "",
    "nwa_status": "",
    "source": "ICC Staff Ex. 15.02 (Docket 26-0051), 2026-05-07",
    "notes": ""
   },
   "geometry": {
    "type": "Point",
    "coordinates": [
     -87.63,
     40.1245
    ]
   }
  },
  {
   "type": "Feature",
   "properties": {
    "utility": "Ameren Illinois",
    "docket": "26-0051",
    "status": "proposed",
    "project_id": "",
    "project_name": "Hudson Rural - Bank 2",
    "category": "Capacity Expansion",
    "asset_type": "transformer bank addition",
    "feeder_id": "",
    "substation": "",
    "place": "Hudson",
    "county": "McLean",
    "region": "",
    "program_year": 2030,
    "cost_usd": 2006184,
    "est_headroom_mw": "",
    "loc_method": "municipality_centroid",
    "uncertainty_mi": 2.0,
    "hosting_capacity_flag": "possible",
    "removal_risk": "low",
    "risk_reason": "Party asks total ~$450M against $2.68B (~17%), far milder than the 2023 rejection, and ICC Staff finds the plan substantially compliant. Only one Capacity Expansion project is targeted for removal.",
    "n_projects": "",
    "program_id": "",
    "itn": "",
    "ce_type": "",
    "voltage_kv": "",
    "driver": "",
    "nwa_status": "",
    "source": "ICC Staff Ex. 15.02 (Docket 26-0051), 2026-05-07",
    "notes": "Paired with Hudson Rural Xfmr $1,408,760."
   },
   "geometry": {
    "type": "Point",
    "coordinates": [
     -88.9853,
     40.6011
    ]
   }
  },
  {
   "type": "Feature",
   "properties": {
    "utility": "Ameren Illinois",
    "docket": "26-0051",
    "status": "proposed",
    "project_id": "",
    "project_name": "Hudson Rural - Transformer",
    "category": "Capacity Expansion",
    "asset_type": "transformer",
    "feeder_id": "",
    "substation": "",
    "place": "Hudson",
    "county": "McLean",
    "region": "",
    "program_year": 2030,
    "cost_usd": 1408760,
    "est_headroom_mw": "",
    "loc_method": "municipality_centroid",
    "uncertainty_mi": 2.0,
    "hosting_capacity_flag": "possible",
    "removal_risk": "low",
    "risk_reason": "Party asks total ~$450M against $2.68B (~17%), far milder than the 2023 rejection, and ICC Staff finds the plan substantially compliant. Only one Capacity Expansion project is targeted for removal.",
    "n_projects": "",
    "program_id": "",
    "itn": "",
    "ce_type": "",
    "voltage_kv": "",
    "driver": "",
    "nwa_status": "",
    "source": "ICC Staff Ex. 15.02 (Docket 26-0051), 2026-05-07",
    "notes": ""
   },
   "geometry": {
    "type": "Point",
    "coordinates": [
     -88.9853,
     40.6011
    ]
   }
  },
  {
   "type": "Feature",
   "properties": {
    "utility": "Ameren Illinois",
    "docket": "26-0051",
    "status": "proposed",
    "project_id": "",
    "project_name": "Carrollton Unit 1",
    "category": "Capacity Expansion",
    "asset_type": "transformer/unit",
    "feeder_id": "",
    "substation": "",
    "place": "Carrollton",
    "county": "Greene",
    "region": "",
    "program_year": 2031,
    "cost_usd": 1997345,
    "est_headroom_mw": "",
    "loc_method": "municipality_centroid",
    "uncertainty_mi": 2.0,
    "hosting_capacity_flag": "possible",
    "removal_risk": "low",
    "risk_reason": "Party asks total ~$450M against $2.68B (~17%), far milder than the 2023 rejection, and ICC Staff finds the plan substantially compliant. Only one Capacity Expansion project is targeted for removal.",
    "n_projects": "",
    "program_id": "",
    "itn": "",
    "ce_type": "",
    "voltage_kv": "",
    "driver": "",
    "nwa_status": "",
    "source": "ICC Staff Ex. 15.02 (Docket 26-0051), 2026-05-07",
    "notes": ""
   },
   "geometry": {
    "type": "Point",
    "coordinates": [
     -90.4068,
     39.302
    ]
   }
  },
  {
   "type": "Feature",
   "properties": {
    "utility": "Ameren Illinois",
    "docket": "26-0051",
    "status": "proposed",
    "project_id": "",
    "project_name": "Sherman Unit 1",
    "category": "Capacity Expansion",
    "asset_type": "transformer/unit",
    "feeder_id": "",
    "substation": "",
    "place": "Sherman",
    "county": "Sangamon",
    "region": "",
    "program_year": 2029,
    "cost_usd": 1803741,
    "est_headroom_mw": "",
    "loc_method": "municipality_centroid",
    "uncertainty_mi": 2.0,
    "hosting_capacity_flag": "possible",
    "removal_risk": "low",
    "risk_reason": "Party asks total ~$450M against $2.68B (~17%), far milder than the 2023 rejection, and ICC Staff finds the plan substantially compliant. Only one Capacity Expansion project is targeted for removal.",
    "n_projects": "",
    "program_id": "",
    "itn": "",
    "ce_type": "",
    "voltage_kv": "",
    "driver": "",
    "nwa_status": "",
    "source": "ICC Staff Ex. 15.02 (Docket 26-0051), 2026-05-07",
    "notes": ""
   },
   "geometry": {
    "type": "Point",
    "coordinates": [
     -89.6034,
     39.8917
    ]
   }
  },
  {
   "type": "Feature",
   "properties": {
    "utility": "Ameren Illinois",
    "docket": "26-0051",
    "status": "proposed",
    "project_id": "",
    "project_name": "Carterville Unit 2",
    "category": "Capacity Expansion",
    "asset_type": "transformer/unit",
    "feeder_id": "",
    "substation": "",
    "place": "Carterville",
    "county": "Williamson",
    "region": "",
    "program_year": 2029,
    "cost_usd": 1783205,
    "est_headroom_mw": "",
    "loc_method": "municipality_centroid",
    "uncertainty_mi": 2.0,
    "hosting_capacity_flag": "possible",
    "removal_risk": "low",
    "risk_reason": "Party asks total ~$450M against $2.68B (~17%), far milder than the 2023 rejection, and ICC Staff finds the plan substantially compliant. Only one Capacity Expansion project is targeted for removal.",
    "n_projects": "",
    "program_id": "",
    "itn": "",
    "ce_type": "",
    "voltage_kv": "",
    "driver": "",
    "nwa_status": "",
    "source": "ICC Staff Ex. 15.02 (Docket 26-0051), 2026-05-07",
    "notes": ""
   },
   "geometry": {
    "type": "Point",
    "coordinates": [
     -89.0754,
     37.7603
    ]
   }
  },
  {
   "type": "Feature",
   "properties": {
    "utility": "Ameren Illinois",
    "docket": "26-0051",
    "status": "proposed",
    "project_id": "",
    "project_name": "Bismark",
    "category": "Capacity Expansion",
    "asset_type": "capacity upgrade",
    "feeder_id": "",
    "substation": "",
    "place": "Bismarck",
    "county": "Vermilion",
    "region": "",
    "program_year": 2030,
    "cost_usd": 1377242,
    "est_headroom_mw": "",
    "loc_method": "municipality_centroid",
    "uncertainty_mi": 2.0,
    "hosting_capacity_flag": "possible",
    "removal_risk": "low",
    "risk_reason": "Party asks total ~$450M against $2.68B (~17%), far milder than the 2023 rejection, and ICC Staff finds the plan substantially compliant. Only one Capacity Expansion project is targeted for removal.",
    "n_projects": "",
    "program_id": "",
    "itn": "",
    "ce_type": "",
    "voltage_kv": "",
    "driver": "",
    "nwa_status": "",
    "source": "ICC Staff Ex. 15.02 (Docket 26-0051), 2026-05-07",
    "notes": ""
   },
   "geometry": {
    "type": "Point",
    "coordinates": [
     -87.61,
     40.2617
    ]
   }
  },
  {
   "type": "Feature",
   "properties": {
    "utility": "Ameren Illinois",
    "docket": "26-0051",
    "status": "proposed",
    "project_id": "",
    "project_name": "Fayetteville - New Feeder Position",
    "category": "Capacity Expansion",
    "asset_type": "NEW feeder position",
    "feeder_id": "",
    "substation": "",
    "place": "Fayetteville",
    "county": "St. Clair",
    "region": "",
    "program_year": 2031,
    "cost_usd": 740670,
    "est_headroom_mw": "",
    "loc_method": "municipality_centroid",
    "uncertainty_mi": 2.0,
    "hosting_capacity_flag": "possible",
    "removal_risk": "low",
    "risk_reason": "Party asks total ~$450M against $2.68B (~17%), far milder than the 2023 rejection, and ICC Staff finds the plan substantially compliant. Only one Capacity Expansion project is targeted for removal.",
    "n_projects": "",
    "program_id": "",
    "itn": "",
    "ce_type": "",
    "voltage_kv": "",
    "driver": "",
    "nwa_status": "",
    "source": "ICC Staff Ex. 15.02 (Docket 26-0051), 2026-05-07",
    "notes": "Creates a new feeder position - direct new distribution capacity."
   },
   "geometry": {
    "type": "Point",
    "coordinates": [
     -89.802,
     38.3767
    ]
   }
  },
  {
   "type": "Feature",
   "properties": {
    "utility": "Ameren Illinois",
    "docket": "26-0051",
    "status": "proposed",
    "project_id": "",
    "project_name": "WRE Maryville - 12kV out of new S. Edwardsville Substation",
    "category": "Capacity Expansion",
    "asset_type": "NEW substation feed",
    "feeder_id": "",
    "substation": "",
    "place": "Edwardsville",
    "county": "Madison",
    "region": "Western",
    "program_year": "",
    "cost_usd": "",
    "est_headroom_mw": "",
    "loc_method": "municipality_centroid",
    "uncertainty_mi": 2.0,
    "hosting_capacity_flag": "possible",
    "removal_risk": "low",
    "risk_reason": "Party asks total ~$450M against $2.68B (~17%), far milder than the 2023 rejection, and ICC Staff finds the plan substantially compliant. Only one Capacity Expansion project is targeted for removal.",
    "n_projects": "",
    "program_id": "",
    "itn": "",
    "ce_type": "",
    "voltage_kv": "",
    "driver": "",
    "nwa_status": "",
    "source": "ICC Staff Ex. 15.02 (Docket 26-0051), 2026-05-07",
    "notes": "New South Edwardsville substation referenced."
   },
   "geometry": {
    "type": "Point",
    "coordinates": [
     -89.9532,
     38.8114
    ]
   }
  },
  {
   "type": "Feature",
   "properties": {
    "utility": "Ameren Illinois",
    "docket": "26-0051",
    "status": "proposed",
    "project_id": "",
    "project_name": "WRE Hillsboro - Upgrade N35-852 (Graham Correctional Center)",
    "category": "Capacity Expansion",
    "asset_type": "line upgrade",
    "feeder_id": "",
    "substation": "",
    "place": "Hillsboro",
    "county": "Montgomery",
    "region": "Western",
    "program_year": "",
    "cost_usd": "",
    "est_headroom_mw": "",
    "loc_method": "municipality_centroid",
    "uncertainty_mi": 2.0,
    "hosting_capacity_flag": "possible",
    "removal_risk": "low",
    "risk_reason": "Party asks total ~$450M against $2.68B (~17%), far milder than the 2023 rejection, and ICC Staff finds the plan substantially compliant. Only one Capacity Expansion project is targeted for removal.",
    "n_projects": "",
    "program_id": "",
    "itn": "",
    "ce_type": "",
    "voltage_kv": "",
    "driver": "",
    "nwa_status": "",
    "source": "ICC Staff Ex. 15.02 (Docket 26-0051), 2026-05-07",
    "notes": ""
   },
   "geometry": {
    "type": "Point",
    "coordinates": [
     -89.4959,
     39.1611
    ]
   }
  },
  {
   "type": "Feature",
   "properties": {
    "utility": "Ameren Illinois",
    "docket": "26-0051",
    "status": "proposed",
    "project_id": "",
    "project_name": "ERE Champaign - Anderson Grain Substation Rebuild",
    "category": "Capacity Expansion",
    "asset_type": "substation rebuild",
    "feeder_id": "",
    "substation": "",
    "place": "Champaign",
    "county": "Champaign",
    "region": "Eastern",
    "program_year": "",
    "cost_usd": "",
    "est_headroom_mw": "",
    "loc_method": "municipality_centroid",
    "uncertainty_mi": 2.0,
    "hosting_capacity_flag": "possible",
    "removal_risk": "low",
    "risk_reason": "Party asks total ~$450M against $2.68B (~17%), far milder than the 2023 rejection, and ICC Staff finds the plan substantially compliant. Only one Capacity Expansion project is targeted for removal.",
    "n_projects": "",
    "program_id": "",
    "itn": "",
    "ce_type": "",
    "voltage_kv": "",
    "driver": "",
    "nwa_status": "",
    "source": "ICC Staff Ex. 15.02 (Docket 26-0051), 2026-05-07",
    "notes": "Heavy load driven."
   },
   "geometry": {
    "type": "Point",
    "coordinates": [
     -88.2434,
     40.1164
    ]
   }
  },
  {
   "type": "Feature",
   "properties": {
    "utility": "Ameren Illinois",
    "docket": "26-0051",
    "status": "proposed",
    "project_id": "AIC12497",
    "project_name": "Mascoutah ISG Circuit 299",
    "category": "Capacity Expansion",
    "asset_type": "circuit capacity",
    "feeder_id": "",
    "substation": "",
    "place": "Mascoutah",
    "county": "St. Clair",
    "region": "",
    "program_year": "",
    "cost_usd": "",
    "est_headroom_mw": "",
    "loc_method": "municipality_centroid",
    "uncertainty_mi": 2.0,
    "hosting_capacity_flag": "possible",
    "removal_risk": "low",
    "risk_reason": "Party asks total ~$450M against $2.68B (~17%), far milder than the 2023 rejection, and ICC Staff finds the plan substantially compliant. Only one Capacity Expansion project is targeted for removal.",
    "n_projects": "",
    "program_id": "",
    "itn": "",
    "ce_type": "",
    "voltage_kv": "",
    "driver": "",
    "nwa_status": "",
    "source": "ICC Staff Ex. 15.02 (Docket 26-0051), 2026-05-07",
    "notes": ""
   },
   "geometry": {
    "type": "Point",
    "coordinates": [
     -89.7932,
     38.4903
    ]
   }
  },
  {
   "type": "Feature",
   "properties": {
    "utility": "Ameren Illinois",
    "docket": "26-0051",
    "status": "proposed",
    "project_id": "",
    "project_name": "NRE GBG L6627 Reconductor",
    "category": "Capacity Expansion",
    "asset_type": "reconductor",
    "feeder_id": "L6627",
    "substation": "",
    "place": "Galesburg",
    "county": "Knox",
    "region": "Northern",
    "program_year": 2030,
    "cost_usd": 1614618,
    "est_headroom_mw": "",
    "loc_method": "municipality_centroid",
    "uncertainty_mi": 2.0,
    "hosting_capacity_flag": "possible",
    "removal_risk": "low",
    "risk_reason": "Party asks total ~$450M against $2.68B (~17%), far milder than the 2023 rejection, and ICC Staff finds the plan substantially compliant. Only one Capacity Expansion project is targeted for removal.",
    "n_projects": "",
    "program_id": "",
    "itn": "",
    "ce_type": "",
    "voltage_kv": "",
    "driver": "",
    "nwa_status": "",
    "source": "ICC Staff Ex. 15.02 (Docket 26-0051), 2026-05-07",
    "notes": "L#### IDs are subtransmission lines (34.5/69kV) - NOT present in the <=15kV distribution HC layer."
   },
   "geometry": {
    "type": "Point",
    "coordinates": [
     -90.3712,
     40.9478
    ]
   }
  },
  {
   "type": "Feature",
   "properties": {
    "utility": "Ameren Illinois",
    "docket": "26-0051",
    "status": "proposed",
    "project_id": "",
    "project_name": "WRE Maryville Reconductor L3314 E Collinsville",
    "category": "Capacity Expansion",
    "asset_type": "reconductor",
    "feeder_id": "L3314",
    "substation": "",
    "place": "Collinsville",
    "county": "Madison",
    "region": "Western",
    "program_year": "",
    "cost_usd": 1622000,
    "est_headroom_mw": "",
    "loc_method": "municipality_centroid",
    "uncertainty_mi": 2.0,
    "hosting_capacity_flag": "possible",
    "removal_risk": "low",
    "risk_reason": "Party asks total ~$450M against $2.68B (~17%), far milder than the 2023 rejection, and ICC Staff finds the plan substantially compliant. Only one Capacity Expansion project is targeted for removal.",
    "n_projects": "",
    "program_id": "",
    "itn": "",
    "ce_type": "",
    "voltage_kv": "",
    "driver": "",
    "nwa_status": "",
    "source": "ICC Staff Ex. 15.02 (Docket 26-0051), 2026-05-07",
    "notes": "L#### IDs are subtransmission lines (34.5/69kV) - NOT present in the <=15kV distribution HC layer."
   },
   "geometry": {
    "type": "Point",
    "coordinates": [
     -89.9846,
     38.6703
    ]
   }
  },
  {
   "type": "Feature",
   "properties": {
    "utility": "Ameren Illinois",
    "docket": "26-0051",
    "status": "proposed",
    "project_id": "",
    "project_name": "WRE Maryville L3308 Reconductor",
    "category": "Capacity Expansion",
    "asset_type": "reconductor",
    "feeder_id": "L3308",
    "substation": "",
    "place": "Maryville",
    "county": "Madison",
    "region": "Western",
    "program_year": "",
    "cost_usd": 329362,
    "est_headroom_mw": "",
    "loc_method": "municipality_centroid",
    "uncertainty_mi": 2.0,
    "hosting_capacity_flag": "possible",
    "removal_risk": "low",
    "risk_reason": "Party asks total ~$450M against $2.68B (~17%), far milder than the 2023 rejection, and ICC Staff finds the plan substantially compliant. Only one Capacity Expansion project is targeted for removal.",
    "n_projects": "",
    "program_id": "",
    "itn": "",
    "ce_type": "",
    "voltage_kv": "",
    "driver": "",
    "nwa_status": "",
    "source": "ICC Staff Ex. 15.02 (Docket 26-0051), 2026-05-07",
    "notes": "L#### IDs are subtransmission lines (34.5/69kV) - NOT present in the <=15kV distribution HC layer."
   },
   "geometry": {
    "type": "Point",
    "coordinates": [
     -89.9556,
     38.7231
    ]
   }
  },
  {
   "type": "Feature",
   "properties": {
    "utility": "Ameren Illinois",
    "docket": "26-0051",
    "status": "proposed",
    "project_id": "",
    "project_name": "SRE-ECP102 Herrin East 273 Reconductor",
    "category": "Capacity Expansion",
    "asset_type": "reconductor",
    "feeder_id": "273",
    "substation": "",
    "place": "Herrin",
    "county": "Williamson",
    "region": "Southern",
    "program_year": "",
    "cost_usd": 1857344,
    "est_headroom_mw": "",
    "loc_method": "municipality_centroid",
    "uncertainty_mi": 2.0,
    "hosting_capacity_flag": "possible",
    "removal_risk": "low",
    "risk_reason": "Party asks total ~$450M against $2.68B (~17%), far milder than the 2023 rejection, and ICC Staff finds the plan substantially compliant. Only one Capacity Expansion project is targeted for removal.",
    "n_projects": "",
    "program_id": "",
    "itn": "",
    "ce_type": "",
    "voltage_kv": "",
    "driver": "",
    "nwa_status": "",
    "source": "ICC Staff Ex. 15.02 (Docket 26-0051), 2026-05-07",
    "notes": "L#### IDs are subtransmission lines (34.5/69kV) - NOT present in the <=15kV distribution HC layer."
   },
   "geometry": {
    "type": "Point",
    "coordinates": [
     -89.0284,
     37.8028
    ]
   }
  },
  {
   "type": "Feature",
   "properties": {
    "utility": "Ameren Illinois",
    "docket": "26-0051",
    "status": "proposed",
    "project_id": "",
    "project_name": "SRE-ECP102 L3452 Capacity & Reliability Upgrade",
    "category": "Capacity Expansion",
    "asset_type": "reconductor",
    "feeder_id": "L3452",
    "substation": "",
    "place": "",
    "county": "",
    "region": "Southern",
    "program_year": "",
    "cost_usd": 1860800,
    "est_headroom_mw": "",
    "loc_method": "region_approximation",
    "uncertainty_mi": 55,
    "hosting_capacity_flag": "possible",
    "removal_risk": "low",
    "risk_reason": "Party asks total ~$450M against $2.68B (~17%), far milder than the 2023 rejection, and ICC Staff finds the plan substantially compliant. Only one Capacity Expansion project is targeted for removal.",
    "n_projects": "",
    "program_id": "",
    "itn": "",
    "ce_type": "",
    "voltage_kv": "",
    "driver": "",
    "nwa_status": "",
    "source": "ICC Staff Ex. 15.02 (Docket 26-0051), 2026-05-07",
    "notes": "L#### IDs are subtransmission lines (34.5/69kV) - NOT present in the <=15kV distribution HC layer."
   },
   "geometry": {
    "type": "Point",
    "coordinates": [
     -89.2,
     38.05
    ]
   }
  },
  {
   "type": "Feature",
   "properties": {
    "utility": "Ameren Illinois",
    "docket": "26-0051",
    "status": "proposed",
    "project_id": "",
    "project_name": "J0LV8 NRE Morton-Bush 2 Reconductor",
    "category": "Capacity Expansion",
    "asset_type": "reconductor",
    "feeder_id": "",
    "substation": "",
    "place": "Morton",
    "county": "Tazewell",
    "region": "Northern",
    "program_year": "",
    "cost_usd": 321276,
    "est_headroom_mw": "",
    "loc_method": "municipality_centroid",
    "uncertainty_mi": 2.0,
    "hosting_capacity_flag": "possible",
    "removal_risk": "low",
    "risk_reason": "Party asks total ~$450M against $2.68B (~17%), far milder than the 2023 rejection, and ICC Staff finds the plan substantially compliant. Only one Capacity Expansion project is targeted for removal.",
    "n_projects": "",
    "program_id": "",
    "itn": "",
    "ce_type": "",
    "voltage_kv": "",
    "driver": "",
    "nwa_status": "",
    "source": "ICC Staff Ex. 15.02 (Docket 26-0051), 2026-05-07",
    "notes": "L#### IDs are subtransmission lines (34.5/69kV) - NOT present in the <=15kV distribution HC layer."
   },
   "geometry": {
    "type": "Point",
    "coordinates": [
     -89.4592,
     40.6131
    ]
   }
  },
  {
   "type": "Feature",
   "properties": {
    "utility": "Ameren Illinois",
    "docket": "22-0487",
    "status": "approved",
    "project_id": "",
    "project_name": "WRE Maryville Feeder M49425 Meridia",
    "category": "Capacity Expansion",
    "asset_type": "feeder capacity",
    "feeder_id": "M49425",
    "substation": "",
    "place": "Maryville",
    "county": "Madison",
    "region": "Western",
    "program_year": "",
    "cost_usd": "",
    "est_headroom_mw": "",
    "loc_method": "verified_service_extent",
    "uncertainty_mi": 0.5,
    "hosting_capacity_flag": "possible",
    "removal_risk": "none - approved",
    "risk_reason": "Already approved by the ICC and in execution. Timing can still slip: Ameren's Sidney and New Berlin projects were both dropped from the 2024-2027 portfolio after approval.",
    "n_projects": "",
    "program_id": "",
    "itn": "",
    "ce_type": "",
    "voltage_kv": "",
    "driver": "",
    "nwa_status": "",
    "source": "Ameren 2025 Annual Report - Electric Distribution (Docket 22-0487), 2026-03-31",
    "notes": "FEEDERID M49425 CONFIRMED present in Ameren IL_HC_Grids (130 cells). Extent 38.7432-38.7645 N, -90.0100 to -89.8884 W. This is the one project directly joinable to live HC geometry."
   },
   "geometry": {
    "type": "Point",
    "coordinates": [
     -89.9992,
     38.7538
    ]
   }
  },
  {
   "type": "Feature",
   "properties": {
    "utility": "Ameren Illinois",
    "docket": "22-0487",
    "status": "approved",
    "project_id": "",
    "project_name": "Marion Banterra - Substation Construction",
    "category": "Capacity Expansion",
    "asset_type": "NEW substation",
    "feeder_id": "",
    "substation": "",
    "place": "Marion",
    "county": "Williamson",
    "region": "",
    "program_year": "",
    "cost_usd": "",
    "est_headroom_mw": "",
    "loc_method": "municipality_centroid",
    "uncertainty_mi": 2.0,
    "hosting_capacity_flag": "possible",
    "removal_risk": "none - approved",
    "risk_reason": "Already approved by the ICC and in execution. Timing can still slip: Ameren's Sidney and New Berlin projects were both dropped from the 2024-2027 portfolio after approval.",
    "n_projects": "",
    "program_id": "",
    "itn": "",
    "ce_type": "",
    "voltage_kv": "",
    "driver": "",
    "nwa_status": "",
    "source": "Ameren 2025 Annual Report - Electric Distribution (Docket 22-0487), 2026-03-31",
    "notes": ""
   },
   "geometry": {
    "type": "Point",
    "coordinates": [
     -88.9331,
     37.7306
    ]
   }
  },
  {
   "type": "Feature",
   "properties": {
    "utility": "Ameren Illinois",
    "docket": "22-0487",
    "status": "approved",
    "project_id": "",
    "project_name": "Marion Substation Line Work",
    "category": "Capacity Expansion",
    "asset_type": "line work",
    "feeder_id": "",
    "substation": "",
    "place": "Marion",
    "county": "Williamson",
    "region": "",
    "program_year": "",
    "cost_usd": "",
    "est_headroom_mw": "",
    "loc_method": "municipality_centroid",
    "uncertainty_mi": 2.0,
    "hosting_capacity_flag": "possible",
    "removal_risk": "none - approved",
    "risk_reason": "Already approved by the ICC and in execution. Timing can still slip: Ameren's Sidney and New Berlin projects were both dropped from the 2024-2027 portfolio after approval.",
    "n_projects": "",
    "program_id": "",
    "itn": "",
    "ce_type": "",
    "voltage_kv": "",
    "driver": "",
    "nwa_status": "",
    "source": "Ameren 2025 Annual Report - Electric Distribution (Docket 22-0487), 2026-03-31",
    "notes": ""
   },
   "geometry": {
    "type": "Point",
    "coordinates": [
     -88.9331,
     37.7306
    ]
   }
  },
  {
   "type": "Feature",
   "properties": {
    "utility": "Ameren Illinois",
    "docket": "22-0487",
    "status": "approved",
    "project_id": "",
    "project_name": "Marion NW - Replace Transformer 1",
    "category": "Capacity Expansion",
    "asset_type": "transformer replacement",
    "feeder_id": "",
    "substation": "",
    "place": "Marion",
    "county": "Williamson",
    "region": "",
    "program_year": "",
    "cost_usd": "",
    "est_headroom_mw": "",
    "loc_method": "municipality_centroid",
    "uncertainty_mi": 2.0,
    "hosting_capacity_flag": "possible",
    "removal_risk": "none - approved",
    "risk_reason": "Already approved by the ICC and in execution. Timing can still slip: Ameren's Sidney and New Berlin projects were both dropped from the 2024-2027 portfolio after approval.",
    "n_projects": "",
    "program_id": "",
    "itn": "",
    "ce_type": "",
    "voltage_kv": "",
    "driver": "",
    "nwa_status": "",
    "source": "Ameren 2025 Annual Report - Electric Distribution (Docket 22-0487), 2026-03-31",
    "notes": ""
   },
   "geometry": {
    "type": "Point",
    "coordinates": [
     -88.9331,
     37.7306
    ]
   }
  },
  {
   "type": "Feature",
   "properties": {
    "utility": "Ameren Illinois",
    "docket": "22-0487",
    "status": "approved",
    "project_id": "",
    "project_name": "Glen Carbon - New 425 Feeder",
    "category": "Capacity Expansion",
    "asset_type": "NEW feeder",
    "feeder_id": "",
    "substation": "",
    "place": "Glen Carbon",
    "county": "Madison",
    "region": "",
    "program_year": "",
    "cost_usd": "",
    "est_headroom_mw": "",
    "loc_method": "municipality_centroid",
    "uncertainty_mi": 2.0,
    "hosting_capacity_flag": "possible",
    "removal_risk": "none - approved",
    "risk_reason": "Already approved by the ICC and in execution. Timing can still slip: Ameren's Sidney and New Berlin projects were both dropped from the 2024-2027 portfolio after approval.",
    "n_projects": "",
    "program_id": "",
    "itn": "",
    "ce_type": "",
    "voltage_kv": "",
    "driver": "",
    "nwa_status": "",
    "source": "Ameren 2025 Annual Report - Electric Distribution (Docket 22-0487), 2026-03-31",
    "notes": "New feeder = new distribution capacity."
   },
   "geometry": {
    "type": "Point",
    "coordinates": [
     -89.9831,
     38.7522
    ]
   }
  },
  {
   "type": "Feature",
   "properties": {
    "utility": "Ameren Illinois",
    "docket": "22-0487",
    "status": "approved",
    "project_id": "",
    "project_name": "Mt Sterling S - Additional Transformer",
    "category": "Capacity Expansion",
    "asset_type": "transformer addition",
    "feeder_id": "",
    "substation": "",
    "place": "Mount Sterling",
    "county": "Brown",
    "region": "",
    "program_year": "",
    "cost_usd": "",
    "est_headroom_mw": "",
    "loc_method": "municipality_centroid",
    "uncertainty_mi": 2.0,
    "hosting_capacity_flag": "possible",
    "removal_risk": "none - approved",
    "risk_reason": "Already approved by the ICC and in execution. Timing can still slip: Ameren's Sidney and New Berlin projects were both dropped from the 2024-2027 portfolio after approval.",
    "n_projects": "",
    "program_id": "",
    "itn": "",
    "ce_type": "",
    "voltage_kv": "",
    "driver": "",
    "nwa_status": "",
    "source": "Ameren 2025 Annual Report - Electric Distribution (Docket 22-0487), 2026-03-31",
    "notes": ""
   },
   "geometry": {
    "type": "Point",
    "coordinates": [
     -90.7643,
     39.987
    ]
   }
  },
  {
   "type": "Feature",
   "properties": {
    "utility": "Ameren Illinois",
    "docket": "22-0487",
    "status": "approved",
    "project_id": "",
    "project_name": "Sandoval Switch - Add Breaker 6635",
    "category": "Capacity Expansion",
    "asset_type": "breaker addition",
    "feeder_id": "",
    "substation": "",
    "place": "Sandoval",
    "county": "Marion",
    "region": "",
    "program_year": "",
    "cost_usd": "",
    "est_headroom_mw": "",
    "loc_method": "municipality_centroid",
    "uncertainty_mi": 2.0,
    "hosting_capacity_flag": "possible",
    "removal_risk": "none - approved",
    "risk_reason": "Already approved by the ICC and in execution. Timing can still slip: Ameren's Sidney and New Berlin projects were both dropped from the 2024-2027 portfolio after approval.",
    "n_projects": "",
    "program_id": "",
    "itn": "",
    "ce_type": "",
    "voltage_kv": "",
    "driver": "",
    "nwa_status": "",
    "source": "Ameren 2025 Annual Report - Electric Distribution (Docket 22-0487), 2026-03-31",
    "notes": ""
   },
   "geometry": {
    "type": "Point",
    "coordinates": [
     -89.112,
     38.6142
    ]
   }
  },
  {
   "type": "Feature",
   "properties": {
    "utility": "Ameren Illinois",
    "docket": "22-0487",
    "status": "approved",
    "project_id": "",
    "project_name": "Herrin East - Line 273 Upgrade",
    "category": "Capacity Expansion",
    "asset_type": "line upgrade",
    "feeder_id": "",
    "substation": "",
    "place": "Herrin",
    "county": "Williamson",
    "region": "",
    "program_year": "",
    "cost_usd": "",
    "est_headroom_mw": "",
    "loc_method": "municipality_centroid",
    "uncertainty_mi": 2.0,
    "hosting_capacity_flag": "possible",
    "removal_risk": "none - approved",
    "risk_reason": "Already approved by the ICC and in execution. Timing can still slip: Ameren's Sidney and New Berlin projects were both dropped from the 2024-2027 portfolio after approval.",
    "n_projects": "",
    "program_id": "",
    "itn": "",
    "ce_type": "",
    "voltage_kv": "",
    "driver": "",
    "nwa_status": "",
    "source": "Ameren 2025 Annual Report - Electric Distribution (Docket 22-0487), 2026-03-31",
    "notes": ""
   },
   "geometry": {
    "type": "Point",
    "coordinates": [
     -89.0284,
     37.8028
    ]
   }
  },
  {
   "type": "Feature",
   "properties": {
    "utility": "Ameren Illinois",
    "docket": "22-0487",
    "status": "approved",
    "project_id": "",
    "project_name": "SIUE - Replace Breakers & Switches",
    "category": "Capacity Expansion",
    "asset_type": "breaker/switch",
    "feeder_id": "",
    "substation": "",
    "place": "Edwardsville",
    "county": "Madison",
    "region": "",
    "program_year": "",
    "cost_usd": "",
    "est_headroom_mw": "",
    "loc_method": "municipality_centroid",
    "uncertainty_mi": 2.0,
    "hosting_capacity_flag": "possible",
    "removal_risk": "none - approved",
    "risk_reason": "Already approved by the ICC and in execution. Timing can still slip: Ameren's Sidney and New Berlin projects were both dropped from the 2024-2027 portfolio after approval.",
    "n_projects": "",
    "program_id": "",
    "itn": "",
    "ce_type": "",
    "voltage_kv": "",
    "driver": "",
    "nwa_status": "",
    "source": "Ameren 2025 Annual Report - Electric Distribution (Docket 22-0487), 2026-03-31",
    "notes": ""
   },
   "geometry": {
    "type": "Point",
    "coordinates": [
     -89.9532,
     38.8114
    ]
   }
  },
  {
   "type": "Feature",
   "properties": {
    "utility": "Ameren Illinois",
    "docket": "22-0487",
    "status": "approved",
    "project_id": "",
    "project_name": "Downtown Bloomington Substation Rebuild",
    "category": "Capacity Expansion",
    "asset_type": "substation rebuild",
    "feeder_id": "",
    "substation": "",
    "place": "Bloomington",
    "county": "McLean",
    "region": "",
    "program_year": "",
    "cost_usd": "",
    "est_headroom_mw": "",
    "loc_method": "municipality_centroid",
    "uncertainty_mi": 2.0,
    "hosting_capacity_flag": "possible",
    "removal_risk": "none - approved",
    "risk_reason": "Already approved by the ICC and in execution. Timing can still slip: Ameren's Sidney and New Berlin projects were both dropped from the 2024-2027 portfolio after approval.",
    "n_projects": "",
    "program_id": "",
    "itn": "",
    "ce_type": "",
    "voltage_kv": "",
    "driver": "",
    "nwa_status": "",
    "source": "Ameren 2025 Annual Report - Electric Distribution (Docket 22-0487), 2026-03-31",
    "notes": "In service 2025-07-01. Ameren states explicitly this project WILL INCREASE HOSTING CAPACITY - the clearest such statement by either utility. Child: J0627 BLM Powerhouse Sub Ln Wrk."
   },
   "geometry": {
    "type": "Point",
    "coordinates": [
     -88.9937,
     40.4842
    ]
   }
  },
  {
   "type": "Feature",
   "properties": {
    "utility": "Ameren Illinois",
    "docket": "22-0487",
    "status": "approved",
    "project_id": "AIC12796",
    "project_name": "Galva - Viper VT Transformer LAs (DG24001)",
    "category": "DER Integration",
    "asset_type": "substation upgrade",
    "feeder_id": "",
    "substation": "",
    "place": "Galva",
    "county": "Henry",
    "region": "",
    "program_year": "",
    "cost_usd": "",
    "est_headroom_mw": "",
    "loc_method": "municipality_centroid",
    "uncertainty_mi": 2.0,
    "hosting_capacity_flag": "explicit",
    "removal_risk": "none - approved",
    "risk_reason": "Already approved by the ICC and in execution. Timing can still slip: Ameren's Sidney and New Berlin projects were both dropped from the 2024-2027 portfolio after approval.",
    "n_projects": "",
    "program_id": "",
    "itn": "",
    "ce_type": "",
    "voltage_kv": "",
    "driver": "",
    "nwa_status": "",
    "source": "Ameren 2025 Annual Report - Electric Distribution (Docket 22-0487), 2026-03-31",
    "notes": "Tied to a specific DG interconnection queue number."
   },
   "geometry": {
    "type": "Point",
    "coordinates": [
     -90.0426,
     41.1667
    ]
   }
  },
  {
   "type": "Feature",
   "properties": {
    "utility": "Ameren Illinois",
    "docket": "22-0487",
    "status": "approved",
    "project_id": "J0BVR",
    "project_name": "Moyer Substation - One Earth DG",
    "category": "DER Integration",
    "asset_type": "substation upgrade",
    "feeder_id": "",
    "substation": "",
    "place": "Gibson City",
    "county": "Ford",
    "region": "",
    "program_year": "",
    "cost_usd": "",
    "est_headroom_mw": "",
    "loc_method": "municipality_centroid",
    "uncertainty_mi": 2.0,
    "hosting_capacity_flag": "explicit",
    "removal_risk": "none - approved",
    "risk_reason": "Already approved by the ICC and in execution. Timing can still slip: Ameren's Sidney and New Berlin projects were both dropped from the 2024-2027 portfolio after approval.",
    "n_projects": "",
    "program_id": "",
    "itn": "",
    "ce_type": "",
    "voltage_kv": "",
    "driver": "",
    "nwa_status": "",
    "source": "Ameren 2025 Annual Report - Electric Distribution (Docket 22-0487), 2026-03-31",
    "notes": "One Earth Energy, Gibson City."
   },
   "geometry": {
    "type": "Point",
    "coordinates": [
     -88.3773,
     40.3831
    ]
   }
  },
  {
   "type": "Feature",
   "properties": {
    "utility": "Ameren Illinois",
    "docket": "Public NWA page",
    "status": "approved",
    "project_id": "",
    "project_name": "Sidney Substation - Capacity Expansion (NWA RFP)",
    "category": "Capacity Expansion",
    "asset_type": "substation capacity",
    "feeder_id": "",
    "substation": "",
    "place": "Sidney",
    "county": "Champaign",
    "region": "",
    "program_year": 2027,
    "cost_usd": "",
    "est_headroom_mw": "",
    "loc_method": "municipality_centroid",
    "uncertainty_mi": 2.0,
    "hosting_capacity_flag": "possible",
    "removal_risk": "none - approved",
    "risk_reason": "Already approved by the ICC and in execution. Timing can still slip: Ameren's Sidney and New Berlin projects were both dropped from the 2024-2027 portfolio after approval.",
    "n_projects": "",
    "program_id": "",
    "itn": "",
    "ce_type": "",
    "voltage_kv": "",
    "driver": "",
    "nwa_status": "",
    "source": "Ameren public Non-Wire Alternative projects page",
    "notes": "RFP published 2024-12-31, closed 2025-07-31; est in-service 2027-12-31. CAUTION: all NWA bids scored not cost-effective AND the traditional solution was also found not cost-effective and will not be pursued. Treat as constrained-location signal, not a committed build."
   },
   "geometry": {
    "type": "Point",
    "coordinates": [
     -88.0731,
     40.0217
    ]
   }
  },
  {
   "type": "Feature",
   "properties": {
    "utility": "Ameren Illinois",
    "docket": "Public NWA page",
    "status": "proposed",
    "project_id": "",
    "project_name": "Paxton Y55 - Capacity Expansion (NWA)",
    "category": "Capacity Expansion",
    "asset_type": "circuit capacity",
    "feeder_id": "Y55",
    "substation": "",
    "place": "Paxton",
    "county": "Ford",
    "region": "",
    "program_year": 2029,
    "cost_usd": "",
    "est_headroom_mw": "",
    "loc_method": "municipality_centroid",
    "uncertainty_mi": 2.0,
    "hosting_capacity_flag": "possible",
    "removal_risk": "low",
    "risk_reason": "Party asks total ~$450M against $2.68B (~17%), far milder than the 2023 rejection, and ICC Staff finds the plan substantially compliant. Only one Capacity Expansion project is targeted for removal.",
    "n_projects": "",
    "program_id": "",
    "itn": "",
    "ce_type": "",
    "voltage_kv": "",
    "driver": "",
    "nwa_status": "",
    "source": "Ameren public Non-Wire Alternative projects page",
    "notes": "RFP publishes 2026-12-31, closes 2027-06-30; est in-service 2029-12-31. Circuit Y55. NOTE: 'Y55' substring-matches 3,977 HC cells - requires exact tokenized match, not LIKE."
   },
   "geometry": {
    "type": "Point",
    "coordinates": [
     -88.0951,
     40.4606
    ]
   }
  },
  {
   "type": "Feature",
   "properties": {
    "utility": "ComEd",
    "docket": "26-0047",
    "status": "proposed",
    "project_id": "401001 / ITN 364566",
    "project_name": "Franklin Park New Substation",
    "category": "Capacity Planning & Management",
    "asset_type": "NEW substation",
    "feeder_id": "",
    "substation": "",
    "place": "Franklin Park",
    "county": "Cook",
    "region": "North",
    "program_year": "2028-2031",
    "cost_usd": "",
    "est_headroom_mw": "",
    "loc_method": "municipality_centroid",
    "uncertainty_mi": 2.0,
    "hosting_capacity_flag": "possible",
    "removal_risk": "moderate",
    "risk_reason": "CUB seeks over $1B in cuts overall, but this project cleared ComEd's own non-wires screen and has a dedicated cost-effectiveness appendix, which strengthens it relative to other ComEd asks.",
    "n_projects": "",
    "program_id": "401001",
    "itn": "364566",
    "ce_type": "Type 4B",
    "voltage_kv": "",
    "driver": "area load growth",
    "nwa_status": "screened - no non-wires option met ComEd TRC criteria",
    "source": "ComEd MYIGP 2028-2031 (Docket 26-0047), filed 2026-01-16",
    "notes": "Has a dedicated public cost-effectiveness appendix. 'Do nothing' does not support area load growth."
   },
   "geometry": {
    "type": "Point",
    "coordinates": [
     -87.8653,
     41.9353
    ]
   }
  },
  {
   "type": "Feature",
   "properties": {
    "utility": "ComEd",
    "docket": "26-0047",
    "status": "proposed",
    "project_id": "",
    "project_name": "Elk Grove III Substation",
    "category": "Capacity Planning & Management",
    "asset_type": "NEW substation",
    "feeder_id": "",
    "substation": "",
    "place": "Elk Grove Village",
    "county": "Cook",
    "region": "North",
    "program_year": "2028-2031",
    "cost_usd": "",
    "est_headroom_mw": "",
    "loc_method": "municipality_centroid",
    "uncertainty_mi": 2.0,
    "hosting_capacity_flag": "possible",
    "removal_risk": "high",
    "risk_reason": "CUB seeks $405M of data-center-driven upgrades cut until costs are allocated to the causing customers, arguing the forecasts come from developers facing no penalty for speculating. ComEd conceded one such data center was CANCELLED by its developer.",
    "n_projects": "",
    "program_id": "",
    "itn": "",
    "ce_type": "Type 4B",
    "voltage_kv": "34 / 12",
    "driver": "data centers / large load",
    "nwa_status": "",
    "source": "ComEd MYIGP 2028-2031 (Docket 26-0047), filed 2026-01-16",
    "notes": "Serves Elk Grove Village and surrounding areas, primarily large-load customers including data centers. Data-center-driven capacity is the least durable category: CUB seeks $405M in such cuts and ComEd conceded one such data center was cancelled by its developer."
   },
   "geometry": {
    "type": "Point",
    "coordinates": [
     -88.0114,
     42.0039
    ]
   }
  },
  {
   "type": "Feature",
   "properties": {
    "utility": "ComEd",
    "docket": "26-0047",
    "status": "proposed",
    "project_id": "",
    "project_name": "Lakeview Substation (proposed 138kV)",
    "category": "Capacity Planning & Management",
    "asset_type": "NEW substation",
    "feeder_id": "",
    "substation": "",
    "place": "Chicago",
    "county": "Cook",
    "region": "",
    "program_year": "2028-2031",
    "cost_usd": "",
    "est_headroom_mw": "",
    "loc_method": "approximate_locality",
    "uncertainty_mi": 1.0,
    "hosting_capacity_flag": "possible",
    "removal_risk": "moderate",
    "risk_reason": "CUB seeks over $1B in total reductions from ComEd's $15.3B ask, including $238M of summer-peak adequacy investment for failure to evaluate non-wires alternatives.",
    "n_projects": "",
    "program_id": "",
    "itn": "",
    "ce_type": "",
    "voltage_kv": "",
    "driver": "",
    "nwa_status": "",
    "source": "ComEd MYIGP 2028-2031 (Docket 26-0047), filed 2026-01-16",
    "notes": "Reported as 138kV at 1111 W. Diversey, Lincoln Park, facing organized neighborhood opposition (Diversey Community Coalition). ADDRESS AND VOLTAGE FROM NEWS REPORTING, NOT VERIFIED AGAINST THE FILING."
   },
   "geometry": {
    "type": "Point",
    "coordinates": [
     -87.659,
     41.9325
    ]
   }
  },
  {
   "type": "Feature",
   "properties": {
    "utility": "ComEd",
    "docket": "22-0486/23-0055/24-0181",
    "status": "approved",
    "project_id": "5P230001",
    "project_name": "TSS131 West Chicago",
    "category": "Distribution Capacity Planning and Management",
    "asset_type": "capacity relief",
    "feeder_id": "",
    "substation": "TSS131 West Chicago",
    "place": "West Chicago",
    "county": "DuPage",
    "region": "",
    "program_year": 2026,
    "cost_usd": 7798872,
    "est_headroom_mw": "",
    "loc_method": "municipality_centroid",
    "uncertainty_mi": 2.0,
    "hosting_capacity_flag": "possible",
    "removal_risk": "none - approved",
    "risk_reason": "Already approved by the ICC and in execution. Timing can still slip: Ameren's Sidney and New Berlin projects were both dropped from the 2024-2027 portfolio after approval.",
    "n_projects": "",
    "program_id": "",
    "itn": "",
    "ce_type": "",
    "voltage_kv": "",
    "driver": "",
    "nwa_status": "",
    "source": "ComEd Q1 2026 Investment Report (Docket 22-0486), filed 2026-06-29",
    "notes": ""
   },
   "geometry": {
    "type": "Point",
    "coordinates": [
     -88.2039,
     41.8847
    ]
   }
  },
  {
   "type": "Feature",
   "properties": {
    "utility": "ComEd",
    "docket": "22-0486/23-0055/24-0181",
    "status": "approved",
    "project_id": "",
    "project_name": "TSS37 Natoma 138kV Hardening",
    "category": "Distribution Capacity Planning and Management",
    "asset_type": "capacity relief",
    "feeder_id": "",
    "substation": "TSS37 Natoma",
    "place": "Chicago",
    "county": "",
    "region": "",
    "program_year": 2026,
    "cost_usd": 5571109,
    "est_headroom_mw": "",
    "loc_method": "approximate_locality",
    "uncertainty_mi": 1.0,
    "hosting_capacity_flag": "possible",
    "removal_risk": "none - approved",
    "risk_reason": "Already approved by the ICC and in execution. Timing can still slip: Ameren's Sidney and New Berlin projects were both dropped from the 2024-2027 portfolio after approval.",
    "n_projects": "",
    "program_id": "",
    "itn": "",
    "ce_type": "",
    "voltage_kv": "",
    "driver": "",
    "nwa_status": "",
    "source": "ComEd Q1 2026 Investment Report (Docket 22-0486), filed 2026-06-29",
    "notes": "Distribution child to ITN 81026. Natoma Ave, NW Chicago - approximate."
   },
   "geometry": {
    "type": "Point",
    "coordinates": [
     -87.8,
     41.92
    ]
   }
  },
  {
   "type": "Feature",
   "properties": {
    "utility": "ComEd",
    "docket": "22-0486/23-0055/24-0181",
    "status": "approved",
    "project_id": "",
    "project_name": "Property Purchase for New West Side TSS",
    "category": "Distribution Capacity Planning and Management",
    "asset_type": "capacity relief",
    "feeder_id": "",
    "substation": "New West Side TSS",
    "place": "Chicago",
    "county": "Cook",
    "region": "",
    "program_year": 2026,
    "cost_usd": 4509735,
    "est_headroom_mw": "",
    "loc_method": "municipality_centroid",
    "uncertainty_mi": 2.0,
    "hosting_capacity_flag": "possible",
    "removal_risk": "none - approved",
    "risk_reason": "Already approved by the ICC and in execution. Timing can still slip: Ameren's Sidney and New Berlin projects were both dropped from the 2024-2027 portfolio after approval.",
    "n_projects": "",
    "program_id": "",
    "itn": "",
    "ce_type": "",
    "voltage_kv": "",
    "driver": "",
    "nwa_status": "",
    "source": "ComEd Q1 2026 Investment Report (Docket 22-0486), filed 2026-06-29",
    "notes": "NEW substation, Chicago West Side. Land purchase stage; exact site not disclosed."
   },
   "geometry": {
    "type": "Point",
    "coordinates": [
     -87.6298,
     41.8781
    ]
   }
  },
  {
   "type": "Feature",
   "properties": {
    "utility": "ComEd",
    "docket": "22-0486/23-0055/24-0181",
    "status": "approved",
    "project_id": "",
    "project_name": "Install new Transformer and 34kV Terminal at TSS113 Waterman",
    "category": "Distribution Capacity Planning and Management",
    "asset_type": "capacity relief",
    "feeder_id": "",
    "substation": "TSS113 Waterman",
    "place": "Waterman",
    "county": "DeKalb",
    "region": "",
    "program_year": 2026,
    "cost_usd": 4484783,
    "est_headroom_mw": "",
    "loc_method": "municipality_centroid",
    "uncertainty_mi": 2.0,
    "hosting_capacity_flag": "possible",
    "removal_risk": "none - approved",
    "risk_reason": "Already approved by the ICC and in execution. Timing can still slip: Ameren's Sidney and New Berlin projects were both dropped from the 2024-2027 portfolio after approval.",
    "n_projects": "",
    "program_id": "",
    "itn": "",
    "ce_type": "",
    "voltage_kv": "",
    "driver": "",
    "nwa_status": "",
    "source": "ComEd Q1 2026 Investment Report (Docket 22-0486), filed 2026-06-29",
    "notes": ""
   },
   "geometry": {
    "type": "Point",
    "coordinates": [
     -88.777,
     41.7717
    ]
   }
  },
  {
   "type": "Feature",
   "properties": {
    "utility": "ComEd",
    "docket": "22-0486/23-0055/24-0181",
    "status": "approved",
    "project_id": "7P260200",
    "project_name": "New Transformer & 34kV L11345 at TSS113 Waterman",
    "category": "Distribution Capacity Planning and Management",
    "asset_type": "capacity relief",
    "feeder_id": "L11345",
    "substation": "TSS113 Waterman",
    "place": "Waterman",
    "county": "DeKalb",
    "region": "",
    "program_year": 2026,
    "cost_usd": 3764419,
    "est_headroom_mw": "",
    "loc_method": "municipality_centroid",
    "uncertainty_mi": 2.0,
    "hosting_capacity_flag": "possible",
    "removal_risk": "none - approved",
    "risk_reason": "Already approved by the ICC and in execution. Timing can still slip: Ameren's Sidney and New Berlin projects were both dropped from the 2024-2027 portfolio after approval.",
    "n_projects": "",
    "program_id": "",
    "itn": "",
    "ce_type": "",
    "voltage_kv": "",
    "driver": "",
    "nwa_status": "",
    "source": "ComEd Q1 2026 Investment Report (Docket 22-0486), filed 2026-06-29",
    "notes": ""
   },
   "geometry": {
    "type": "Point",
    "coordinates": [
     -88.777,
     41.7717
    ]
   }
  },
  {
   "type": "Feature",
   "properties": {
    "utility": "ComEd",
    "docket": "22-0486/23-0055/24-0181",
    "status": "approved",
    "project_id": "3P250800",
    "project_name": "Create new Ties for Pershing LG",
    "category": "Distribution Capacity Planning and Management",
    "asset_type": "capacity relief",
    "feeder_id": "",
    "substation": "Pershing",
    "place": "Chicago",
    "county": "",
    "region": "",
    "program_year": 2026,
    "cost_usd": 2721317,
    "est_headroom_mw": "",
    "loc_method": "approximate_locality",
    "uncertainty_mi": 1.0,
    "hosting_capacity_flag": "possible",
    "removal_risk": "none - approved",
    "risk_reason": "Already approved by the ICC and in execution. Timing can still slip: Ameren's Sidney and New Berlin projects were both dropped from the 2024-2027 portfolio after approval.",
    "n_projects": "",
    "program_id": "",
    "itn": "",
    "ce_type": "",
    "voltage_kv": "",
    "driver": "",
    "nwa_status": "",
    "source": "ComEd Q1 2026 Investment Report (Docket 22-0486), filed 2026-06-29",
    "notes": "Pershing Rd, Chicago - approximate."
   },
   "geometry": {
    "type": "Point",
    "coordinates": [
     -87.68,
     41.823
    ]
   }
  },
  {
   "type": "Feature",
   "properties": {
    "utility": "ComEd",
    "docket": "22-0486/23-0055/24-0181",
    "status": "approved",
    "project_id": "",
    "project_name": "SS249 Wilmette TR51 Replacement",
    "category": "System Performance",
    "asset_type": "transformer replacement",
    "feeder_id": "",
    "substation": "SS249 Wilmette",
    "place": "Wilmette",
    "county": "Cook",
    "region": "",
    "program_year": 2026,
    "cost_usd": 2634328,
    "est_headroom_mw": "",
    "loc_method": "municipality_centroid",
    "uncertainty_mi": 2.0,
    "hosting_capacity_flag": "possible",
    "removal_risk": "none - approved",
    "risk_reason": "Already approved by the ICC and in execution. Timing can still slip: Ameren's Sidney and New Berlin projects were both dropped from the 2024-2027 portfolio after approval.",
    "n_projects": "",
    "program_id": "",
    "itn": "",
    "ce_type": "",
    "voltage_kv": "",
    "driver": "",
    "nwa_status": "",
    "source": "ComEd Q1 2026 Investment Report (Docket 22-0486), filed 2026-06-29",
    "notes": "Asset replacement - may or may not add headroom."
   },
   "geometry": {
    "type": "Point",
    "coordinates": [
     -87.7228,
     42.0722
    ]
   }
  },
  {
   "type": "Feature",
   "properties": {
    "utility": "ComEd",
    "docket": "22-0486/23-0055/24-0181",
    "status": "approved",
    "project_id": "",
    "project_name": "TSS163 Roscoe Bert TR71 Replacement",
    "category": "System Performance",
    "asset_type": "transformer replacement",
    "feeder_id": "",
    "substation": "TSS163 Roscoe",
    "place": "Roscoe",
    "county": "Winnebago",
    "region": "",
    "program_year": 2026,
    "cost_usd": 5803003,
    "est_headroom_mw": "",
    "loc_method": "municipality_centroid",
    "uncertainty_mi": 2.0,
    "hosting_capacity_flag": "possible",
    "removal_risk": "none - approved",
    "risk_reason": "Already approved by the ICC and in execution. Timing can still slip: Ameren's Sidney and New Berlin projects were both dropped from the 2024-2027 portfolio after approval.",
    "n_projects": "",
    "program_id": "",
    "itn": "",
    "ce_type": "",
    "voltage_kv": "",
    "driver": "",
    "nwa_status": "",
    "source": "ComEd Q1 2026 Investment Report (Docket 22-0486), filed 2026-06-29",
    "notes": "Asset replacement - may or may not add headroom."
   },
   "geometry": {
    "type": "Point",
    "coordinates": [
     -89.0087,
     42.42
    ]
   }
  },
  {
   "type": "Feature",
   "properties": {
    "utility": "ComEd",
    "docket": "22-0486/23-0055/24-0181",
    "status": "approved",
    "project_id": "",
    "project_name": "DCD140 Brookfield TR1 Replacement",
    "category": "System Performance",
    "asset_type": "transformer replacement",
    "feeder_id": "",
    "substation": "DCD140 Brookfield",
    "place": "Brookfield",
    "county": "Cook",
    "region": "",
    "program_year": 2026,
    "cost_usd": 2316783,
    "est_headroom_mw": "",
    "loc_method": "municipality_centroid",
    "uncertainty_mi": 2.0,
    "hosting_capacity_flag": "possible",
    "removal_risk": "none - approved",
    "risk_reason": "Already approved by the ICC and in execution. Timing can still slip: Ameren's Sidney and New Berlin projects were both dropped from the 2024-2027 portfolio after approval.",
    "n_projects": "",
    "program_id": "",
    "itn": "",
    "ce_type": "",
    "voltage_kv": "",
    "driver": "",
    "nwa_status": "",
    "source": "ComEd Q1 2026 Investment Report (Docket 22-0486), filed 2026-06-29",
    "notes": "Asset replacement - may or may not add headroom."
   },
   "geometry": {
    "type": "Point",
    "coordinates": [
     -87.8514,
     41.8236
    ]
   }
  },
  {
   "type": "Feature",
   "properties": {
    "utility": "ComEd",
    "docket": "22-0486/23-0055/24-0181",
    "status": "approved",
    "project_id": "",
    "project_name": "Crestwood Backbone Expansion",
    "category": "System Performance",
    "asset_type": "transformer replacement",
    "feeder_id": "",
    "substation": "Crestwood",
    "place": "Crestwood",
    "county": "Cook",
    "region": "",
    "program_year": 2026,
    "cost_usd": "",
    "est_headroom_mw": "",
    "loc_method": "municipality_centroid",
    "uncertainty_mi": 2.0,
    "hosting_capacity_flag": "possible",
    "removal_risk": "none - approved",
    "risk_reason": "Already approved by the ICC and in execution. Timing can still slip: Ameren's Sidney and New Berlin projects were both dropped from the 2024-2027 portfolio after approval.",
    "n_projects": "",
    "program_id": "",
    "itn": "",
    "ce_type": "",
    "voltage_kv": "",
    "driver": "",
    "nwa_status": "",
    "source": "ComEd Q1 2026 Investment Report (Docket 22-0486), filed 2026-06-29",
    "notes": "Asset replacement - may or may not add headroom."
   },
   "geometry": {
    "type": "Point",
    "coordinates": [
     -87.7395,
     41.6447
    ]
   }
  },
  {
   "type": "Feature",
   "properties": {
    "utility": "ComEd",
    "docket": "23-0055",
    "status": "approved",
    "project_id": "",
    "project_name": "Mendota Substation Enhancement",
    "category": "DER Integration",
    "asset_type": "substation enhancement",
    "feeder_id": "",
    "substation": "",
    "place": "Mendota",
    "county": "LaSalle",
    "region": "",
    "program_year": 2030,
    "cost_usd": "",
    "est_headroom_mw": "",
    "loc_method": "municipality_centroid",
    "uncertainty_mi": 2.0,
    "hosting_capacity_flag": "explicit",
    "removal_risk": "none - approved",
    "risk_reason": "Already approved by the ICC and in execution. Timing can still slip: Ameren's Sidney and New Berlin projects were both dropped from the 2024-2027 portfolio after approval.",
    "n_projects": "",
    "program_id": "",
    "itn": "",
    "ce_type": "",
    "voltage_kv": "",
    "driver": "",
    "nwa_status": "",
    "source": "ComEd Refiled Grid Plan Ch. V, compliance filing 2025-02-14",
    "notes": "First substation identified for DER Integration. Resolves DER hosting capacity + resiliency + EV-scenario limits. In engineering; IN SERVICE BY 2030 (beyond plan years) because it requires transmission expansion. DERMS Expansion launched at its first substation Nov 2025 enabling 30 MW - strongly believed to be Mendota but NOT explicitly confirmed."
   },
   "geometry": {
    "type": "Point",
    "coordinates": [
     -89.1204,
     41.5475
    ]
   }
  },
  {
   "type": "Feature",
   "properties": {
    "utility": "ComEd",
    "docket": "23-0055",
    "status": "approved",
    "project_id": "",
    "project_name": "Marengo Area Substation Enhancement",
    "category": "DER Integration",
    "asset_type": "substation enhancement",
    "feeder_id": "",
    "substation": "",
    "place": "Marengo",
    "county": "McHenry",
    "region": "",
    "program_year": "",
    "cost_usd": "",
    "est_headroom_mw": "",
    "loc_method": "municipality_centroid",
    "uncertainty_mi": 2.0,
    "hosting_capacity_flag": "explicit",
    "removal_risk": "none - approved",
    "risk_reason": "Already approved by the ICC and in execution. Timing can still slip: Ameren's Sidney and New Berlin projects were both dropped from the 2024-2027 portfolio after approval.",
    "n_projects": "",
    "program_id": "",
    "itn": "",
    "ce_type": "",
    "voltage_kv": "",
    "driver": "",
    "nwa_status": "",
    "source": "ComEd Refiled Grid Plan Ch. V, compliance filing 2025-02-14",
    "notes": "Second substation. Targets PV hosting capacity limitation in the area between Belvidere, Woodstock and Marengo. DISCLOSED CONSTRAINT: zero available PV hosting capacity when queue projects are considered; Marengo substation and neighbors at ~95% of substation capacity BEFORE any EV load. Highest-value constrained-area signal ComEd discloses."
   },
   "geometry": {
    "type": "Point",
    "coordinates": [
     -88.6081,
     42.2489
    ]
   }
  },
  {
   "type": "Feature",
   "properties": {
    "utility": "ComEd",
    "docket": "23-0055",
    "status": "approved",
    "project_id": "",
    "project_name": "Dixon Substation (DERMS 5th site networking)",
    "category": "DER Integration",
    "asset_type": "DERMS",
    "feeder_id": "",
    "substation": "",
    "place": "Dixon",
    "county": "Lee",
    "region": "",
    "program_year": "",
    "cost_usd": "",
    "est_headroom_mw": "",
    "loc_method": "municipality_centroid",
    "uncertainty_mi": 2.0,
    "hosting_capacity_flag": "explicit",
    "removal_risk": "none - approved",
    "risk_reason": "Already approved by the ICC and in execution. Timing can still slip: Ameren's Sidney and New Berlin projects were both dropped from the 2024-2027 portfolio after approval.",
    "n_projects": "",
    "program_id": "",
    "itn": "",
    "ce_type": "",
    "voltage_kv": "",
    "driver": "",
    "nwa_status": "",
    "source": "ComEd Refiled Grid Plan Ch. V, compliance filing 2025-02-14",
    "notes": "5th DERMS site networks Mendota and Dixon substations in one control environment; power flow nearer Dixon via a 12kV native feeder, also impacts Mendota via a 34kV networked line."
   },
   "geometry": {
    "type": "Point",
    "coordinates": [
     -89.4795,
     41.8389
    ]
   }
  },
  {
   "type": "Feature",
   "properties": {
    "utility": "Ameren Illinois",
    "docket": "(aggregate)",
    "status": "approved",
    "project_id": "",
    "project_name": "2 Ameren Illinois project(s) with NO published location",
    "category": "Unlocated aggregate",
    "asset_type": "territory aggregate",
    "feeder_id": "",
    "substation": "",
    "place": "",
    "county": "",
    "region": "",
    "program_year": "",
    "cost_usd": "",
    "est_headroom_mw": "",
    "loc_method": "territory_aggregate",
    "uncertainty_mi": 95,
    "hosting_capacity_flag": "unknown",
    "removal_risk": "none - approved",
    "risk_reason": "Mixed - see the individual projects in the unlocated register.",
    "n_projects": 2,
    "program_id": "",
    "itn": "",
    "ce_type": "",
    "voltage_kv": "",
    "driver": "",
    "nwa_status": "",
    "source": "Rollup of projects in this register that carry no publishable location",
    "notes": "Drawn across the whole Ameren Illinois service territory (central & southern). This is NOT a location - it is a reminder that this much planned work exists that the utility does not place. Ameren's Appendix I redacts project names and locations in the public version; program-level items carry no location. Open the unlocated register in the panel for the project list."
   },
   "geometry": {
    "type": "Point",
    "coordinates": [
     -89.4,
     39.3
    ]
   }
  },
  {
   "type": "Feature",
   "properties": {
    "utility": "Ameren Illinois",
    "docket": "(aggregate)",
    "status": "proposed",
    "project_id": "",
    "project_name": "5 Ameren Illinois project(s) with NO published location",
    "category": "Unlocated aggregate",
    "asset_type": "territory aggregate",
    "feeder_id": "",
    "substation": "",
    "place": "",
    "county": "",
    "region": "",
    "program_year": "",
    "cost_usd": 96384889,
    "est_headroom_mw": "",
    "loc_method": "territory_aggregate",
    "uncertainty_mi": 95,
    "hosting_capacity_flag": "unknown",
    "removal_risk": "moderate",
    "risk_reason": "Mixed - see the individual projects in the unlocated register.",
    "n_projects": 5,
    "program_id": "",
    "itn": "",
    "ce_type": "",
    "voltage_kv": "",
    "driver": "",
    "nwa_status": "",
    "source": "Rollup of projects in this register that carry no publishable location",
    "notes": "Drawn across the whole Ameren Illinois service territory (central & southern). This is NOT a location - it is a reminder that this much planned work exists that the utility does not place. Ameren's Appendix I redacts project names and locations in the public version; program-level items carry no location. Open the unlocated register in the panel for the project list."
   },
   "geometry": {
    "type": "Point",
    "coordinates": [
     -89.4,
     39.3
    ]
   }
  },
  {
   "type": "Feature",
   "properties": {
    "utility": "ComEd",
    "docket": "(aggregate)",
    "status": "approved",
    "project_id": "",
    "project_name": "20 ComEd project(s) with NO published location",
    "category": "Unlocated aggregate",
    "asset_type": "territory aggregate",
    "feeder_id": "",
    "substation": "",
    "place": "",
    "county": "",
    "region": "",
    "program_year": "",
    "cost_usd": 156848960,
    "est_headroom_mw": "",
    "loc_method": "territory_aggregate",
    "uncertainty_mi": 45,
    "hosting_capacity_flag": "unknown",
    "removal_risk": "none - approved",
    "risk_reason": "Mixed - see the individual projects in the unlocated register.",
    "n_projects": 20,
    "program_id": "",
    "itn": "",
    "ce_type": "",
    "voltage_kv": "",
    "driver": "",
    "nwa_status": "",
    "source": "Rollup of projects in this register that carry no publishable location",
    "notes": "Drawn across the whole ComEd service territory (northern Illinois). This is NOT a location - it is a reminder that this much planned work exists that the utility does not place. ComEd's public hosting capacity map uses anonymized feeder IDs (F####) that do not match the real circuit designators in its filings - verified: 0 of 41 tested IDs matched. Program-level items are filed as scope 'System Wide.' Open the unlocated register in the panel for the project list."
   },
   "geometry": {
    "type": "Point",
    "coordinates": [
     -88.2,
     41.85
    ]
   }
  },
  {
   "type": "Feature",
   "properties": {
    "utility": "ComEd",
    "docket": "(aggregate)",
    "status": "proposed",
    "project_id": "",
    "project_name": "5 ComEd project(s) with NO published location",
    "category": "Unlocated aggregate",
    "asset_type": "territory aggregate",
    "feeder_id": "",
    "substation": "",
    "place": "",
    "county": "",
    "region": "",
    "program_year": "",
    "cost_usd": 611000000,
    "est_headroom_mw": "",
    "loc_method": "territory_aggregate",
    "uncertainty_mi": 45,
    "hosting_capacity_flag": "unknown",
    "removal_risk": "moderate",
    "risk_reason": "Mixed - see the individual projects in the unlocated register.",
    "n_projects": 5,
    "program_id": "",
    "itn": "",
    "ce_type": "",
    "voltage_kv": "",
    "driver": "",
    "nwa_status": "",
    "source": "Rollup of projects in this register that carry no publishable location",
    "notes": "Drawn across the whole ComEd service territory (northern Illinois). This is NOT a location - it is a reminder that this much planned work exists that the utility does not place. ComEd's public hosting capacity map uses anonymized feeder IDs (F####) that do not match the real circuit designators in its filings - verified: 0 of 41 tested IDs matched. Program-level items are filed as scope 'System Wide.' Open the unlocated register in the panel for the project list."
   },
   "geometry": {
    "type": "Point",
    "coordinates": [
     -88.2,
     41.85
    ]
   }
  }
 ]
}