{"type": "FeatureCollection", "name": "il_tif_districts", "crs": {"type": "name", "properties": {"name": "urn:ogc:def:crs:OGC:1.3:CRS84"}}, "features": [{"type": "Feature", "properties": {"tif_name": "Fullerton/Milwaukee", "municipality": "Chicago", "county": "Cook", "year_created": 2000, "year_expiry": 2027, "ordinance": "T- 87", "active": true, "source": "City of Chicago", "source_url": "https://data.cityofchicago.org/resource/eejr-xtfb.geojson"}, "geometry": {"type": "MultiPolygon", "coordinates": [[[[-87.72680077955357, 41.941014427516826], [-87.72512196338843, 41.9399885387003], [-87.72368118273327, 41.94052595447246], [-87.72365862602047, 41.93972582589212], [-87.72218986952606, 41.93963410094359], [-87.72174673062179, 41.93816474766528], [-87.71861064156495, 41.93602117331712], [-87.71862392400507, 41.93652865163051], [-87.71718469317209, 41.9360645969687], [-87.71356957526659, 41.932948755147095], [-87.71219610402154, 41.93426739606044], [-87.71168961831995, 41.9331817858544], [-87.71225789135077, 41.932641394459246], [-87.70726064123127, 41.930317305606735], [-87.70697050567983, 41.92892355802187], [-87.7046503595036, 41.928736781064345], [-87.70463270037477, 41.927859304009274], [-87.70242123611881, 41.927263314138955], [-87.70223626857344, 41.926218721621616], [-87.69975955916948, 41.925283955944835], [-87.69706477598791, 41.92284946955923], [-87.69544162815072, 41.92305884987886], [-87.691846735156, 41.91996292704129], [-87.6885745516287, 41.91902364745237], [-87.68757435928504, 41.91675885772112], [-87.68996503478466, 41.91712018722495], [-87.69056800647434, 41.91673081419111], [-87.68971237077022, 41.916739488569284], [-87.68942354906135, 41.915833679890305], [-87.69072225328752, 41.91582207527655], [-87.6924089058026, 41.917055702458605], [-87.69487302907119, 41.91741926466351], [-87.72054965198345, 41.91676037217663], [-87.71990470702109, 41.91772476403167], [-87.71776700013561, 41.917750590608556], [-87.71778484734662, 41.91827663930302], [-87.71668120857962, 41.918290043372096], [-87.71665334999498, 41.917374912648086], [-87.69801278993891, 41.91844331826412], [-87.69587282156796, 41.91786625593475], [-87.69489579778413, 41.91797328598113], [-87.6953598540696, 41.918255096290885], [-87.69471364777584, 41.91880421389871], [-87.69366158050744, 41.91795445240262], [-87.69014445600935, 41.91785681444895], [-87.69721362605797, 41.92209903482862], [-87.69832132839473, 41.92158844214093], [-87.69780061648969, 41.922496301649126], [-87.69991980287634, 41.92376541597975], [-87.70449929771917, 41.92420030096198], [-87.70446718602966, 41.923157493828626], [-87.70615083911945, 41.92314313722437], [-87.70619131357454, 41.924245284768794], [-87.71221228823606, 41.924074487314755], [-87.71224447786668, 41.92514404526167], [-87.70943458537, 41.92539456181456], [-87.70081791747516, 41.924914270329005], [-87.70354655162862, 41.92576104427802], [-87.70579251359574, 41.92751806467103], [-87.70804656127383, 41.92784265454331], [-87.70807874083725, 41.928912528834886], [-87.70956596107565, 41.929984773401515], [-87.71242213819185, 41.931553265854724], [-87.71416278251745, 41.93147152747587], [-87.71439290716754, 41.93271757717143], [-87.71737983342166, 41.934556846145654], [-87.71950154101438, 41.93453346658924], [-87.71874406293438, 41.93536958604146], [-87.72129280112132, 41.93742056591641], [-87.72414290924314, 41.938656627349495], [-87.72703339764124, 41.938047232836496], [-87.7270161845005, 41.93717864347403], [-87.72972302127808, 41.937545654459704], [-87.72975410741816, 41.93858313422729], [-87.7328578998508, 41.93854161530875], [-87.72776071247327, 41.93899795613723], [-87.72736274618903, 41.941018686804625], [-87.72680077955357, 41.941014427516826]]]]}}, {"type": "Feature", "properties": {"tif_name": "Madison/Austin Corridor", "municipality": "Chicago", "county": "Cook", "year_created": 1999, "year_expiry": 2035, "ordinance": "T- 75", "active": true, "source": "City of Chicago", "source_url": "https://data.cityofchicago.org/resource/eejr-xtfb.geojson"}, "geometry": {"type": "MultiPolygon", "coordinates": [[[[-87.76714641032328, 41.89149753409776], [-87.76513120942623, 41.891186702014885], [-87.76500240360303, 41.88781849024998], [-87.76344065156341, 41.88783967495326], [-87.76319079123253, 41.888944365804335], [-87.76030372571499, 41.888980710356385], [-87.76026109524496, 41.887882688606915], [-87.75546666529058, 41.88793945344185], [-87.75542116647307, 41.88670436894467], [-87.76164816484594, 41.886710124593314], [-87.76161667480399, 41.885851237874206], [-87.76013663857299, 41.8858636937387], [-87.76007280079078, 41.88221696814848], [-87.76148479702161, 41.88219837060189], [-87.76144060742729, 41.88089430217638], [-87.75031668708233, 41.88109314412874], [-87.75061214750868, 41.88424580945235], [-87.7521647709115, 41.88422585132785], [-87.75148456965725, 41.88579852948308], [-87.75025026934262, 41.88581229538927], [-87.74983711322822, 41.881140654063834], [-87.74599439932501, 41.88119120828262], [-87.74544388155347, 41.88167867828212], [-87.74597802393679, 41.886170837385414], [-87.74683312135647, 41.88659590044274], [-87.74499027571393, 41.88589953394522], [-87.74486414249027, 41.88120358837783], [-87.74297255661577, 41.88122554855303], [-87.74299960415013, 41.88198139895374], [-87.74143976919504, 41.88124455287143], [-87.74146174302051, 41.881999005336965], [-87.74063364619678, 41.88200845567389], [-87.74072065475202, 41.88464179115639], [-87.7397469335519, 41.884653172804846], [-87.73910471794696, 41.884660608782255], [-87.7385466556561, 41.88299069886876], [-87.73995636430283, 41.882974776146014], [-87.73984396474927, 41.88201754936495], [-87.73785150891328, 41.88204027593294], [-87.73782715264521, 41.88128592032406], [-87.73071288985196, 41.88136769015487], [-87.73081229150615, 41.88475686367593], [-87.72928471713496, 41.88477452471259], [-87.73037890410768, 41.88137164526484], [-87.7258464699443, 41.88273118928116], [-87.72581871380793, 41.881754007578614], [-87.72230063615052, 41.88197433945009], [-87.72228351306349, 41.881358713347815], [-87.72063138756336, 41.88089935978434], [-87.72076605458757, 41.88033268709271], [-87.72496182451816, 41.88023824171282], [-87.72513688008189, 41.87934295199222], [-87.72269505026823, 41.87899747613202], [-87.72242398127136, 41.87703606169448], [-87.72503794295713, 41.87661837573783], [-87.72489823376063, 41.87536724482571], [-87.725794045878, 41.8753559612108], [-87.726311056984, 41.87966096556463], [-87.73065471841507, 41.87960952865696], [-87.73067308044259, 41.880125160178345], [-87.73939730654807, 41.880023738659695], [-87.73889771218721, 41.878800182031846], [-87.74008573869585, 41.87878640247593], [-87.74002653552132, 41.87700107143153], [-87.74132807983857, 41.8779642693256], [-87.74093787526363, 41.879874999313266], [-87.74475497339246, 41.8798304656941], [-87.74473850933776, 41.87695874217291], [-87.74545864124649, 41.87687115666879], [-87.745908109523, 41.87992358157965], [-87.75430201978045, 41.87982224745699], [-87.75484570960789, 41.87838068789418], [-87.75554833495613, 41.87837181920861], [-87.75560154807961, 41.87980008759423], [-87.76398225501707, 41.87970182117482], [-87.76469242047446, 41.87916494214702], [-87.76463644951787, 41.87766308965246], [-87.76651804471841, 41.87763967155282], [-87.76654536737182, 41.87837985980949], [-87.76565528990726, 41.87839483799786], [-87.7656946558673, 41.879423523402004], [-87.76658998106646, 41.87961428031687], [-87.77463266761815, 41.87938101580026], [-87.77467497477778, 41.880675343353744], [-87.77083489615785, 41.88082006225987], [-87.77086388649144, 41.881644313320564], [-87.76804269606959, 41.88134784250607], [-87.76802325879935, 41.88079802447543], [-87.76242121129579, 41.88122492347318], [-87.76256389646994, 41.88218392506135], [-87.76340089488428, 41.882172714025856], [-87.76352595070077, 41.88582851022585], [-87.76256609468602, 41.88584020906961], [-87.76264541338672, 41.88680641360205], [-87.76494136864673, 41.88660841411011], [-87.76410965665512, 41.88378353604949], [-87.76746976560027, 41.88332352122316], [-87.76750081882857, 41.884285491156504], [-87.76588026347768, 41.884310248567836], [-87.76585038439941, 41.88490637151297], [-87.76681969091193, 41.884893335901445], [-87.76598887130524, 41.88673670127867], [-87.77487824563816, 41.887002714183595], [-87.7749142046476, 41.88813232754852], [-87.76824450508072, 41.887920384838445], [-87.76794415065042, 41.891484615487904], [-87.76714641032328, 41.89149753409776]]]]}}, {"type": "Feature", "properties": {"tif_name": "Washington Park", "municipality": "Chicago", "county": "Cook", "year_created": 2014, "year_expiry": 2038, "ordinance": "T-178", "active": true, "source": "City of Chicago", "source_url": "https://data.cityofchicago.org/resource/eejr-xtfb.geojson"}, "geometry": {"type": "MultiPolygon", "coordinates": [[[[-87.60606251333934, 41.794807051100705], [-87.60586613334588, 41.78596596094385], [-87.6158846683464, 41.78578955410177], [-87.61581162401792, 41.78032730441933], [-87.6188654761825, 41.780089635089865], [-87.6187301697827, 41.77457079854219], [-87.62513608727431, 41.77935512254877], [-87.6250839872648, 41.77760553389198], [-87.62053471567312, 41.77505342657396], [-87.62829298552656, 41.77465199819164], [-87.63164711682165, 41.77821947583621], [-87.63204541158797, 41.787338948112], [-87.63051879703342, 41.78736686275842], [-87.6307002237769, 41.79408467547016], [-87.62071167369764, 41.79428448820768], [-87.62069344524483, 41.79375085265228], [-87.61837572391902, 41.79379122694266], [-87.6183421837578, 41.79305134534451], [-87.61823275182368, 41.79379373947413], [-87.61577272749483, 41.793843559094995], [-87.61561812957032, 41.80220232197742], [-87.60622697541767, 41.80234365883812], [-87.60606251333934, 41.794807051100705]]]]}}, {"type": "Feature", "properties": {"tif_name": "119th Street/I-57", "municipality": "Chicago", "county": "Cook", "year_created": 2002, "year_expiry": 2026, "ordinance": "T-125", "active": true, "source": "City of Chicago", "source_url": "https://data.cityofchicago.org/resource/eejr-xtfb.geojson"}, "geometry": {"type": "MultiPolygon", "coordinates": [[[[-87.65445781169264, 41.69867951508551], [-87.65239689467802, 41.69849847844198], [-87.65210875950578, 41.69223865726953], [-87.64917083458926, 41.69227377628675], [-87.64551543276576, 41.685037337363696], [-87.64699658981749, 41.6845550661275], [-87.64528424958156, 41.684579569884995], [-87.64369290747138, 41.68142869862159], [-87.64369321023824, 41.67823440943209], [-87.64666172861139, 41.67783657314639], [-87.64423017060793, 41.67786993544826], [-87.64419077547657, 41.676800120202316], [-87.64245383015528, 41.67682388627515], [-87.64237976349523, 41.674584570716064], [-87.64410793297694, 41.67428575224193], [-87.64238457152008, 41.67403137832627], [-87.64226859581268, 41.67052873579376], [-87.66115005128141, 41.67033513220501], [-87.66136505879955, 41.67754426883878], [-87.66677140863871, 41.677437665006885], [-87.66733343412348, 41.67591522458253], [-87.66841418474897, 41.676139273454105], [-87.66794542572926, 41.677417234455014], [-87.67258102103423, 41.67733714700984], [-87.67082607831153, 41.69195474497612], [-87.6713284641708, 41.68472979850693], [-87.66779932788035, 41.6847980030897], [-87.65890715265586, 41.699350301612185], [-87.65366315729159, 41.69941507342897], [-87.65445781169264, 41.69867951508551]], [[-87.65640922499698, 41.677771688753076], [-87.65153730616414, 41.67781625612229], [-87.65106815937534, 41.67954169655361], [-87.65645666326172, 41.67933968268874], [-87.65640922499698, 41.677771688753076]]]]}}, {"type": "Feature", "properties": {"tif_name": "West Woodlawn", "municipality": "Chicago", "county": "Cook", "year_created": 2010, "year_expiry": 2034, "ordinance": "T-171", "active": true, "source": "City of Chicago", "source_url": "https://data.cityofchicago.org/resource/eejr-xtfb.geojson"}, "geometry": {"type": "MultiPolygon", "coordinates": [[[[-87.60428024491816, 41.78577511362365], [-87.6042053860319, 41.782343402169445], [-87.6061538930186, 41.78232147409022], [-87.60611927205015, 41.780846668661646], [-87.60731715327685, 41.78086714360197], [-87.60729400889606, 41.77981334121523], [-87.60660355679839, 41.77982490648224], [-87.60642546764592, 41.77208301516385], [-87.60555621590512, 41.77209274776793], [-87.60553709053087, 41.77123676291171], [-87.60709641744764, 41.77121078554702], [-87.60713256698075, 41.77303042493777], [-87.60927532300032, 41.772991698197515], [-87.60924188892423, 41.77117289941122], [-87.61044167206379, 41.77115169488945], [-87.61063872853684, 41.76929845140373], [-87.6158265822539, 41.7728906978284], [-87.61714651345213, 41.77476571409921], [-87.61740809329073, 41.780299724071604], [-87.61580462068048, 41.78032742724414], [-87.6158846683464, 41.78578955410177], [-87.60428024491816, 41.78577511362365]]]]}}, {"type": "Feature", "properties": {"tif_name": "Kennedy/Kimball", "municipality": "Chicago", "county": "Cook", "year_created": 2008, "year_expiry": 2032, "ordinance": "T-160", "active": true, "source": "City of Chicago", "source_url": "https://data.cityofchicago.org/resource/eejr-xtfb.geojson"}, "geometry": {"type": "MultiPolygon", "coordinates": [[[[-87.7150483168586, 41.9387686047411], [-87.71506446256507, 41.93933642541194], [-87.71318301677404, 41.93974783608677], [-87.71303820523563, 41.94061971570253], [-87.71571448069291, 41.940974928107785], [-87.7164523714032, 41.94470517793692], [-87.71771036338339, 41.94576277508567], [-87.71778402877536, 41.94841452179309], [-87.71631872854725, 41.948433988711066], [-87.71626749084409, 41.94661144395353], [-87.71409185332287, 41.94663954207928], [-87.71476361838207, 41.944092503121254], [-87.71275925659698, 41.94318701699933], [-87.71256212513322, 41.94665944280307], [-87.70718082621016, 41.94672805377562], [-87.70395139465705, 41.944089948189905], [-87.70393865702168, 41.94313406251015], [-87.70767385086154, 41.945689311678315], [-87.70753439431131, 41.94022338685324], [-87.70468644380672, 41.93944624831272], [-87.7046606328987, 41.93853228637655], [-87.70328110089682, 41.93853877509461], [-87.70326045319567, 41.9376044737293], [-87.7064381160954, 41.9393463903787], [-87.7150483168586, 41.9387686047411]]]]}}, {"type": "Feature", "properties": {"tif_name": "47th/State", "municipality": "Chicago", "county": "Cook", "year_created": 2004, "year_expiry": 2028, "ordinance": "T-136", "active": true, "source": "City of Chicago", "source_url": "https://data.cityofchicago.org/resource/eejr-xtfb.geojson"}, "geometry": {"type": "MultiPolygon", "coordinates": [[[[-87.62625218542443, 41.81562732478195], [-87.62588797335302, 41.801864259151145], [-87.61604983167229, 41.802014570512185], [-87.61577285699451, 41.793848991736105], [-87.62866406693554, 41.79460876199489], [-87.62932602561118, 41.816356230339245], [-87.62626629052491, 41.816400518932205], [-87.62625218542443, 41.81562732478195]]]]}}, {"type": "Feature", "properties": {"tif_name": "67th and Wentworth", "municipality": "Chicago", "county": "Cook", "year_created": 2011, "year_expiry": 2035, "ordinance": "T-174", "active": true, "source": "City of Chicago", "source_url": "https://data.cityofchicago.org/resource/eejr-xtfb.geojson"}, "geometry": {"type": "MultiPolygon", "coordinates": [[[[-87.61389336675963, 41.77086386059438], [-87.61037793886672, 41.76854163515196], [-87.61044167206379, 41.77115169488945], [-87.60924188892423, 41.77117289941122], [-87.60927532300032, 41.772991698197515], [-87.60713256698075, 41.77303042493777], [-87.60709641744764, 41.77121078554702], [-87.60553712780784, 41.7712383594803], [-87.60541738967017, 41.76587880867504], [-87.61667295178039, 41.76543018578748], [-87.61664905294423, 41.76431204876508], [-87.61767578785224, 41.76428740013149], [-87.61865302192814, 41.76542846911297], [-87.6240552500186, 41.76510628602109], [-87.62400960282243, 41.7628011240422], [-87.62305749975211, 41.76281939130166], [-87.62303646205216, 41.76181550740962], [-87.62398796409144, 41.76179729060836], [-87.62392622490744, 41.75860402727458], [-87.60606371626828, 41.759015793517214], [-87.6060377651347, 41.75812647644611], [-87.62391035416, 41.75794178448028], [-87.62377590402893, 41.75132147929616], [-87.61834697998606, 41.75146527028246], [-87.61837998316895, 41.75296935313875], [-87.6164008842821, 41.75300378366018], [-87.61636575854877, 41.75145094788634], [-87.61511625265516, 41.75152755899209], [-87.61509316663212, 41.75069296371085], [-87.61634726665618, 41.750537319063994], [-87.62478539629033, 41.75038102264617], [-87.62692170045322, 41.75100183209881], [-87.62700063281267, 41.75464118363324], [-87.62853257706445, 41.754752758761946], [-87.62891337337213, 41.756433300510295], [-87.63101757008778, 41.75639792657381], [-87.63105839094555, 41.75822179467491], [-87.63458255417122, 41.757572488938166], [-87.63461792847308, 41.75853643344776], [-87.63164614469004, 41.758576076622184], [-87.6310404531509, 41.76186257114193], [-87.63035147060485, 41.761873506070685], [-87.63039013771564, 41.76350912515305], [-87.63449479067212, 41.76344907192548], [-87.63374996220783, 41.76546463703507], [-87.6348790576424, 41.76344039726422], [-87.6394804432918, 41.763369757553406], [-87.63953960010133, 41.76528223229827], [-87.63960853461609, 41.76336773274432], [-87.64369461683319, 41.76330484368123], [-87.64364592494148, 41.758678484601596], [-87.64114972518338, 41.75819491158744], [-87.64422768440355, 41.75788810403783], [-87.64557442222444, 41.758309822240285], [-87.64501324716845, 41.763281301760756], [-87.64569505864972, 41.76327034584364], [-87.64583510919998, 41.768383207524444], [-87.66257293146072, 41.76809070131126], [-87.66322633630912, 41.76865133190978], [-87.64585342419545, 41.76911236668163], [-87.64593492729307, 41.77236275927376], [-87.62493836700148, 41.77270810835619], [-87.62483735847765, 41.76931449493411], [-87.61327302856357, 41.76986785286835], [-87.6250839872648, 41.77760553389198], [-87.62513608727431, 41.77935512254877], [-87.61389336675963, 41.77086386059438]]]]}}, {"type": "Feature", "properties": {"tif_name": "Roosevelt/Cicero", "municipality": "Chicago", "county": "Cook", "year_created": 1998, "year_expiry": 2034, "ordinance": "T- 38", "active": true, "source": "City of Chicago", "source_url": "https://data.cityofchicago.org/resource/eejr-xtfb.geojson"}, "geometry": {"type": "MultiPolygon", "coordinates": [[[[-87.73986382741116, 41.86940336994503], [-87.7325669637331, 41.87110403150639], [-87.73246675838168, 41.869093336335155], [-87.72296481357111, 41.86938379102472], [-87.72293233253825, 41.868452548390266], [-87.72540449532954, 41.86842466223899], [-87.72537412613683, 41.867514726215205], [-87.73240858829362, 41.86745619354522], [-87.73236164805363, 41.86606864763996], [-87.73508306057654, 41.86603117440756], [-87.73496867160927, 41.862286702988015], [-87.73665150096366, 41.86226214275888], [-87.73684330442323, 41.858695652260984], [-87.73364342437785, 41.858262251044245], [-87.73456205027843, 41.85699162200983], [-87.73439355662538, 41.85162582205356], [-87.73939096621507, 41.85155479124984], [-87.73973028609922, 41.86596269947703], [-87.76921364810336, 41.865528726837454], [-87.76937497364368, 41.87008178034531], [-87.75936310858737, 41.86954550781025], [-87.75941906585712, 41.87108032005619], [-87.75722471033423, 41.87110834700487], [-87.75718327317082, 41.87013388374797], [-87.75329760190364, 41.870160568136484], [-87.75334794917286, 41.8715200216529], [-87.75115884681381, 41.87154626744985], [-87.75111571300802, 41.87027908087489], [-87.74893045276424, 41.87030689553666], [-87.74889844433761, 41.869403488353626], [-87.74473149029195, 41.869455863078656], [-87.74480379370232, 41.87145992426105], [-87.73886711666596, 41.871593618425315], [-87.7388325358944, 41.87063155069709], [-87.73990765550211, 41.87061661202712], [-87.73986382741116, 41.86940336994503]]]]}}, {"type": "Feature", "properties": {"tif_name": "Western Avenue/Rock Island", "municipality": "Chicago", "county": "Cook", "year_created": 2006, "year_expiry": 2030, "ordinance": "T-142", "active": true, "source": "City of Chicago", "source_url": "https://data.cityofchicago.org/resource/eejr-xtfb.geojson"}, "geometry": {"type": "MultiPolygon", "coordinates": [[[[-87.66735682528426, 41.720212107146565], [-87.66719741252258, 41.71455123779392], [-87.6665757924162, 41.71456209883902], [-87.66625582209687, 41.713233165824086], [-87.66715883551656, 41.71280348381202], [-87.6684614772178, 41.70764812800271], [-87.66625635274318, 41.70708878832342], [-87.6661568059288, 41.705729329005564], [-87.66777305815192, 41.706120053042234], [-87.66870682754771, 41.70486954356269], [-87.66934036815589, 41.69965162520842], [-87.66781351537689, 41.70019396390592], [-87.66786574317906, 41.699376072110184], [-87.66675444792422, 41.69939883049196], [-87.6666950973038, 41.69799517876228], [-87.66960957002868, 41.69846356739755], [-87.66999516914571, 41.69377232655062], [-87.6677297097163, 41.69500438636154], [-87.66837584481216, 41.69310421877144], [-87.66701114712716, 41.69256572435961], [-87.66528265756268, 41.694053272410095], [-87.66285859604471, 41.69299691424454], [-87.66779932788035, 41.6847980030897], [-87.6713284641708, 41.68472979850693], [-87.67221262715505, 41.677343942138435], [-87.67114749659156, 41.69130314366676], [-87.6802279549563, 41.691253675178444], [-87.6803706590774, 41.688727995749794], [-87.67873878103266, 41.68874385072531], [-87.67860289975506, 41.68710234734359], [-87.68027703009983, 41.68701686371568], [-87.67988625571309, 41.68030039731667], [-87.67886071951594, 41.68032355654172], [-87.67882646728513, 41.67921787155431], [-87.67984366846966, 41.678923155150535], [-87.67978526178, 41.677234723155095], [-87.68132114902187, 41.67728252651594], [-87.68161947378267, 41.68625552109201], [-87.68577837807808, 41.686202410122476], [-87.68606261935018, 41.68447047517093], [-87.68670912324157, 41.691375235080095], [-87.69036157596867, 41.69114237065423], [-87.69010040100392, 41.684414004314064], [-87.69549254625885, 41.6843382742391], [-87.69684779339326, 41.70636457179514], [-87.69628210294472, 41.706233851380375], [-87.69575946325898, 41.69162480920294], [-87.68720214170054, 41.69223297851282], [-87.68723373776, 41.69318812977058], [-87.68624502319831, 41.69320062474735], [-87.68595320265442, 41.691652822422654], [-87.685839967827, 41.692224872504696], [-87.6818746797404, 41.69226914988665], [-87.68230803928954, 41.70589875099881], [-87.68544251804762, 41.7058785889797], [-87.68556764344456, 41.71008104281078], [-87.68359599768401, 41.71010557455507], [-87.68349561238891, 41.70685808321686], [-87.68233858589583, 41.70687123910443], [-87.68252947766136, 41.713666751603306], [-87.681841690879, 41.71366175675732], [-87.68200767549457, 41.71911114076731], [-87.6813588241805, 41.71912748622904], [-87.68123298101676, 41.71374741255633], [-87.68051007880182, 41.713759554236645], [-87.6804927298808, 41.71295487395359], [-87.68122038531027, 41.712942594573775], [-87.68087146020498, 41.70647695674425], [-87.68028054946426, 41.70590788523017], [-87.68096376642713, 41.705895353896025], [-87.68065350726326, 41.6948794932069], [-87.68010498110947, 41.69488954904135], [-87.68050060717735, 41.69408238322255], [-87.67889819129613, 41.69417640127629], [-87.67882044122693, 41.69308365892963], [-87.68052158162217, 41.69243529810168], [-87.67240599725642, 41.69258085056766], [-87.67173358954113, 41.69421137856009], [-87.67054907026002, 41.69423662530828], [-87.66999736553309, 41.69878255731316], [-87.6697664058742, 41.70219967138717], [-87.67103104479499, 41.70280965383478], [-87.67097741637203, 41.70381922524197], [-87.66957644301279, 41.70376443341295], [-87.66947337703577, 41.704613372646165], [-87.67008402851708, 41.704652684717594], [-87.67002226957698, 41.70573030055818], [-87.67100650131569, 41.70579976943155], [-87.67075321091328, 41.7071307767486], [-87.67013610961094, 41.708023129975246], [-87.66907428060368, 41.70790096665964], [-87.66775247536422, 41.71197846707025], [-87.66827711148403, 41.711969593610235], [-87.66830582289067, 41.713781947572656], [-87.66907496251841, 41.71376844827235], [-87.66775284584145, 41.71437097137919], [-87.66781563114394, 41.71659983443795], [-87.66915648482575, 41.716579655678025], [-87.66922522309407, 41.71893967553487], [-87.66762757751319, 41.719418646507144], [-87.66831451200964, 41.720627600078366], [-87.66735682528426, 41.720212107146565]]]]}}, {"type": "Feature", "properties": {"tif_name": "Commercial Avenue", "municipality": "Chicago", "county": "Cook", "year_created": 2002, "year_expiry": 2026, "ordinance": "T-128", "active": true, "source": "City of Chicago", "source_url": "https://data.cityofchicago.org/resource/eejr-xtfb.geojson"}, "geometry": {"type": "MultiPolygon", "coordinates": [[[[-87.55410956668722, 41.745428171904976], [-87.55409594455983, 41.744712201871764], [-87.55616375482288, 41.74468325738753], [-87.55053297179447, 41.74093910038372], [-87.55054337946197, 41.73062014451343], [-87.55001384772063, 41.729981064128836], [-87.54783344360888, 41.73000717808553], [-87.54779953596572, 41.72410574956288], [-87.54599760706157, 41.722789292924304], [-87.55035162741083, 41.72263723279427], [-87.55023708319867, 41.71690193650223], [-87.54899815039752, 41.71865802460128], [-87.54755678401123, 41.71904500515028], [-87.55345800532602, 41.70649154607098], [-87.55484766005087, 41.70653718678273], [-87.55393316701553, 41.70810551439758], [-87.55486873637061, 41.708105160066815], [-87.5549204125557, 41.71195134243677], [-87.55354033214705, 41.71195570703436], [-87.55320171730654, 41.708325310075026], [-87.55248320596655, 41.7099208071633], [-87.55303232031703, 41.711957342893776], [-87.55215368428087, 41.711958034108356], [-87.5511286250645, 41.71349863628886], [-87.55179848767105, 41.72219509416284], [-87.55782958107473, 41.722123055001234], [-87.55807820833417, 41.71891899062656], [-87.55996799643358, 41.71889808013646], [-87.5600125697402, 41.72210933638147], [-87.57547215083144, 41.72160477679341], [-87.57549627746083, 41.722329240616794], [-87.57182788813027, 41.72237529770412], [-87.57058674845752, 41.722670396444194], [-87.57049440380183, 41.723407479904374], [-87.5518278694344, 41.723639790273545], [-87.5512919074585, 41.725290651076705], [-87.56597716742279, 41.735875219048374], [-87.56599991429167, 41.73665315155008], [-87.56830119710048, 41.738308612626874], [-87.5666167041133, 41.73894409840334], [-87.56590246417203, 41.737532489278514], [-87.55978408174651, 41.733694054893604], [-87.55841518142343, 41.734107289512814], [-87.55845350282335, 41.73557662950259], [-87.5553951319504, 41.73561469227295], [-87.55525151291822, 41.72985890748579], [-87.5527410688221, 41.72833871257671], [-87.55414604808139, 41.72955718804742], [-87.55199845928747, 41.73060282393256], [-87.55211560100477, 41.73543590646111], [-87.5529172195416, 41.73542593071564], [-87.5529364102385, 41.73619534472725], [-87.55213331642284, 41.73620525473571], [-87.55216499194606, 41.74191762921741], [-87.55652265424854, 41.74449712481908], [-87.56380762922983, 41.7440953394589], [-87.5626056827217, 41.74498738724348], [-87.55410956668722, 41.745428171904976]]]]}}, {"type": "Feature", "properties": {"tif_name": "Montrose/Clarendon", "municipality": "Chicago", "county": "Cook", "year_created": 2010, "year_expiry": 2034, "ordinance": "T-173", "active": true, "source": "City of Chicago", "source_url": "https://data.cityofchicago.org/resource/eejr-xtfb.geojson"}, "geometry": {"type": "MultiPolygon", "coordinates": [[[[-87.64738714645529, 41.96557455983881], [-87.64656428480176, 41.961884903175495], [-87.65127011984795, 41.96173351450428], [-87.65130340470307, 41.96282031189347], [-87.64984279259797, 41.963582442097405], [-87.65014353703715, 41.965610633924925], [-87.64738714645529, 41.96557455983881]]]]}}, {"type": "Feature", "properties": {"tif_name": "Division/Homan", "municipality": "Chicago", "county": "Cook", "year_created": 2001, "year_expiry": 2037, "ordinance": "T-107", "active": true, "source": "City of Chicago", "source_url": "https://data.cityofchicago.org/resource/eejr-xtfb.geojson"}, "geometry": {"type": "MultiPolygon", "coordinates": [[[[-87.69689892648371, 41.909719660193225], [-87.69673039122375, 41.90278827144561], [-87.70167948189844, 41.9027433729262], [-87.70170553790096, 41.89831782958973], [-87.70676443532804, 41.898376513983756], [-87.70671183791487, 41.896736254614375], [-87.70881000305297, 41.898005589167106], [-87.70872564647898, 41.89542660790691], [-87.70998342186985, 41.8954137644959], [-87.71097036217891, 41.899067208874285], [-87.71289284937137, 41.899050115786146], [-87.71227334847362, 41.89955631654093], [-87.71294678625792, 41.90071089063914], [-87.71591392220282, 41.90084477367604], [-87.71665321465319, 41.90193030614969], [-87.71786847454126, 41.90190285264041], [-87.71789298872494, 41.90263212871211], [-87.72133245210122, 41.903470708723866], [-87.72136340695693, 41.904429929557566], [-87.71406975139176, 41.90506272578077], [-87.71161430789014, 41.90469786571681], [-87.71156769319026, 41.90327774651486], [-87.70748919439202, 41.90332007912795], [-87.70694338024995, 41.903847893899744], [-87.7071457831246, 41.91025547973923], [-87.69689892648371, 41.909719660193225]]]]}}, {"type": "Feature", "properties": {"tif_name": "Stockyards Southeast Quadrant Industrial", "municipality": "Chicago", "county": "Cook", "year_created": 1992, "year_expiry": 2028, "ordinance": "T- 45", "active": true, "source": "City of Chicago", "source_url": "https://data.cityofchicago.org/resource/eejr-xtfb.geojson"}, "geometry": {"type": "MultiPolygon", "coordinates": [[[[-87.65863131042603, 41.82133419553586], [-87.6571426885199, 41.82053179861601], [-87.65696824540494, 41.81853398360827], [-87.65184964776985, 41.81865907451067], [-87.65178423451488, 41.81605008271718], [-87.64833702968615, 41.81678067341893], [-87.64837657880939, 41.81860331488043], [-87.64579213225646, 41.81862737561391], [-87.64553794081955, 41.80886374513536], [-87.6551663675726, 41.808735387621624], [-87.65524562564181, 41.81236973435377], [-87.65868770902203, 41.81232551237752], [-87.65876527432263, 41.81595381964746], [-87.65702549432481, 41.81595979670962], [-87.65705534860217, 41.81721268365587], [-87.65888646935124, 41.81727504795409], [-87.6589488690208, 41.81953746404113], [-87.66508767489914, 41.819451166362995], [-87.66506871039066, 41.82000490572517], [-87.65863131042603, 41.82133419553586]]]]}}, {"type": "Feature", "properties": {"tif_name": "Cortland and Chicago River", "municipality": "Chicago", "county": "Cook", "year_created": 2019, "year_expiry": 2043, "ordinance": "T-183", "active": true, "source": "City of Chicago", "source_url": "https://data.cityofchicago.org/resource/eejr-xtfb.geojson"}, "geometry": {"type": "MultiPolygon", "coordinates": [[[[-87.66612456912415, 41.92000048008665], [-87.66519040411326, 41.91988363434983], [-87.66592646851345, 41.92080916200795], [-87.66312846064194, 41.920825531385006], [-87.6595347490847, 41.91823412594106], [-87.66025356869687, 41.91767615993611], [-87.6596029244746, 41.91720198291202], [-87.65807277530995, 41.91722384907821], [-87.65574612914179, 41.915511182341945], [-87.65667809436333, 41.91412793395477], [-87.65482749921259, 41.91190720882036], [-87.65548591602753, 41.91183172207195], [-87.6555049742291, 41.9107165684773], [-87.65737171356668, 41.91069029431096], [-87.65798899991556, 41.912767927998935], [-87.65947570559537, 41.91290070162951], [-87.66033973845413, 41.91255203776669], [-87.66028677326614, 41.91064827452271], [-87.66309602449901, 41.910607194580315], [-87.66458836634477, 41.913805780091806], [-87.66257628410195, 41.914630047283005], [-87.66395536754825, 41.91539797195517], [-87.66532718652024, 41.91480385414347], [-87.6683599684875, 41.91857618783582], [-87.66879969452373, 41.921659407004356], [-87.6675211166086, 41.921673455121784], [-87.66612456912415, 41.92000048008665]]]]}}, {"type": "Feature", "properties": {"tif_name": "35th/State", "municipality": "Chicago", "county": "Cook", "year_created": 2004, "year_expiry": 2028, "ordinance": "T-131", "active": true, "source": "City of Chicago", "source_url": "https://data.cityofchicago.org/resource/eejr-xtfb.geojson"}, "geometry": {"type": "MultiPolygon", "coordinates": [[[[-87.62943365710794, 41.8352742314258], [-87.62903384015287, 41.832802820600996], [-87.62679187537708, 41.832932064419886], [-87.62657056726947, 41.82379780005702], [-87.63133941604264, 41.82374498172377], [-87.63138268831774, 41.825563961046], [-87.62952841442308, 41.82558606940413], [-87.6296705037788, 41.830877393458664], [-87.63151280628047, 41.8311698428309], [-87.6316027251113, 41.83468814528021], [-87.6297842305026, 41.83471912915338], [-87.6298893567857, 41.838261518951555], [-87.62943365710794, 41.8352742314258]]]]}}, {"type": "Feature", "properties": {"tif_name": "67th/Cicero", "municipality": "Chicago", "county": "Cook", "year_created": 2002, "year_expiry": 2026, "ordinance": "T-124", "active": true, "source": "City of Chicago", "source_url": "https://data.cityofchicago.org/resource/eejr-xtfb.geojson"}, "geometry": {"type": "MultiPolygon", "coordinates": [[[[-87.7377020886394, 41.7711081195004], [-87.73876344227874, 41.76916982891807], [-87.74199934901422, 41.768828435839154], [-87.74205194780022, 41.771031823760474], [-87.7377020886394, 41.7711081195004]]]]}}, {"type": "Feature", "properties": {"tif_name": "Randolph/Wells", "municipality": "Chicago", "county": "Cook", "year_created": 2010, "year_expiry": 2034, "ordinance": "T-172", "active": true, "source": "City of Chicago", "source_url": "https://data.cityofchicago.org/resource/eejr-xtfb.geojson"}, "geometry": {"type": "MultiPolygon", "coordinates": [[[[-87.63372867590954, 41.88381875408928], [-87.63552012594624, 41.88435610863232], [-87.63555699172908, 41.885834820104286], [-87.63331879785306, 41.88584126440358], [-87.63372867590954, 41.88381875408928]]]]}}, {"type": "Feature", "properties": {"tif_name": "Foster/Edens", "municipality": "Chicago", "county": "Cook", "year_created": 2018, "year_expiry": 2042, "ordinance": "T-181", "active": true, "source": "City of Chicago", "source_url": "https://data.cityofchicago.org/resource/eejr-xtfb.geojson"}, "geometry": {"type": "MultiPolygon", "coordinates": [[[[-87.72835789269953, 41.975665407564186], [-87.72829274403315, 41.97327788150385], [-87.73323291527396, 41.973563412782134], [-87.73328278954212, 41.97538829475597], [-87.74280334821093, 41.97529222003492], [-87.74295026106287, 41.973444940065065], [-87.74496709403645, 41.97168635713449], [-87.7398541295574, 41.96802308733276], [-87.74772206910966, 41.9679344998136], [-87.74751408172763, 41.96850573999446], [-87.74192585226794, 41.96857740592055], [-87.74560029493546, 41.97082660242057], [-87.74734698792203, 41.96983209612962], [-87.74595717666072, 41.971559156198616], [-87.74933719636695, 41.97376064674731], [-87.74818468726441, 41.97541659094058], [-87.74840645060264, 41.982436068562286], [-87.74253467687947, 41.981710666262586], [-87.7407557451076, 41.98031674341886], [-87.74108507194008, 41.978400136629155], [-87.73815165195276, 41.977230139378364], [-87.73294947581786, 41.97587941119148], [-87.72835789269953, 41.975665407564186]]]]}}, {"type": "Feature", "properties": {"tif_name": "Near North", "municipality": "Chicago", "county": "Cook", "year_created": 1997, "year_expiry": 2033, "ordinance": "T- 30", "active": true, "source": "City of Chicago", "source_url": "https://data.cityofchicago.org/resource/eejr-xtfb.geojson"}, "geometry": {"type": "MultiPolygon", "coordinates": [[[[-87.63750669542422, 41.910397509082024], [-87.63703904463922, 41.90674863444801], [-87.63471768201654, 41.906787497939085], [-87.63462431944696, 41.90394423605742], [-87.63692753887983, 41.90390910598697], [-87.63727800122896, 41.902514307709005], [-87.63455900338555, 41.90219713458525], [-87.63449331807549, 41.900452664695514], [-87.63635534121835, 41.90042989924549], [-87.6365152376482, 41.89886347121995], [-87.63864263747271, 41.8988359681762], [-87.63855569717154, 41.89667141631887], [-87.64305867386743, 41.89658663805354], [-87.64588119904718, 41.90083851232897], [-87.65092263626143, 41.905737363469655], [-87.64803122275067, 41.90647305134614], [-87.64814731576462, 41.910832735063245], [-87.63752459891639, 41.91099152317497], [-87.63750669542422, 41.910397509082024]], [[-87.63953725943759, 41.906682728311516], [-87.6407506483745, 41.906424210860855], [-87.64071335017627, 41.905150772165435], [-87.63853384577286, 41.905516857677675], [-87.63864672475621, 41.909153591220836], [-87.63961490491543, 41.90914001611167], [-87.63953725943759, 41.906682728311516]]]]}}, {"type": "Feature", "properties": {"tif_name": "116th/Avenue O", "municipality": "Chicago", "county": "Cook", "year_created": 2018, "year_expiry": 2042, "ordinance": "T-182", "active": true, "source": "City of Chicago", "source_url": "https://data.cityofchicago.org/resource/eejr-xtfb.geojson"}, "geometry": {"type": "MultiPolygon", "coordinates": [[[[-87.53995487824878, 41.68458899615061], [-87.53980950494159, 41.67277882313734], [-87.54084350885023, 41.672772146040934], [-87.54083277985438, 41.67129545552535], [-87.54549264697889, 41.67127644850545], [-87.54629327119773, 41.672418692380305], [-87.54970106901159, 41.67243372033971], [-87.5497138764749, 41.67428127332495], [-87.55183903759503, 41.674291316559525], [-87.54949800710455, 41.67569981293175], [-87.5516793063374, 41.67669791652591], [-87.55200861347447, 41.677793058990495], [-87.54966338871074, 41.678340612814715], [-87.54775516420132, 41.67760297112036], [-87.54540589344471, 41.678755919702475], [-87.54513021988762, 41.68462574392037], [-87.54031542573361, 41.6848938931893], [-87.54033438033247, 41.6881382585883], [-87.53540043491623, 41.68812424994596], [-87.53538847384624, 41.68649085351583], [-87.53659861608784, 41.68649254989258], [-87.53658540523963, 41.68466989868377], [-87.53995487824878, 41.68458899615061]]]]}}, {"type": "Feature", "properties": {"tif_name": "Austin Commercial", "municipality": "Chicago", "county": "Cook", "year_created": 2007, "year_expiry": 2031, "ordinance": "T-156", "active": true, "source": "City of Chicago", "source_url": "https://data.cityofchicago.org/resource/eejr-xtfb.geojson"}, "geometry": {"type": "MultiPolygon", "coordinates": [[[[-87.74933921403394, 41.910051189461626], [-87.75115706640024, 41.9096969366772], [-87.75114405162903, 41.90903593063436], [-87.76524175511737, 41.908858133298565], [-87.76503506545167, 41.902620388589895], [-87.74661651972572, 41.90282463134717], [-87.74656277785309, 41.902258932950765], [-87.7482888938236, 41.90184847552688], [-87.74825700905197, 41.900399848831675], [-87.75147117518722, 41.90036848462332], [-87.75097949380378, 41.901643710774955], [-87.75150552784459, 41.901885015819204], [-87.7649981254484, 41.90171570486004], [-87.7647750306424, 41.89534428100267], [-87.74649566452727, 41.89552301523636], [-87.74642489357144, 41.89446716297417], [-87.75544917583181, 41.894052501537914], [-87.75865116143343, 41.894606606534644], [-87.75914167076526, 41.892881338701926], [-87.7606830304403, 41.89286800874171], [-87.76074218982379, 41.8945209485758], [-87.76416904980798, 41.894576458668546], [-87.76423849120138, 41.88920324104458], [-87.76505512272749, 41.88919636303117], [-87.7655058452988, 41.89453527201573], [-87.77511374589851, 41.89423946723065], [-87.77514496319294, 41.89518246764306], [-87.7660463230237, 41.895310666942386], [-87.76609022520776, 41.896575485911946], [-87.76679253596298, 41.89656435391378], [-87.76682552648539, 41.89752174954698], [-87.76612656765141, 41.89753258316956], [-87.76627368614706, 41.901703898718054], [-87.77535211709298, 41.901707873172185], [-87.77537533275714, 41.902405897826476], [-87.76630238886464, 41.90249536961148], [-87.76652517870406, 41.90875426692091], [-87.78500237840531, 41.909147855013245], [-87.78502449612303, 41.90982146532141], [-87.74933921403394, 41.910051189461626]]]]}}, {"type": "Feature", "properties": {"tif_name": "Armitage/Pulaski", "municipality": "Chicago", "county": "Cook", "year_created": 2007, "year_expiry": 2031, "ordinance": "T-151", "active": true, "source": "City of Chicago", "source_url": "https://data.cityofchicago.org/resource/eejr-xtfb.geojson"}, "geometry": {"type": "MultiPolygon", "coordinates": [[[[-87.72669829861232, 41.9177118996649], [-87.72667974089946, 41.917072414155385], [-87.72545708792467, 41.91708985918188], [-87.72585928066822, 41.915259773723314], [-87.72714220845721, 41.915244050708594], [-87.7271867690414, 41.91666201107359], [-87.73741994146576, 41.91655542155045], [-87.73745031202864, 41.91750892503061], [-87.72721612504253, 41.917636697509536], [-87.72725730592796, 41.9190780751773], [-87.72669829861232, 41.9177118996649]]]]}}, {"type": "Feature", "properties": {"tif_name": "107th/Halsted", "municipality": "Chicago", "county": "Cook", "year_created": 2014, "year_expiry": 2038, "ordinance": "T-176", "active": true, "source": "City of Chicago", "source_url": "https://data.cityofchicago.org/resource/eejr-xtfb.geojson"}, "geometry": {"type": "MultiPolygon", "coordinates": [[[[-87.65223249818384, 41.69612779375874], [-87.65216000402368, 41.69406218830753], [-87.65237567488866, 41.69861192525038], [-87.65454022527524, 41.69858523086308], [-87.6535905873757, 41.69950654755579], [-87.6233131765405, 41.69987065668455], [-87.62302503623604, 41.68488511034732], [-87.62388462898619, 41.6848746670625], [-87.62300342946256, 41.684213548007456], [-87.62471571660801, 41.68507442305723], [-87.64146184783027, 41.684542543759754], [-87.64220849418574, 41.68690302112143], [-87.64524646103494, 41.686957969377616], [-87.64530574467653, 41.68877463540422], [-87.646544468306, 41.68947712972925], [-87.64713900547663, 41.689026602816305], [-87.64875595547578, 41.692277158957836], [-87.65199214506003, 41.692239963876375], [-87.65223249818384, 41.69612779375874]]]]}}, {"type": "Feature", "properties": {"tif_name": "47th/Halsted", "municipality": "Chicago", "county": "Cook", "year_created": 2002, "year_expiry": 2026, "ordinance": "T-121", "active": true, "source": "City of Chicago", "source_url": "https://data.cityofchicago.org/resource/eejr-xtfb.geojson"}, "geometry": {"type": "MultiPolygon", "coordinates": [[[[-87.62899578132887, 41.81932350880452], [-87.62634726521476, 41.81928979552607], [-87.62626629052491, 41.816400518932205], [-87.63099287209674, 41.81633136282242], [-87.63087524781562, 41.81096430856843], [-87.63330591994004, 41.81092570494365], [-87.63327980658593, 41.81021796158248], [-87.63534441389872, 41.809888204635584], [-87.6336992171809, 41.809179612530585], [-87.63240940819975, 41.81033138761288], [-87.63083667492904, 41.81035762045308], [-87.63063298767264, 41.80194723153789], [-87.6288822957847, 41.801979704210005], [-87.62877154059352, 41.79817572698672], [-87.63053964721203, 41.79814429512834], [-87.63040716693514, 41.79408445735891], [-87.63517886725239, 41.79370856884167], [-87.6355501946073, 41.79448690833364], [-87.63563845017178, 41.79320668651479], [-87.64023727709123, 41.79351247326026], [-87.64035323336596, 41.79440165558646], [-87.64023581128166, 41.790657248470666], [-87.6415334298495, 41.7906348280785], [-87.6421243786187, 41.79351077380072], [-87.64448793644021, 41.79346854838086], [-87.64362632707969, 41.787138017644004], [-87.64497133867202, 41.787115335014], [-87.64515603023237, 41.794132278913985], [-87.65135953423227, 41.794060079825776], [-87.65070808732648, 41.79614139895618], [-87.6477653600718, 41.79610186562721], [-87.64782642475005, 41.79789647906855], [-87.64582509094797, 41.79792537151276], [-87.646050377832, 41.80330364592575], [-87.6528015337482, 41.803211593071296], [-87.65283847252518, 41.804705111611874], [-87.65392634506868, 41.80469030981045], [-87.65388903122728, 41.803196984735926], [-87.65522923931053, 41.80317833538544], [-87.65536280074456, 41.808252145157574], [-87.66010587319582, 41.80866874095319], [-87.64553794081955, 41.80886374513536], [-87.64579688740044, 41.81884400583037], [-87.6408173561253, 41.81890295634106], [-87.64199314692296, 41.81753790171336], [-87.64390974346091, 41.817513521340835], [-87.64388931911651, 41.816690396525644], [-87.64196999472898, 41.81672304340398], [-87.64196050537497, 41.81615506950647], [-87.6450903671491, 41.816101762360766], [-87.64502374726452, 41.81353903409882], [-87.64386504680279, 41.81356309503027], [-87.64390389980224, 41.81493409352955], [-87.64261925782378, 41.814317805497744], [-87.64257290521299, 41.81248605081194], [-87.64495180162447, 41.812166354424306], [-87.64490697992605, 41.809295188286775], [-87.63757807747147, 41.809485887593496], [-87.63733608910249, 41.81127895870406], [-87.63819636315115, 41.81183362702257], [-87.63736219099923, 41.81223604603906], [-87.63756035712255, 41.815841466808024], [-87.63945275865704, 41.815810541552175], [-87.63946843593853, 41.81637853862983], [-87.63733518392155, 41.81731915594786], [-87.6374743969791, 41.8189429624324], [-87.63483498409619, 41.81864438389019], [-87.63482039018987, 41.81808055897173], [-87.63592544850432, 41.818063470163544], [-87.63587988830163, 41.8164471449923], [-87.63367185128345, 41.81647389417023], [-87.63374303751081, 41.819000155558335], [-87.62936091686595, 41.81924671267089], [-87.62943860461633, 41.82178187904919], [-87.62899578132887, 41.81932350880452]]]]}}, {"type": "Feature", "properties": {"tif_name": "Lawrence/Broadway", "municipality": "Chicago", "county": "Cook", "year_created": 2001, "year_expiry": 2037, "ordinance": "T-109", "active": true, "source": "City of Chicago", "source_url": "https://data.cityofchicago.org/resource/eejr-xtfb.geojson"}, "geometry": {"type": "MultiPolygon", "coordinates": [[[[-87.66006655654934, 41.976958296862655], [-87.65851470778502, 41.97692351333142], [-87.658369016637, 41.97161912599596], [-87.6595549204819, 41.971601887874755], [-87.65951488431439, 41.97010408783221], [-87.65859978482801, 41.969980437163144], [-87.65863978496773, 41.971434001558244], [-87.65696332517392, 41.97163919956979], [-87.65754861677131, 41.97081749328119], [-87.65614567860953, 41.97083611904911], [-87.65557751853802, 41.97006082233699], [-87.65560890387995, 41.97125507602074], [-87.65418612515145, 41.97158622525396], [-87.65467542034165, 41.96918036715103], [-87.65355722332721, 41.96919460574312], [-87.6529829491039, 41.96811624661735], [-87.65550668001511, 41.96789089305593], [-87.65551499703268, 41.968713325354635], [-87.65749738359715, 41.96827540181016], [-87.65857155892641, 41.96894680649275], [-87.65853218110415, 41.967298238694795], [-87.6603746390869, 41.96683182965053], [-87.66045909039903, 41.968920345925795], [-87.66172922347347, 41.968901589186146], [-87.66179294870291, 41.969473766077826], [-87.66047639470507, 41.96971461693453], [-87.66059579410113, 41.97469812626919], [-87.6600271872194, 41.97551593445467], [-87.66062118066264, 41.97822523213639], [-87.66006655654934, 41.976958296862655]]]]}}, {"type": "Feature", "properties": {"tif_name": "Woodlawn", "municipality": "Chicago", "county": "Cook", "year_created": 1999, "year_expiry": 2035, "ordinance": "T- 65", "active": true, "source": "City of Chicago", "source_url": "https://data.cityofchicago.org/resource/eejr-xtfb.geojson"}, "geometry": {"type": "MultiPolygon", "coordinates": [[[[-87.59022925965245, 41.78437677351811], [-87.59069994744732, 41.78066191271792], [-87.58887985833506, 41.78068071501349], [-87.58883293150029, 41.77867855170482], [-87.59040657850724, 41.77866568718956], [-87.5907799602166, 41.777006105565434], [-87.58611720149723, 41.77705747674541], [-87.58603649139131, 41.77508410722404], [-87.59237918578661, 41.77497584522844], [-87.59226989252461, 41.778229799558375], [-87.59287461495413, 41.778222665830654], [-87.59284709525534, 41.77698582238472], [-87.59374535625086, 41.77697803218625], [-87.59369959604756, 41.77496205639367], [-87.60081848368884, 41.7749214973051], [-87.60078048372165, 41.7731022456685], [-87.60222705858865, 41.77308851578905], [-87.60157055740962, 41.77491377608631], [-87.60273489309444, 41.77490181261265], [-87.60394343020064, 41.77448308317989], [-87.60391696042329, 41.7732536371339], [-87.6055818637383, 41.77323785034293], [-87.60555621590512, 41.77209274776793], [-87.60642546764592, 41.77208301516385], [-87.60660355679839, 41.77982490648224], [-87.60729400889606, 41.77981334121523], [-87.60731725242343, 41.78087168381965], [-87.60611927205015, 41.780846668661646], [-87.6061538930186, 41.78232147409022], [-87.60272921159799, 41.78226947817431], [-87.6029094432892, 41.783860060183024], [-87.60191661689345, 41.78387191075205], [-87.60188125799644, 41.782369683191476], [-87.59871578204118, 41.78240519347475], [-87.5987435948515, 41.78363042095256], [-87.59804944327291, 41.783912483825716], [-87.59711787014149, 41.78392226929353], [-87.59708317190677, 41.78242350204887], [-87.59551749523534, 41.78244315097931], [-87.59554601777819, 41.78367156643471], [-87.59222699205473, 41.783707009082185], [-87.59220365724735, 41.782746743885845], [-87.5915260139899, 41.782752853048706], [-87.59156090602428, 41.78429997735577], [-87.59022925965245, 41.78437677351811]]]]}}, {"type": "Feature", "properties": {"tif_name": "Hollywood/Sheridan", "municipality": "Chicago", "county": "Cook", "year_created": 2007, "year_expiry": 2031, "ordinance": "T-157", "active": true, "source": "City of Chicago", "source_url": "https://data.cityofchicago.org/resource/eejr-xtfb.geojson"}, "geometry": {"type": "MultiPolygon", "coordinates": [[[[-87.66023149094684, 41.994987855763554], [-87.65763733780207, 41.994949455321695], [-87.65761443285913, 41.99420054060797], [-87.66020324931993, 41.9940111977645], [-87.66018361040119, 41.9933404029091], [-87.65927501467056, 41.993353522502645], [-87.6601078353394, 41.99072199928494], [-87.6589038512987, 41.99031709783674], [-87.65875927734035, 41.98570203266852], [-87.65511438631098, 41.9861015454079], [-87.65411288668773, 41.98548067550157], [-87.65405270694765, 41.98198646408585], [-87.65583629615236, 41.981777358984026], [-87.65573887226472, 41.978304496290114], [-87.65423945016228, 41.97799421351242], [-87.65333640895967, 41.97632950544235], [-87.65425801320538, 41.97631613579386], [-87.6541970555732, 41.97323381909228], [-87.65478170503539, 41.97322586101454], [-87.65476252331379, 41.972496997258034], [-87.65375499322971, 41.97251063130848], [-87.65395122397055, 41.97159151310177], [-87.65503263660246, 41.97157805456739], [-87.65559544188274, 41.97293862806227], [-87.65840304844347, 41.972858408757645], [-87.65788488019953, 41.97436251848946], [-87.65567488741135, 41.97373864905203], [-87.65573839540971, 41.97615699306454], [-87.65653126448039, 41.97614494480138], [-87.65656872255464, 41.97756038973704], [-87.65717388027825, 41.97755045438028], [-87.65732634556807, 41.98303151413889], [-87.6550296177891, 41.98320381326134], [-87.65505350048298, 41.9841417660273], [-87.65654001354008, 41.98514765003066], [-87.65874078427811, 41.98511241573666], [-87.6587120235502, 41.98419394248943], [-87.66081366538751, 41.984964641783364], [-87.66087818125303, 41.98703079917099], [-87.66035917675498, 41.98703835006211], [-87.66115449782339, 41.99614802045554], [-87.66026816153207, 41.996158064937184], [-87.66023149094684, 41.994987855763554]]]]}}, {"type": "Feature", "properties": {"tif_name": "Western/Ogden", "municipality": "Chicago", "county": "Cook", "year_created": 1998, "year_expiry": 2034, "ordinance": "T- 48", "active": true, "source": "City of Chicago", "source_url": "https://data.cityofchicago.org/resource/eejr-xtfb.geojson"}, "geometry": {"type": "MultiPolygon", "coordinates": [[[[-87.68562498821524, 41.87511753015745], [-87.68560469150502, 41.87437550478042], [-87.68365249639697, 41.874019470856524], [-87.68195573007851, 41.87404641251194], [-87.68197751609141, 41.87483715457945], [-87.68124910942123, 41.874851242074925], [-87.68120190523545, 41.87328225171701], [-87.67876020631134, 41.873315978017864], [-87.67871215829014, 41.871352980727885], [-87.68139030435077, 41.87131262079194], [-87.68142234559666, 41.872480865886374], [-87.68386934856002, 41.872442194351535], [-87.68389730369594, 41.87344143380191], [-87.69024153588883, 41.87337263406083], [-87.69018654903111, 41.87121024109853], [-87.6884782106314, 41.87122717111996], [-87.68835670214482, 41.86672525759303], [-87.66621897612328, 41.86709738764306], [-87.66603999153692, 41.8595224835155], [-87.68079635968023, 41.85834693141412], [-87.68077286605374, 41.8575164413769], [-87.68558635576134, 41.85718468643153], [-87.68550671985265, 41.85377628881801], [-87.6907148065757, 41.85370814328632], [-87.69076764197355, 41.85517008695608], [-87.69367165238613, 41.85503009474891], [-87.6936301611799, 41.8536609717968], [-87.69562655822854, 41.85363533268323], [-87.69568350281368, 41.855644998889204], [-87.69325630749215, 41.85603607584566], [-87.693354655037, 41.86025800523213], [-87.6914494417832, 41.8602860670367], [-87.69191549026262, 41.86118712112524], [-87.69094191353193, 41.86120118293677], [-87.69092143256607, 41.86452353780045], [-87.69224808314567, 41.864511170360615], [-87.69223874362737, 41.866411261650164], [-87.69602076149206, 41.866373297378594], [-87.69680715790355, 41.8749655713724], [-87.69156312878532, 41.87502845427729], [-87.69129064538107, 41.87383945961531], [-87.69132064487161, 41.87504034029583], [-87.68562498821524, 41.87511753015745]]]]}}, {"type": "Feature", "properties": {"tif_name": "Lawrence/Kedzie", "municipality": "Chicago", "county": "Cook", "year_created": 2000, "year_expiry": 2036, "ordinance": "T- 88", "active": true, "source": "City of Chicago", "source_url": "https://data.cityofchicago.org/resource/eejr-xtfb.geojson"}, "geometry": {"type": "MultiPolygon", "coordinates": [[[[-87.72692206028358, 41.967775759866505], [-87.72699124212149, 41.97016632990604], [-87.7255359595322, 41.97018230233615], [-87.72549419558825, 41.968676652048856], [-87.71960963561455, 41.96881175353824], [-87.71964888587726, 41.970246853408256], [-87.71161389402104, 41.970331501698126], [-87.71165900146583, 41.97197031025518], [-87.7135774031718, 41.971834526179805], [-87.71366996106408, 41.975146621330786], [-87.71489285575697, 41.97512882037908], [-87.714889179772, 41.97615389693869], [-87.70932575797546, 41.9762152826031], [-87.70948461374032, 41.98258483257647], [-87.71237572733438, 41.98254672100796], [-87.71233993838787, 41.981119983049375], [-87.71379870273847, 41.98110069658935], [-87.71383480709767, 41.9825287539196], [-87.71505223050971, 41.982512101377054], [-87.71511258658188, 41.983466310202026], [-87.70888906564241, 41.98366137714721], [-87.70695623344415, 41.983171388553885], [-87.70550962085035, 41.980179331022434], [-87.70470939251656, 41.975774680012705], [-87.7038034640329, 41.97578146143784], [-87.7036257290759, 41.96993105206485], [-87.7008622467337, 41.968023292132784], [-87.70782302799024, 41.967982615192376], [-87.70776381783617, 41.96615673625029], [-87.71272780772479, 41.96601326252047], [-87.71268853093467, 41.96475614801308], [-87.7215153596711, 41.96457817285002], [-87.72154267234275, 41.965489834875505], [-87.72318121983479, 41.96547331058409], [-87.72322345510607, 41.96695066044481], [-87.72129714217549, 41.96697061865123], [-87.72132200707031, 41.96783802965723], [-87.72692206028358, 41.967775759866505]]]]}}, {"type": "Feature", "properties": {"tif_name": "Foster and California", "municipality": "Chicago", "county": "Cook", "year_created": 2014, "year_expiry": 2038, "ordinance": "T-177", "active": true, "source": "City of Chicago", "source_url": "https://data.cityofchicago.org/resource/eejr-xtfb.geojson"}, "geometry": {"type": "MultiPolygon", "coordinates": [[[[-87.69300350999224, 41.976338461904646], [-87.69318796877435, 41.97535541994713], [-87.69796842955402, 41.974667221732176], [-87.69794517762469, 41.97391312850656], [-87.70142360089767, 41.97388336973728], [-87.70148471129865, 41.97588924770374], [-87.69959347447951, 41.97681640714239], [-87.6988322976047, 41.9768216425675], [-87.69880347546078, 41.975909146097486], [-87.69710390627745, 41.97683359094386], [-87.69300350999224, 41.976338461904646]]]]}}, {"type": "Feature", "properties": {"tif_name": "35th/Halsted", "municipality": "Chicago", "county": "Cook", "year_created": 1997, "year_expiry": 2033, "ordinance": "T-  1", "active": true, "source": "City of Chicago", "source_url": "https://data.cityofchicago.org/resource/eejr-xtfb.geojson"}, "geometry": {"type": "MultiPolygon", "coordinates": [[[[-87.64556130351289, 41.83480672704007], [-87.64528497495176, 41.82346747107202], [-87.66049566045848, 41.82320320699022], [-87.66045053420345, 41.82143460488048], [-87.6650949628123, 41.82074024855199], [-87.66512817983009, 41.82167126618658], [-87.67613723007894, 41.82133563273071], [-87.67624274481855, 41.8230915080301], [-87.66546190779961, 41.823150030595414], [-87.66565279020246, 41.83418506252938], [-87.66070202309497, 41.83423891899885], [-87.66340426913945, 41.83692932877032], [-87.66071172279916, 41.83695139725379], [-87.66043873351659, 41.83588245488818], [-87.65824601812967, 41.83524751701419], [-87.65822074728698, 41.834327929510465], [-87.65580386171064, 41.83435124102304], [-87.6557291272584, 41.83163293249466], [-87.6516062887154, 41.83168762662079], [-87.65168768550969, 41.83753790038677], [-87.65068253234604, 41.83798659085158], [-87.6503049311658, 41.83078306914957], [-87.64676856827624, 41.830830646074226], [-87.64697093175674, 41.83803930718649], [-87.64565611676488, 41.83805287721665], [-87.64556130351289, 41.83480672704007]], [[-87.65018867646636, 41.82911386260038], [-87.64917963149013, 41.82872316484149], [-87.64912974669735, 41.82664732218536], [-87.64674600881249, 41.826678598272714], [-87.64682951263131, 41.83019549401233], [-87.65021390596897, 41.830150631740636], [-87.65018867646636, 41.82911386260038]]]]}}, {"type": "Feature", "properties": {"tif_name": "95th & Western", "municipality": "Chicago", "county": "Cook", "year_created": 1995, "year_expiry": 2031, "ordinance": "T-  9", "active": true, "source": "City of Chicago", "source_url": "https://data.cityofchicago.org/resource/eejr-xtfb.geojson"}, "geometry": {"type": "MultiPolygon", "coordinates": [[[[-87.68155983629877, 41.72528810471033], [-87.68143043597048, 41.72207936402053], [-87.67964097142674, 41.72141091893439], [-87.66413064760881, 41.721848134632125], [-87.66298653742447, 41.72035969803181], [-87.68143291487962, 41.72046828281389], [-87.68138005293417, 41.7191270097308], [-87.68200767549457, 41.71911114076731], [-87.68237294336404, 41.73096401965992], [-87.68173392824043, 41.730978385227864], [-87.68155983629877, 41.72528810471033]]]]}}, {"type": "Feature", "properties": {"tif_name": "Clark/Montrose", "municipality": "Chicago", "county": "Cook", "year_created": 1999, "year_expiry": 2035, "ordinance": "T- 70", "active": true, "source": "City of Chicago", "source_url": "https://data.cityofchicago.org/resource/eejr-xtfb.geojson"}, "geometry": {"type": "MultiPolygon", "coordinates": [[[[-87.66774042453598, 41.97611233379425], [-87.66738481093843, 41.96900163768953], [-87.66574236468922, 41.96354880426149], [-87.66445817013958, 41.96356612183902], [-87.66567276730613, 41.963368653513875], [-87.66544373571953, 41.961801916903426], [-87.66518052784026, 41.96316968931129], [-87.66442311082236, 41.96319626173518], [-87.66345785263907, 41.96175099429367], [-87.6669780907379, 41.96172790268523], [-87.66706253989106, 41.965155302157754], [-87.66790233221295, 41.9651422662155], [-87.6679913937711, 41.96671231671715], [-87.66920581525395, 41.96694975219416], [-87.66876164959154, 41.973873988418994], [-87.66943189741976, 41.97609139378897], [-87.66774042453598, 41.97611233379425]]]]}}, {"type": "Feature", "properties": {"tif_name": "Pulaski Corridor", "municipality": "Chicago", "county": "Cook", "year_created": 1999, "year_expiry": 2035, "ordinance": "T- 69", "active": true, "source": "City of Chicago", "source_url": "https://data.cityofchicago.org/resource/eejr-xtfb.geojson"}, "geometry": {"type": "MultiPolygon", "coordinates": [[[[-87.73281118633777, 41.93710378250561], [-87.73159739312285, 41.93364404256619], [-87.72690820432246, 41.933710809847874], [-87.72685398617665, 41.93188462701691], [-87.72317951799087, 41.93193003223128], [-87.72313380606757, 41.929955320130034], [-87.7258180321575, 41.92991999308691], [-87.72632010449296, 41.931323191592796], [-87.72631198110777, 41.928032437480965], [-87.72614284708266, 41.925019260670034], [-87.72446017559673, 41.92503894486022], [-87.72443096835558, 41.923990934688014], [-87.72611251046013, 41.923971244914114], [-87.72607893087259, 41.92275383707002], [-87.72424408707995, 41.92167963193448], [-87.72421813512727, 41.920765391380066], [-87.7253753794701, 41.920751272314575], [-87.7246738105929, 41.9191091411174], [-87.72282475376505, 41.919130828454364], [-87.72276542531723, 41.91712140712514], [-87.72371847675583, 41.91711022431445], [-87.72287094260828, 41.915479655167125], [-87.71904349231414, 41.91552252504834], [-87.71898848409406, 41.91374940190946], [-87.70686729987742, 41.913892582522294], [-87.7189842150757, 41.91361222264187], [-87.71896391231701, 41.912959312976646], [-87.72019474741326, 41.913195751472394], [-87.7209311270834, 41.912346224583594], [-87.720300626569, 41.90905800528459], [-87.72586501934116, 41.90935415880946], [-87.72577776414444, 41.906444752968326], [-87.72137205888387, 41.90469903099032], [-87.72134571171098, 41.903881239224845], [-87.72701690936393, 41.905275891046706], [-87.72704238649914, 41.90617854990156], [-87.72898384020044, 41.90615920084869], [-87.72900277197921, 41.90681621606962], [-87.73496741049253, 41.909012160203154], [-87.73476661779934, 41.91030051994807], [-87.72698985033674, 41.91040274803329], [-87.72703339677317, 41.91178744491748], [-87.72627217559544, 41.911793795869194], [-87.72622886304437, 41.91040943037963], [-87.72157603438322, 41.91040109183477], [-87.72161506115366, 41.91167742355575], [-87.72643934232293, 41.913437816565846], [-87.72412620564958, 41.913690989729815], [-87.72473838624296, 41.916620795176065], [-87.72421856451265, 41.91669773124856], [-87.72667863060776, 41.9170730583324], [-87.72599657685556, 41.91772108756193], [-87.72669833420596, 41.91771310540345], [-87.72678533946248, 41.92073474491918], [-87.72832637660598, 41.92433045983739], [-87.73640114885272, 41.92384259216903], [-87.73646046922855, 41.924890043047654], [-87.73180302859983, 41.92494740666585], [-87.73187154250104, 41.92720686874155], [-87.73310511103023, 41.92753478217419], [-87.73326996087188, 41.92849173201049], [-87.73436211577722, 41.92847784142343], [-87.73446173858852, 41.931601618421844], [-87.73569125149216, 41.931585406486896], [-87.73570750112455, 41.932153331973716], [-87.73325871530491, 41.93218545618377], [-87.73329783198177, 41.933446521053604], [-87.73393994881293, 41.93343782394818], [-87.73450506999878, 41.93709786576803], [-87.73608335791941, 41.93707271650281], [-87.73614782665094, 41.93906522595171], [-87.73287525201796, 41.939109759628906], [-87.73281118633777, 41.93710378250561]], [[-87.72784611991302, 41.90934047330225], [-87.7324975906003, 41.90895266659113], [-87.72902983765024, 41.90775587482946], [-87.72710743253187, 41.90815644452189], [-87.72714221307665, 41.909349546970326], [-87.72784611991302, 41.90934047330225]]]]}}, {"type": "Feature", "properties": {"tif_name": "Englewood Neighborhood", "municipality": "Chicago", "county": "Cook", "year_created": 2001, "year_expiry": 2037, "ordinance": "T-106", "active": true, "source": "City of Chicago", "source_url": "https://data.cityofchicago.org/resource/eejr-xtfb.geojson"}, "geometry": {"type": "MultiPolygon", "coordinates": [[[[-87.6513709674768, 41.79431659917175], [-87.64515603023237, 41.794132278913985], [-87.64497133867202, 41.787115335014], [-87.63204541158797, 41.787338948112], [-87.63164711682165, 41.77821947583621], [-87.62922860504575, 41.77531883656534], [-87.62669788572741, 41.77467798100302], [-87.62664427737626, 41.77268848220593], [-87.65928915003971, 41.772169934832995], [-87.65948242736492, 41.77954164084115], [-87.65463314658788, 41.77960735148815], [-87.65501657512227, 41.79473338568436], [-87.6513709674768, 41.79431659917175]], [[-87.64416615524422, 41.782008559445906], [-87.64692331082115, 41.78197125108976], [-87.64711980556979, 41.7809046126096], [-87.64833316217322, 41.78068147874998], [-87.64950821363865, 41.779249098373164], [-87.64011203933924, 41.779822613775096], [-87.64013313788207, 41.78064294025158], [-87.64259965933947, 41.78060181707451], [-87.64306650002231, 41.78202934448261], [-87.64416615524422, 41.782008559445906]]]]}}, {"type": "Feature", "properties": {"tif_name": "Roseland/Michigan Avenue", "municipality": "Chicago", "county": "Cook", "year_created": 2002, "year_expiry": 2026, "ordinance": "T-113", "active": true, "source": "City of Chicago", "source_url": "https://data.cityofchicago.org/resource/eejr-xtfb.geojson"}, "geometry": {"type": "MultiPolygon", "coordinates": [[[[-87.61935203877331, 41.71182822735681], [-87.61882144249122, 41.70969610411025], [-87.61942542743041, 41.707664832087545], [-87.61853194516443, 41.70759785213303], [-87.61851391035941, 41.70676385794392], [-87.61964721878137, 41.70675048347141], [-87.61992766253874, 41.704975605100074], [-87.61917645294663, 41.704610314082316], [-87.6199576081343, 41.70459877479746], [-87.62066715563351, 41.70186121236888], [-87.6204683869302, 41.70000453914827], [-87.61903183400987, 41.69946671838632], [-87.61884207615637, 41.693123188426725], [-87.62039659284787, 41.69248693764895], [-87.61943477281137, 41.689937456586684], [-87.62024133752638, 41.689928916260065], [-87.62026260938448, 41.68700798019323], [-87.6196983793212, 41.68635554247985], [-87.62017580486767, 41.68544009786176], [-87.6193681046633, 41.685448752323175], [-87.6198050824853, 41.68330039923777], [-87.61777609906342, 41.681493149061694], [-87.62000019963264, 41.68204163078081], [-87.61981933828172, 41.676151105710375], [-87.62109426599146, 41.67613233935539], [-87.62127353725214, 41.68318041355394], [-87.62282966401773, 41.683591503571655], [-87.6230105819633, 41.68443522472626], [-87.6232662823948, 41.69402857653965], [-87.6214105220634, 41.69450432366063], [-87.62172123205099, 41.7054589134012], [-87.62111431443924, 41.70546816199004], [-87.62091896373687, 41.70672324774144], [-87.62838039284682, 41.70662414213985], [-87.62840029100725, 41.70757827431355], [-87.62031985552358, 41.7073040727673], [-87.62082870935235, 41.71276096676746], [-87.61937305367033, 41.712783983121135], [-87.61935203877331, 41.71182822735681]]]]}}, {"type": "Feature", "properties": {"tif_name": "Central West", "municipality": "Chicago", "county": "Cook", "year_created": 2000, "year_expiry": 2036, "ordinance": "T- 86", "active": true, "source": "City of Chicago", "source_url": "https://data.cityofchicago.org/resource/eejr-xtfb.geojson"}, "geometry": {"type": "MultiPolygon", "coordinates": [[[[-87.66343672611043, 41.88386010965172], [-87.66596667389197, 41.88084415153653], [-87.66556854883632, 41.88159355979079], [-87.66429620411104, 41.881614443068216], [-87.66426847231286, 41.880300789393154], [-87.66208422067405, 41.880337055808276], [-87.66209951117962, 41.88086753064136], [-87.65722929206356, 41.88041746656337], [-87.65725384735113, 41.88118149900508], [-87.65482193563201, 41.88154174563937], [-87.65477595783305, 41.88027388151085], [-87.65314934009884, 41.87988618312011], [-87.65097192708453, 41.88119258833581], [-87.65094466884264, 41.88033759427952], [-87.64953276763754, 41.880363115393514], [-87.64949338740612, 41.8790902644293], [-87.65182503900574, 41.87905017301081], [-87.65179031901097, 41.87796352088361], [-87.65016467072097, 41.8779905793977], [-87.6501191809108, 41.87653865799202], [-87.65056349574297, 41.87597823593937], [-87.65614841751773, 41.876141360371584], [-87.65715828118383, 41.8764260628153], [-87.65714200077721, 41.87769779013569], [-87.65955145696051, 41.87705025226632], [-87.65957053726787, 41.87765761748526], [-87.66129731354283, 41.877629042274435], [-87.66172874365074, 41.87634786190457], [-87.66440308320283, 41.87630183494862], [-87.66447175520652, 41.8788434613676], [-87.66654584596131, 41.8788093099512], [-87.666509429454, 41.87753681072274], [-87.66908878289016, 41.87818606463786], [-87.66906912037086, 41.87749626588365], [-87.67152472391446, 41.877457864255305], [-87.67192929120053, 41.87636178256903], [-87.66647823585105, 41.876447218942324], [-87.66638308097365, 41.874036668125726], [-87.66736039989547, 41.87409574264405], [-87.667331031436, 41.872991835668934], [-87.67241303782772, 41.872357234734544], [-87.67609777392401, 41.872864701122296], [-87.67517066226418, 41.873972601011076], [-87.6766941430033, 41.87394853147783], [-87.6766308353308, 41.87612509679603], [-87.68611055756571, 41.87600163433992], [-87.68670819305667, 41.88450234035565], [-87.68150371015795, 41.884693884411746], [-87.68146789142774, 41.88354263499034], [-87.67926643730722, 41.88357781323447], [-87.67683507523111, 41.88395911090136], [-87.67685878452511, 41.88486446155212], [-87.66538514119172, 41.885252745922585], [-87.66343672611043, 41.88386010965172]], [[-87.67191523643316, 41.883130164067765], [-87.67628270297769, 41.88267427974383], [-87.67641418367369, 41.881197352594015], [-87.67774107960632, 41.88120297243312], [-87.67771229536821, 41.880088973411794], [-87.67649201371093, 41.88010774202751], [-87.67627529508698, 41.87883805626131], [-87.67011457688118, 41.87893288425695], [-87.66937406603066, 41.879678717494805], [-87.6701461815623, 41.880024178692096], [-87.67020672111734, 41.88224522667548], [-87.67189034185195, 41.88221827342555], [-87.67191523643316, 41.883130164067765]]]]}}, {"type": "Feature", "properties": {"tif_name": "Pratt/Ridge Industrial Park Conservation Area", "municipality": "Chicago", "county": "Cook", "year_created": 2004, "year_expiry": 2028, "ordinance": "T-135", "active": true, "source": "City of Chicago", "source_url": "https://data.cityofchicago.org/resource/eejr-xtfb.geojson"}, "geometry": {"type": "MultiPolygon", "coordinates": [[[[-87.67541142003142, 41.99909280840831], [-87.67687768515304, 41.998392050074806], [-87.67986632251245, 42.00487995342157], [-87.6755809937363, 42.005182091322894], [-87.67541142003142, 41.99909280840831]]]]}}, {"type": "Feature", "properties": {"tif_name": "Canal/Congress", "municipality": "Chicago", "county": "Cook", "year_created": 1998, "year_expiry": 2034, "ordinance": "T- 63", "active": true, "source": "City of Chicago", "source_url": "https://data.cityofchicago.org/resource/eejr-xtfb.geojson"}, "geometry": {"type": "MultiPolygon", "coordinates": [[[[-87.64484986012377, 41.88254743468479], [-87.64400561966775, 41.882558027995536], [-87.64394305240337, 41.88062640327265], [-87.64130222286326, 41.880659421816716], [-87.64126474009296, 41.87949124618094], [-87.64304082654076, 41.87990863230179], [-87.64241585764981, 41.878734234711345], [-87.63942477545076, 41.87940714621233], [-87.63939481079305, 41.87845690758134], [-87.63826360992613, 41.87847103281664], [-87.63813273245097, 41.87797032185745], [-87.63937907667452, 41.8779563175198], [-87.63934468593507, 41.87686543662775], [-87.63785765201277, 41.876884487330045], [-87.63639851692793, 41.87435593046612], [-87.64109819152212, 41.87429758177893], [-87.64046540471963, 41.87667000779247], [-87.64119288126724, 41.877248435825365], [-87.64234868526218, 41.8766458443286], [-87.6423026089786, 41.87521440619537], [-87.64406210817576, 41.87520641049504], [-87.64513323132658, 41.877427726051025], [-87.64329277494897, 41.87757677086282], [-87.64331988000555, 41.87842951521631], [-87.64416439471658, 41.87841906895796], [-87.644211486317, 41.879867420110806], [-87.64498410734556, 41.88043227007142], [-87.64484986012377, 41.88254743468479]]]]}}, {"type": "Feature", "properties": {"tif_name": "Diversey/Narragansett", "municipality": "Chicago", "county": "Cook", "year_created": 2003, "year_expiry": 2027, "ordinance": "T-129", "active": true, "source": "City of Chicago", "source_url": "https://data.cityofchicago.org/resource/eejr-xtfb.geojson"}, "geometry": {"type": "MultiPolygon", "coordinates": [[[[-87.77804379450863, 41.92427024429615], [-87.77802296025048, 41.92365565586767], [-87.78556082259846, 41.923539095826904], [-87.7856325518138, 41.92570718421288], [-87.78802113555845, 41.92568759748145], [-87.7887788880087, 41.92417204257835], [-87.78825593656667, 41.923190124721984], [-87.79033588815399, 41.923436827542155], [-87.79057275036621, 41.93085055025922], [-87.79191745528621, 41.93083469657435], [-87.79198145857059, 41.932840618723574], [-87.79005812991917, 41.93286545373751], [-87.79000934661158, 41.93138176746203], [-87.78554594070563, 41.9303995141711], [-87.78544729001653, 41.92743176205532], [-87.77815589488605, 41.92753960409596], [-87.77804379450863, 41.92427024429615]]]]}}, {"type": "Feature", "properties": {"tif_name": "Roosevelt/Clark", "municipality": "Chicago", "county": "Cook", "year_created": 2019, "year_expiry": 2043, "ordinance": "T-184", "active": true, "source": "City of Chicago", "source_url": "https://data.cityofchicago.org/resource/eejr-xtfb.geojson"}, "geometry": {"type": "MultiPolygon", "coordinates": [[[[-87.63454666588206, 41.874379528645086], [-87.63436367954061, 41.87220165037369], [-87.63346142980667, 41.87221303416848], [-87.63292279824655, 41.869823026104896], [-87.6333247641784, 41.86749184300596], [-87.63032931809961, 41.8675340066506], [-87.63013824018455, 41.86198110824529], [-87.62937710399919, 41.86199269117851], [-87.62934753689481, 41.86073229497804], [-87.63016255742865, 41.860719889702295], [-87.63057543254405, 41.854782040870035], [-87.63191782715586, 41.8540928771485], [-87.63207038003371, 41.860103227545416], [-87.6348674886357, 41.86006681742776], [-87.63506420029827, 41.867467282751946], [-87.63642071350147, 41.874536691655464], [-87.63454666588206, 41.874379528645086]]]]}}, {"type": "Feature", "properties": {"tif_name": "111th Street/Kedzie Avenue Business District", "municipality": "Chicago", "county": "Cook", "year_created": 1999, "year_expiry": 2035, "ordinance": "T- 73", "active": true, "source": "City of Chicago", "source_url": "https://data.cityofchicago.org/resource/eejr-xtfb.geojson"}, "geometry": {"type": "MultiPolygon", "coordinates": [[[[-87.6961252774216, 41.69261442613938], [-87.69621811009088, 41.691147159696385], [-87.7001559437698, 41.69075096066293], [-87.70923937093781, 41.69134677014856], [-87.71044156041074, 41.69094175152395], [-87.7105853920545, 41.68851829222967], [-87.7153413992736, 41.68844408261648], [-87.7154550427927, 41.69125104318113], [-87.72031263817274, 41.6911817220467], [-87.72033985448024, 41.69174624618986], [-87.70457355310417, 41.69159780202695], [-87.70150557046529, 41.6920308281739], [-87.70156140844486, 41.69347119741693], [-87.70077980913162, 41.693690396156356], [-87.70020334049805, 41.69204830451511], [-87.6961252774216, 41.69261442613938]]]]}}, {"type": "Feature", "properties": {"tif_name": "Devon/Sheridan", "municipality": "Chicago", "county": "Cook", "year_created": 2004, "year_expiry": 2028, "ordinance": "T-134", "active": true, "source": "City of Chicago", "source_url": "https://data.cityofchicago.org/resource/eejr-xtfb.geojson"}, "geometry": {"type": "MultiPolygon", "coordinates": [[[[-87.66090456009347, 42.006155707168176], [-87.66004923886851, 42.00544194150528], [-87.66053775387502, 42.00085941771336], [-87.65932655517474, 41.998989996393334], [-87.65513291683209, 41.99904218926818], [-87.65470319339892, 41.99816513122944], [-87.65548879073614, 41.99815709455865], [-87.65546344678695, 41.997341207560986], [-87.65636428622594, 41.997331265032216], [-87.65638954905151, 41.99814792024567], [-87.66119896401153, 41.99740407643582], [-87.67058767196349, 41.99816540502581], [-87.67079705216037, 41.998876700107886], [-87.66905392422665, 41.998521626903695], [-87.66907015280549, 41.99908210150455], [-87.66853587218593, 41.998549033539256], [-87.66131688712568, 41.99867175950226], [-87.66137402253773, 42.000339573164155], [-87.66299659035327, 42.00084581186117], [-87.66266902783906, 42.00202126520588], [-87.66366157548902, 42.00235269924619], [-87.66573211686703, 42.00545382199624], [-87.66367875815322, 42.002929613318685], [-87.66157806125908, 42.00263375476032], [-87.6616584946315, 42.0049907683119], [-87.66276835110125, 42.00497255956837], [-87.66279053050292, 42.005614333949325], [-87.66172665294258, 42.005632648056135], [-87.66198357012975, 42.00641678332137], [-87.66090456009347, 42.006155707168176]]]]}}, {"type": "Feature", "properties": {"tif_name": "South Chicago", "municipality": "Chicago", "county": "Cook", "year_created": 2000, "year_expiry": 2036, "ordinance": "T- 93", "active": true, "source": "City of Chicago", "source_url": "https://data.cityofchicago.org/resource/eejr-xtfb.geojson"}, "geometry": {"type": "MultiPolygon", "coordinates": [[[[-87.54295660258887, 41.7456741177647], [-87.54293896915215, 41.744859213699996], [-87.54170431838163, 41.744875577120716], [-87.54155455395733, 41.73932518291276], [-87.54600033440467, 41.73927334920708], [-87.54596349377293, 41.73756207808394], [-87.54322436864956, 41.73759138143982], [-87.54313093326661, 41.73372129836915], [-87.5400468960635, 41.73375610481714], [-87.53977148350138, 41.72913392451147], [-87.54248773829333, 41.7275975621219], [-87.54285903001659, 41.72595029355815], [-87.54433161717333, 41.72574515056651], [-87.54298798211818, 41.72541197886615], [-87.54335101932448, 41.724245014472], [-87.5462886911347, 41.72418986986925], [-87.54358624263794, 41.72385238427107], [-87.54352723792395, 41.72272049662904], [-87.54587036629535, 41.722691333990156], [-87.54779953596572, 41.72410574956288], [-87.54783344360888, 41.73000717808553], [-87.55001384772063, 41.729981064128836], [-87.55002981916185, 41.7306264145114], [-87.5492214496872, 41.73063599462225], [-87.54934617670581, 41.7356898277938], [-87.54875745491861, 41.73569711607968], [-87.54947643026154, 41.739314131116735], [-87.55166463685138, 41.74208453840782], [-87.55616375482288, 41.74468325738753], [-87.54926021307158, 41.74532300690725], [-87.54924944540338, 41.744780494802825], [-87.54680614895987, 41.744808527754365], [-87.54682511039192, 41.74562678794613], [-87.54295660258887, 41.7456741177647]]]]}}, {"type": "Feature", "properties": {"tif_name": "Goose Island", "municipality": "Chicago", "county": "Cook", "year_created": 1996, "year_expiry": 2032, "ordinance": "T- 23", "active": true, "source": "City of Chicago", "source_url": "https://data.cityofchicago.org/resource/eejr-xtfb.geojson"}, "geometry": {"type": "MultiPolygon", "coordinates": [[[[-87.65379093096963, 41.90767792939818], [-87.65072602655759, 41.90367725203005], [-87.64973622569907, 41.903510151319495], [-87.6523195224313, 41.90348084151241], [-87.65004259997413, 41.900759180661375], [-87.64810552228083, 41.90144600543551], [-87.64795794621045, 41.89820171399908], [-87.65582649532047, 41.90156745010154], [-87.65707010401279, 41.9036032634878], [-87.65539013197724, 41.903627550430095], [-87.65615378281676, 41.904543691025296], [-87.65517587426874, 41.90501533442487], [-87.65531747832907, 41.90724376248262], [-87.65759318785811, 41.90722060719247], [-87.657548988441, 41.90822078407452], [-87.6571502192395, 41.90896816027902], [-87.6557077443089, 41.908990557407975], [-87.65532772508742, 41.91001185706629], [-87.65379093096963, 41.90767792939818]]]]}}, {"type": "Feature", "properties": {"tif_name": "43rd Street/Cottage Grove Avenue", "municipality": "Chicago", "county": "Cook", "year_created": 1998, "year_expiry": 2034, "ordinance": "T- 55", "active": true, "source": "City of Chicago", "source_url": "https://data.cityofchicago.org/resource/eejr-xtfb.geojson"}, "geometry": {"type": "MultiPolygon", "coordinates": [[[[-87.60971889648296, 41.82403041883206], [-87.60968552043103, 41.82284995405443], [-87.6067133196656, 41.82288376915033], [-87.60616494151922, 41.81873722212255], [-87.60337751998685, 41.818081358415625], [-87.60333355597662, 41.81694564019211], [-87.6017016804338, 41.81696423723176], [-87.60162764703088, 41.81314225785626], [-87.60457709060556, 41.81310831757489], [-87.60461148394003, 41.8147212896238], [-87.60597527686963, 41.81425660147077], [-87.60532375071018, 41.81371531080548], [-87.60578556352519, 41.81049541640172], [-87.60378738236619, 41.81047874466334], [-87.60376394697249, 41.80947148158525], [-87.60594253718973, 41.809051275562766], [-87.60590798941439, 41.80763109799213], [-87.60787219683422, 41.80760912267545], [-87.607909478423, 41.80905130986631], [-87.61156682645766, 41.808995966608045], [-87.61170853954971, 41.81482136411008], [-87.61414077631908, 41.81477811081077], [-87.61272772065044, 41.823993296669485], [-87.60971889648296, 41.82403041883206]], [[-87.60588290603641, 41.81546531795661], [-87.60461971104489, 41.81510872366747], [-87.6046387461266, 41.815998976164764], [-87.60588290603641, 41.81546531795661]]]]}}, {"type": "Feature", "properties": {"tif_name": "63rd/Ashland", "municipality": "Chicago", "county": "Cook", "year_created": 2006, "year_expiry": 2030, "ordinance": "T-143", "active": true, "source": "City of Chicago", "source_url": "https://data.cityofchicago.org/resource/eejr-xtfb.geojson"}, "geometry": {"type": "MultiPolygon", "coordinates": [[[[-87.66396914139621, 41.79448702128828], [-87.66323581601475, 41.79414283252809], [-87.6632124996058, 41.79314460675897], [-87.66390985141982, 41.79313643221519], [-87.66377585491564, 41.78781557616153], [-87.65969749231336, 41.78786972613158], [-87.6601085978466, 41.78609800814894], [-87.66185013866809, 41.786787980897614], [-87.66373415632347, 41.786283361109355], [-87.66357731919162, 41.7799602587313], [-87.65949588403215, 41.780012244303876], [-87.65943427973326, 41.777631867450985], [-87.66282230512572, 41.77758440129335], [-87.66322633630912, 41.76865133190978], [-87.66525708835569, 41.76862177551022], [-87.66550989758728, 41.77572350789979], [-87.67735157961208, 41.775571530513105], [-87.67744696237338, 41.779724686626295], [-87.67622991710027, 41.77974243049868], [-87.67591100165706, 41.78651340801976], [-87.67644216019322, 41.78748386341015], [-87.66509664747846, 41.787793847458786], [-87.66523012400617, 41.793118871373686], [-87.66589923817561, 41.79311068618931], [-87.6659248348532, 41.79410744904782], [-87.66522446728385, 41.79411550842561], [-87.66533955761335, 41.797575128699535], [-87.66403527826604, 41.79759058336656], [-87.66396914139621, 41.79448702128828]]]]}}, {"type": "Feature", "properties": {"tif_name": "Pilsen", "municipality": "Chicago", "county": "Cook", "year_created": 1998, "year_expiry": 2034, "ordinance": "T- 53", "active": true, "source": "City of Chicago", "source_url": "https://data.cityofchicago.org/resource/eejr-xtfb.geojson"}, "geometry": {"type": "MultiPolygon", "coordinates": [[[[-87.63516902117262, 41.860093788437744], [-87.63485449076086, 41.85936552734687], [-87.63681202976868, 41.85615906432637], [-87.63688577792978, 41.851726039312865], [-87.64746151536713, 41.8466078264613], [-87.6474116760249, 41.8449721132327], [-87.64997318191615, 41.844653899307396], [-87.64631240891516, 41.844598218930585], [-87.6462429610208, 41.84154215457162], [-87.64977165449112, 41.841208034502785], [-87.65156027414022, 41.843290762032055], [-87.65334279071776, 41.84400816949718], [-87.65431339639407, 41.84353621672318], [-87.65605601686342, 41.84556545881998], [-87.65382980626848, 41.846622430514], [-87.65652857139983, 41.84645079888865], [-87.6635380846888, 41.842670450927166], [-87.66125543249801, 41.84167615275365], [-87.66564042554735, 41.839545285247745], [-87.67347546623104, 41.83396509604022], [-87.67549238469273, 41.83393220518731], [-87.67553704468962, 41.83574170104628], [-87.67801756231356, 41.83580906458839], [-87.6849459546741, 41.83414674673264], [-87.68546126355601, 41.84533761007735], [-87.68315384514167, 41.84625663550139], [-87.68373847914796, 41.84885639889023], [-87.68453066465206, 41.84922822423183], [-87.68299307420851, 41.84925169033537], [-87.68292669736621, 41.846811172137244], [-87.68050610286382, 41.847738556027046], [-87.6804922481073, 41.84723128329516], [-87.67347703895447, 41.84982837375405], [-87.6759126468534, 41.85027625645788], [-87.67593319251397, 41.85083703296163], [-87.67321061634915, 41.85087562329902], [-87.67276568591373, 41.85019585744103], [-87.66860171156021, 41.8517132835686], [-87.66862050606596, 41.852372618137636], [-87.6666436303175, 41.85240232363637], [-87.66678264175206, 41.854219270996296], [-87.6647004663051, 41.85428412680612], [-87.66426968415901, 41.85519962608991], [-87.65888871295515, 41.85437489887878], [-87.65894205495881, 41.85618746399321], [-87.65748189662617, 41.85621016505833], [-87.65742716371115, 41.854394078902246], [-87.6548531432521, 41.85391819617387], [-87.65489352829977, 41.85531361451799], [-87.65301568378905, 41.855341584114655], [-87.65298399797348, 41.85426526382421], [-87.65158049551016, 41.854286579693685], [-87.65161201616657, 41.85536251490496], [-87.64997140588913, 41.855386904239076], [-87.65082504041635, 41.85994062039348], [-87.64816544508949, 41.8599807462433], [-87.6479235312335, 41.85816516900932], [-87.64960964446637, 41.85736313929959], [-87.6495928855642, 41.85678614208257], [-87.64813345466985, 41.856807960591716], [-87.64805263955344, 41.8540231871096], [-87.64375681127014, 41.854313528278595], [-87.64274450950917, 41.85473856776295], [-87.64287485001365, 41.85589578088663], [-87.64047190345728, 41.855748981551166], [-87.64030133767777, 41.85755339741539], [-87.64258737604325, 41.85751810227462], [-87.64138697700038, 41.85801977064798], [-87.64141712760856, 41.85894136341033], [-87.64299041752992, 41.85871378219228], [-87.64303105229381, 41.860050952435486], [-87.63516902117262, 41.860093788437744]]]]}}, {"type": "Feature", "properties": {"tif_name": "Bronzeville", "municipality": "Chicago", "county": "Cook", "year_created": 1998, "year_expiry": 2034, "ordinance": "T- 61", "active": true, "source": "City of Chicago", "source_url": "https://data.cityofchicago.org/resource/eejr-xtfb.geojson"}, "geometry": {"type": "MultiPolygon", "coordinates": [[[[-87.62796211826186, 41.84422170576795], [-87.62960758823522, 41.84419975617561], [-87.62973287907643, 41.84746509166396], [-87.62453944033827, 41.847537740296005], [-87.6243751236556, 41.84377404056741], [-87.62514989446808, 41.84345164992926], [-87.62511286931318, 41.84188368053703], [-87.62624292751572, 41.84186841445687], [-87.62612241293277, 41.83840177968496], [-87.62192422606138, 41.83845916975436], [-87.62201431951931, 41.8420608026125], [-87.62051561879495, 41.84207906264314], [-87.6206026967597, 41.84559505447837], [-87.6178497627696, 41.845632987904054], [-87.61790653389893, 41.847923745189824], [-87.61291594009118, 41.84797000224122], [-87.6089670890371, 41.838412483841886], [-87.61478094337086, 41.838347503105666], [-87.61481184503086, 41.83961205288995], [-87.61573280704206, 41.83959925982419], [-87.61577567041428, 41.84122902100822], [-87.61460889294284, 41.841259534824104], [-87.61579590343294, 41.84199928989644], [-87.61587054413069, 41.8448379790999], [-87.61710165143755, 41.844823049796496], [-87.6169308974881, 41.83833718835997], [-87.62178989044388, 41.83789817882488], [-87.62175508635406, 41.83639056920087], [-87.62355932609137, 41.83636454576101], [-87.62358521375347, 41.83798036291084], [-87.62502027307049, 41.83796079146876], [-87.62482121930846, 41.8321527013075], [-87.62311103638362, 41.8328848991], [-87.62307953344776, 41.83155478189362], [-87.62164604843397, 41.83143239386326], [-87.62166777642453, 41.83244495502064], [-87.62112835009667, 41.83150104173132], [-87.62069007917616, 41.832201621803705], [-87.61946701035026, 41.831866418241404], [-87.61951022008844, 41.83396813465815], [-87.62194122436372, 41.833901947201404], [-87.62195686698814, 41.83463041154414], [-87.61882230606281, 41.83465793684766], [-87.61876754701068, 41.83181514186344], [-87.61748667613328, 41.831632634707525], [-87.61709845328392, 41.83467771657931], [-87.61707791018281, 41.83370763272869], [-87.61327416313615, 41.83376079887598], [-87.61322825432158, 41.83133778792551], [-87.61057084453246, 41.83136979750408], [-87.6098101437894, 41.82988639890115], [-87.61054975111504, 41.82967336212363], [-87.61034288115623, 41.82883868112248], [-87.61134823623902, 41.82899291314889], [-87.61112419275003, 41.8298048032417], [-87.61457522182344, 41.82975778535929], [-87.61460088507718, 41.831047369953275], [-87.6180461854411, 41.83067891664123], [-87.61804791618367, 41.827550518797864], [-87.61429015616112, 41.82760592693929], [-87.61420035318504, 41.82377472598431], [-87.61608237969942, 41.82375144740599], [-87.61605505978989, 41.82279374587843], [-87.61298922922865, 41.82282231101039], [-87.61316865813801, 41.82199505116939], [-87.61730762588002, 41.82193442744658], [-87.61735110128478, 41.82345908472514], [-87.61790340216695, 41.82348031425841], [-87.62141041047413, 41.82343716919182], [-87.62136841943274, 41.82188239050626], [-87.63118865267083, 41.82193669190165], [-87.63120351101365, 41.823739987840966], [-87.62657056727936, 41.82379779915672], [-87.62706407474069, 41.844233695128345], [-87.62796211826186, 41.84422170576795]]]]}}, {"type": "Feature", "properties": {"tif_name": "Belmont/Central", "municipality": "Chicago", "county": "Cook", "year_created": 2000, "year_expiry": 2036, "ordinance": "T- 81", "active": true, "source": "City of Chicago", "source_url": "https://data.cityofchicago.org/resource/eejr-xtfb.geojson"}, "geometry": {"type": "MultiPolygon", "coordinates": [[[[-87.76702186358474, 41.95011848432977], [-87.76617560458506, 41.94780324143392], [-87.76602357217021, 41.94323862681278], [-87.76432763750219, 41.94325872018976], [-87.76435906270783, 41.944172701371066], [-87.76166118650892, 41.944206281282945], [-87.76159442276624, 41.94219981314714], [-87.76600332561641, 41.9426698700183], [-87.765840728957, 41.939061621809714], [-87.75437690542908, 41.93920861296206], [-87.75434395338264, 41.93825181167176], [-87.7567975888406, 41.938220195136914], [-87.75667114913885, 41.934867216782806], [-87.75718902671598, 41.93486032887098], [-87.75731566257659, 41.93821368491586], [-87.76583973541244, 41.938104266674166], [-87.76535779983547, 41.93137869721366], [-87.75707616339005, 41.93187008638469], [-87.75710951285978, 41.932760903562034], [-87.75612564387117, 41.932799501956865], [-87.75631590153353, 41.93188251390588], [-87.75478232212339, 41.93151354735928], [-87.7472318816904, 41.931616581469704], [-87.74720923233649, 41.93105051366654], [-87.7557617289127, 41.9309343418365], [-87.75563954296108, 41.927695374668666], [-87.75639431219278, 41.92752847861769], [-87.7588600991187, 41.927653081300804], [-87.75890077280287, 41.9287392306135], [-87.75695925476118, 41.92876407844854], [-87.75704049079401, 41.930917441306256], [-87.76610859107585, 41.93080019350025], [-87.7653895742714, 41.92521976383692], [-87.76590170037015, 41.924868949045944], [-87.76537253125925, 41.92473823206689], [-87.7658871323352, 41.92445598023876], [-87.75680296909347, 41.92462060673563], [-87.75689096674999, 41.92695265516304], [-87.7556121347658, 41.92696966362481], [-87.75552438866414, 41.9246394810431], [-87.74867032859369, 41.92473113059309], [-87.74861213772527, 41.923715304089136], [-87.75109278829474, 41.92369064297565], [-87.7510487937612, 41.92227319008986], [-87.75375083008832, 41.922222371365045], [-87.75379005398734, 41.92363765912465], [-87.7579472047881, 41.92360373656311], [-87.75714284695661, 41.92035152190413], [-87.7586116831533, 41.920331824425375], [-87.7587143298166, 41.923593637307754], [-87.76094332773698, 41.92390707448015], [-87.78068511607103, 41.923274153274036], [-87.77802296025048, 41.92365565586767], [-87.77804379450863, 41.92427024429615], [-87.76976451153935, 41.92405833787559], [-87.76665470177886, 41.924712350325315], [-87.766885427837, 41.93079019758275], [-87.78214715426229, 41.93057451976862], [-87.78216607663809, 41.93114272041206], [-87.76690018013836, 41.931731431092075], [-87.76710112412616, 41.93760758838924], [-87.76781548859272, 41.93805517907046], [-87.77487466955725, 41.93837315451766], [-87.77630216546122, 41.937440741388585], [-87.77874907161944, 41.937935020534006], [-87.77878449772408, 41.93889429777597], [-87.7763553994167, 41.93892584417233], [-87.77568966129097, 41.93985112441484], [-87.77347806781964, 41.93987831087347], [-87.7733246384678, 41.93896406497905], [-87.76717337418535, 41.93956973443336], [-87.76674547370132, 41.942135392932265], [-87.76917739889186, 41.9421060950723], [-87.76921795778496, 41.94320096370126], [-87.76730278216154, 41.94322353583505], [-87.76736108947593, 41.94486826989226], [-87.76927894753126, 41.9448471370569], [-87.76933213355501, 41.94632801551002], [-87.76741312961751, 41.94634892384623], [-87.76755382734503, 41.95051627356306], [-87.76702186358474, 41.95011848432977]]]]}}, {"type": "Feature", "properties": {"tif_name": "Northwest Industrial Corridor", "municipality": "Chicago", "county": "Cook", "year_created": 1998, "year_expiry": 2034, "ordinance": "T- 64", "active": true, "source": "City of Chicago", "source_url": "https://data.cityofchicago.org/resource/eejr-xtfb.geojson"}, "geometry": {"type": "MultiPolygon", "coordinates": [[[[-87.74541599243722, 41.925162151661716], [-87.74179909689445, 41.92443616814461], [-87.73646227166562, 41.92494552478818], [-87.73640114885272, 41.92384259216903], [-87.73885900663784, 41.923812040143694], [-87.73867416121557, 41.91749743216381], [-87.73745031202864, 41.91750892503061], [-87.73738001276159, 41.915302472038164], [-87.73615702316437, 41.91531079995715], [-87.73557672981707, 41.91366752481761], [-87.73365041713623, 41.91362306813959], [-87.73358585772152, 41.911524105779215], [-87.73480463019948, 41.91150905944781], [-87.73497394737053, 41.90925112774631], [-87.73620209163509, 41.909232253804916], [-87.73599297280207, 41.90150904719947], [-87.73845191827321, 41.90145896827561], [-87.73831745243183, 41.89618307298598], [-87.7247548726042, 41.89587763983334], [-87.72591354290127, 41.89363854532145], [-87.7241551477751, 41.89323362048129], [-87.7241111977522, 41.89160495347492], [-87.7248740430772, 41.89159571612039], [-87.72490998063044, 41.89284772088203], [-87.72589099173791, 41.892832332514075], [-87.72584588315685, 41.89124372592773], [-87.72460191982482, 41.89064125358558], [-87.72525262224528, 41.88873871290602], [-87.7245340958856, 41.88814522314495], [-87.72574971400321, 41.88785545797542], [-87.72243641859433, 41.88789725498504], [-87.72237650920417, 41.8858207495482], [-87.72075544103312, 41.88530431859079], [-87.72078109225535, 41.88418148111856], [-87.72333905248385, 41.884145071097265], [-87.72330297522413, 41.88287264621501], [-87.72451482870017, 41.88285613558629], [-87.72448367265395, 41.88176699786583], [-87.7272232904571, 41.882658935208376], [-87.72591205539926, 41.885041972341014], [-87.73923091064187, 41.885666260047856], [-87.73920545145903, 41.88493390833044], [-87.74040719100294, 41.88523660816348], [-87.74072065475202, 41.88464179115639], [-87.74063364619678, 41.88200845567389], [-87.74237500118363, 41.881714080092564], [-87.74301931852091, 41.88252848432371], [-87.74212554443616, 41.882539309436936], [-87.74215486933967, 41.88338962826442], [-87.74118705775754, 41.883813074288135], [-87.74226205750543, 41.88380055500158], [-87.74166955273108, 41.88530667495366], [-87.74310558079412, 41.88491049623665], [-87.74314080259893, 41.8858557408051], [-87.7478328341465, 41.88665281285411], [-87.75540523800464, 41.88627135582156], [-87.75546666529058, 41.88793945344185], [-87.74619215766306, 41.88798044579094], [-87.74631262155121, 41.89128535242806], [-87.74824927846763, 41.89126669507199], [-87.74828615445196, 41.892337138838975], [-87.74635168740856, 41.89235366695593], [-87.74668424213941, 41.90589204746616], [-87.74586146520174, 41.90589892336068], [-87.74541416882386, 41.90911617750221], [-87.74471074736901, 41.909128819565886], [-87.74454711077178, 41.91017014620157], [-87.74628947652332, 41.91015159678674], [-87.74688780959109, 41.91438759428509], [-87.7461638917204, 41.914577912084624], [-87.75976998964859, 41.918142121482624], [-87.74685338963398, 41.917392738287155], [-87.7468873025848, 41.918656849249935], [-87.74850014938445, 41.918635657610615], [-87.74852601845951, 41.919729969341226], [-87.7468932891437, 41.91975265155682], [-87.7469856351714, 41.9237370315159], [-87.74861213772527, 41.923715304089136], [-87.74867032860192, 41.92473112969279], [-87.74541599243722, 41.925162151661716]], [[-87.74518924707999, 41.92373168677525], [-87.74545248018607, 41.91741647405791], [-87.7419487252365, 41.91745671505513], [-87.74176722961936, 41.920550559073654], [-87.7426770506676, 41.92053917089751], [-87.74323912418164, 41.92236136650286], [-87.74275542190526, 41.92376266269574], [-87.74518924707999, 41.92373168677525]], [[-87.74840814149827, 41.9164230630902], [-87.74995513060509, 41.91602621351933], [-87.74869211247899, 41.9151636987743], [-87.74618506217057, 41.915194320080914], [-87.74622827913659, 41.91645200405187], [-87.74840814149827, 41.9164230630902]], [[-87.74555618408101, 41.89129333797577], [-87.74332910424563, 41.89099064356412], [-87.7436264370474, 41.89451352906876], [-87.74510174269989, 41.89448514595453], [-87.74498569603159, 41.891302293882376], [-87.74555618408101, 41.89129333797577]]]]}}, {"type": "Feature", "properties": {"tif_name": "Red Line Extension (RLE)", "municipality": "Chicago", "county": "Cook", "year_created": 2022, "year_expiry": 2058, "ordinance": "T-186", "active": true, "source": "City of Chicago", "source_url": "https://data.cityofchicago.org/resource/eejr-xtfb.geojson"}, "geometry": {"type": "MultiPolygon", "coordinates": [[[[-87.63178280423773, 41.853070548576454], [-87.63095015582672, 41.85269232243507], [-87.6309074128488, 41.85092345256221], [-87.63021888334836, 41.85093312552765], [-87.62990288097846, 41.85270672442616], [-87.62972945889028, 41.847959853717235], [-87.62909428750426, 41.84747396904148], [-87.62972986292813, 41.84746617070787], [-87.62966460235583, 41.84419899806618], [-87.62706407474069, 41.844233695128345], [-87.62679125726059, 41.83293266024917], [-87.62903383894908, 41.83280282059361], [-87.6298893567857, 41.838261518951555], [-87.62979353247411, 41.83471896014341], [-87.63160272512114, 41.83468814437993], [-87.63150118724214, 41.83085429889619], [-87.62967067957506, 41.83087739003389], [-87.62952771729945, 41.82558531514207], [-87.63138268832758, 41.82556396014572], [-87.63144085855667, 41.82738914149054], [-87.63391665290537, 41.827355803168444], [-87.63387168678337, 41.82544284011588], [-87.63611191434458, 41.82541282567392], [-87.6364486302503, 41.83461623121529], [-87.6390053588798, 41.83458440461986], [-87.63895446801085, 41.83233994678827], [-87.64016336682708, 41.83195981277416], [-87.64075363145994, 41.842763624532566], [-87.64001081353709, 41.843116245511645], [-87.64076381841583, 41.84310610568775], [-87.64088539853334, 41.84674849994386], [-87.63850384850761, 41.84716628296406], [-87.63853099077582, 41.848251732721685], [-87.63990637461049, 41.84823398883456], [-87.6403794184913, 41.84951758884033], [-87.63968715935019, 41.85037680875744], [-87.63699637254742, 41.85167870260029], [-87.63697593965483, 41.85082378217669], [-87.63467717858103, 41.85141691251964], [-87.63471546885819, 41.85299498798706], [-87.63674777799231, 41.85206045843894], [-87.63672228908008, 41.856235170853246], [-87.63487835617516, 41.8600666638359], [-87.63206629734188, 41.860103104478995], [-87.63192976164052, 41.85457914501676], [-87.63277279162097, 41.854178002768975], [-87.63178280423773, 41.853070548576454]]], [[[-87.63941114273001, 41.82986424804711], [-87.63809578858842, 41.82711780011414], [-87.63748624185794, 41.82712650324331], [-87.6388128716079, 41.82637737417403], [-87.6387868533288, 41.82528632972876], [-87.6367915184901, 41.824969139575884], [-87.63877852889023, 41.82494392885743], [-87.63875667275306, 41.82403240023325], [-87.63997366459611, 41.8240166454207], [-87.6402430407605, 41.8290977829905], [-87.63941114273001, 41.82986424804711]]], [[[-87.62354988720138, 41.83653114796374], [-87.62175559273413, 41.83638876444133], [-87.62178989044388, 41.83789817882488], [-87.62124193802285, 41.8379045526099], [-87.62119874797584, 41.83463070697355], [-87.62195687060957, 41.83463041066621], [-87.62194119116606, 41.83389929187144], [-87.6211837818818, 41.83390877875559], [-87.6216483092768, 41.831434890130375], [-87.62307958807318, 41.83155713664076], [-87.62311103631396, 41.832884905402], [-87.62482118666601, 41.83215129476305], [-87.62502075505508, 41.83795813481668], [-87.62358521375347, 41.83798036291084], [-87.62354988720138, 41.83653114796374]]], [[[-87.62200545253661, 41.84412951846451], [-87.6219242248575, 41.8384591697469], [-87.62612241289312, 41.838401783286116], [-87.62624292751572, 41.84186841445687], [-87.62511286931318, 41.84188368053703], [-87.62441687700081, 41.84553862751103], [-87.62204483057458, 41.845575124141014], [-87.62200545253661, 41.84412951846451]]], [[[-87.62229365546186, 41.84839320794882], [-87.62227289093599, 41.84757040609349], [-87.62602320881349, 41.84751639458139], [-87.62527054521624, 41.84827965510411], [-87.62229365546186, 41.84839320794882]]], [[[-87.63504488069776, 41.86610147259523], [-87.63486749043685, 41.86006687326002], [-87.6391614646095, 41.860101488570685], [-87.63918680284348, 41.86089252785124], [-87.64012155072693, 41.8611349352495], [-87.63921902613242, 41.86188667298381], [-87.63900440521721, 41.864330015419725], [-87.63708528968162, 41.864835125375926], [-87.6370270557405, 41.867115696944104], [-87.63509269407403, 41.86714297617076], [-87.63504488069776, 41.86610147259523]]], [[[-87.63601869422858, 41.88072739103874], [-87.63660051216637, 41.87998649840051], [-87.63713463351552, 41.8818031537879], [-87.63546319754693, 41.88197762528972], [-87.63543288029466, 41.88073574303662], [-87.63601869422858, 41.88072739103874]]], [[[-87.62419010875976, 41.88213067711631], [-87.62387600192429, 41.867550602832615], [-87.6206351478068, 41.86759484536927], [-87.6187736141527, 41.86273203039523], [-87.62010226178165, 41.86271357978424], [-87.6194662206656, 41.86020889014268], [-87.620463194852, 41.860195711882525], [-87.61988055979141, 41.859154588722156], [-87.62214007010137, 41.85781372086787], [-87.62152973175246, 41.85398088594069], [-87.62305704715425, 41.853932513334094], [-87.62304671363461, 41.85338272799727], [-87.6272977232967, 41.85415238433962], [-87.62732747453916, 41.85535580167991], [-87.63058274027247, 41.85503988116501], [-87.63014772399471, 41.86072012840745], [-87.62934753689481, 41.86073229497804], [-87.62937710399919, 41.86199269117851], [-87.63013824018455, 41.86198110824529], [-87.6303291924834, 41.867534038293975], [-87.6333247641784, 41.86749184300596], [-87.63346142980667, 41.87221303416848], [-87.63436367954061, 41.87220165037369], [-87.63455657667524, 41.8745605476554], [-87.63565159121484, 41.87454656581935], [-87.63709214129707, 41.87689545627094], [-87.63652287880242, 41.876901368968525], [-87.63654988467573, 41.87799160169138], [-87.63535677320255, 41.878006475086465], [-87.63532817820197, 41.876915683249656], [-87.63180209769278, 41.876145677487614], [-87.63182207263847, 41.8769571696744], [-87.63058569758286, 41.876972345073355], [-87.63064810074597, 41.879334542928746], [-87.62842372104089, 41.8801128637194], [-87.62878971471582, 41.88133954180992], [-87.63132028109185, 41.88078182215588], [-87.63148261935447, 41.882029375039], [-87.62419010875976, 41.88213067711631]]]]}}, {"type": "Feature", "properties": {"tif_name": "North Pullman", "municipality": "Chicago", "county": "Cook", "year_created": 2009, "year_expiry": 2033, "ordinance": "T-166", "active": true, "source": "City of Chicago", "source_url": "https://data.cityofchicago.org/resource/eejr-xtfb.geojson"}, "geometry": {"type": "MultiPolygon", "coordinates": [[[[-87.60498354533695, 41.71475033006091], [-87.60568824100565, 41.71035987419009], [-87.59462097500315, 41.710320108506764], [-87.59641852932566, 41.70772503873026], [-87.5943874787321, 41.70975569219284], [-87.59431833114299, 41.70763230940401], [-87.58461414838251, 41.7079260594445], [-87.5845986912082, 41.70739180037851], [-87.59377761180419, 41.69984377453258], [-87.59669651206302, 41.69443122082749], [-87.60056594979322, 41.69565023877603], [-87.60200062203671, 41.69299381159466], [-87.60359709339218, 41.69297799886143], [-87.60366013239192, 41.695180339638185], [-87.60165134369181, 41.70147512708376], [-87.60252233602242, 41.70208208600406], [-87.6064158048392, 41.70203156102393], [-87.60630512065244, 41.69834682181406], [-87.60855712446354, 41.697782103960556], [-87.60966714905682, 41.692913524546924], [-87.61033624016916, 41.692905304510596], [-87.60765960563903, 41.70693068594492], [-87.61851391035941, 41.70676385794392], [-87.61853467945151, 41.707718502088994], [-87.60744088050068, 41.70788948787889], [-87.60572939895638, 41.71473820478915], [-87.60498354533695, 41.71475033006091]]]]}}, {"type": "Feature", "properties": {"tif_name": "Red and Purple Modernization Phase One Project", "municipality": "Chicago", "county": "Cook", "year_created": 2016, "year_expiry": 2052, "ordinance": "T-180", "active": true, "source": "City of Chicago", "source_url": "https://data.cityofchicago.org/resource/eejr-xtfb.geojson"}, "geometry": {"type": "MultiPolygon", "coordinates": [[[[-87.65453128206083, 41.99735145026204], [-87.65442197312898, 41.996523011971675], [-87.6554377378821, 41.99651324315867], [-87.65532861434183, 41.99299981519678], [-87.65417266201871, 41.993019509972065], [-87.65436651781692, 41.98746886228087], [-87.64992796654822, 41.98501352843679], [-87.65066888735856, 41.98065450071718], [-87.64903226595514, 41.97787922981426], [-87.64870548168277, 41.96561440255709], [-87.64990003785813, 41.96558388451947], [-87.64994939415479, 41.967440794753614], [-87.65416654921253, 41.967368236748584], [-87.6529919290664, 41.96875133028467], [-87.65467543849485, 41.96918274862343], [-87.65375499322971, 41.97251063130848], [-87.65476252331379, 41.972496997258034], [-87.65478170503539, 41.97322586101454], [-87.6541970555732, 41.97323381909228], [-87.65425801320538, 41.97631613579386], [-87.65333640895967, 41.97632950544235], [-87.65423945016228, 41.97799421351242], [-87.65573887226472, 41.978304496290114], [-87.65583629615236, 41.981777358984026], [-87.65405270694765, 41.98198646408585], [-87.65411079223468, 41.985692021490856], [-87.65875927734035, 41.98570203266852], [-87.6589038512987, 41.99031709783674], [-87.6601078353394, 41.99072199928494], [-87.65927501467056, 41.993353522502645], [-87.66018361040119, 41.9933404029091], [-87.66020324931993, 41.9940111977645], [-87.65761443285913, 41.99420054060797], [-87.65763733780207, 41.994949455321695], [-87.66022077770242, 41.9946448796445], [-87.66026816153207, 41.996158064937184], [-87.66115449782339, 41.99614802045554], [-87.66027981053726, 41.98441838670017], [-87.66151361739956, 41.9840025683424], [-87.66022574722945, 41.982546307627565], [-87.66065965017891, 41.97959944367385], [-87.6588723750418, 41.979900149151234], [-87.65859403671492, 41.97780554180297], [-87.65656872255464, 41.97756038973704], [-87.65567488741135, 41.97373864905203], [-87.65788481060677, 41.97436042662193], [-87.6584241734641, 41.973629873286946], [-87.65851472849268, 41.97692589481527], [-87.66006655654934, 41.976958296862655], [-87.66062120145803, 41.97822761271961], [-87.6600271872194, 41.97551593445467], [-87.66059579410113, 41.97469812626919], [-87.66047645772868, 41.96971699686844], [-87.66179294870291, 41.969473766077826], [-87.66172934452374, 41.96890396225661], [-87.66045913412, 41.9689227257469], [-87.65975664058631, 41.96618653201995], [-87.66114057866208, 41.96545403752012], [-87.66033722969874, 41.96361647677584], [-87.66170280638282, 41.96360441085485], [-87.66110209633072, 41.96293073488961], [-87.66168166998767, 41.96209911943231], [-87.6597201458531, 41.96300490578743], [-87.65970840470467, 41.961621023395764], [-87.65828792853779, 41.962163133452606], [-87.65565975598591, 41.96167696379821], [-87.6556441698292, 41.961114009052906], [-87.64777328185886, 41.9617889721604], [-87.6472611736315, 41.960925826806026], [-87.64846537018936, 41.960562329929374], [-87.64845070160487, 41.9596935363087], [-87.64733546000548, 41.959710861725064], [-87.64724328630643, 41.95842933075754], [-87.64659777639177, 41.9584370369787], [-87.64422866314595, 41.9496248522067], [-87.64489794670857, 41.94939774996881], [-87.6440239036696, 41.94743445609921], [-87.644579464924, 41.94612868022828], [-87.64377404377107, 41.944484408597916], [-87.64351252403826, 41.93604991845682], [-87.64417950087267, 41.93349785003533], [-87.64349387003703, 41.933511020894315], [-87.64340903704493, 41.93170454048733], [-87.64442369214159, 41.93135905209036], [-87.6432749982736, 41.92831286695783], [-87.64307553248068, 41.92517612003531], [-87.643771284256, 41.92505435733728], [-87.64311942439997, 41.92380416268626], [-87.64323761920774, 41.92290207855979], [-87.64393747093595, 41.922894020089], [-87.64386181596436, 41.9205104558907], [-87.64297642565236, 41.92052335157622], [-87.64301953048859, 41.915717413145266], [-87.64073601474496, 41.914581728434136], [-87.64096824937886, 41.91349076111309], [-87.63942842479953, 41.91372614214107], [-87.63667752508587, 41.91173435444618], [-87.63665410103656, 41.91100406081149], [-87.64329126014874, 41.910440154080554], [-87.64814731576462, 41.910832735063245], [-87.64803122275067, 41.90647305134614], [-87.65003415088519, 41.906154159593676], [-87.65621145733711, 41.913567996020475], [-87.65430106739528, 41.91434232952963], [-87.6552924477158, 41.91505312719073], [-87.65598169132684, 41.91458464768673], [-87.65650236524596, 41.91505636870294], [-87.65587924698495, 41.915477557878795], [-87.66226145282617, 41.9202027208148], [-87.66189693172676, 41.92628195667276], [-87.66274742849473, 41.92894728604992], [-87.6621218511037, 41.92930136744355], [-87.66222398822929, 41.93259141988086], [-87.66285813052933, 41.932581445922295], [-87.66296541119621, 41.948663344595516], [-87.6646917182791, 41.950065825285066], [-87.66427693979026, 41.95122278294998], [-87.66565874121774, 41.951687518585416], [-87.66571369491149, 41.95383337277333], [-87.66647833707134, 41.95382233907921], [-87.66675528051029, 41.961730480649635], [-87.66345785263907, 41.96175099429367], [-87.66441636902331, 41.96356666157628], [-87.66574236468922, 41.96354880426149], [-87.66738481093843, 41.96900163768953], [-87.66774042453598, 41.97611233379425], [-87.66828596916582, 41.97610446468298], [-87.66802091912825, 41.98306863645586], [-87.66871016420534, 41.98796415755314], [-87.664970604133, 41.98803426910923], [-87.66502391065409, 41.990062492172626], [-87.66745355380414, 41.99003571233058], [-87.66748105647355, 41.990918966375546], [-87.66882194402494, 41.99090345206245], [-87.66893637654147, 41.99435949199941], [-87.66759258051823, 41.99437914746538], [-87.66762771460102, 41.9955320603807], [-87.66881639795743, 41.99551760910943], [-87.66995407636604, 41.99764309349636], [-87.66031924106802, 41.997414948690974], [-87.65942411656647, 41.99811166076383], [-87.65638954905151, 41.99814792024567], [-87.65636428622594, 41.997331265032216], [-87.65546344678695, 41.997341207560986], [-87.65548879073614, 41.99815709455865], [-87.65470558347258, 41.998165106645374], [-87.65453128206083, 41.99735145026204]], [[-87.648878899501, 41.92536585519226], [-87.64885161675882, 41.92457430093658], [-87.64616946583901, 41.92375791253092], [-87.646211422665, 41.92558713051503], [-87.648878899501, 41.92536585519226]], [[-87.65120389277567, 41.910087017060924], [-87.64933486922965, 41.909382794943404], [-87.64936250357816, 41.91035871957465], [-87.65120389277567, 41.910087017060924]]]]}}, {"type": "Feature", "properties": {"tif_name": "Madden/Wells", "municipality": "Chicago", "county": "Cook", "year_created": 2002, "year_expiry": 2038, "ordinance": "T-126", "active": true, "source": "City of Chicago", "source_url": "https://data.cityofchicago.org/resource/eejr-xtfb.geojson"}, "geometry": {"type": "MultiPolygon", "coordinates": [[[[-87.61454177397955, 41.8280792320087], [-87.61457525182878, 41.829759299932114], [-87.61112419275003, 41.8298048032417], [-87.61134889385973, 41.828990525058174], [-87.60940765536536, 41.82910858961863], [-87.60875051640247, 41.827838736059576], [-87.60576002241662, 41.82897588150491], [-87.60237483896888, 41.82454550495429], [-87.60648960556307, 41.8222541371815], [-87.60675386629387, 41.822879228580256], [-87.60968552043103, 41.82284995405443], [-87.60971889648296, 41.82403041883206], [-87.61272772065044, 41.823993296669485], [-87.61215525471327, 41.82606817007362], [-87.61424467666339, 41.825618836397815], [-87.61454177397955, 41.8280792320087]]]]}}, {"type": "Feature", "properties": {"tif_name": "Diversey/Chicago River", "municipality": "Chicago", "county": "Cook", "year_created": 2016, "year_expiry": 2040, "ordinance": "T-179", "active": true, "source": "City of Chicago", "source_url": "https://data.cityofchicago.org/resource/eejr-xtfb.geojson"}, "geometry": {"type": "MultiPolygon", "coordinates": [[[[-87.68145128899485, 41.93281846574261], [-87.68308610407972, 41.9341008492122], [-87.68299134576522, 41.93596144294531], [-87.67786330276745, 41.932379130001124], [-87.67799128901802, 41.92828234349661], [-87.67956239227495, 41.928732900168335], [-87.68069884636775, 41.931793904758365], [-87.682312527756, 41.93214439194988], [-87.68079401072994, 41.932343838048865], [-87.68145128899485, 41.93281846574261]]]]}}, {"type": "Feature", "properties": {"tif_name": "24th/Michigan", "municipality": "Chicago", "county": "Cook", "year_created": 1999, "year_expiry": 2035, "ordinance": "T- 72", "active": true, "source": "City of Chicago", "source_url": "https://data.cityofchicago.org/resource/eejr-xtfb.geojson"}, "geometry": {"type": "MultiPolygon", "coordinates": [[[[-87.62952368667784, 41.85532019355302], [-87.62732693014013, 41.85535493130198], [-87.62686643182843, 41.85143692568522], [-87.62633374940953, 41.85202657795579], [-87.62362990503391, 41.851755667975226], [-87.6229901306978, 41.85271220218532], [-87.6221799637782, 41.852722973364344], [-87.62213064766038, 41.85153212170226], [-87.62113203534678, 41.85154794251968], [-87.62168961928636, 41.852511010295835], [-87.62053294502876, 41.85249999569198], [-87.6204281611947, 41.84830699706218], [-87.62478398978843, 41.84826965790527], [-87.6276298797571, 41.8472784982641], [-87.62976177405017, 41.847805611838], [-87.62990288097846, 41.85270672442616], [-87.63021888334836, 41.85093312552765], [-87.6309074128488, 41.85092345256221], [-87.63095016174412, 41.85269255205914], [-87.63177314010491, 41.85268144522801], [-87.63266355628969, 41.85403733824793], [-87.62952368667784, 41.85532019355302]]]]}}, {"type": "Feature", "properties": {"tif_name": "47th/Ashland", "municipality": "Chicago", "county": "Cook", "year_created": 2002, "year_expiry": 2026, "ordinance": "T-117", "active": true, "source": "City of Chicago", "source_url": "https://data.cityofchicago.org/resource/eejr-xtfb.geojson"}, "geometry": {"type": "MultiPolygon", "coordinates": [[[[-87.65876527432263, 41.81595381964746], [-87.65868770902203, 41.81232551237752], [-87.65524562564181, 41.81236973435377], [-87.6551663675726, 41.808735387621624], [-87.66010587319582, 41.80866874095319], [-87.66064040932778, 41.80675466331921], [-87.66139581621833, 41.80674377133378], [-87.66143662021727, 41.808181408046245], [-87.66431075679755, 41.80814093801482], [-87.6635745695772, 41.80623447803313], [-87.66426085967622, 41.80622448230522], [-87.6642304262367, 41.80506012657073], [-87.65990100562647, 41.80511929738547], [-87.65979236347253, 41.800908986361364], [-87.66412014392297, 41.80084745069545], [-87.66403527826604, 41.79759058336656], [-87.66533955761335, 41.797575128699535], [-87.66540901864994, 41.800880802897254], [-87.6751581030368, 41.80074455877756], [-87.67464364855255, 41.80170764077907], [-87.66545580881527, 41.80179980538758], [-87.66605166473782, 41.807984157660975], [-87.67698584538611, 41.808023552451026], [-87.6769592786688, 41.80689632393803], [-87.67573698969667, 41.80658740813816], [-87.6769516335481, 41.80657448608456], [-87.67691384872955, 41.80476068843614], [-87.67918896366747, 41.804740373376326], [-87.67856936854788, 41.806180528777766], [-87.67907334378035, 41.808462280272884], [-87.66996760467427, 41.809020794493236], [-87.67000235827015, 41.810466187291], [-87.66854194086191, 41.810480587490275], [-87.66850822872446, 41.80903634287701], [-87.66632235322484, 41.809059840071946], [-87.66634589829876, 41.80991586228398], [-87.66565864386833, 41.80992328619262], [-87.66686949586786, 41.810239470757246], [-87.66689350670991, 41.81112965204468], [-87.66567701142266, 41.810740255256725], [-87.66579942463413, 41.815392241162805], [-87.67236452979908, 41.81571523592898], [-87.67239175501928, 41.817596089174536], [-87.66879834043503, 41.81762722399079], [-87.66884286199576, 41.819410052660096], [-87.66542753303541, 41.819677295180504], [-87.66532909768722, 41.81577721798191], [-87.65876527432263, 41.81595381964746]], [[-87.66437423713803, 41.810528830718056], [-87.662472491234, 41.810674163464554], [-87.66133196535695, 41.81219353450625], [-87.66441370173132, 41.81215817321504], [-87.66437423713803, 41.810528830718056]], [[-87.66246429882547, 41.810369610322745], [-87.66192333485803, 41.809455514124075], [-87.66148824590243, 41.81038075587711], [-87.66246429882547, 41.810369610322745]]]]}}, {"type": "Feature", "properties": {"tif_name": "Galewood/Armitage Industrial", "municipality": "Chicago", "county": "Cook", "year_created": 1999, "year_expiry": 2035, "ordinance": "T- 71", "active": true, "source": "City of Chicago", "source_url": "https://data.cityofchicago.org/resource/eejr-xtfb.geojson"}, "geometry": {"type": "MultiPolygon", "coordinates": [[[[-87.76093170229366, 41.92356327450233], [-87.76074201287065, 41.91791689609122], [-87.75349968909461, 41.91693247565083], [-87.74615432565498, 41.914298719889935], [-87.74688780838575, 41.914387594278935], [-87.74663229664554, 41.91371554310261], [-87.74742089228114, 41.91317692546411], [-87.75265750336482, 41.913104459264886], [-87.75273086882719, 41.915095278317274], [-87.75576324963212, 41.91546243635299], [-87.7556903704256, 41.913577381651734], [-87.7608218995799, 41.913509012234485], [-87.76087358566282, 41.91485421853433], [-87.76550957261375, 41.9147856351184], [-87.76543618071769, 41.91257543456715], [-87.77169398128049, 41.91250175833373], [-87.77177378964929, 41.91476943710195], [-87.77528600266238, 41.914720392172065], [-87.77687745559504, 41.91462037560806], [-87.77682054087343, 41.9127960394219], [-87.78128687542305, 41.91274281382143], [-87.7813328782262, 41.91456729177924], [-87.79020813710491, 41.914443917713264], [-87.78966131048293, 41.9170906694731], [-87.79525545300277, 41.919330574542435], [-87.79016326029775, 41.917786623630974], [-87.79052185556496, 41.92345889174676], [-87.78775519023343, 41.923130741732805], [-87.78758772854198, 41.91764263271972], [-87.78658164737078, 41.91690319997831], [-87.78536492097791, 41.91699357318582], [-87.78540044757668, 41.918312621868054], [-87.77807778085385, 41.91796833460128], [-87.7766434539807, 41.91880985134389], [-87.77542060964112, 41.918661710761185], [-87.77539833906522, 41.91800413941555], [-87.76884600363181, 41.91809675752386], [-87.76887256531691, 41.91885248157594], [-87.76810983005393, 41.918712564404196], [-87.76752585766378, 41.916929669582444], [-87.76685073899411, 41.917671559055414], [-87.76585256162885, 41.91695318960021], [-87.76610764619336, 41.923838081494445], [-87.76093170229366, 41.92356327450233]]]]}}, {"type": "Feature", "properties": {"tif_name": "Midwest", "municipality": "Chicago", "county": "Cook", "year_created": 2000, "year_expiry": 2036, "ordinance": "T- 95", "active": true, "source": "City of Chicago", "source_url": "https://data.cityofchicago.org/resource/eejr-xtfb.geojson"}, "geometry": {"type": "MultiPolygon", "coordinates": [[[[-87.71614099316342, 41.887976491179145], [-87.71591343997099, 41.88502460079626], [-87.70634049160692, 41.88447070169505], [-87.70629665387165, 41.882929787415236], [-87.69213923161313, 41.88308377651084], [-87.69211929930044, 41.8823373957786], [-87.69204741551088, 41.88308474668987], [-87.68629650875866, 41.88290226745223], [-87.68608554415918, 41.875087631599214], [-87.69119621705418, 41.875041540752726], [-87.69136702290571, 41.873838730546225], [-87.69156312878532, 41.87502845427729], [-87.69680797071392, 41.87500554748422], [-87.6960455595601, 41.86637075736413], [-87.69223874362737, 41.866411261650164], [-87.69224808314567, 41.864511170360615], [-87.69101493192747, 41.863610827326994], [-87.69094191353193, 41.86120118293677], [-87.69190934455622, 41.86118720834846], [-87.6914494417832, 41.8602860670367], [-87.693354655037, 41.86025800523213], [-87.69325630749215, 41.85603607584566], [-87.70299880106614, 41.85372105888527], [-87.70304507046514, 41.8585191832708], [-87.70553847871788, 41.85763955593496], [-87.70557243583112, 41.858851661236045], [-87.70776829215491, 41.85882791243195], [-87.70774518523848, 41.858004838543756], [-87.70920398026966, 41.857989009803184], [-87.70922703243161, 41.858812083128036], [-87.71507672398505, 41.85874306245646], [-87.7157997233375, 41.85782131421453], [-87.71900893847706, 41.858730189256825], [-87.72107521746777, 41.85875137623275], [-87.72104955758562, 41.85783425727085], [-87.72628918502623, 41.85839265544198], [-87.72631589137092, 41.859280405902915], [-87.725614889485, 41.859304360968245], [-87.72584663864536, 41.866071442808476], [-87.72774084032756, 41.86604445416433], [-87.72778985164692, 41.86748006772898], [-87.72293233253825, 41.868452548390266], [-87.72296481357111, 41.86938379102472], [-87.73246675838168, 41.869093336335155], [-87.73253020170797, 41.871114248969484], [-87.73985199385972, 41.86907663329762], [-87.73990765550211, 41.87061661202712], [-87.73883261441846, 41.87063373623843], [-87.73886711666596, 41.871593618425315], [-87.74480379370232, 41.87145992426105], [-87.74500036232337, 41.86945087443772], [-87.74889844433761, 41.869403488353626], [-87.74896258623154, 41.871213321160404], [-87.75115884681381, 41.87154626744985], [-87.75334794917286, 41.8715200216529], [-87.75329760190364, 41.870160568136484], [-87.75454217489121, 41.87014457987357], [-87.7546485025881, 41.87304283723213], [-87.74927216979924, 41.873109474452995], [-87.74937469417353, 41.87591566446786], [-87.75350828082068, 41.87586366645345], [-87.75347497747576, 41.874957840070024], [-87.75471824385458, 41.87494210183041], [-87.75487931582569, 41.8792879419394], [-87.75430201978045, 41.87982224745699], [-87.745908109523, 41.87992358157965], [-87.7455752751923, 41.87686966845867], [-87.74473850933776, 41.87695874217291], [-87.74475497339246, 41.8798304656941], [-87.74093787526363, 41.879874999313266], [-87.74132807983857, 41.8779642693256], [-87.74036255486912, 41.87699693396583], [-87.74008006964004, 41.878605307959795], [-87.73879950118986, 41.87862020021756], [-87.73939730654807, 41.880023738659695], [-87.726311056984, 41.87966096556463], [-87.725794045878, 41.8753559612108], [-87.72489823376063, 41.87536724482571], [-87.72503794295713, 41.87661837573783], [-87.72242398127136, 41.87703606169448], [-87.72269104525468, 41.87899752686376], [-87.72513688008189, 41.87934295199222], [-87.72496182451816, 41.88023824171282], [-87.72054552047108, 41.88033227223019], [-87.72093754586673, 41.8818095585197], [-87.72448885689802, 41.881948091326144], [-87.72451482870017, 41.88285613558629], [-87.72330297522413, 41.88287264621501], [-87.72333905248385, 41.884145071097265], [-87.72078109225535, 41.88418148111856], [-87.72082596198535, 41.88791754605425], [-87.71614099316342, 41.887976491179145]], [[-87.71303046974116, 41.871697920371815], [-87.71300780612567, 41.870966015946124], [-87.71812637192733, 41.87091720479095], [-87.71795508804216, 41.869267923489026], [-87.72039462675593, 41.869236598635595], [-87.72035093662306, 41.86796212213982], [-87.71545813088588, 41.86763497556661], [-87.71542078860429, 41.86628980908724], [-87.70319930107443, 41.86643032752046], [-87.7033004958996, 41.86872518109888], [-87.7056245290316, 41.86870360302919], [-87.7056737925906, 41.870137963810635], [-87.7067093116046, 41.870137745596224], [-87.70671737933891, 41.87104246726803], [-87.71303046974116, 41.871697920371815]]]]}}, {"type": "Feature", "properties": {"tif_name": "Archer/Western", "municipality": "Chicago", "county": "Cook", "year_created": 2009, "year_expiry": 2033, "ordinance": "T-163", "active": true, "source": "City of Chicago", "source_url": "https://data.cityofchicago.org/resource/eejr-xtfb.geojson"}, "geometry": {"type": "MultiPolygon", "coordinates": [[[[-87.65526093169414, 41.842445224771836], [-87.66261905344533, 41.83889062187574], [-87.66130932678912, 41.83795051955012], [-87.65531136218542, 41.838216809272694], [-87.65399766443656, 41.83882941494233], [-87.65485017051064, 41.839815759539846], [-87.65422279971254, 41.84012447497676], [-87.6526249821781, 41.83826689184149], [-87.6467995385728, 41.83851608631637], [-87.64970766630064, 41.84124405018328], [-87.64625251267218, 41.84154180745518], [-87.64563047493068, 41.838053987778444], [-87.65832549910239, 41.83779097937485], [-87.65830924483815, 41.83720070241314], [-87.66073152066468, 41.837758063518805], [-87.66070657461617, 41.83695911279682], [-87.66293231704583, 41.83692608078289], [-87.66374092240545, 41.83783736036734], [-87.66070202309497, 41.83423891899885], [-87.66496178941645, 41.83419713288433], [-87.66587066458763, 41.83473019766337], [-87.66589332023618, 41.836016202813724], [-87.6679548411022, 41.83598922995357], [-87.67519225463131, 41.8315866063973], [-87.67517455975921, 41.8308711291922], [-87.66557929008084, 41.83095416506449], [-87.66556076052112, 41.830004182139966], [-87.67760904835062, 41.83027570944268], [-87.67942171895675, 41.828428825375404], [-87.68338279915652, 41.82673762521572], [-87.67507747782122, 41.82683160518904], [-87.67498042209135, 41.82318319777425], [-87.67626331290977, 41.823095318025274], [-87.67616640656739, 41.822178944479326], [-87.67755434893942, 41.821594377807216], [-87.68107906129913, 41.82155605894447], [-87.68111628208538, 41.82292785780275], [-87.68409557017925, 41.822893143142835], [-87.68405097825719, 41.821242320847986], [-87.68043158030905, 41.81564230928574], [-87.68025179326371, 41.813479126234554], [-87.68382943251153, 41.81303990921397], [-87.68380284357112, 41.812055386056315], [-87.68209085478375, 41.811730637175636], [-87.6837988000845, 41.81164475312648], [-87.68370219519979, 41.80832186429281], [-87.68514869833137, 41.80833554844416], [-87.68538285357205, 41.81758187762118], [-87.68486970807638, 41.81758992476192], [-87.68546412132483, 41.8204175773221], [-87.68478239556086, 41.82115309282054], [-87.68549757261361, 41.82113896132469], [-87.68554452763462, 41.82287201556596], [-87.68483869701102, 41.82341233151696], [-87.68506822240765, 41.826169096359294], [-87.68692378104119, 41.82740234673688], [-87.68704640223822, 41.82850452359019], [-87.68562521251755, 41.82853159863921], [-87.68582929430983, 41.83338088544664], [-87.68684314350561, 41.83378303341688], [-87.68515070405986, 41.83434348059369], [-87.68488771337545, 41.82854810414954], [-87.68244082198827, 41.82859098641079], [-87.67908469792161, 41.8306479039206], [-87.67913309919751, 41.83224393465347], [-87.67767416077133, 41.832275284343254], [-87.67764966571333, 41.83153098999465], [-87.66884301025594, 41.83700135503697], [-87.66689216156038, 41.83712958185319], [-87.65846330845251, 41.841537325538575], [-87.65863619190854, 41.842128192703356], [-87.65335234746058, 41.844008055010775], [-87.65296323171509, 41.84355560892954], [-87.65526093169414, 41.842445224771836]]]]}}, {"type": "Feature", "properties": {"tif_name": "Roosevelt/Racine", "municipality": "Chicago", "county": "Cook", "year_created": 1998, "year_expiry": 2034, "ordinance": "T- 62", "active": true, "source": "City of Chicago", "source_url": "https://data.cityofchicago.org/resource/eejr-xtfb.geojson"}, "geometry": {"type": "MultiPolygon", "coordinates": [[[[-87.65103088904581, 41.86239214972807], [-87.65383608925521, 41.8626362239999], [-87.654246811055, 41.86457208862614], [-87.65527888486255, 41.86455579328809], [-87.6564550856511, 41.8631754022429], [-87.65640954577184, 41.86151569869349], [-87.65883331553248, 41.86079278263693], [-87.66609344307963, 41.861002646614146], [-87.66621595490672, 41.86698758585082], [-87.66169510822382, 41.86706085187851], [-87.66171764366477, 41.86784715777005], [-87.65927035773515, 41.86789022942545], [-87.65931224766187, 41.86928477310876], [-87.6611474772748, 41.86925601242682], [-87.6611820285683, 41.870387778757774], [-87.6602617177527, 41.87040220258552], [-87.66029016075589, 41.871336486262045], [-87.6566971187565, 41.87139225322807], [-87.65656646916331, 41.867143698474194], [-87.65092910476453, 41.867234827700265], [-87.65103088904581, 41.86239214972807]]]]}}, {"type": "Feature", "properties": {"tif_name": "Little Village East", "municipality": "Chicago", "county": "Cook", "year_created": 2009, "year_expiry": 2033, "ordinance": "T-164", "active": true, "source": "City of Chicago", "source_url": "https://data.cityofchicago.org/resource/eejr-xtfb.geojson"}, "geometry": {"type": "MultiPolygon", "coordinates": [[[[-87.702375179362, 41.837366926841746], [-87.70228374641275, 41.83410810029189], [-87.70472347930867, 41.83374269795596], [-87.70482472892262, 41.837317362209255], [-87.70714356219769, 41.83728001308586], [-87.7071915198433, 41.83892557310481], [-87.70547806485816, 41.839764471840084], [-87.70551478914432, 41.840955684528126], [-87.70382892378704, 41.840978949765294], [-87.70398881912143, 41.84643542420642], [-87.69027560557436, 41.84661149764699], [-87.69022053998594, 41.84461478878991], [-87.70013064285797, 41.844375724592496], [-87.69993280288007, 41.83741209858488], [-87.702375179362, 41.837366926841746]]]]}}, {"type": "Feature", "properties": {"tif_name": "Lincoln Avenue", "municipality": "Chicago", "county": "Cook", "year_created": 1999, "year_expiry": 2035, "ordinance": "T- 77", "active": true, "source": "City of Chicago", "source_url": "https://data.cityofchicago.org/resource/eejr-xtfb.geojson"}, "geometry": {"type": "MultiPolygon", "coordinates": [[[[-87.71046611569261, 41.99673435183758], [-87.70938593137193, 41.99179300369657], [-87.70853606813911, 41.991273784496656], [-87.70658416817707, 41.99113388459491], [-87.706564186308, 41.9905386230565], [-87.69928574273918, 41.990581838136606], [-87.69917860870335, 41.98739086060823], [-87.69985728712365, 41.98684434342233], [-87.69916037399408, 41.98684812400833], [-87.69912506668831, 41.98579531006848], [-87.69419366326626, 41.983620077017285], [-87.69397949206373, 41.982631137121906], [-87.6924339789526, 41.98271826068705], [-87.69106623365869, 41.97635134998283], [-87.68984164609653, 41.976360360575804], [-87.68979975303857, 41.97579431904234], [-87.69298511132457, 41.9758011451157], [-87.69367041364946, 41.98165917651469], [-87.70786491408678, 41.99025713733964], [-87.7102917088243, 41.990235099143156], [-87.7116085293925, 41.99257656082081], [-87.71475523312225, 41.993708524801185], [-87.71918351145791, 41.99733270263375], [-87.70947205563981, 41.99743972153823], [-87.71046611569261, 41.99673435183758]], [[-87.70314376940279, 41.989895865643405], [-87.70479769064217, 41.98949549972739], [-87.703096225698, 41.988480698147185], [-87.70314376940279, 41.989895865643405]]]]}}, {"type": "Feature", "properties": {"tif_name": "Avalon Park/South Shore", "municipality": "Chicago", "county": "Cook", "year_created": 2002, "year_expiry": 2026, "ordinance": "T-123", "active": true, "source": "City of Chicago", "source_url": "https://data.cityofchicago.org/resource/eejr-xtfb.geojson"}, "geometry": {"type": "MultiPolygon", "coordinates": [[[[-87.58319191070647, 41.74958263190186], [-87.58319456810958, 41.75192287944649], [-87.57610723035371, 41.75201272490259], [-87.5753663337305, 41.752737603833566], [-87.57464431662385, 41.75209445959202], [-87.56879221118515, 41.752105612529036], [-87.56880672735566, 41.75281565908769], [-87.56757201241128, 41.752122020343286], [-87.554170696784, 41.75237336635564], [-87.55419254133272, 41.75334279973623], [-87.55626981556075, 41.75526688039432], [-87.55582544663478, 41.75555380015813], [-87.55229947654769, 41.752347379174374], [-87.55118595627695, 41.75301967822985], [-87.54673193231838, 41.75208781049332], [-87.54672034302493, 41.75152066478969], [-87.55157039631487, 41.751447888483554], [-87.55144915280474, 41.7500213717664], [-87.55351118248522, 41.7499933723919], [-87.55353021331472, 41.75146702487942], [-87.55422851156604, 41.751526098845666], [-87.5648877509805, 41.75128283992877], [-87.56487675778268, 41.75055755794386], [-87.56680279728018, 41.751368685642944], [-87.5815476833567, 41.75105699099502], [-87.58075967000313, 41.747840067081164], [-87.58319191070647, 41.74958263190186]]]]}}, {"type": "Feature", "properties": {"tif_name": "Ewing Avenue", "municipality": "Chicago", "county": "Cook", "year_created": 2010, "year_expiry": 2034, "ordinance": "T-169", "active": true, "source": "City of Chicago", "source_url": "https://data.cityofchicago.org/resource/eejr-xtfb.geojson"}, "geometry": {"type": "MultiPolygon", "coordinates": [[[[-87.53587168081513, 41.72304325719734], [-87.53449541718443, 41.721365287938305], [-87.53463782279654, 41.715921713765255], [-87.5327452510223, 41.71594904914352], [-87.53274600093324, 41.71486970394632], [-87.53463785075118, 41.71553482053946], [-87.53463834256159, 41.71442425508923], [-87.5253784389027, 41.707718277420696], [-87.52454417552656, 41.706234264746435], [-87.53458558245256, 41.7136391357682], [-87.52453533171712, 41.70432462398628], [-87.52452755301967, 41.70257423411318], [-87.53463819627702, 41.702228344346956], [-87.53463919162813, 41.6994609778026], [-87.53223792222033, 41.69966315052787], [-87.53224089764318, 41.69508031841579], [-87.53154681182394, 41.69507487374718], [-87.53154523048974, 41.69134005780493], [-87.5346493888781, 41.691332693111825], [-87.534599144257, 41.68102733923782], [-87.53125388393912, 41.6810184594068], [-87.53421384967875, 41.67778701889829], [-87.53890376997072, 41.670076496565166], [-87.53849418500117, 41.66875465028111], [-87.539695709544, 41.66323726199709], [-87.53969405227087, 41.65903927646066], [-87.54148981694041, 41.65904651581165], [-87.53914249696037, 41.67039383082755], [-87.53993418813265, 41.68106045221005], [-87.53537479649145, 41.68114464147752], [-87.53542795836323, 41.692270966545244], [-87.53299289710081, 41.692322243832905], [-87.5329937038111, 41.69537014980736], [-87.53419791612552, 41.695375895628715], [-87.53471499576955, 41.70224243490344], [-87.54244040294452, 41.70226968282944], [-87.54244116331189, 41.70085691127326], [-87.5436550758244, 41.70085647812253], [-87.54365323718913, 41.7026528422846], [-87.54191017005158, 41.70265067581544], [-87.54190344915763, 41.70326379567959], [-87.53661495775455, 41.702966182711236], [-87.53661361919617, 41.70465859484483], [-87.53592686305156, 41.704656191274246], [-87.5359261556744, 41.70575665863736], [-87.53782440984808, 41.70624009754714], [-87.53782053569493, 41.71374493669203], [-87.53879356011751, 41.713624058317876], [-87.53878731792457, 41.7158618937085], [-87.53821392796748, 41.7158701671025], [-87.53878337644765, 41.71710970549253], [-87.53592329841828, 41.71590319837236], [-87.53543150951525, 41.719459212293714], [-87.53662010468618, 41.72249750896664], [-87.54000891808444, 41.72239098820118], [-87.53707656047821, 41.72339065244428], [-87.53876525808302, 41.72587106880764], [-87.5378752777488, 41.7262856854535], [-87.53529964287806, 41.72305032602026], [-87.53587168081513, 41.72304325719734]]]]}}, {"type": "Feature", "properties": {"tif_name": "Kinzie Industrial Conservation Area", "municipality": "Chicago", "county": "Cook", "year_created": 1998, "year_expiry": 2034, "ordinance": "T- 52", "active": true, "source": "City of Chicago", "source_url": "https://data.cityofchicago.org/resource/eejr-xtfb.geojson"}, "geometry": {"type": "MultiPolygon", "coordinates": [[[[-87.70317812565584, 41.89835237463353], [-87.70170553790096, 41.89831782958973], [-87.70165389014016, 41.89642473370993], [-87.69996184082537, 41.895751527698486], [-87.69411920405132, 41.895803447141866], [-87.69404422638449, 41.89338574805196], [-87.68908428992695, 41.892176469054924], [-87.68906177227244, 41.89139829520941], [-87.687362233989, 41.89072184155363], [-87.66539501101698, 41.891109399741694], [-87.66543703090525, 41.892547405857044], [-87.66405677295342, 41.89257037926376], [-87.66401385244977, 41.891123037227445], [-87.66213706808452, 41.8911416555838], [-87.66210533128704, 41.89005223675939], [-87.64760580391523, 41.89019749083923], [-87.64752820715889, 41.887486642163694], [-87.64586087384275, 41.88748928470086], [-87.64580910082324, 41.88579638204646], [-87.64993232472327, 41.88573597619044], [-87.64985999161023, 41.883212545124515], [-87.65311606441352, 41.88315520301183], [-87.65315549353285, 41.884513508029755], [-87.65573096562423, 41.884466274179616], [-87.6556975234681, 41.88338418650822], [-87.65661197744811, 41.88309352980138], [-87.66348700724946, 41.8833354846146], [-87.66302815872517, 41.883626935015556], [-87.66538514119172, 41.885252745922585], [-87.68844499134504, 41.88443658516573], [-87.68842487408136, 41.88368361699248], [-87.69206164641537, 41.883607933359805], [-87.69203585812127, 41.88233819212795], [-87.69215341336013, 41.88360460400242], [-87.70629665387165, 41.882929787415236], [-87.70676443532804, 41.898376513983756], [-87.70317812565584, 41.89835237463353]]]]}}, {"type": "Feature", "properties": {"tif_name": "Stony Island Avenue Commercial and Burnside Industrial Corridors", "municipality": "Chicago", "county": "Cook", "year_created": 1998, "year_expiry": 2034, "ordinance": "T- 54", "active": true, "source": "City of Chicago", "source_url": "https://data.cityofchicago.org/resource/eejr-xtfb.geojson"}, "geometry": {"type": "MultiPolygon", "coordinates": [[[[-87.5853343016807, 41.74923149816922], [-87.58437187960074, 41.74853971180117], [-87.58463968744046, 41.74139247876848], [-87.58515619608016, 41.741385527791984], [-87.58455415250064, 41.737406917646545], [-87.57463920003065, 41.73752184717368], [-87.57469544515398, 41.74079957823485], [-87.57355921162544, 41.74081698886097], [-87.56847024003486, 41.737068352692326], [-87.5731721394761, 41.737001161560016], [-87.5730766066892, 41.73335208281659], [-87.57574913707603, 41.733314683801765], [-87.5758319341625, 41.736576344806586], [-87.58414051383967, 41.73646572232025], [-87.58429079721829, 41.72508873719967], [-87.58322184667301, 41.72510278572252], [-87.58318594159104, 41.72352226586064], [-87.5870400968764, 41.72292034090658], [-87.58705449042121, 41.7220690386775], [-87.59894633099972, 41.72161452113985], [-87.59885682061383, 41.718872651796474], [-87.59468915758825, 41.718940716979695], [-87.5957621237349, 41.71853904432111], [-87.5956999243816, 41.71663035616994], [-87.59714967337887, 41.716608587967535], [-87.59721193938533, 41.71851529953982], [-87.59978543953056, 41.71847945010983], [-87.60365622236762, 41.71693719872215], [-87.60414721465325, 41.71485402968911], [-87.59288253348379, 41.71502661068046], [-87.59326328227938, 41.713931568738104], [-87.60520387249305, 41.7137849021889], [-87.60245565395756, 41.72582504962895], [-87.59740122013395, 41.72508486647249], [-87.59735411140066, 41.72317777702421], [-87.5949364713203, 41.72321400698445], [-87.59495673713215, 41.72411310815063], [-87.59088870105448, 41.7241372384353], [-87.59257390173498, 41.72579025616516], [-87.59261467434395, 41.72761131645768], [-87.59382393676957, 41.7275939123398], [-87.59386368537054, 41.729417873268225], [-87.59507613333776, 41.72940053145502], [-87.59515838337266, 41.733044736538346], [-87.5973428790068, 41.73301440143699], [-87.59729919056976, 41.73119310681613], [-87.60058455470755, 41.73114758232899], [-87.60089183995517, 41.729317329950156], [-87.60203371250981, 41.72930100083273], [-87.60405789057705, 41.722061522482484], [-87.60432762655118, 41.72384413721574], [-87.6035767412599, 41.72416966944155], [-87.60160992341741, 41.73522755184158], [-87.59987804339993, 41.740369314189245], [-87.60029180671759, 41.738973254863446], [-87.60136610181952, 41.738960233542166], [-87.60140716383336, 41.74044236675253], [-87.59985800656486, 41.74045738567935], [-87.59907239667965, 41.74394089512095], [-87.59761168908206, 41.743957128586096], [-87.59754331557438, 41.74095277327526], [-87.5957260843914, 41.73769636335379], [-87.59341174314103, 41.73731665389167], [-87.59338968813158, 41.73671644239836], [-87.59464074345655, 41.736699080340365], [-87.58717526936961, 41.724230805742366], [-87.5855241169832, 41.72428813134712], [-87.58605982867961, 41.724590339983166], [-87.58567500263638, 41.73135604481453], [-87.58621972239297, 41.731348282070584], [-87.58627161421613, 41.73376185222582], [-87.585726518398, 41.7337693966442], [-87.58578263695533, 41.736398974039595], [-87.58824321105428, 41.73640041179046], [-87.58825663992711, 41.73696725400846], [-87.58579492834176, 41.73700087999045], [-87.58661147325834, 41.749745076779746], [-87.5853343016807, 41.74923149816922]]]]}}, {"type": "Feature", "properties": {"tif_name": "83rd/Stewart", "municipality": "Chicago", "county": "Cook", "year_created": 2004, "year_expiry": 2028, "ordinance": "T-133", "active": true, "source": "City of Chicago", "source_url": "https://data.cityofchicago.org/resource/eejr-xtfb.geojson"}, "geometry": {"type": "MultiPolygon", "coordinates": [[[[-87.62903450912357, 41.74348936737451], [-87.62852835019368, 41.741845113276185], [-87.62570030127794, 41.741893868835355], [-87.62561927013421, 41.738047550078136], [-87.6291227812505, 41.738107002766974], [-87.62916872543148, 41.739918308907846], [-87.63114500303735, 41.73988325600457], [-87.63296711786082, 41.73950216030784], [-87.63290132811319, 41.737787717857344], [-87.63395445198755, 41.73776504388832], [-87.63404271855723, 41.745589768399704], [-87.62908527468885, 41.745654026575224], [-87.62903450912357, 41.74348936737451]]]]}}, {"type": "Feature", "properties": {"tif_name": "79th and Cicero", "municipality": "Chicago", "county": "Cook", "year_created": 2005, "year_expiry": 2029, "ordinance": "T-140", "active": true, "source": "City of Chicago", "source_url": "https://data.cityofchicago.org/resource/eejr-xtfb.geojson"}, "geometry": {"type": "MultiPolygon", "coordinates": [[[[-87.74107553161117, 41.74887812546643], [-87.73768228437439, 41.74908067814572], [-87.73765155438116, 41.74804821848349], [-87.73893892833341, 41.74615175991437], [-87.74102564733809, 41.74570165517901], [-87.74107553161117, 41.74887812546643]]]]}}, {"type": "Feature", "properties": {"tif_name": "73rd/University", "municipality": "Chicago", "county": "Cook", "year_created": 2006, "year_expiry": 2030, "ordinance": "T-145", "active": true, "source": "City of Chicago", "source_url": "https://data.cityofchicago.org/resource/eejr-xtfb.geojson"}, "geometry": {"type": "MultiPolygon", "coordinates": [[[[-87.60531821911373, 41.764936817732206], [-87.60438644663039, 41.76589064665707], [-87.59572466561394, 41.76598912485143], [-87.59584267076953, 41.77030614767939], [-87.5930591535465, 41.77029258185505], [-87.59573358635109, 41.75856056630175], [-87.60531821911373, 41.764936817732206]]]]}}, {"type": "Feature", "properties": {"tif_name": "Cicero/Stevenson", "municipality": "Chicago", "county": "Cook", "year_created": 2022, "year_expiry": 2046, "ordinance": "T-185", "active": true, "source": "City of Chicago", "source_url": "https://data.cityofchicago.org/resource/eejr-xtfb.geojson"}, "geometry": {"type": "MultiPolygon", "coordinates": [[[[-87.74351217420586, 41.81421528886294], [-87.74307560725407, 41.81136649193033], [-87.74392407563352, 41.81117201907959], [-87.74826459057321, 41.811117258884934], [-87.74831526405482, 41.812941585900035], [-87.75126245732572, 41.81224831375632], [-87.75308704049365, 41.81287483958731], [-87.74357849833844, 41.816302435360164], [-87.74351217420586, 41.81421528886294]]]]}}, {"type": "Feature", "properties": {"tif_name": "Homan-Arthington", "municipality": "Chicago", "county": "Cook", "year_created": 1998, "year_expiry": 2034, "ordinance": "T- 24", "active": true, "source": "City of Chicago", "source_url": "https://data.cityofchicago.org/resource/eejr-xtfb.geojson"}, "geometry": {"type": "MultiPolygon", "coordinates": [[[[-87.7067209724193, 41.870477602436914], [-87.70567056406058, 41.870137993883986], [-87.70560504876588, 41.8681354354916], [-87.72035093662306, 41.86796212213982], [-87.72039442125882, 41.86923062195658], [-87.71795508804216, 41.869267923489026], [-87.71812496146086, 41.87089885363548], [-87.71238601012332, 41.87097356153836], [-87.71236039244256, 41.870067616222975], [-87.70836694884566, 41.87046006164183], [-87.70838636417537, 41.87101494629842], [-87.70671737933891, 41.87104246726803], [-87.7067209724193, 41.870477602436914]]]]}}, {"type": "Feature", "properties": {"tif_name": "Ogden/Pulaski", "municipality": "Chicago", "county": "Cook", "year_created": 2008, "year_expiry": 2032, "ordinance": "T-161", "active": true, "source": "City of Chicago", "source_url": "https://data.cityofchicago.org/resource/eejr-xtfb.geojson"}, "geometry": {"type": "MultiPolygon", "coordinates": [[[[-87.73023847951428, 41.867498990051196], [-87.72778985164692, 41.86748006772898], [-87.72774084032756, 41.86604445416433], [-87.72584663864536, 41.866071442808476], [-87.725614889485, 41.859304360968245], [-87.72631589137092, 41.859280405902915], [-87.72628918502623, 41.85839265544198], [-87.7210494103149, 41.85782899036401], [-87.72107521746777, 41.85875137623275], [-87.71900893847706, 41.858730189256825], [-87.7157997233375, 41.85782131421453], [-87.71507672398505, 41.85874306245646], [-87.70922703243161, 41.858812083128036], [-87.70920398026966, 41.857989009803184], [-87.70774518523848, 41.858004838543756], [-87.70776829215491, 41.85882791243195], [-87.70557243583112, 41.858851661236045], [-87.70553847871788, 41.85763955593496], [-87.70380397203321, 41.85825148091287], [-87.70298886433672, 41.85666027209134], [-87.70299880106614, 41.85372105888527], [-87.70528715634704, 41.852981613485944], [-87.70274914360427, 41.853547623319564], [-87.7026662968283, 41.851317018231995], [-87.70413450525535, 41.85129905448653], [-87.70450075914248, 41.84805937409513], [-87.70578102141684, 41.84804062562277], [-87.70589607343588, 41.85127910868311], [-87.71145687899138, 41.85159662152799], [-87.71485099722254, 41.85083793907409], [-87.71475449165642, 41.84739859842694], [-87.71552875720084, 41.847933326870205], [-87.72774876660161, 41.84777299465837], [-87.72467944436612, 41.84886940408938], [-87.73424077910941, 41.84672569027301], [-87.7342672418878, 41.84760300541544], [-87.73536718217635, 41.847213430672745], [-87.73550181258946, 41.851610039957954], [-87.73439355662538, 41.85162582205356], [-87.73456205027843, 41.85699162200983], [-87.73364342437785, 41.858262251044245], [-87.73684330442323, 41.858695652260984], [-87.73665150096366, 41.86226214275888], [-87.73496867160927, 41.862286702988015], [-87.7350812517753, 41.86593863296478], [-87.732360730564, 41.865978584070696], [-87.73240708989616, 41.86741233263172], [-87.73023847951428, 41.867498990051196]]]]}}, {"type": "Feature", "properties": {"tif_name": "Elston/Armstrong Industrial Corridor", "municipality": "Chicago", "county": "Cook", "year_created": 2007, "year_expiry": 2031, "ordinance": "T-153", "active": true, "source": "City of Chicago", "source_url": "https://data.cityofchicago.org/resource/eejr-xtfb.geojson"}, "geometry": {"type": "MultiPolygon", "coordinates": [[[[-87.76843094060798, 41.98449086413009], [-87.76840059173757, 41.98595055394162], [-87.76755217739922, 41.98595333787892], [-87.76754493622859, 41.98517328894544], [-87.75938578178003, 41.98526564093635], [-87.75388983705102, 41.97478461400786], [-87.75540161605583, 41.97515677462728], [-87.75545107285019, 41.97698394998501], [-87.76026941243995, 41.98036185038379], [-87.76291531515109, 41.98123747565013], [-87.7627613759534, 41.98189471563394], [-87.76438781449848, 41.98286369783897], [-87.76410416706914, 41.97952720693388], [-87.76706784612686, 41.97940761696113], [-87.76700127720044, 41.98303528960739], [-87.76602205701269, 41.98325750993153], [-87.76843094060798, 41.98449086413009]]]]}}, {"type": "Feature", "properties": {"tif_name": "LaSalle Central", "municipality": "Chicago", "county": "Cook", "year_created": 2006, "year_expiry": 2030, "ordinance": "T-147", "active": true, "source": "City of Chicago", "source_url": "https://data.cityofchicago.org/resource/eejr-xtfb.geojson"}, "geometry": {"type": "MultiPolygon", "coordinates": [[[[-87.63552012594624, 41.88435610863232], [-87.63433215746998, 41.884360025494196], [-87.63520048795583, 41.88331700764851], [-87.63371623254689, 41.88331670096619], [-87.63224108002521, 41.8838285863126], [-87.63225804711551, 41.88458640505426], [-87.63079146229042, 41.88437167956774], [-87.63075347254338, 41.883099546084814], [-87.63180933970916, 41.88309782322727], [-87.63132028109185, 41.88078182215588], [-87.62878971470593, 41.881339542710215], [-87.62868063433648, 41.880632505233066], [-87.62947159193558, 41.87934909838237], [-87.6306479799944, 41.879334568299754], [-87.63058573272372, 41.87697232638122], [-87.63532817820197, 41.876915683249656], [-87.63535677320255, 41.878006475086465], [-87.63654988467573, 41.87799160169138], [-87.63652287880242, 41.876901368968525], [-87.63934468593507, 41.87686543662775], [-87.63937907667452, 41.8779563175198], [-87.63808240357952, 41.87797251382025], [-87.6387686189495, 41.8805972544687], [-87.63661743275937, 41.880717703631056], [-87.63600172831264, 41.87999832286464], [-87.63547532916692, 41.882553528663635], [-87.63665630384612, 41.882548075534814], [-87.63664442665959, 41.88180925274535], [-87.63986641422215, 41.88176744826635], [-87.63965796558638, 41.884559498108096], [-87.63904083694705, 41.88456208098224], [-87.6397469197637, 41.887621126285616], [-87.63857857813534, 41.88582838713013], [-87.636737556047, 41.8858336646628], [-87.63552012594624, 41.88435610863232]]]]}}, {"type": "Feature", "properties": {"tif_name": "Bryn Mawr/Broadway", "municipality": "Chicago", "county": "Cook", "year_created": 1998, "year_expiry": 2032, "ordinance": "T- 13", "active": true, "source": "City of Chicago", "source_url": "https://data.cityofchicago.org/resource/eejr-xtfb.geojson"}, "geometry": {"type": "MultiPolygon", "coordinates": [[[[-87.66051334545418, 41.98450569168394], [-87.65897786798106, 41.98387253182749], [-87.65505350048298, 41.9841417660273], [-87.6550296177891, 41.98320381326134], [-87.65868840572845, 41.98325713088508], [-87.65773243054515, 41.97781647141703], [-87.65859403671492, 41.97780554180297], [-87.6588723750418, 41.979900149151234], [-87.66065965017891, 41.97959944367385], [-87.66022574722945, 41.982546307627565], [-87.66151361739956, 41.9840025683424], [-87.66051334545418, 41.98450569168394]]]]}}, {"type": "Feature", "properties": {"tif_name": "Lake Calumet Area Industrial", "municipality": "Chicago", "county": "Cook", "year_created": 2000, "year_expiry": 2036, "ordinance": "T-103", "active": true, "source": "City of Chicago", "source_url": "https://data.cityofchicago.org/resource/eejr-xtfb.geojson"}, "geometry": {"type": "MultiPolygon", "coordinates": [[[[-87.52691117486881, 41.726297444771326], [-87.52688128486182, 41.725050551704165], [-87.52531211469557, 41.725067080797864], [-87.52467272659001, 41.72323893469548], [-87.53523395259553, 41.72296073749729], [-87.53788854310771, 41.72628039762243], [-87.53876525808302, 41.72587106880764], [-87.53799647617191, 41.72493295873285], [-87.53878444638129, 41.72481919762297], [-87.53707656047821, 41.72339065244428], [-87.54000616195756, 41.72279168996578], [-87.53948337501409, 41.7195707588731], [-87.53878741810146, 41.71958268915198], [-87.53879235723481, 41.70994502026378], [-87.53999803881429, 41.70994286746124], [-87.53999834349095, 41.70812492335441], [-87.54187359336257, 41.7081293477064], [-87.54189911707428, 41.702650661818424], [-87.54365323718913, 41.7026528422846], [-87.5436550758244, 41.70085647812253], [-87.54487389582074, 41.70085606491747], [-87.54486139520777, 41.69560431958208], [-87.54244826949532, 41.69559697257806], [-87.54239819957337, 41.68823105345809], [-87.54033830018909, 41.68831935953225], [-87.54031542573361, 41.6848938931893], [-87.54513021988762, 41.68462574392037], [-87.54540589344471, 41.678755919702475], [-87.54775516420132, 41.67760297112036], [-87.54966338871074, 41.678340612814715], [-87.55200861347447, 41.677793058990495], [-87.55168693945127, 41.67670268908045], [-87.54949800710455, 41.67569981293175], [-87.55183903759503, 41.674291316559525], [-87.5497138764749, 41.67428127332495], [-87.54957384645607, 41.67012660167484], [-87.55213258040412, 41.67055067031693], [-87.55261262577952, 41.672281595340586], [-87.55530593897767, 41.671352026544085], [-87.55203727017751, 41.66647029073469], [-87.55862967303882, 41.66651134784344], [-87.55863621461793, 41.659340320914865], [-87.55794796523051, 41.65933771111048], [-87.55779971285125, 41.658023652895366], [-87.54190734815957, 41.64551264041726], [-87.54271398317842, 41.64538437706436], [-87.54180702358418, 41.64456224163311], [-87.55943772637713, 41.64464197458721], [-87.55948949655263, 41.64949425730092], [-87.56127964057526, 41.65177721781258], [-87.56744304154032, 41.65178587425676], [-87.57289837884927, 41.657278951943326], [-87.57330086007453, 41.658795998075405], [-87.58230444102347, 41.6594247987732], [-87.58551277526509, 41.660857792772084], [-87.59071155448855, 41.66109823725953], [-87.6018985275668, 41.674641473058166], [-87.60650428734465, 41.674695776220375], [-87.60562928799763, 41.673678236790465], [-87.6067555571128, 41.67369145530483], [-87.60206763569546, 41.66829480473046], [-87.61249204860682, 41.67374827009871], [-87.61324633574165, 41.67858517391458], [-87.61167683328142, 41.68543753931477], [-87.60665991445266, 41.685577721737616], [-87.60533857467372, 41.68729988081649], [-87.60543669771246, 41.692684056825044], [-87.61002783439788, 41.69263567785723], [-87.60885507639726, 41.69777876777671], [-87.60630512065244, 41.69834682181406], [-87.6064158048392, 41.70203156102393], [-87.60252247414624, 41.702086757988084], [-87.60162420157768, 41.70140157072165], [-87.60366013239192, 41.695180339638185], [-87.60359709339218, 41.69297799886143], [-87.60200062203671, 41.69299381159466], [-87.60056594979322, 41.69565023877603], [-87.59628938256171, 41.69433964051728], [-87.5973632028799, 41.69167449496938], [-87.5964684656599, 41.691489872622874], [-87.59333201016831, 41.69149881284468], [-87.59183528198123, 41.692430245994245], [-87.59118028639223, 41.69401610999214], [-87.58895510109983, 41.69400876725283], [-87.58949698244507, 41.69009651093], [-87.59488551546512, 41.69083480034539], [-87.59688785043924, 41.686724121933864], [-87.59548927257481, 41.68591389697208], [-87.59432323953315, 41.68756754421973], [-87.58517085621368, 41.6876842056742], [-87.58820609364462, 41.688993748158175], [-87.58695930669414, 41.6953566010159], [-87.58039992939426, 41.69555775352607], [-87.57876977519138, 41.693309760604684], [-87.57788310655208, 41.6933234778465], [-87.57787094567475, 41.69710281055747], [-87.58121485500718, 41.70230480071353], [-87.59086709832809, 41.70214461947266], [-87.5845986912082, 41.70739180037851], [-87.58523293138235, 41.71505568607799], [-87.5923269211854, 41.71373837280764], [-87.59139075214371, 41.72211429892518], [-87.58598231423497, 41.722195005451], [-87.57979408039495, 41.71525131945412], [-87.57488081104032, 41.71531987648087], [-87.56579701663726, 41.70523127208348], [-87.56583908322986, 41.708191247851225], [-87.5631817716724, 41.70823088016796], [-87.56313148977621, 41.70449052845343], [-87.56578636332581, 41.70448271496153], [-87.56570065475911, 41.701725526150476], [-87.5632788904712, 41.69783933386458], [-87.56183044205562, 41.6978478404734], [-87.56181824974618, 41.696931758484695], [-87.55967186445392, 41.696944387251555], [-87.55977071593514, 41.70468146250802], [-87.5588443079859, 41.704691633535276], [-87.55977311139135, 41.70485368441071], [-87.559783542029, 41.7056060768788], [-87.55885708185532, 41.705610683372164], [-87.55978639522645, 41.70581178103402], [-87.55992117324621, 41.71552033683269], [-87.55358971028117, 41.71555504773793], [-87.55356131527445, 41.7134861899448], [-87.55494087518827, 41.71347907731821], [-87.55486873637061, 41.708105160066815], [-87.55654775021095, 41.7081045561763], [-87.55652608168639, 41.706533780787986], [-87.55343614520145, 41.7065133189108], [-87.54755678401123, 41.71904500515028], [-87.54841461038718, 41.71903489646103], [-87.54846572639391, 41.72279711390032], [-87.5431607657063, 41.72272503955996], [-87.54265520771791, 41.72440845505806], [-87.5403300747509, 41.724435053439166], [-87.54013585880115, 41.72563119022358], [-87.5417498042673, 41.726474174514586], [-87.54096216838249, 41.727358505994815], [-87.52960812413926, 41.73249212970612], [-87.52694406965489, 41.72766972049048], [-87.52691117486881, 41.726297444771326]]]]}}, {"type": "Feature", "properties": {"tif_name": "Harrison/Central", "municipality": "Chicago", "county": "Cook", "year_created": 2006, "year_expiry": 2030, "ordinance": "T-144", "active": true, "source": "City of Chicago", "source_url": "https://data.cityofchicago.org/resource/eejr-xtfb.geojson"}, "geometry": {"type": "MultiPolygon", "coordinates": [[[[-87.75560154807961, 41.87980008759423], [-87.75471824385458, 41.87494210183041], [-87.75347497747576, 41.874957840070024], [-87.75350828082068, 41.87586366645345], [-87.74937469417353, 41.87591566446786], [-87.74927216979924, 41.873109474452995], [-87.7546485025881, 41.87304283723213], [-87.75454217489121, 41.87014457987357], [-87.75718327317082, 41.87013388374797], [-87.75722724748037, 41.87110831471494], [-87.76160728266242, 41.8710523763739], [-87.7615872295024, 41.87050929776021], [-87.76435012021203, 41.86998196173613], [-87.76465506976454, 41.870968659680834], [-87.7742145988162, 41.87122202042619], [-87.77444568877426, 41.877518683846276], [-87.76463155257659, 41.87753153604184], [-87.76469242047446, 41.87916494214702], [-87.76398225501707, 41.87970182117482], [-87.75560154807961, 41.87980008759423]]]]}}, {"type": "Feature", "properties": {"tif_name": "Little Village Industrial Corridor", "municipality": "Chicago", "county": "Cook", "year_created": 2007, "year_expiry": 2031, "ordinance": "T-152", "active": true, "source": "City of Chicago", "source_url": "https://data.cityofchicago.org/resource/eejr-xtfb.geojson"}, "geometry": {"type": "MultiPolygon", "coordinates": [[[[-87.73643744993498, 41.83886801485546], [-87.73586972198565, 41.8372375832305], [-87.72909207514218, 41.836921444237035], [-87.72901427870976, 41.83327038758226], [-87.71758036998916, 41.833508292724375], [-87.71588229127742, 41.835296509009794], [-87.71593145771432, 41.837122096585006], [-87.70482014030686, 41.83713910680269], [-87.70472100070214, 41.83374292478419], [-87.71455915224016, 41.833130416051624], [-87.71437543171078, 41.82901998980237], [-87.73846943958165, 41.821440822717825], [-87.73894251981976, 41.84101460191258], [-87.73650669140626, 41.841045659168216], [-87.73643744993498, 41.83886801485546]]]]}}, {"type": "Feature", "properties": {"tif_name": "Greater Southwest Industrial (East)", "municipality": "Chicago", "county": "Cook", "year_created": 1999, "year_expiry": 2035, "ordinance": "T- 66", "active": true, "source": "City of Chicago", "source_url": "https://data.cityofchicago.org/resource/eejr-xtfb.geojson"}, "geometry": {"type": "MultiPolygon", "coordinates": [[[[-87.67799019549598, 41.761548679993105], [-87.67574903629179, 41.761228896894735], [-87.67570011666413, 41.75940041718742], [-87.67166690584396, 41.75944601671786], [-87.67162953697637, 41.75823102491452], [-87.67335665867608, 41.758112458634116], [-87.67333894100753, 41.7574311226797], [-87.6780586644135, 41.75737652274591], [-87.67786559384741, 41.75017172785715], [-87.67841507227169, 41.75016481769624], [-87.67860886162146, 41.75736988956663], [-87.68048243683133, 41.75694480974205], [-87.68044585092274, 41.75552815628754], [-87.68225498218193, 41.75550411868101], [-87.68221061123674, 41.75386030249405], [-87.6804032696426, 41.753878641358185], [-87.68030615559286, 41.750031829682435], [-87.68303028892291, 41.74996918198062], [-87.68317855957213, 41.75540945631881], [-87.68676889435211, 41.755360450310285], [-87.68320473519707, 41.75635282236087], [-87.68322934014887, 41.75724134740052], [-87.6872180037659, 41.756441599148225], [-87.70201076236621, 41.749894795151384], [-87.70208372468493, 41.75077153366928], [-87.6965211652119, 41.75345482322654], [-87.70236461993882, 41.752993526245724], [-87.70236495224353, 41.75901105741134], [-87.68787318578264, 41.7592413982291], [-87.68782701099602, 41.75749987769623], [-87.6869527458306, 41.75751378813226], [-87.68444941687434, 41.759296153851935], [-87.68288265986115, 41.7593233746814], [-87.68238541329788, 41.75796013209092], [-87.68063181069596, 41.75784326558151], [-87.68067285123189, 41.75934885879296], [-87.67945725688035, 41.75936285881478], [-87.67955020992753, 41.76301665822118], [-87.67858111980641, 41.763026781514064], [-87.67862817400612, 41.764743994552234], [-87.67807318882709, 41.76474932550649], [-87.67799019549598, 41.761548679993105]]]]}}, {"type": "Feature", "properties": {"tif_name": "Chicago/Central Park", "municipality": "Chicago", "county": "Cook", "year_created": 2002, "year_expiry": 2026, "ordinance": "T-115", "active": true, "source": "City of Chicago", "source_url": "https://data.cityofchicago.org/resource/eejr-xtfb.geojson"}, "geometry": {"type": "MultiPolygon", "coordinates": [[[[-87.72134577592517, 41.90388322301277], [-87.71973335466151, 41.90261678504927], [-87.71789298872494, 41.90263212871211], [-87.71786847454126, 41.90190285264041], [-87.71665321465319, 41.90193030614969], [-87.71591392220282, 41.90084477367604], [-87.71294678625792, 41.90071089063914], [-87.71227334847362, 41.89955631654093], [-87.71289284937137, 41.899050115786146], [-87.71097036217891, 41.899067208874285], [-87.7109281478404, 41.89777870008938], [-87.71006252753267, 41.89759098954139], [-87.70998342186985, 41.8954137644959], [-87.70872564647898, 41.89542660790691], [-87.70881000305297, 41.898005589167106], [-87.70671183791487, 41.896736254614375], [-87.70634049160692, 41.88447070169505], [-87.71591343997099, 41.88502460079626], [-87.71614099316342, 41.887976491179145], [-87.72082596198535, 41.88791754605425], [-87.72075543981974, 41.88530431948465], [-87.7216935874508, 41.88535849660496], [-87.72237650920417, 41.8858207495482], [-87.72243641859433, 41.88789725498504], [-87.72574971400321, 41.88785545797542], [-87.7245340958856, 41.88814522314495], [-87.725272206583, 41.88948519648389], [-87.72458155003623, 41.88998603973032], [-87.72584588315685, 41.89124372592773], [-87.72589099173791, 41.892832332514075], [-87.724909980639, 41.89284771998175], [-87.7248740430772, 41.89159571612039], [-87.72411119774364, 41.89160495437521], [-87.7241551477751, 41.89323362048129], [-87.72591354290127, 41.89363854532145], [-87.7247548726042, 41.89587763983334], [-87.7267422200377, 41.89581180960184], [-87.72694023760856, 41.902524003716486], [-87.73600831361765, 41.90207795313263], [-87.73603301239469, 41.90299086956769], [-87.72693711870116, 41.90314874041656], [-87.72701690936393, 41.905275891046706], [-87.72626686793225, 41.90556062179367], [-87.72134577592517, 41.90388322301277]]]]}}, {"type": "Feature", "properties": {"tif_name": "119th and Halsted", "municipality": "Chicago", "county": "Cook", "year_created": 2002, "year_expiry": 2026, "ordinance": "T-114", "active": true, "source": "City of Chicago", "source_url": "https://data.cityofchicago.org/resource/eejr-xtfb.geojson"}, "geometry": {"type": "MultiPolygon", "coordinates": [[[[-87.6471803698633, 41.68910849987524], [-87.64530574467653, 41.68877463540422], [-87.64524654530658, 41.68696054404181], [-87.6422095257796, 41.686936594940796], [-87.64215209815443, 41.68508211976918], [-87.64149036992953, 41.68509183545764], [-87.64120439934592, 41.678275870829076], [-87.62110459772724, 41.67850197429769], [-87.62107950223002, 41.677624070042604], [-87.62854054628255, 41.67755182716256], [-87.62822610775906, 41.66696462922569], [-87.63584966476698, 41.66687416435231], [-87.63401800848713, 41.663276272831126], [-87.63466789564443, 41.663265503171694], [-87.63647410533287, 41.66686627517937], [-87.63901657578464, 41.666834020959335], [-87.63874014324081, 41.658473675895394], [-87.63512871196694, 41.658247724494935], [-87.63512805653676, 41.657360365913114], [-87.64698846473502, 41.65763048912825], [-87.64721866786307, 41.66315108809197], [-87.64143633374368, 41.66323568277613], [-87.64238457152008, 41.67403137832627], [-87.64406899600723, 41.67428620571861], [-87.64237976349523, 41.674584570716064], [-87.64245383015528, 41.67682388627515], [-87.64415461074286, 41.67680061553876], [-87.64423017060793, 41.67786993544826], [-87.64662059175028, 41.67783713859146], [-87.64369062890553, 41.67823444976558], [-87.64369042890132, 41.6814237145984], [-87.64528424958156, 41.684579569884995], [-87.64699658981749, 41.6845550661275], [-87.64551543276576, 41.685037337363696], [-87.64916474953118, 41.69227384990576], [-87.6471803698633, 41.68910849987524]]]]}}, {"type": "Feature", "properties": {"tif_name": "Sanitary Drainage and Ship Canal", "municipality": "Chicago", "county": "Cook", "year_created": 1991, "year_expiry": 2027, "ordinance": "T- 42", "active": true, "source": "City of Chicago", "source_url": "https://data.cityofchicago.org/resource/eejr-xtfb.geojson"}, "geometry": {"type": "MultiPolygon", "coordinates": [[[[-87.6948431540116, 41.83515162410072], [-87.69482233035103, 41.83443344331504], [-87.6877725547191, 41.83664312916243], [-87.68761141117159, 41.83014225867888], [-87.69493579306597, 41.83000191361473], [-87.69502989622089, 41.83324215782317], [-87.69976522052141, 41.8317592460445], [-87.7019159648999, 41.83221434384167], [-87.70477299982437, 41.83132149578651], [-87.70479379495072, 41.83203138743529], [-87.71437543171078, 41.82901998980237], [-87.71455915224016, 41.833130416051624], [-87.70228374641275, 41.83410810029189], [-87.70238041267874, 41.83736683044152], [-87.69491143195027, 41.83750477450752], [-87.6948431540116, 41.83515162410072]]]]}}, {"type": "Feature", "properties": {"tif_name": "26th & King Drive", "municipality": "Chicago", "county": "Cook", "year_created": 2006, "year_expiry": 2030, "ordinance": "T-141", "active": true, "source": "City of Chicago", "source_url": "https://data.cityofchicago.org/resource/eejr-xtfb.geojson"}, "geometry": {"type": "MultiPolygon", "coordinates": [[[[-87.62441690502693, 41.84553979723296], [-87.62453568525295, 41.84753779275125], [-87.61789920052108, 41.84763325897885], [-87.6178497627696, 41.845632987904054], [-87.62441690502693, 41.84553979723296]]]]}}, {"type": "Feature", "properties": {"tif_name": "79th Street Corridor", "municipality": "Chicago", "county": "Cook", "year_created": 1998, "year_expiry": 2034, "ordinance": "T- 56", "active": true, "source": "City of Chicago", "source_url": "https://data.cityofchicago.org/resource/eejr-xtfb.geojson"}, "geometry": {"type": "MultiPolygon", "coordinates": [[[[-87.66676936543296, 41.75941585715125], [-87.65397330703979, 41.759596325929806], [-87.65311598984826, 41.750942382351084], [-87.645390200608, 41.75105017432969], [-87.64469779762298, 41.75128236573029], [-87.64472899129638, 41.75253329755778], [-87.64351824339178, 41.752550843304384], [-87.64347981229706, 41.75106083909047], [-87.63963694740156, 41.750621609877435], [-87.64269217651972, 41.75025520943767], [-87.6433214833724, 41.74692051836897], [-87.6445694812609, 41.746898995831955], [-87.6446882853993, 41.75019046015958], [-87.65309377479934, 41.750019779707145], [-87.65300430386375, 41.74677608380909], [-87.65427592745755, 41.74675753449013], [-87.65436647464074, 41.75007209518192], [-87.66279798423123, 41.74995371321972], [-87.6627584397036, 41.74845745099537], [-87.6640244393424, 41.74843997018752], [-87.66405989525735, 41.74987396713403], [-87.66885649915707, 41.749809488670856], [-87.66882152479825, 41.748375221202565], [-87.66957836429481, 41.74836510548658], [-87.66962626407623, 41.75036762946412], [-87.66410442437154, 41.750773371336976], [-87.66412302861123, 41.7522563923271], [-87.66272590135786, 41.752275183254504], [-87.66269196613854, 41.75083742019456], [-87.6619592084546, 41.750847741058394], [-87.65549221954232, 41.75094682068156], [-87.6555223317623, 41.752383092754094], [-87.65390714717344, 41.75240719840479], [-87.65482075375031, 41.755047568927104], [-87.65627675965325, 41.75502723232408], [-87.65625058945096, 41.756129355826815], [-87.65400683869063, 41.756159910146906], [-87.65402976218058, 41.75702373224935], [-87.65514542518677, 41.75707071960645], [-87.65516092621408, 41.75765238419903], [-87.65864466793842, 41.7571074028316], [-87.65858916961218, 41.75499484176146], [-87.65885288375854, 41.755794433555025], [-87.66421257244274, 41.75571671441038], [-87.66424610700183, 41.75701178175343], [-87.67333507318232, 41.757388240609366], [-87.67335361792983, 41.75793028569025], [-87.66684486632931, 41.75800281462873], [-87.66676936543296, 41.75941585715125]]]]}}, {"type": "Feature", "properties": {"tif_name": "79th/Vincennes", "municipality": "Chicago", "county": "Cook", "year_created": 2007, "year_expiry": 2031, "ordinance": "T-155", "active": true, "source": "City of Chicago", "source_url": "https://data.cityofchicago.org/resource/eejr-xtfb.geojson"}, "geometry": {"type": "MultiPolygon", "coordinates": [[[[-87.63676345120348, 41.75663532587029], [-87.63300068589459, 41.75636694597155], [-87.6330378601082, 41.75819018709832], [-87.63140533292557, 41.75821949045216], [-87.63138406158018, 41.75639226200925], [-87.62892152725559, 41.756431745161144], [-87.62853257706445, 41.754752758761946], [-87.6269949335961, 41.75464127824788], [-87.62692170045322, 41.75100183209881], [-87.62570386254579, 41.751020824820976], [-87.62569015630078, 41.750452747198], [-87.6341504383633, 41.750312386695235], [-87.63408695574448, 41.74724040956243], [-87.63533400936934, 41.74721132765075], [-87.63490390074398, 41.74885831654648], [-87.63993431534722, 41.74878823369184], [-87.64369093142524, 41.73863505780104], [-87.64031621954841, 41.748783347555786], [-87.64166600269286, 41.74876590448887], [-87.64170540551672, 41.750270733817025], [-87.63963694740156, 41.750621609877435], [-87.64347981229706, 41.75106083909047], [-87.64351824339178, 41.752550843304384], [-87.64472899129638, 41.75253329755778], [-87.64476989398997, 41.75417200132121], [-87.64668068160407, 41.75414627892547], [-87.64671308160304, 41.75543560101884], [-87.64429330872622, 41.75463820118535], [-87.64422768440355, 41.75788810403783], [-87.64288633695344, 41.75791846579994], [-87.64284224673474, 41.7561877589739], [-87.6394273673042, 41.75624578227571], [-87.63932304029554, 41.7514643568608], [-87.63936393689153, 41.75960919900521], [-87.63911764183945, 41.754359393140035], [-87.63841873672229, 41.75411920261875], [-87.63378447714797, 41.76537361660037], [-87.63676345120348, 41.75663532587029]]]]}}, {"type": "Feature", "properties": {"tif_name": "71st & Stony Island", "municipality": "Chicago", "county": "Cook", "year_created": 1998, "year_expiry": 2034, "ordinance": "T- 60", "active": true, "source": "City of Chicago", "source_url": "https://data.cityofchicago.org/resource/eejr-xtfb.geojson"}, "geometry": {"type": "MultiPolygon", "coordinates": [[[[-87.5869749740889, 41.77507630832241], [-87.58796064036306, 41.773404244459], [-87.58566265287163, 41.77342739181348], [-87.5860218737872, 41.76960557056746], [-87.58515643527222, 41.76898291090274], [-87.58510023757839, 41.7667086237395], [-87.5836132396675, 41.76699877105668], [-87.58369316490509, 41.76981108110928], [-87.58272797572904, 41.769821697746615], [-87.58263023821954, 41.76646028982393], [-87.56666344239245, 41.76723472396916], [-87.566569083949, 41.77368462743704], [-87.5640186478869, 41.772048477638755], [-87.56245903249506, 41.77206601533371], [-87.56353783288125, 41.77117109081493], [-87.56239566592619, 41.76888978765595], [-87.56013140355071, 41.76831709593868], [-87.55944434899507, 41.769228348945155], [-87.55937321609164, 41.7666436811603], [-87.56627515533498, 41.76616564554169], [-87.56522219202418, 41.76493710389534], [-87.56609437416708, 41.76490387517213], [-87.56534714901612, 41.763818225820444], [-87.56658911511039, 41.763805764325134], [-87.56698144981179, 41.7658875317888], [-87.57332336905677, 41.76584601059153], [-87.57340567655108, 41.764276116537516], [-87.5763800583931, 41.76424409757945], [-87.57641076858242, 41.76564806088818], [-87.58528730364606, 41.76569478301794], [-87.58507585698443, 41.75886301961965], [-87.58360900856717, 41.758879857358146], [-87.58365531184599, 41.76070122439266], [-87.58306531706268, 41.76070812604748], [-87.5810426847563, 41.7589092407888], [-87.57602271602693, 41.7589664940974], [-87.57597905822338, 41.75696879709624], [-87.5784276449212, 41.75694067357522], [-87.5783863347091, 41.75512406050348], [-87.57985061092198, 41.75510650622526], [-87.57992473418734, 41.75835168387281], [-87.58399971562501, 41.75837575402201], [-87.58396246871854, 41.75687695924787], [-87.58506073711008, 41.756864304032234], [-87.5849753021775, 41.752312107984515], [-87.58276635458742, 41.751609584105104], [-87.58346117035698, 41.75103255734603], [-87.58274119501174, 41.75015907055364], [-87.58407701073335, 41.74888658412472], [-87.5884504823082, 41.75119575161093], [-87.59363306264709, 41.751291803841525], [-87.59662143673675, 41.7504131782805], [-87.59534484369813, 41.75699410573977], [-87.5942564492044, 41.75568614695196], [-87.59490646609055, 41.75415812892691], [-87.59421327833128, 41.75416553751834], [-87.59418784677828, 41.75297049556629], [-87.5953769362537, 41.75281057237993], [-87.59534902686242, 41.75164450423155], [-87.5919648037661, 41.75188402928282], [-87.59199589804469, 41.753332558622915], [-87.59058168051814, 41.75434167332211], [-87.5942608642566, 41.75698153947063], [-87.593475804324, 41.75698834172723], [-87.59333022176025, 41.75780886967632], [-87.58844464255733, 41.75703206999884], [-87.58849144538503, 41.75884822065259], [-87.58683103368735, 41.75924211736796], [-87.58678816491833, 41.76249163459261], [-87.58859405840857, 41.762824163177754], [-87.58860865398758, 41.76339413820207], [-87.58707908248839, 41.76340605856225], [-87.58713533981566, 41.76556728059881], [-87.59331521603592, 41.76591916958916], [-87.59164788689742, 41.77318847652637], [-87.5966675580217, 41.77314118357675], [-87.59671207117539, 41.77496329894708], [-87.5869749740889, 41.77507630832241]], [[-87.59098225216948, 41.77190111129948], [-87.58876182926598, 41.7713989175398], [-87.59096157875358, 41.77101709701537], [-87.590910153582, 41.768826106270645], [-87.58705880939971, 41.76886251557154], [-87.58694752035464, 41.77285929182919], [-87.59100418540224, 41.77283497189904], [-87.59098225216948, 41.77190111129948]]]]}}, {"type": "Feature", "properties": {"tif_name": "Touhy/Western", "municipality": "Chicago", "county": "Cook", "year_created": 2006, "year_expiry": 2030, "ordinance": "T-146", "active": true, "source": "City of Chicago", "source_url": "https://data.cityofchicago.org/resource/eejr-xtfb.geojson"}, "geometry": {"type": "MultiPolygon", "coordinates": [[[[-87.67986632251245, 42.00487995342157], [-87.67946316860413, 42.004004948441995], [-87.68211278114765, 42.00422560838471], [-87.68155692461467, 42.00129841083447], [-87.6832564018324, 42.00104065383941], [-87.6832290389192, 42.000086529490915], [-87.69057659590194, 41.99962108943536], [-87.69111947265071, 42.01178768299643], [-87.70434241432338, 42.011494772972064], [-87.70448220606121, 42.0033453201222], [-87.70568058273818, 42.003324474908176], [-87.70569214571637, 42.00212512624996], [-87.70943822488772, 42.00196858379459], [-87.70940734371092, 42.0033127943333], [-87.70591728422087, 42.00365556522963], [-87.70589840480159, 42.0046185623524], [-87.7093789841029, 42.004547141084196], [-87.70686187705331, 42.004818442856866], [-87.70679078462514, 42.00823923352881], [-87.70581544148624, 42.00826096306495], [-87.7057765093211, 42.01013305410206], [-87.70705882450362, 42.01010443812554], [-87.70613690258924, 42.01108275551546], [-87.70703890029033, 42.01106265427732], [-87.70702039986823, 42.01199822594816], [-87.69509813841518, 42.01264904557042], [-87.6974586671692, 42.01293755282996], [-87.6974129854599, 42.01583899970984], [-87.69245427299009, 42.01538294369306], [-87.69260370804784, 42.01277669370914], [-87.69181938814589, 42.01279388286657], [-87.69179912605246, 42.01470031789806], [-87.69090649512466, 42.01472007800965], [-87.69080897692774, 42.01779491611823], [-87.69000580420234, 42.01780570841787], [-87.68943734475187, 42.005140951356275], [-87.67986632251245, 42.00487995342157]]]]}}, {"type": "Feature", "properties": {"tif_name": "63rd/Pulaski", "municipality": "Chicago", "county": "Cook", "year_created": 2000, "year_expiry": 2036, "ordinance": "T- 98", "active": true, "source": "City of Chicago", "source_url": "https://data.cityofchicago.org/resource/eejr-xtfb.geojson"}, "geometry": {"type": "MultiPolygon", "coordinates": [[[[-87.72179956591086, 41.765832630015645], [-87.72307403540043, 41.7659925938797], [-87.72338828424425, 41.77817022659597], [-87.7372809933578, 41.778397374935324], [-87.73707112245744, 41.77111547530931], [-87.7377020886394, 41.7711081195004], [-87.73793724271584, 41.778002744718854], [-87.74117157458225, 41.777968031810936], [-87.7412066855531, 41.77894178109819], [-87.73809146775488, 41.779102470816085], [-87.73800347356767, 41.78213912761802], [-87.73886379309457, 41.78220933572307], [-87.73893942958983, 41.784651272599135], [-87.73803965016292, 41.784150225039845], [-87.73808791332573, 41.785687169866705], [-87.73750771098186, 41.78569321885544], [-87.73729738502922, 41.77896316948464], [-87.72341314870829, 41.779136844308965], [-87.72384565217078, 41.794952468371065], [-87.72823449161277, 41.794908709315536], [-87.72839357205379, 41.80058575235949], [-87.72318729913844, 41.80063727800238], [-87.72213698462878, 41.77916639693816], [-87.71313502757845, 41.77892102060883], [-87.71310089142884, 41.77797743957149], [-87.71590589407258, 41.778655954979484], [-87.72209099391004, 41.77817957779143], [-87.72179956591086, 41.765832630015645]]]]}}, {"type": "Feature", "properties": {"tif_name": "Lawrence/Pulaski", "municipality": "Chicago", "county": "Cook", "year_created": 2002, "year_expiry": 2026, "ordinance": "T-116", "active": true, "source": "City of Chicago", "source_url": "https://data.cityofchicago.org/resource/eejr-xtfb.geojson"}, "geometry": {"type": "MultiPolygon", "coordinates": [[[[-87.72695086156021, 41.968732159086166], [-87.72722580436508, 41.961415740690285], [-87.72649320822237, 41.96142572048539], [-87.7264663537786, 41.960487423274245], [-87.72715428626871, 41.959856924674035], [-87.72414356538549, 41.957260932735096], [-87.72539007622665, 41.957240124158105], [-87.72956740621832, 41.96052171969509], [-87.73119929325826, 41.96055125608172], [-87.73074079341241, 41.96100548693618], [-87.73412620574176, 41.96333438028216], [-87.73328786082658, 41.96405426894868], [-87.72846737278822, 41.961349731093286], [-87.72865437397145, 41.96775015611186], [-87.7367799013585, 41.96768292759946], [-87.73680274686959, 41.968624060939376], [-87.72939923651104, 41.96870527411091], [-87.72942292807787, 41.96951559174681], [-87.72871323157545, 41.96952086407028], [-87.72879565820425, 41.97244901236725], [-87.72827030644946, 41.97245466638665], [-87.72837975545251, 41.97646744438268], [-87.72335731567091, 41.97652351384216], [-87.72333015536566, 41.97549286568976], [-87.72698398280477, 41.97540602155385], [-87.72665945755148, 41.97317573864032], [-87.72753183784356, 41.97316613105726], [-87.72695086156021, 41.968732159086166]]]]}}, {"type": "Feature", "properties": {"tif_name": "Avondale", "municipality": "Chicago", "county": "Cook", "year_created": 2009, "year_expiry": 2033, "ordinance": "T-167", "active": true, "source": "City of Chicago", "source_url": "https://data.cityofchicago.org/resource/eejr-xtfb.geojson"}, "geometry": {"type": "MultiPolygon", "coordinates": [[[[-87.72686639744826, 41.95001045332397], [-87.72660447814617, 41.94116443198496], [-87.72512196338843, 41.9399885387003], [-87.72686182925014, 41.94105173117663], [-87.72785341824337, 41.94008727815609], [-87.72791113603505, 41.94096414124011], [-87.73486938141261, 41.94504815487232], [-87.73451060563697, 41.945709708449066], [-87.73528756576529, 41.94618289784084], [-87.7328716692939, 41.94580223350075], [-87.7300745424391, 41.943214811706284], [-87.72793294349934, 41.94277564730587], [-87.72761751199853, 41.94961818528219], [-87.72833286271383, 41.950308899140964], [-87.72763852504146, 41.950326413119626], [-87.72766041138995, 41.951058366502195], [-87.72686639744826, 41.95001045332397]]]]}}, {"type": "Feature", "properties": {"tif_name": "87th/Cottage Grove", "municipality": "Chicago", "county": "Cook", "year_created": 2002, "year_expiry": 2026, "ordinance": "T-127", "active": true, "source": "City of Chicago", "source_url": "https://data.cityofchicago.org/resource/eejr-xtfb.geojson"}, "geometry": {"type": "MultiPolygon", "coordinates": [[[[-87.60598235534619, 41.765960599974136], [-87.60458967211231, 41.765888314667016], [-87.6053962446168, 41.76499309018536], [-87.60455565841254, 41.75168647542152], [-87.59804548475107, 41.751753231904004], [-87.59810415884895, 41.756219956174405], [-87.59534484369813, 41.75699410573977], [-87.59660050226937, 41.75148123700386], [-87.59777695181543, 41.75068583483421], [-87.60332879691332, 41.75103728864444], [-87.60451824259219, 41.750341804635454], [-87.60419905740558, 41.737075123155414], [-87.60060339873239, 41.737193746149636], [-87.60194242337546, 41.73621186030646], [-87.60401864198009, 41.736181365551886], [-87.60377216464232, 41.725805534368035], [-87.60324287867267, 41.72563218935899], [-87.60432762655118, 41.72384413721574], [-87.60408934126231, 41.72192379347908], [-87.60512668243038, 41.721906951818035], [-87.60501553094679, 41.72312860343159], [-87.61072861293577, 41.72550985443436], [-87.60907775518324, 41.72553980265669], [-87.60518320324768, 41.723792802211236], [-87.60550906052542, 41.73615974990346], [-87.6079128994917, 41.73651093596391], [-87.60811067163371, 41.73833805637793], [-87.60913999329854, 41.73832209983677], [-87.60918672273486, 41.74014406651737], [-87.60511322593632, 41.74031662431206], [-87.60585911212614, 41.750780114334304], [-87.61508086254425, 41.750631763148505], [-87.61510858957209, 41.751202420811694], [-87.60588099117417, 41.7516790667369], [-87.60618456489634, 41.76395289027919], [-87.60688363473325, 41.76394040842526], [-87.60691599162904, 41.76523784125629], [-87.60784919443398, 41.76592810152363], [-87.60598235534619, 41.765960599974136]]]]}}, {"type": "Feature", "properties": {"tif_name": "47th and King Drive", "municipality": "Chicago", "county": "Cook", "year_created": 2002, "year_expiry": 2026, "ordinance": "T-118", "active": true, "source": "City of Chicago", "source_url": "https://data.cityofchicago.org/resource/eejr-xtfb.geojson"}, "geometry": {"type": "MultiPolygon", "coordinates": [[[[-87.6179033856426, 41.82347974423467], [-87.61735111206707, 41.8234590892941], [-87.61730730926419, 41.821923628486395], [-87.61658094208022, 41.82193225506069], [-87.61687022820341, 41.81932694988733], [-87.61371298251208, 41.81938404837649], [-87.61414077632915, 41.81477810991048], [-87.61170854075314, 41.81482136411765], [-87.61157539846815, 41.80936946713648], [-87.61255324295783, 41.809354750409554], [-87.6124680437966, 41.80571898286637], [-87.6161274298526, 41.805660932728635], [-87.61560323834537, 41.8020214409293], [-87.62588797335302, 41.801864259151145], [-87.62639697919839, 41.821817180024084], [-87.62136841943274, 41.82188239050626], [-87.62141041047413, 41.82343716919182], [-87.6179033856426, 41.82347974423467]]]]}}, {"type": "Feature", "properties": {"tif_name": "Stevenson/Brighton", "municipality": "Chicago", "county": "Cook", "year_created": 2007, "year_expiry": 2031, "ordinance": "T-149", "active": true, "source": "City of Chicago", "source_url": "https://data.cityofchicago.org/resource/eejr-xtfb.geojson"}, "geometry": {"type": "MultiPolygon", "coordinates": [[[[-87.69498807633578, 41.83180079965362], [-87.69493579306597, 41.83000191361473], [-87.69784817240276, 41.82994599956449], [-87.69709276778602, 41.82812873228494], [-87.7019862518578, 41.828033943342476], [-87.7019640873621, 41.827302362784515], [-87.69218800254548, 41.827903927204986], [-87.68973083477286, 41.82753204881872], [-87.68970487430093, 41.82663876172653], [-87.68538365248423, 41.826724017773834], [-87.68850286393024, 41.826481304196264], [-87.68846604703181, 41.82509721633075], [-87.68955361771683, 41.82507754807248], [-87.68860546949422, 41.82481907051598], [-87.68963565199782, 41.82416512563741], [-87.68960963560157, 41.82279201932907], [-87.69227525931079, 41.82274173622178], [-87.69233674933102, 41.82474791060931], [-87.68989350956608, 41.82479457006637], [-87.6899148462773, 41.82552916641261], [-87.69235844313334, 41.82547883150985], [-87.69237423961333, 41.82601394369451], [-87.6945620908628, 41.82543545402484], [-87.69453661054763, 41.824521907894194], [-87.69697004989474, 41.82499656295801], [-87.69967251196806, 41.82441692886675], [-87.69969893933586, 41.82533119227865], [-87.70569783026335, 41.82520424624692], [-87.70567334618862, 41.82429327197167], [-87.70701765404259, 41.82427454651118], [-87.70705728369522, 41.82571299057116], [-87.71058879666069, 41.825602551557104], [-87.71062738641606, 41.824224861547634], [-87.71424020563455, 41.82412808775638], [-87.7141963419602, 41.82254226409254], [-87.70442245431747, 41.82267847738087], [-87.70413307435437, 41.81536249033677], [-87.7125456780487, 41.81524872676481], [-87.71227011202467, 41.80849674608094], [-87.71049370621927, 41.80813251226648], [-87.71022934695229, 41.80982528822392], [-87.71018085331404, 41.80852346764856], [-87.70742982665338, 41.80817173303865], [-87.69410367168706, 41.80884625735176], [-87.6940781338123, 41.80792257293039], [-87.6904274692529, 41.808429869801124], [-87.68985876384254, 41.80662111334867], [-87.6836649945719, 41.807254757560905], [-87.68359143694956, 41.80444696343141], [-87.68909277052359, 41.80434296272224], [-87.6890521475235, 41.80280368598035], [-87.69392926979597, 41.80272308559677], [-87.69387805326146, 41.800897966052055], [-87.70362949806425, 41.80073327481231], [-87.70374371856322, 41.8045697434203], [-87.71243567183852, 41.80434998718449], [-87.71361559446761, 41.805445893843114], [-87.7136762130491, 41.80807462629495], [-87.71879864218404, 41.80784168633809], [-87.71893614000615, 41.81150404715805], [-87.72138181938745, 41.81146961839314], [-87.72197780216771, 41.814196481107246], [-87.72400977305952, 41.81421482800828], [-87.7240406999471, 41.81510332117365], [-87.72861387367969, 41.81503833264493], [-87.72901779890005, 41.80771391032827], [-87.73700588660355, 41.807791526083264], [-87.73685854308475, 41.813149301188666], [-87.73789145334435, 41.81627029715869], [-87.73654929230065, 41.8162885238505], [-87.73371435249555, 41.818191847259286], [-87.73375151038798, 41.81941950185334], [-87.74356472406485, 41.81634226736368], [-87.7436032807673, 41.81790374031246], [-87.7297868156678, 41.822241261054124], [-87.73843511556106, 41.81974281561089], [-87.73845378638947, 41.820666636369346], [-87.73363668168382, 41.82218760438092], [-87.73621828542156, 41.82215131357767], [-87.70479379495072, 41.83203138743529], [-87.70477299982437, 41.83132149578651], [-87.7019159648999, 41.83221434384167], [-87.69976522052141, 41.8317592460445], [-87.69502989622089, 41.83324215782317], [-87.69498807633578, 41.83180079965362]]]]}}, {"type": "Feature", "properties": {"tif_name": "Addison South", "municipality": "Chicago", "county": "Cook", "year_created": 2007, "year_expiry": 2031, "ordinance": "T-150", "active": true, "source": "City of Chicago", "source_url": "https://data.cityofchicago.org/resource/eejr-xtfb.geojson"}, "geometry": {"type": "MultiPolygon", "coordinates": [[[[-87.688270704677, 41.940999808587506], [-87.68822487954594, 41.939361472255065], [-87.68547778247655, 41.93829024854874], [-87.68615121676544, 41.937022979432165], [-87.68542439874402, 41.93593173030651], [-87.68301682148265, 41.93596433955845], [-87.6829967979127, 41.93504677435999], [-87.68404687367752, 41.935038538846406], [-87.68394030893899, 41.93387451052278], [-87.6851931182415, 41.93396737403804], [-87.68780947159797, 41.93648292152921], [-87.68772764193228, 41.93227189333136], [-87.68534189920538, 41.93228891488755], [-87.68536896764046, 41.93348521896974], [-87.68409870274853, 41.933396814363654], [-87.68277041256091, 41.93157580491897], [-87.68384153137833, 41.931620232989616], [-87.68747018725338, 41.92859763300335], [-87.68853414039741, 41.93172802046264], [-87.69142933522888, 41.93170725078237], [-87.69015460915699, 41.930112034825], [-87.69408110265651, 41.93234059227398], [-87.69048797206948, 41.93264034326068], [-87.69052846491692, 41.93393166508877], [-87.69536816321195, 41.93724010017136], [-87.69458148761568, 41.937859480541945], [-87.6947587313989, 41.93897737860084], [-87.6915382931498, 41.939340994829315], [-87.69076106659342, 41.940997021553336], [-87.688270704677, 41.940999808587506]]]]}}, {"type": "Feature", "properties": {"tif_name": "Edgewater/Ashland", "municipality": "Chicago", "county": "Cook", "year_created": 2003, "year_expiry": 2027, "ordinance": "T-130", "active": true, "source": "City of Chicago", "source_url": "https://data.cityofchicago.org/resource/eejr-xtfb.geojson"}, "geometry": {"type": "MultiPolygon", "coordinates": [[[[-87.67003360208139, 41.984946008138905], [-87.67320438150445, 41.98597148863953], [-87.67053497210695, 41.98601990791903], [-87.67168140422918, 41.98728254002119], [-87.66993826132587, 41.9872705584677], [-87.67003360208139, 41.984946008138905]]]]}}, {"type": "Feature", "properties": {"tif_name": "51st and Lake Park", "municipality": "Chicago", "county": "Cook", "year_created": 2012, "year_expiry": 2036, "ordinance": "T-175", "active": true, "source": "City of Chicago", "source_url": "https://data.cityofchicago.org/resource/eejr-xtfb.geojson"}, "geometry": {"type": "MultiPolygon", "coordinates": [[[[-87.58853901276848, 41.8015522183513], [-87.58927194656958, 41.802084746993465], [-87.58799592477077, 41.80232490424162], [-87.58778156283668, 41.80156014743013], [-87.58853901276848, 41.8015522183513]]]]}}, {"type": "Feature", "properties": {"tif_name": "Lakefront", "municipality": "Chicago", "county": "Cook", "year_created": 2002, "year_expiry": 2026, "ordinance": "T-119", "active": true, "source": "City of Chicago", "source_url": "https://data.cityofchicago.org/resource/eejr-xtfb.geojson"}, "geometry": {"type": "MultiPolygon", "coordinates": [[[[-87.59623724271076, 41.816934406911216], [-87.59761914075541, 41.818051183027286], [-87.59973357423773, 41.817938744027366], [-87.60224578415188, 41.82259603410641], [-87.60117348582561, 41.82297444437924], [-87.60196792150617, 41.82401343602704], [-87.59623724271076, 41.816934406911216]]]]}}, {"type": "Feature", "properties": {"tif_name": "Near South", "municipality": "Chicago", "county": "Cook", "year_created": 1994, "year_expiry": 2014, "ordinance": "T- 31", "active": false, "source": "City of Chicago (inactive)", "source_url": "https://data.cityofchicago.org/resource/5eit-itsp.geojson"}, "geometry": {"type": "MultiPolygon", "coordinates": [[[[-87.6278070590033, 41.87581670188167], [-87.62403903854228, 41.875817280095106], [-87.62397371623733, 41.87307723403826], [-87.6257785281831, 41.87303895619019], [-87.62575237018284, 41.87193516816737], [-87.62442454247939, 41.87196386185094], [-87.62436386449485, 41.86942014799875], [-87.62038273469265, 41.86947291898132], [-87.62024074821893, 41.86769425644837], [-87.61839166514241, 41.867676163449765], [-87.61913528915815, 41.86618082204937], [-87.61845160065207, 41.86292685576532], [-87.61551405870738, 41.856197036846055], [-87.6184124484328, 41.855477009931775], [-87.61899696946168, 41.856822246648235], [-87.61895181433391, 41.85426345481512], [-87.62305706834589, 41.85393310138996], [-87.62303760886428, 41.85338246010826], [-87.62729771721008, 41.85415085731822], [-87.62771380044916, 41.871887061123466], [-87.62683781328678, 41.87191166411345], [-87.6268535063404, 41.8725737277543], [-87.62772977645685, 41.87255773456477], [-87.6277749927266, 41.8744657321401], [-87.6288231772682, 41.87531766939585], [-87.6278070590033, 41.87581670188167]], [[-87.62498108195784, 41.86897804246276], [-87.62495797506637, 41.86800484445024], [-87.62433038275087, 41.86801853554688], [-87.62435362587286, 41.8689917336094], [-87.62498108195784, 41.86897804246276]]]]}}, {"type": "Feature", "properties": {"tif_name": "Edgewater", "municipality": "Chicago", "county": "Cook", "year_created": 1986, "year_expiry": 2009, "ordinance": "T- 20", "active": false, "source": "City of Chicago (inactive)", "source_url": "https://data.cityofchicago.org/resource/5eit-itsp.geojson"}, "geometry": {"type": "MultiPolygon", "coordinates": [[[[-87.65860651145253, 41.978258763490295], [-87.65856988734974, 41.976925524887214], [-87.66006651069281, 41.97695829749406], [-87.66010241164585, 41.97823565809839], [-87.65860651145253, 41.978258763490295]]]]}}, {"type": "Feature", "properties": {"tif_name": "Addison Corridor North", "municipality": "Chicago", "county": "Cook", "year_created": 1997, "year_expiry": 2020, "ordinance": "T- 11", "active": false, "source": "City of Chicago (inactive)", "source_url": "https://data.cityofchicago.org/resource/5eit-itsp.geojson"}, "geometry": {"type": "MultiPolygon", "coordinates": [[[[-87.70055122652313, 41.94676917925572], [-87.69617621290662, 41.94680489766641], [-87.69519979481687, 41.94267467289051], [-87.69235190217195, 41.939333913854405], [-87.69534829121754, 41.93931849773608], [-87.69535871697111, 41.94069413121573], [-87.69796971850425, 41.940323214279715], [-87.69804143583022, 41.942695933381295], [-87.70290587473512, 41.94266956276626], [-87.70393099325862, 41.94337512762069], [-87.70396811495877, 41.94467598033164], [-87.70049702185048, 41.94485838046923], [-87.70055122652313, 41.94676917925572]]]]}}, {"type": "Feature", "properties": {"tif_name": "Central Loop", "municipality": "Chicago", "county": "Cook", "year_created": 1997, "year_expiry": 2008, "ordinance": "T- 14", "active": false, "source": "City of Chicago (inactive)", "source_url": "https://data.cityofchicago.org/resource/5eit-itsp.geojson"}, "geometry": {"type": "MultiPolygon", "coordinates": [[[[-87.62476250733283, 41.8885405144464], [-87.62410296901054, 41.8885418216358], [-87.62403903854228, 41.875817280095106], [-87.63178353226729, 41.875425858427285], [-87.63185439483522, 41.87695736080909], [-87.62980079623188, 41.87698168098818], [-87.62983402963516, 41.87825587934659], [-87.62841595611907, 41.87827297208846], [-87.62846113118904, 41.879100803701334], [-87.62947159193558, 41.8793490983824], [-87.62949163299744, 41.88009944247304], [-87.62866669565487, 41.880109751451684], [-87.62878971470593, 41.881339542710215], [-87.62952449518187, 41.881330128116296], [-87.62883827983791, 41.883102741519416], [-87.62957629540365, 41.88310151885899], [-87.62960452216059, 41.88437549888723], [-87.63102323016903, 41.88437096701359], [-87.63105760628859, 41.88562824854688], [-87.63377328718282, 41.8856203994918], [-87.6322410800252, 41.883828586312625], [-87.63431868940374, 41.883816803599466], [-87.63433215746997, 41.884360025494196], [-87.63588852573099, 41.88435490102449], [-87.63555699172906, 41.88583482010431], [-87.62820361729811, 41.88693886211937], [-87.62476250733283, 41.8885405144464]], [[-87.627682192436, 41.88438318696295], [-87.62765027897919, 41.883325305043535], [-87.62639365156853, 41.883329870306866], [-87.6264252382409, 41.884388738204095], [-87.627682192436, 41.88438318696295]]]]}}, {"type": "Feature", "properties": {"tif_name": "Chinatown Basin", "municipality": "Chicago", "county": "Cook", "year_created": 1986, "year_expiry": 2010, "ordinance": "T- 16", "active": false, "source": "City of Chicago (inactive)", "source_url": "https://data.cityofchicago.org/resource/5eit-itsp.geojson"}, "geometry": {"type": "MultiPolygon", "coordinates": [[[[-87.63373315836976, 41.857636133851585], [-87.63200538198407, 41.857656550888954], [-87.63193480178829, 41.85449116443362], [-87.63669682218756, 41.85296783917941], [-87.63671397169739, 41.85447915000768], [-87.63373315836976, 41.857636133851585]]]]}}, {"type": "Feature", "properties": {"tif_name": "Homan/Grand Trunk", "municipality": "Chicago", "county": "Cook", "year_created": 1993, "year_expiry": null, "ordinance": "T- 25", "active": false, "source": "City of Chicago (inactive)", "source_url": "https://data.cityofchicago.org/resource/5eit-itsp.geojson"}, "geometry": {"type": "MultiPolygon", "coordinates": [[[[-87.70634334987963, 41.80397561720142], [-87.7063068322963, 41.80262753504547], [-87.71188012172038, 41.80254651288423], [-87.71055199552256, 41.80380311826693], [-87.70634334987963, 41.80397561720142]]]]}}, {"type": "Feature", "properties": {"tif_name": "89th/State", "municipality": "Chicago", "county": "Cook", "year_created": 1998, "year_expiry": null, "ordinance": "T- 49", "active": false, "source": "City of Chicago (inactive)", "source_url": "https://data.cityofchicago.org/resource/5eit-itsp.geojson"}, "geometry": {"type": "MultiPolygon", "coordinates": [[[[-87.62422276928211, 41.73278659620038], [-87.61909484379322, 41.732866646222966], [-87.61905745579486, 41.72917103233592], [-87.6241610416352, 41.729874304410906], [-87.62422276928211, 41.73278659620038]]]]}}, {"type": "Feature", "properties": {"tif_name": "Howard/Paulina", "municipality": "Chicago", "county": "Cook", "year_created": 1988, "year_expiry": 2012, "ordinance": "T- 26", "active": false, "source": "City of Chicago (inactive)", "source_url": "https://data.cityofchicago.org/resource/5eit-itsp.geojson"}, "geometry": {"type": "MultiPolygon", "coordinates": [[[[-87.67365211212147, 42.01948149812331], [-87.67073796633976, 42.019462084830224], [-87.67076552626374, 42.018034055992544], [-87.67530741843107, 42.01590506850732], [-87.67669089965162, 42.01941176705688], [-87.67365211212147, 42.01948149812331]]]]}}, {"type": "Feature", "properties": {"tif_name": "Near West", "municipality": "Chicago", "county": "Cook", "year_created": 1996, "year_expiry": 2013, "ordinance": "T- 32", "active": false, "source": "City of Chicago (inactive)", "source_url": "https://data.cityofchicago.org/resource/5eit-itsp.geojson"}, "geometry": {"type": "MultiPolygon", "coordinates": [[[[-87.64669337004933, 41.88578729247515], [-87.64634994981874, 41.87741337575684], [-87.64668397797396, 41.87631301004856], [-87.64847198155724, 41.87601506867487], [-87.64953276763752, 41.880363115393514], [-87.65094466884263, 41.88033759427952], [-87.65098508387061, 41.881605730179075], [-87.65190623777764, 41.88158952046342], [-87.65186560077657, 41.88032094597489], [-87.65477595783304, 41.88027388151085], [-87.65482193563201, 41.88154174563937], [-87.65563775575266, 41.88152844623699], [-87.65573096562423, 41.884466274179616], [-87.65315549353284, 41.884513508029755], [-87.65311606441351, 41.88315520301183], [-87.64985999161023, 41.883212545124515], [-87.64993232472325, 41.88573597619044], [-87.64669337004933, 41.88578729247515]], [[-87.64961139639134, 41.88299734343183], [-87.6495787394135, 41.88185834260673], [-87.64865339318611, 41.88187467341102], [-87.64868537412454, 41.88301361552058], [-87.64961139639134, 41.88299734343183]]]]}}, {"type": "Feature", "properties": {"tif_name": "95th/Stony Island", "municipality": "Chicago", "county": "Cook", "year_created": 1990, "year_expiry": 2014, "ordinance": "T-  8", "active": false, "source": "City of Chicago (inactive)", "source_url": "https://data.cityofchicago.org/resource/5eit-itsp.geojson"}, "geometry": {"type": "MultiPolygon", "coordinates": [[[[-87.57887604473333, 41.72228666124381], [-87.5811199209707, 41.72220339994415], [-87.58105755807675, 41.719541719467365], [-87.58022899046561, 41.7186518535642], [-87.57861872034256, 41.719471828708194], [-87.57488081104029, 41.71531987648087], [-87.57979408039495, 41.71525131945412], [-87.5869596413944, 41.72292152002893], [-87.57060760436354, 41.72320137649825], [-87.57058788619693, 41.722391384081476], [-87.57887604473333, 41.72228666124381]]]]}}, {"type": "Feature", "properties": {"tif_name": "West Pullman", "municipality": "Chicago", "county": "Cook", "year_created": 1998, "year_expiry": null, "ordinance": "T- 50", "active": false, "source": "City of Chicago (inactive)", "source_url": "https://data.cityofchicago.org/resource/5eit-itsp.geojson"}, "geometry": {"type": "MultiPolygon", "coordinates": [[[[-87.64799577336245, 41.681460312202155], [-87.64741986931654, 41.67964638123506], [-87.6467196988247, 41.67965614169869], [-87.64666172861138, 41.67783657314639], [-87.64423017060793, 41.677869935448285], [-87.64419077547656, 41.676800120202316], [-87.64245383015526, 41.6768238862752], [-87.64237972404302, 41.67458331896114], [-87.64410793297692, 41.67428575224195], [-87.6423845715297, 41.67403137742597], [-87.6428218462959, 41.672249744925935], [-87.65158579073778, 41.67211896232039], [-87.65094565165117, 41.673931313692535], [-87.65428415590902, 41.67373862081094], [-87.65647765636247, 41.67270023746564], [-87.65658263429262, 41.67587640765746], [-87.65499792423546, 41.6758996138203], [-87.65504707543673, 41.677389092925], [-87.65651106540261, 41.67736885330674], [-87.65670365247003, 41.679517377707086], [-87.65112837716005, 41.67959496077166], [-87.65118674395288, 41.68141661523686], [-87.64799577336245, 41.681460312202155]]]]}}, {"type": "Feature", "properties": {"tif_name": "Addison/Kimball", "municipality": "Chicago", "county": "Cook", "year_created": 2000, "year_expiry": null, "ordinance": "T- 80", "active": false, "source": "City of Chicago (inactive)", "source_url": "https://data.cityofchicago.org/resource/5eit-itsp.geojson"}, "geometry": {"type": "MultiPolygon", "coordinates": [[[[-87.71406306598925, 41.94663991530647], [-87.7125621251332, 41.94665944280307], [-87.71246514168747, 41.9431845968191], [-87.71476361838207, 41.944092503121276], [-87.71406306598925, 41.94663991530647]]]]}}, {"type": "Feature", "properties": {"tif_name": "Calumet River", "municipality": "Chicago", "county": "Cook", "year_created": 2010, "year_expiry": 2034, "ordinance": "T-168", "active": false, "source": "City of Chicago (inactive)", "source_url": "https://data.cityofchicago.org/resource/5eit-itsp.geojson"}, "geometry": {"type": "MultiPolygon", "coordinates": [[[[-87.58673693165753, 41.65927189118583], [-87.57330086007453, 41.65879599807542], [-87.57289837884926, 41.65727895194335], [-87.56744304154032, 41.651785874256774], [-87.56126218664484, 41.651760336506925], [-87.56015448889598, 41.650692468572124], [-87.55948949655263, 41.64949425730092], [-87.55943791613956, 41.6445610168325], [-87.5778937941585, 41.64461451527188], [-87.5777085147734, 41.64693391692483], [-87.58028691089392, 41.650889691750656], [-87.58677361437623, 41.65811094277519], [-87.58836165890148, 41.65810527505243], [-87.5869636471265, 41.65832980358884], [-87.58673693165753, 41.65927189118583]]]]}}, {"type": "Feature", "properties": {"tif_name": "69th and Ashland", "municipality": "Chicago", "county": "Cook", "year_created": 2004, "year_expiry": 2028, "ordinance": "T-138", "active": false, "source": "City of Chicago (inactive)", "source_url": "https://data.cityofchicago.org/resource/5eit-itsp.geojson"}, "geometry": {"type": "MultiPolygon", "coordinates": [[[[-87.66525708835567, 41.76862177551022], [-87.6625889360979, 41.76865864448216], [-87.6632575404311, 41.7680692296217], [-87.66316739726004, 41.76482559200228], [-87.66515324967024, 41.764801876156824], [-87.66525708835567, 41.76862177551022]]]]}}, {"type": "Feature", "properties": {"tif_name": "73rd/Kedzie", "municipality": "Chicago", "county": "Cook", "year_created": 1993, "year_expiry": null, "ordinance": "T-  7", "active": false, "source": "City of Chicago (inactive)", "source_url": "https://data.cityofchicago.org/resource/5eit-itsp.geojson"}, "geometry": {"type": "MultiPolygon", "coordinates": [[[[-87.70772255361867, 41.76075106564546], [-87.70241442289766, 41.760827656959314], [-87.70237438447715, 41.75335851801796], [-87.70750364294555, 41.753283713926386], [-87.70759184530493, 41.75688990210395], [-87.71200767024342, 41.75681856724343], [-87.71205315304813, 41.758342287147656], [-87.70765120448463, 41.75840660161437], [-87.70772255361867, 41.76075106564546]]]]}}, {"type": "Feature", "properties": {"tif_name": "South Works Industrial", "municipality": "Chicago", "county": "Cook", "year_created": 1999, "year_expiry": null, "ordinance": "T- 78", "active": false, "source": "City of Chicago (inactive)", "source_url": "https://data.cityofchicago.org/resource/5eit-itsp.geojson"}, "geometry": {"type": "MultiPolygon", "coordinates": [[[[-87.52890134392946, 41.733735952507864], [-87.52960812413924, 41.732492129706145], [-87.53905924916204, 41.72838869272549], [-87.54028941990344, 41.729807495436965], [-87.5400468960635, 41.73375610481716], [-87.54313093326661, 41.733721298369176], [-87.54322436864955, 41.737591381439856], [-87.5415173701755, 41.737609572990806], [-87.54153139695609, 41.73825732492718], [-87.53067937359114, 41.73838922383486], [-87.53098201528009, 41.7405677341154], [-87.52987933807914, 41.74058522074859], [-87.52890134392946, 41.733735952507864]]]]}}, {"type": "Feature", "properties": {"tif_name": "Harlem Industrial Park Conservation Area", "municipality": "Chicago", "county": "Cook", "year_created": 2007, "year_expiry": null, "ordinance": "T-148", "active": false, "source": "City of Chicago (inactive)", "source_url": "https://data.cityofchicago.org/resource/5eit-itsp.geojson"}, "geometry": {"type": "MultiPolygon", "coordinates": [[[[-87.79359930429992, 41.784090868904805], [-87.79059246050289, 41.783395020121304], [-87.79112601019033, 41.78331790010068], [-87.79047659321277, 41.779830835590815], [-87.79090496709325, 41.7774385669531], [-87.79501075421112, 41.77734054303962], [-87.79503962949279, 41.778373567066545], [-87.79594583424966, 41.77836836921083], [-87.79592094953325, 41.77732212787486], [-87.7971285746604, 41.77728946562332], [-87.79768237681535, 41.77837219767955], [-87.79941521248978, 41.77716991779306], [-87.8010437602372, 41.77713324721579], [-87.80117639460158, 41.78379476074782], [-87.79509308709713, 41.78395890590552], [-87.79512854297995, 41.7848794958042], [-87.79362989134421, 41.78490310523502], [-87.79359930429992, 41.784090868904805]]]]}}, {"type": "Feature", "properties": {"tif_name": "Pershing/King", "municipality": "Chicago", "county": "Cook", "year_created": 2007, "year_expiry": null, "ordinance": "T-154", "active": false, "source": "City of Chicago (inactive)", "source_url": "https://data.cityofchicago.org/resource/5eit-itsp.geojson"}, "geometry": {"type": "MultiPolygon", "coordinates": [[[[-87.61298922922863, 41.82282231101039], [-87.61416798257048, 41.82027493959205], [-87.6165378297462, 41.82023933940097], [-87.61608553431077, 41.82395174789047], [-87.61272772065043, 41.8239932966695], [-87.61298922922863, 41.82282231101039]]]]}}, {"type": "Feature", "properties": {"tif_name": "Irving Park/Elston", "municipality": "Chicago", "county": "Cook", "year_created": 2009, "year_expiry": null, "ordinance": "T-165", "active": false, "source": "City of Chicago (inactive)", "source_url": "https://data.cityofchicago.org/resource/5eit-itsp.geojson"}, "geometry": {"type": "MultiPolygon", "coordinates": [[[[-87.72799953096988, 41.95902717287378], [-87.72711118235206, 41.95843075081775], [-87.727018393482, 41.954155545889755], [-87.72091888670172, 41.95422597014534], [-87.72490377404233, 41.95696242149758], [-87.72413454014236, 41.95725502369578], [-87.72516826025816, 41.957965868776284], [-87.72465520188103, 41.95819850874786], [-87.71917788957087, 41.95438961019256], [-87.71648138243414, 41.954310610224255], [-87.71645299206696, 41.95332786473515], [-87.717677366416, 41.95331039799253], [-87.71765607567303, 41.95254316596669], [-87.71864695736645, 41.953225747403984], [-87.72257849629662, 41.95319821134327], [-87.72253651141348, 41.95181221479018], [-87.72510130817552, 41.95177936302921], [-87.72515219378717, 41.95319815270874], [-87.72693413223442, 41.9531704216228], [-87.72655619499582, 41.95175779517333], [-87.72768041538671, 41.95173897927828], [-87.7277214487862, 41.953123479944146], [-87.72875901454319, 41.95350107127822], [-87.72797583539304, 41.95556459185246], [-87.72859104059937, 41.959203205713976], [-87.72799953096988, 41.95902717287378]]]]}}, {"type": "Feature", "properties": {"tif_name": "Stockyards Industrial Corridor", "municipality": "Chicago", "county": "Cook", "year_created": 1989, "year_expiry": 2012, "ordinance": "T- 44", "active": false, "source": "City of Chicago (inactive)", "source_url": "https://data.cityofchicago.org/resource/5eit-itsp.geojson"}, "geometry": {"type": "MultiPolygon", "coordinates": [[[[-87.65716284147852, 41.823284369034894], [-87.6563349912068, 41.822419601073136], [-87.65863082649129, 41.821317232798705], [-87.65714210816418, 41.820531245985975], [-87.65696824540494, 41.8185339836083], [-87.65525038441618, 41.81855783115343], [-87.65516946452222, 41.81592367742561], [-87.6653290976872, 41.81577721798194], [-87.6654275330354, 41.81967729518054], [-87.66884286199574, 41.81941005266012], [-87.66879834043503, 41.817627223990804], [-87.67239175501926, 41.817596089174536], [-87.67218440060168, 41.81026350544158], [-87.67461410289553, 41.81023937386947], [-87.6745670750639, 41.808511301159186], [-87.67909814351113, 41.808462055075985], [-87.6781209641063, 41.81081410393862], [-87.67306536251937, 41.81398223926363], [-87.67303689851106, 41.81571064047825], [-87.67486723142207, 41.81569469309081], [-87.6750023272202, 41.82135158228561], [-87.66512817983009, 41.8216712661866], [-87.6650949628123, 41.820740248552006], [-87.66194202418862, 41.82098487406151], [-87.66045053420343, 41.82143460488048], [-87.66049566045848, 41.823203206990236], [-87.65716284147852, 41.823284369034894]]]]}}, {"type": "Feature", "properties": {"tif_name": "Kostner Ave", "municipality": "Chicago", "county": "Cook", "year_created": 2008, "year_expiry": null, "ordinance": "T-162", "active": false, "source": "City of Chicago (inactive)", "source_url": "https://data.cityofchicago.org/resource/5eit-itsp.geojson"}, "geometry": {"type": "MultiPolygon", "coordinates": [[[[-87.73907091217083, 41.84527996663808], [-87.73420448298693, 41.84637544307616], [-87.73407267785686, 41.841086498830585], [-87.73874432422873, 41.84101714325928], [-87.73907091217083, 41.84527996663808]]]]}}, {"type": "Feature", "properties": {"tif_name": "126th/Torrence", "municipality": "Chicago", "county": "Cook", "year_created": 1994, "year_expiry": 2017, "ordinance": "T- 10", "active": false, "source": "City of Chicago (inactive)", "source_url": "https://data.cityofchicago.org/resource/5eit-itsp.geojson"}, "geometry": {"type": "MultiPolygon", "coordinates": [[[[-87.5402428328402, 41.672160077866586], [-87.53940253510291, 41.66981725541763], [-87.54168396461002, 41.659137840045766], [-87.54361561086816, 41.65914541208899], [-87.5495433921129, 41.66248822969778], [-87.5495647191065, 41.66637218399198], [-87.55210797067998, 41.66638020744942], [-87.55332122548907, 41.665949957851346], [-87.55332049069911, 41.66522464218874], [-87.55429196263448, 41.66609364685048], [-87.55866458133133, 41.66584505860254], [-87.55863621581847, 41.65934032092296], [-87.55928290145349, 41.6594818398385], [-87.55914092548046, 41.66651446417568], [-87.55203727018839, 41.666470289834436], [-87.55530593897767, 41.67135202654411], [-87.55261262577952, 41.672281595340586], [-87.55213258040412, 41.67055067031695], [-87.54957921219611, 41.67012369315252], [-87.54957928402895, 41.6724386882867], [-87.54629326998598, 41.67241869327241], [-87.54570324352594, 41.67163761973402], [-87.54521572114042, 41.6736226575779], [-87.54549264697889, 41.67127644850549], [-87.54083277985438, 41.67129545552535], [-87.54084350885022, 41.672772146040934], [-87.5402428328402, 41.672160077866586]]]]}}, {"type": "Feature", "properties": {"tif_name": "134th Street and Avenue K", "municipality": "Chicago", "county": "Cook", "year_created": 2008, "year_expiry": null, "ordinance": "T-159", "active": false, "source": "City of Chicago (inactive)", "source_url": "https://data.cityofchicago.org/resource/5eit-itsp.geojson"}, "geometry": {"type": "MultiPolygon", "coordinates": [[[[-87.5411008943477, 41.648291345632664], [-87.54170650825583, 41.64829023756671], [-87.54192945626048, 41.655287270520446], [-87.54339349533852, 41.65533834307276], [-87.54339005929148, 41.653579360237224], [-87.54484876625993, 41.65358223098256], [-87.5448447658216, 41.655590468940616], [-87.54098002169549, 41.65557975301705], [-87.54098010415957, 41.649308927884576], [-87.5344506125267, 41.6489627310428], [-87.53515256669291, 41.65357245190195], [-87.5336289493777, 41.65354352951567], [-87.53366144351669, 41.65750740827153], [-87.53213328080736, 41.65684569839508], [-87.53175936395859, 41.6553290381059], [-87.52943211994467, 41.656978105332584], [-87.5301342059004, 41.65738467536099], [-87.53012541092171, 41.65908197504267], [-87.52568736231733, 41.65182684941811], [-87.52545883068342, 41.65056059438005], [-87.52640201911296, 41.65095005596416], [-87.52511438591607, 41.64880898308075], [-87.54020786147903, 41.648198234161526], [-87.54110085002564, 41.64908192506616], [-87.5411008943477, 41.648291345632664]]]]}}, {"type": "Feature", "properties": {"tif_name": "Ryan/Garfield", "municipality": "Chicago", "county": "Cook", "year_created": 1986, "year_expiry": null, "ordinance": "T- 41", "active": false, "source": "City of Chicago (inactive)", "source_url": "https://data.cityofchicago.org/resource/5eit-itsp.geojson"}, "geometry": {"type": "MultiPolygon", "coordinates": [[[[-87.63049070330811, 41.79732718810833], [-87.62874618988968, 41.7973362047152], [-87.62865564847621, 41.79415195195751], [-87.63070159505769, 41.794122266422136], [-87.63049070330811, 41.79732718810833]]]]}}, {"type": "Feature", "properties": {"tif_name": "Division/North Branch", "municipality": "Chicago", "county": "Cook", "year_created": 1991, "year_expiry": null, "ordinance": "T- 18", "active": false, "source": "City of Chicago (inactive)", "source_url": "https://data.cityofchicago.org/resource/5eit-itsp.geojson"}, "geometry": {"type": "MultiPolygon", "coordinates": [[[[-87.65777941664938, 41.905794317906924], [-87.65644298998174, 41.905809042626615], [-87.65628190632162, 41.904697465126006], [-87.6581636419697, 41.90455112253017], [-87.65777941664938, 41.905794317906924]]]]}}, {"type": "Feature", "properties": {"tif_name": "26th/Kostner", "municipality": "Chicago", "county": "Cook", "year_created": 1998, "year_expiry": null, "ordinance": "T- 51", "active": false, "source": "City of Chicago (inactive)", "source_url": "https://data.cityofchicago.org/resource/5eit-itsp.geojson"}, "geometry": {"type": "MultiPolygon", "coordinates": [[[[-87.73447057603482, 41.846311736568836], [-87.73410010390987, 41.84201632009947], [-87.7360301940249, 41.84199297330227], [-87.73600246397689, 41.841052313377524], [-87.73874432422873, 41.84101714325928], [-87.73907091217083, 41.84527996663808], [-87.73447057603482, 41.846311736568836]]]]}}, {"type": "Feature", "properties": {"tif_name": "West Grand", "municipality": "Chicago", "county": "Cook", "year_created": 1996, "year_expiry": null, "ordinance": "T- 46", "active": false, "source": "City of Chicago (inactive)", "source_url": "https://data.cityofchicago.org/resource/5eit-itsp.geojson"}, "geometry": {"type": "MultiPolygon", "coordinates": [[[[-87.79136320367887, 41.92362940668158], [-87.79052542225925, 41.923636326243866], [-87.79050428916267, 41.92289552745729], [-87.79251512431584, 41.923142447460634], [-87.79136320367887, 41.92362940668158]]]]}}, {"type": "Feature", "properties": {"tif_name": "Fullerton/Normandy", "municipality": "Chicago", "county": "Cook", "year_created": 1993, "year_expiry": null, "ordinance": "T- 22", "active": false, "source": "City of Chicago (inactive)", "source_url": "https://data.cityofchicago.org/resource/5eit-itsp.geojson"}, "geometry": {"type": "MultiPolygon", "coordinates": [[[[-87.79293904894449, 41.92787579109497], [-87.79066146011334, 41.927902680667934], [-87.79126305362551, 41.923767496633864], [-87.79279885614316, 41.923755925095946], [-87.79293904894449, 41.92787579109497]]]]}}, {"type": "Feature", "properties": {"tif_name": "West Ridge/Peterson", "municipality": "Chicago", "county": "Cook", "year_created": 1986, "year_expiry": 2010, "ordinance": "T- 47", "active": false, "source": "City of Chicago (inactive)", "source_url": "https://data.cityofchicago.org/resource/5eit-itsp.geojson"}, "geometry": {"type": "MultiPolygon", "coordinates": [[[[-87.68366966817928, 41.99190044618758], [-87.68077098784876, 41.99195217014694], [-87.68075154341072, 41.991255639113994], [-87.68382637165543, 41.99060389641485], [-87.68366966817928, 41.99190044618758]]]]}}, {"type": "Feature", "properties": {"tif_name": "Bloomingdale/Laramie", "municipality": "Chicago", "county": "Cook", "year_created": 1993, "year_expiry": null, "ordinance": "T- 12", "active": false, "source": "City of Chicago (inactive)", "source_url": "https://data.cityofchicago.org/resource/5eit-itsp.geojson"}, "geometry": {"type": "MultiPolygon", "coordinates": [[[[-87.75576188642223, 41.915427128170414], [-87.75273086882719, 41.9150952783173], [-87.75265750336482, 41.91310445926491], [-87.75567087520463, 41.91306746288731], [-87.75291687962361, 41.913559447133565], [-87.75569264780498, 41.91363535414172], [-87.75576188642223, 41.915427128170414]]]]}}, {"type": "Feature", "properties": {"tif_name": "Irving/Cicero", "municipality": "Chicago", "county": "Cook", "year_created": 1996, "year_expiry": 2020, "ordinance": "T- 27", "active": false, "source": "City of Chicago (inactive)", "source_url": "https://data.cityofchicago.org/resource/5eit-itsp.geojson"}, "geometry": {"type": "MultiPolygon", "coordinates": [[[[-87.74291981094187, 41.95347261952724], [-87.74507858079379, 41.9533081262202], [-87.74547751682867, 41.953989911494936], [-87.74569712066244, 41.95330135680815], [-87.74573375205061, 41.95439873825998], [-87.74714179118291, 41.95438332416681], [-87.74710640837827, 41.95328644018735], [-87.7477491606825, 41.95327798448353], [-87.75001250080153, 41.95530386571419], [-87.74803107698065, 41.954474578379205], [-87.74754866645756, 41.955561740037375], [-87.74423556460863, 41.956011244953764], [-87.74291981094187, 41.95347261952724]]]]}}, {"type": "Feature", "properties": {"tif_name": "Stockyards Annex", "municipality": "Chicago", "county": "Cook", "year_created": 1996, "year_expiry": 2020, "ordinance": "T- 43", "active": false, "source": "City of Chicago (inactive)", "source_url": "https://data.cityofchicago.org/resource/5eit-itsp.geojson"}, "geometry": {"type": "MultiPolygon", "coordinates": [[[[-87.63973155651988, 41.82401974038118], [-87.63121240520397, 41.82364754303883], [-87.63107552394905, 41.81904075230241], [-87.64837657880938, 41.81860331488045], [-87.64833702968613, 41.81678067341894], [-87.65178423451488, 41.81605008271719], [-87.65184964776984, 41.818659074510684], [-87.65696824540494, 41.8185339836083], [-87.6571426885199, 41.82053179861604], [-87.65863082649129, 41.821317232798705], [-87.6563349912068, 41.822419601073136], [-87.65716200341473, 41.82328439741443], [-87.63973155651988, 41.82401974038118]]]]}}, {"type": "Feature", "properties": {"tif_name": "49th Street/St. Lawrence Avenue", "municipality": "Chicago", "county": "Cook", "year_created": 1996, "year_expiry": 2020, "ordinance": "T-  4", "active": false, "source": "City of Chicago (inactive)", "source_url": "https://data.cityofchicago.org/resource/5eit-itsp.geojson"}, "geometry": {"type": "MultiPolygon", "coordinates": [[[[-87.61001544036615, 41.8064164187973], [-87.60944861115806, 41.804115668840936], [-87.60728291551051, 41.8041475443217], [-87.60727973041517, 41.80359010476124], [-87.61186819157393, 41.803542901602896], [-87.61201915576517, 41.80613053738747], [-87.61001544036615, 41.8064164187973]]]]}}, {"type": "Feature", "properties": {"tif_name": "Chicago Lakeside Development (USX)", "municipality": "Chicago", "county": "Cook", "year_created": 2010, "year_expiry": 2034, "ordinance": "T-170", "active": false, "source": "City of Chicago (inactive)", "source_url": "https://data.cityofchicago.org/resource/5eit-itsp.geojson"}, "geometry": {"type": "MultiPolygon", "coordinates": [[[[-87.54573294050245, 41.75105227494083], [-87.54119328960945, 41.74950561237585], [-87.54074881117026, 41.74497265714546], [-87.54657798339719, 41.74562709300458], [-87.54670135058834, 41.75123756833353], [-87.54573294050245, 41.75105227494083]]]]}}, {"type": "Feature", "properties": {"tif_name": "Read/Dunning", "municipality": "Chicago", "county": "Cook", "year_created": 1991, "year_expiry": null, "ordinance": "T- 36", "active": false, "source": "City of Chicago (inactive)", "source_url": "https://data.cityofchicago.org/resource/5eit-itsp.geojson"}, "geometry": {"type": "MultiPolygon", "coordinates": [[[[-87.79436245007936, 41.96007871733189], [-87.78680540410102, 41.96021702134546], [-87.78665737622984, 41.955707311158854], [-87.79158086351516, 41.955350240045625], [-87.79156510136005, 41.954719600327245], [-87.79137672630937, 41.953929528088615], [-87.78661128348556, 41.95451928233214], [-87.78655950768444, 41.952916505369835], [-87.80726923367185, 41.95276460740577], [-87.80729692684456, 41.95367983831553], [-87.79436245007936, 41.96007871733189]]]]}}, {"type": "Feature", "properties": {"tif_name": "60th & Western", "municipality": "Chicago", "county": "Cook", "year_created": 1996, "year_expiry": 2020, "ordinance": "T-  5", "active": false, "source": "City of Chicago (inactive)", "source_url": "https://data.cityofchicago.org/resource/5eit-itsp.geojson"}, "geometry": {"type": "MultiPolygon", "coordinates": [[[[-87.6783856434788, 41.79143153177542], [-87.67832687545443, 41.78922204531654], [-87.67591367806136, 41.78669453621447], [-87.67622991710026, 41.77974243049868], [-87.68123809492091, 41.77909718813384], [-87.68132051641778, 41.781971314211134], [-87.68266719584952, 41.78364171613587], [-87.68395069617732, 41.7836149494475], [-87.68400733138982, 41.78572766031022], [-87.68039583064319, 41.78522364644099], [-87.68073928644972, 41.79211135024641], [-87.68012777973783, 41.79339582268397], [-87.67844796153608, 41.79372161035622], [-87.6783856434788, 41.79143153177542]]]]}}, {"type": "Feature", "properties": {"tif_name": "Roosevelt/Canal", "municipality": "Chicago", "county": "Cook", "year_created": 1997, "year_expiry": null, "ordinance": "T- 39", "active": false, "source": "City of Chicago (inactive)", "source_url": "https://data.cityofchicago.org/resource/5eit-itsp.geojson"}, "geometry": {"type": "MultiPolygon", "coordinates": [[[[-87.63911102203485, 41.86736203033689], [-87.63888843877177, 41.86075020571841], [-87.64476357760705, 41.860658740781105], [-87.64490779402067, 41.86490035317273], [-87.64388894321328, 41.86491542730793], [-87.64406562859823, 41.86176147615617], [-87.64060506571855, 41.86207638781966], [-87.64085333567373, 41.86734444405619], [-87.63911102203485, 41.86736203033689]]]]}}, {"type": "Feature", "properties": {"tif_name": "72nd/Cicero", "municipality": "Chicago", "county": "Cook", "year_created": 1993, "year_expiry": null, "ordinance": "T-  6", "active": false, "source": "City of Chicago (inactive)", "source_url": "https://data.cityofchicago.org/resource/5eit-itsp.geojson"}, "geometry": {"type": "MultiPolygon", "coordinates": [[[[-87.73561435295936, 41.76378887022421], [-87.7307324520508, 41.76259308715737], [-87.73260419751756, 41.76278401283838], [-87.73239620841801, 41.75788280207328], [-87.74074573509124, 41.75825543185441], [-87.74151877138844, 41.76057067181566], [-87.74012798325985, 41.76059066784394], [-87.74016666788536, 41.762097382241606], [-87.74156491820247, 41.761966100901056], [-87.73535703262921, 41.762305167534265], [-87.73561435295936, 41.76378887022421]], [[-87.7335785383066, 41.76181525949519], [-87.73351985700532, 41.76064626308185], [-87.7326685953562, 41.76065817176543], [-87.7327114284945, 41.76182692097614], [-87.7335785383066, 41.76181525949519]]]]}}, {"type": "Feature", "properties": {"tif_name": "Weed/Fremont", "municipality": "Chicago", "county": "Cook", "year_created": 2008, "year_expiry": null, "ordinance": "T-158", "active": false, "source": "City of Chicago (inactive)", "source_url": "https://data.cityofchicago.org/resource/5eit-itsp.geojson"}, "geometry": {"type": "MultiPolygon", "coordinates": [[[[-87.65042135571034, 41.90989134502349], [-87.65121014591958, 41.910327480872844], [-87.6493625190755, 41.9103596389101], [-87.64933490688198, 41.90938480021648], [-87.65042135571034, 41.90989134502349]]]]}}, {"type": "Feature", "properties": {"tif_name": "Lincoln/Belmont/Ashland", "municipality": "Chicago", "county": "Cook", "year_created": 1994, "year_expiry": 2018, "ordinance": "T- 28", "active": false, "source": "City of Chicago (inactive)", "source_url": "https://data.cityofchicago.org/resource/5eit-itsp.geojson"}, "geometry": {"type": "MultiPolygon", "coordinates": [[[[-87.66873566880254, 41.942341304302325], [-87.66716773719659, 41.942366946157954], [-87.66720654896521, 41.94154999802129], [-87.66871209446082, 41.94152332644281], [-87.66865889107201, 41.93969393951892], [-87.66994968161525, 41.94216417944665], [-87.66873566880254, 41.942341304302325]]]]}}, {"type": "Feature", "properties": {"tif_name": "Chatham Ridge", "municipality": "Chicago", "county": "Cook", "year_created": 1986, "year_expiry": 2010, "ordinance": "T- 15", "active": false, "source": "City of Chicago (inactive)", "source_url": "https://data.cityofchicago.org/resource/5eit-itsp.geojson"}, "geometry": {"type": "MultiPolygon", "coordinates": [[[[-87.63855053577774, 41.74132029836075], [-87.63613305173564, 41.744153093961586], [-87.63533400936934, 41.74721132765077], [-87.63408695574446, 41.74724040956243], [-87.63395445198753, 41.737765043888366], [-87.63290132811318, 41.737787717857366], [-87.63296711786082, 41.73950216030784], [-87.62916872543147, 41.739918308907846], [-87.62912278125049, 41.738107002766974], [-87.62537738578682, 41.73805319535167], [-87.62531662758005, 41.73594080929694], [-87.63765231699026, 41.73583271846282], [-87.6378048083847, 41.74129273377476], [-87.63855053577774, 41.74132029836075]]]]}}, {"type": "Feature", "properties": {"tif_name": "Division/Hooker", "municipality": "Chicago", "county": "Cook", "year_created": 1996, "year_expiry": null, "ordinance": "T- 17", "active": false, "source": "City of Chicago (inactive)", "source_url": "https://data.cityofchicago.org/resource/5eit-itsp.geojson"}, "geometry": {"type": "MultiPolygon", "coordinates": [[[[-87.6510312763264, 41.90349223901722], [-87.64992328043654, 41.90350749411473], [-87.64810552228083, 41.90144600543551], [-87.64898294481205, 41.901031754463816], [-87.6510312763264, 41.90349223901722]]]]}}, {"type": "Feature", "properties": {"tif_name": "41st/King", "municipality": "Chicago", "county": "Cook", "year_created": 1994, "year_expiry": 2018, "ordinance": "T-  2", "active": false, "source": "City of Chicago (inactive)", "source_url": "https://data.cityofchicago.org/resource/5eit-itsp.geojson"}, "geometry": {"type": "MultiPolygon", "coordinates": [[[[-87.61332133963697, 41.82073566724437], [-87.61359023082387, 41.819385892097785], [-87.61660587557664, 41.81933569974404], [-87.61663341439478, 41.820237847930386], [-87.61543561363227, 41.81981856712443], [-87.61416798257048, 41.82027493959205], [-87.61400479715714, 41.82113765250017], [-87.61332133963697, 41.82073566724437]]]]}}, {"type": "Feature", "properties": {"tif_name": "Calumet/Cermak Rd", "municipality": "Chicago", "county": "Cook", "year_created": 1998, "year_expiry": null, "ordinance": "T- 59", "active": false, "source": "City of Chicago (inactive)", "source_url": "https://data.cityofchicago.org/resource/5eit-itsp.geojson"}, "geometry": {"type": "MultiPolygon", "coordinates": [[[[-87.61900010964482, 41.856632814045696], [-87.61734954552864, 41.8530305686503], [-87.62054718848142, 41.852910004598655], [-87.62057175441346, 41.854241136903056], [-87.61895181433391, 41.85426345481512], [-87.61900010964482, 41.856632814045696]]]]}}, {"type": "Feature", "properties": {"tif_name": "Drexel Boulevard", "municipality": "Chicago", "county": "Cook", "year_created": 2002, "year_expiry": null, "ordinance": "T-122", "active": false, "source": "City of Chicago (inactive)", "source_url": "https://data.cityofchicago.org/resource/5eit-itsp.geojson"}, "geometry": {"type": "MultiPolygon", "coordinates": [[[[-87.6059448118267, 41.8205862890675], [-87.60463263340867, 41.82059116853217], [-87.60404131545243, 41.817893013491506], [-87.60600439069466, 41.81735395582862], [-87.60656041824225, 41.817860789530066], [-87.60657939655991, 41.81873249017176], [-87.6054334057738, 41.818745541155025], [-87.60545207930636, 41.819390179024865], [-87.60659351237503, 41.819378964562766], [-87.60668597635961, 41.82057824651182], [-87.6059448118267, 41.8205862890675]]]]}}, {"type": "Feature", "properties": {"tif_name": "Ravenswood Corridor", "municipality": "Chicago", "county": "Cook", "year_created": 2005, "year_expiry": null, "ordinance": "T-139", "active": false, "source": "City of Chicago (inactive)", "source_url": "https://data.cityofchicago.org/resource/5eit-itsp.geojson"}, "geometry": {"type": "MultiPolygon", "coordinates": [[[[-87.67540049305114, 41.96788041567514], [-87.67333496714531, 41.968151874776076], [-87.67311799885914, 41.96007640182651], [-87.67378908657038, 41.960067306034446], [-87.67309511921883, 41.959350811330744], [-87.6729602079187, 41.95459477680068], [-87.67362566096406, 41.9542245083006], [-87.67502750021556, 41.95505563991908], [-87.67512138247184, 41.95703623507636], [-87.6744621500239, 41.95738947479393], [-87.6751712171744, 41.95776672745409], [-87.67538727416311, 41.96478394384092], [-87.67680406441654, 41.964763679071744], [-87.67675817996721, 41.96319466390756], [-87.67917489350772, 41.96316482618174], [-87.67923248325488, 41.965200752545144], [-87.6762564898263, 41.96524347158918], [-87.67627935511639, 41.96604556965974], [-87.6754231451584, 41.96605773458111], [-87.67540049305114, 41.96788041567514]]]]}}, {"type": "Feature", "properties": {"tif_name": "43rd/Damen", "municipality": "Chicago", "county": "Cook", "year_created": 1994, "year_expiry": null, "ordinance": "T-  3", "active": false, "source": "City of Chicago (inactive)", "source_url": "https://data.cityofchicago.org/resource/5eit-itsp.geojson"}, "geometry": {"type": "MultiPolygon", "coordinates": [[[[-87.67491397514709, 41.817613593127625], [-87.67486723142207, 41.81569469309081], [-87.67303689851106, 41.81571064047825], [-87.67306536251937, 41.81398223926363], [-87.67479366792249, 41.812766717171144], [-87.67545455033789, 41.812604104661304], [-87.67594203199701, 41.815684602379584], [-87.67982531027481, 41.81564807318715], [-87.67977450281373, 41.81748042750833], [-87.67491397514709, 41.817613593127625]]]]}}, {"type": "Feature", "properties": {"tif_name": "Lakeside/Clarendon", "municipality": "Chicago", "county": "Cook", "year_created": 2004, "year_expiry": null, "ordinance": "T-137", "active": false, "source": "City of Chicago (inactive)", "source_url": "https://data.cityofchicago.org/resource/5eit-itsp.geojson"}, "geometry": {"type": "MultiPolygon", "coordinates": [[[[-87.6499795382669, 41.96834293905638], [-87.64994939415479, 41.967440794753614], [-87.65297163733874, 41.96738920763668], [-87.6499795382669, 41.96834293905638]]]]}}, {"type": "Feature", "properties": {"tif_name": "45th & Western", "municipality": "Chicago", "county": "Cook", "year_created": 2002, "year_expiry": null, "ordinance": "T-120", "active": false, "source": "City of Chicago (inactive)", "source_url": "https://data.cityofchicago.org/resource/5eit-itsp.geojson"}, "geometry": {"type": "MultiPolygon", "coordinates": [[[[-87.68379329280575, 41.81205550311803], [-87.68381988040557, 41.81304002536975], [-87.68024224229326, 41.81347924209913], [-87.68012114404921, 41.80837123125595], [-87.68232290356377, 41.808340924934434], [-87.6820888025045, 41.81207949664714], [-87.68379329280575, 41.81205550311803]]]]}}, {"type": "Feature", "properties": {"tif_name": "Roosevelt/Homan", "municipality": "Chicago", "county": "Cook", "year_created": 1990, "year_expiry": 2014, "ordinance": "T- 40", "active": false, "source": "City of Chicago (inactive)", "source_url": "https://data.cityofchicago.org/resource/5eit-itsp.geojson"}, "geometry": {"type": "MultiPolygon", "coordinates": [[[[-87.70330081659948, 41.86873251165532], [-87.70319930107442, 41.86643032752046], [-87.71542078860429, 41.86628980908724], [-87.7154793002088, 41.86819790258174], [-87.70330081659948, 41.86873251165532]]]]}}, {"type": "Feature", "properties": {"tif_name": "Eastman/North Branch", "municipality": "Chicago", "county": "Cook", "year_created": 1993, "year_expiry": null, "ordinance": "T- 19", "active": false, "source": "City of Chicago (inactive)", "source_url": "https://data.cityofchicago.org/resource/5eit-itsp.geojson"}, "geometry": {"type": "MultiPolygon", "coordinates": [[[[-87.65759318785811, 41.907220607192485], [-87.65531747832907, 41.907243762482636], [-87.6551758742687, 41.90501533442488], [-87.65615378281674, 41.904543691025296], [-87.65644298998174, 41.905809042626615], [-87.65777941664938, 41.905794317906924], [-87.65759318785811, 41.907220607192485]]]]}}, {"type": "Feature", "properties": {"tif_name": "40th/State", "municipality": "Chicago", "county": "Cook", "year_created": 2004, "year_expiry": null, "ordinance": "T-132", "active": false, "source": "City of Chicago (inactive)", "source_url": "https://data.cityofchicago.org/resource/5eit-itsp.geojson"}, "geometry": {"type": "MultiPolygon", "coordinates": [[[[-87.62659518385126, 41.82195961949825], [-87.62615480194246, 41.819107436099486], [-87.62898996243845, 41.81907116450173], [-87.62907756600283, 41.821939777854254], [-87.62659518385126, 41.82195961949825]]]]}}, {"type": "Feature", "properties": {"tif_name": "River South", "municipality": "Chicago", "county": "Cook", "year_created": 1997, "year_expiry": 2021, "ordinance": "T- 37", "active": false, "source": "City of Chicago (inactive)", "source_url": "https://data.cityofchicago.org/resource/5eit-itsp.geojson"}, "geometry": {"type": "MultiPolygon", "coordinates": [[[[-87.63313340855473, 41.876760829360556], [-87.63311487904309, 41.875410712583694], [-87.62961267125154, 41.8754370117095], [-87.63046258883723, 41.87213890111233], [-87.6303293180996, 41.8675340066506], [-87.6333247641784, 41.86749184300596], [-87.63344833097302, 41.87171569741751], [-87.63264820390707, 41.872222729319915], [-87.6327002470519, 41.874403076077705], [-87.63351872353613, 41.874392643707466], [-87.63346142980666, 41.8722130341685], [-87.63436367954061, 41.87220165037371], [-87.63454937351062, 41.874560601063116], [-87.63642071350145, 41.874536691655486], [-87.63785765201276, 41.87688448733006], [-87.63313340855473, 41.876760829360556]]]]}}, {"type": "Feature", "properties": {"tif_name": "Englewood Mall Area", "municipality": "Chicago", "county": "Cook", "year_created": 1989, "year_expiry": 2025, "ordinance": "T- 21", "active": false, "source": "City of Chicago (inactive)", "source_url": "https://data.cityofchicago.org/resource/5eit-itsp.geojson"}, "geometry": {"type": "MultiPolygon", "coordinates": [[[[-87.64692331082114, 41.78197125108978], [-87.6430665000223, 41.78202934448261], [-87.64259965933947, 41.78060181707451], [-87.64013313788207, 41.78064294025158], [-87.64011203933924, 41.779822613775096], [-87.64950821363865, 41.779249098373185], [-87.6483331621732, 41.78068147874998], [-87.64711980556977, 41.780904612609596], [-87.64692331082114, 41.78197125108978]]]]}}, {"type": "Feature", "properties": {"tif_name": "Humboldt Park Commercial", "municipality": "Chicago", "county": "Cook", "year_created": 2001, "year_expiry": 2025, "ordinance": "T-108", "active": false, "source": "City of Chicago (inactive)", "source_url": "https://data.cityofchicago.org/resource/5eit-itsp.geojson"}, "geometry": {"type": "MultiPolygon", "coordinates": [[[[-87.69824947489455, 41.902774509396544], [-87.69673039122375, 41.90278827144562], [-87.69675892589764, 41.903961316299394], [-87.68769625734396, 41.90379590057886], [-87.68785436032024, 41.90976231435953], [-87.70714578312459, 41.91025547973923], [-87.70710846834648, 41.90910274182501], [-87.70782729126698, 41.90909359762634], [-87.70786196430005, 41.9095985606567], [-87.71979274191628, 41.90943586995306], [-87.72025528883675, 41.9104782951289], [-87.68659621707803, 41.91093987850326], [-87.68589302158081, 41.910828712681294], [-87.68586720788636, 41.90986407861224], [-87.68656355677038, 41.90984050662883], [-87.68653615065558, 41.908588597511546], [-87.68461579025815, 41.90862057471694], [-87.68456097988769, 41.90661763327764], [-87.68648267630817, 41.90658550055925], [-87.68644144185069, 41.904942404351395], [-87.68451610463985, 41.904976052762194], [-87.68443748383424, 41.90203823465175], [-87.69824947489455, 41.902774509396544]]]]}}, {"type": "Feature", "properties": {"tif_name": "North Branch (North)", "municipality": "Chicago", "county": "Cook", "year_created": 1997, "year_expiry": 2021, "ordinance": "T- 33", "active": false, "source": "City of Chicago (inactive)", "source_url": "https://data.cityofchicago.org/resource/5eit-itsp.geojson"}, "geometry": {"type": "MultiPolygon", "coordinates": [[[[-87.66592646851345, 41.92080916200795], [-87.66519040411326, 41.91988363434983], [-87.66603418965607, 41.919883326391876], [-87.6675211166086, 41.921673455121784], [-87.66879969452373, 41.92165940700438], [-87.66835996848748, 41.91857618783582], [-87.6664788302091, 41.91635008334458], [-87.6680384960884, 41.91596275429879], [-87.66909461144391, 41.91912846229228], [-87.66995722602688, 41.918614790362014], [-87.67651027763213, 41.92235398481517], [-87.6761261592678, 41.92269629727404], [-87.67733424132089, 41.92345259826646], [-87.67668018468919, 41.924382610109184], [-87.67800610025867, 41.9249104903011], [-87.67832148373114, 41.92835683955424], [-87.67690386653582, 41.928005935321686], [-87.67774520398339, 41.92874339516516], [-87.6757084232871, 41.930039973000596], [-87.67476091518122, 41.929214184385955], [-87.67648482523964, 41.927794593896415], [-87.67465142814132, 41.926761154052684], [-87.67423289581626, 41.925180878892746], [-87.67154644410678, 41.9251068643783], [-87.67042909442729, 41.92265322898761], [-87.66726021657243, 41.92264268455354], [-87.66592646851345, 41.92080916200795]]]]}}, {"type": "Feature", "properties": {"tif_name": "North/Cicero", "municipality": "Chicago", "county": "Cook", "year_created": 1997, "year_expiry": 2021, "ordinance": "T- 35", "active": false, "source": "City of Chicago (inactive)", "source_url": "https://data.cityofchicago.org/resource/5eit-itsp.geojson"}, "geometry": {"type": "MultiPolygon", "coordinates": [[[[-87.74570697737096, 41.91015658896443], [-87.74454721246, 41.91017298368781], [-87.74453920977987, 41.90950977349855], [-87.7454141676186, 41.90911617749604], [-87.74586164922367, 41.905907247032395], [-87.75038723891645, 41.90637123898705], [-87.75115706640022, 41.9096969366772], [-87.74570697737096, 41.91015658896443]]]]}}, {"type": "Feature", "properties": {"tif_name": "Portage Park", "municipality": "Chicago", "county": "Cook", "year_created": 1998, "year_expiry": 2022, "ordinance": "T- 58", "active": false, "source": "City of Chicago (inactive)", "source_url": "https://data.cityofchicago.org/resource/5eit-itsp.geojson"}, "geometry": {"type": "MultiPolygon", "coordinates": [[[[-87.75330719223057, 41.96016480790079], [-87.7477491606825, 41.95327798448353], [-87.74237315920226, 41.95347904086386], [-87.74163936296974, 41.95176258289393], [-87.74079066156881, 41.95177298120684], [-87.74044526873348, 41.94996027847308], [-87.73933809089466, 41.94997443499919], [-87.73788568324319, 41.94841850394137], [-87.73302909157808, 41.9482214636819], [-87.73297019740313, 41.946212667277365], [-87.73528756576529, 41.946182897840856], [-87.73463889778803, 41.94550626677677], [-87.73711257022138, 41.945772524071195], [-87.736942724271, 41.94269839116973], [-87.739727413778, 41.94267577519798], [-87.73981524036763, 41.94573767954254], [-87.7415074407786, 41.945715843949586], [-87.74232505557599, 41.93889051556401], [-87.74252786442324, 41.94608959367464], [-87.7432651579871, 41.946080060339206], [-87.7425704024384, 41.94756592699984], [-87.74276962091254, 41.95026819420485], [-87.74406889606423, 41.95024915742903], [-87.74480760353259, 41.95151355651808], [-87.74661623840143, 41.95200820999582], [-87.74655139375817, 41.94969093815385], [-87.74789955430141, 41.94967300727131], [-87.74798143425053, 41.95289288899605], [-87.75232609382654, 41.95232072083709], [-87.75233875125485, 41.95283862223904], [-87.76218204790261, 41.95272759335332], [-87.76221421695668, 41.95371932181564], [-87.75168438532374, 41.95388870385665], [-87.7517123785825, 41.9547589725483], [-87.75061704315938, 41.95529650711989], [-87.75495131662488, 41.96062829687504], [-87.75330719223057, 41.96016480790079]]]]}}, {"type": "Feature", "properties": {"tif_name": "Peterson/Cicero", "municipality": "Chicago", "county": "Cook", "year_created": 2000, "year_expiry": 2024, "ordinance": "T- 90", "active": false, "source": "City of Chicago (inactive)", "source_url": "https://data.cityofchicago.org/resource/5eit-itsp.geojson"}, "geometry": {"type": "MultiPolygon", "coordinates": [[[[-87.74939628024156, 41.99146305373621], [-87.74814684523513, 41.991477368204556], [-87.74813395314014, 41.989758004048056], [-87.74921856191293, 41.98974437535935], [-87.74939628024156, 41.99146305373621]]]]}}, {"type": "Feature", "properties": {"tif_name": "Montclare", "municipality": "Chicago", "county": "Cook", "year_created": 2000, "year_expiry": 2024, "ordinance": "T-102", "active": false, "source": "City of Chicago (inactive)", "source_url": "https://data.cityofchicago.org/resource/5eit-itsp.geojson"}, "geometry": {"type": "MultiPolygon", "coordinates": [[[[-87.79175826602417, 41.921922307261376], [-87.79062129809166, 41.921931592945384], [-87.79016326029773, 41.917786623630995], [-87.7916482449133, 41.918325909992], [-87.79175826602417, 41.921922307261376]]]]}}, {"type": "Feature", "properties": {"tif_name": "Jefferson Park Business District", "municipality": "Chicago", "county": "Cook", "year_created": 1998, "year_expiry": 2022, "ordinance": "T- 57", "active": false, "source": "City of Chicago (inactive)", "source_url": "https://data.cityofchicago.org/resource/5eit-itsp.geojson"}, "geometry": {"type": "MultiPolygon", "coordinates": [[[[-87.75393592556611, 41.9606357798384], [-87.75524573721884, 41.9606255941034], [-87.75770122891286, 41.96418189109321], [-87.75886105825779, 41.96416761329324], [-87.75842348640903, 41.96366251849699], [-87.76130515572947, 41.96413750074199], [-87.76146457067891, 41.96514193390757], [-87.75856618482625, 41.96518028768807], [-87.76035738128483, 41.96550131255673], [-87.75992111675643, 41.9662012131764], [-87.76113383598562, 41.967438535449396], [-87.76514390761682, 41.96770887321051], [-87.7651870582029, 41.969775018089095], [-87.76274195270555, 41.96939514685016], [-87.76451696311835, 41.970054717458325], [-87.76439772387145, 41.97174994815681], [-87.7684998374993, 41.97451242365545], [-87.75647075360382, 41.96800838766446], [-87.75941986532224, 41.96740528222253], [-87.75679330285026, 41.96497529740777], [-87.75693390492597, 41.96362963863518], [-87.75393592556611, 41.9606357798384]]]]}}, {"type": "Feature", "properties": {"tif_name": "North Branch (South)", "municipality": "Chicago", "county": "Cook", "year_created": 1998, "year_expiry": 2022, "ordinance": "T- 34", "active": false, "source": "City of Chicago (inactive)", "source_url": "https://data.cityofchicago.org/resource/5eit-itsp.geojson"}, "geometry": {"type": "MultiPolygon", "coordinates": [[[[-87.66538263205337, 41.914874781015605], [-87.66395536754824, 41.91539797195517], [-87.66257628410193, 41.914630047283026], [-87.66458836634477, 41.913805780091806], [-87.663096024499, 41.910607194580315], [-87.6555049742291, 41.91071656847731], [-87.65548591602753, 41.911831722071966], [-87.65482749921259, 41.911907208820374], [-87.65003415088519, 41.906154159593704], [-87.65137575953837, 41.90550224043452], [-87.65563252419214, 41.91000997939429], [-87.6557077443089, 41.908990557407975], [-87.65715116039438, 41.908966464185255], [-87.657548988441, 41.90822078407452], [-87.65785408945207, 41.90454415569523], [-87.65510840408572, 41.90093867839758], [-87.64795794621044, 41.89820171399909], [-87.64784814680107, 41.89627581165031], [-87.65206147762184, 41.898223497282096], [-87.6535096836351, 41.897270884417786], [-87.65537371013525, 41.89724172875772], [-87.65540671763492, 41.89884400868738], [-87.65730396123, 41.900238782552094], [-87.6603135024694, 41.90052486672587], [-87.66016299879213, 41.90718586574587], [-87.66368080816206, 41.91038881036509], [-87.66739262116269, 41.91612860290217], [-87.6664788302091, 41.91635008334458], [-87.66538263205337, 41.914874781015605]]]]}}, {"type": "Feature", "properties": {"tif_name": "Roosevelt/Union", "municipality": "Chicago", "county": "Cook", "year_created": 1999, "year_expiry": 2023, "ordinance": "T- 68", "active": false, "source": "City of Chicago (inactive)", "source_url": "https://data.cityofchicago.org/resource/5eit-itsp.geojson"}, "geometry": {"type": "MultiPolygon", "coordinates": [[[[-87.65103088904581, 41.8623921497281], [-87.6479352431621, 41.86241037893577], [-87.64806942268795, 41.86713550151458], [-87.64497913462009, 41.86718105216202], [-87.6447593714181, 41.860534849876906], [-87.65097917852886, 41.86060989486462], [-87.65103088904581, 41.8623921497281]]]]}}, {"type": "Feature", "properties": {"tif_name": "Archer Courts", "municipality": "Chicago", "county": "Cook", "year_created": 1999, "year_expiry": 2023, "ordinance": "T- 67", "active": false, "source": "City of Chicago (inactive)", "source_url": "https://data.cityofchicago.org/resource/5eit-itsp.geojson"}, "geometry": {"type": "MultiPolygon", "coordinates": [[[[-87.63595989488114, 41.85297827485198], [-87.63472343021068, 41.852995088634145], [-87.63467630327561, 41.85141557018286], [-87.63697513589948, 41.85079141349993], [-87.63595989488114, 41.85297827485198]]]]}}, {"type": "Feature", "properties": {"tif_name": "Michigan/Cermak", "municipality": "Chicago", "county": "Cook", "year_created": 1989, "year_expiry": 2025, "ordinance": "T- 29", "active": false, "source": "City of Chicago (inactive)", "source_url": "https://data.cityofchicago.org/resource/5eit-itsp.geojson"}, "geometry": {"type": "MultiPolygon", "coordinates": [[[[-87.62053294382461, 41.85249999568451], [-87.62168961928636, 41.852511010295835], [-87.62113203533679, 41.851547943419966], [-87.62213064766038, 41.85153212170226], [-87.622160798272, 41.852720915348854], [-87.62299012949363, 41.85271220217787], [-87.62362990504386, 41.85175566707496], [-87.62633374940953, 41.85202657795581], [-87.62686643182842, 41.85143692568522], [-87.62729771721008, 41.85415085731822], [-87.62366464570432, 41.85337438963809], [-87.62056591850052, 41.85396672979498], [-87.62054718848142, 41.852910004598655], [-87.619035291203, 41.8529105954611], [-87.62053294382461, 41.85249999568451]]]]}}, {"type": "Feature", "properties": {"tif_name": "Clark Street & Ridge Avenue", "municipality": "Chicago", "county": "Cook", "year_created": 1999, "year_expiry": 2023, "ordinance": "T- 74", "active": false, "source": "City of Chicago (inactive)", "source_url": "https://data.cityofchicago.org/resource/5eit-itsp.geojson"}, "geometry": {"type": "MultiPolygon", "coordinates": [[[[-87.67091767123489, 42.00061968169206], [-87.66907015280547, 41.99908210150455], [-87.66905392422665, 41.998521626903724], [-87.67079705216035, 41.998876700107886], [-87.66921463843448, 41.99648837073123], [-87.66955149843413, 41.99550864000988], [-87.66762771460102, 41.9955320603807], [-87.66759258051823, 41.99437914746541], [-87.66948509624247, 41.99435130538721], [-87.66952121800229, 41.99218086373063], [-87.66937068705342, 41.99089713245801], [-87.66748105647355, 41.99091896637556], [-87.66746410145755, 41.99036491128162], [-87.66934729380316, 41.99001215956842], [-87.66869004646547, 41.98950913264149], [-87.66868597977344, 41.99002035186229], [-87.66823151604817, 41.98951476348794], [-87.66502391065409, 41.990062492172626], [-87.66497060413298, 41.98803426910923], [-87.6691674333319, 41.987958516579916], [-87.66800868967401, 41.98249707334085], [-87.66883217814801, 41.983284199535746], [-87.66998662951147, 41.98304181929034], [-87.66993826132587, 41.98727055846772], [-87.67070725017199, 41.98725651165744], [-87.67133441421639, 41.990208478085414], [-87.68128167196176, 41.99050705550623], [-87.68130356095774, 41.991245932773964], [-87.6753830295328, 41.991363027803], [-87.67547875096693, 41.99433046294417], [-87.67410950792235, 41.99384050624272], [-87.67406593214355, 41.99229513749162], [-87.67321038380544, 41.9916679475642], [-87.67096525634607, 41.99124162944245], [-87.67079054472002, 41.99280788514662], [-87.67171469583587, 41.99279148145705], [-87.6707796198649, 41.99395341188459], [-87.67165527216262, 41.9991038193242], [-87.67510460331812, 41.99904385636015], [-87.67513196109907, 42.000025091338564], [-87.67207229436963, 42.00009966903605], [-87.6737681647921, 42.00543191917876], [-87.67242967437332, 42.00545423002427], [-87.67091767123489, 42.00061968169206]]]]}}, {"type": "Feature", "properties": {"tif_name": "Devon & Western", "municipality": "Chicago", "county": "Cook", "year_created": 1999, "year_expiry": 2023, "ordinance": "T- 76", "active": false, "source": "City of Chicago (inactive)", "source_url": "https://data.cityofchicago.org/resource/5eit-itsp.geojson"}, "geometry": {"type": "MultiPolygon", "coordinates": [[[[-87.67687768515303, 41.998392050074806], [-87.67555485424631, 41.9990900084113], [-87.67538069264425, 41.99799011575347], [-87.67148831062234, 41.998536731124425], [-87.67129842778023, 41.99759772747612], [-87.6891975448757, 41.99726027012092], [-87.68902190499205, 41.99064556093832], [-87.68798447908469, 41.98984034977672], [-87.68709830807549, 41.98518966035672], [-87.6874296094865, 41.984085888513064], [-87.68926815812632, 41.98405340877396], [-87.68920259244656, 41.98035550761236], [-87.68426263136091, 41.979472662713825], [-87.68858501923567, 41.977627379972155], [-87.68853099719455, 41.97580783619715], [-87.68979975303856, 41.975794319042365], [-87.68952966157255, 41.97760639283466], [-87.69052170422033, 41.978237707642904], [-87.69056567587019, 41.97946781573479], [-87.68994449812467, 41.979471472923315], [-87.69000804357309, 41.98125402980367], [-87.69071657330007, 41.98148626051072], [-87.69001508423108, 41.981489960037194], [-87.69034321916989, 41.99182786847659], [-87.691045873327, 41.99182208757079], [-87.69035871131476, 41.992357310770146], [-87.69051046385256, 41.9972728445232], [-87.7094503987721, 41.99691618711051], [-87.70945668176071, 41.997867725694924], [-87.69008858576174, 41.99833863024911], [-87.69011988404478, 41.999629068606616], [-87.68929712598354, 41.99964317136795], [-87.68925843304034, 41.99820483393973], [-87.67687768515303, 41.998392050074806]]]]}}, {"type": "Feature", "properties": {"tif_name": "35th & Wallace", "municipality": "Chicago", "county": "Cook", "year_created": 1999, "year_expiry": 2023, "ordinance": "T- 79", "active": false, "source": "City of Chicago (inactive)", "source_url": "https://data.cityofchicago.org/resource/5eit-itsp.geojson"}, "geometry": {"type": "MultiPolygon", "coordinates": [[[[-87.63644435736248, 41.834435139991335], [-87.63611611176687, 41.82536966501305], [-87.63387073734681, 41.82539603329663], [-87.63391665289556, 41.82735580406874], [-87.63142323043722, 41.827389383103686], [-87.6313393782487, 41.823645520823554], [-87.63995480992685, 41.823537030770595], [-87.63875667275305, 41.82403240023325], [-87.63877858693182, 41.8249418998215], [-87.63679151849985, 41.82496913867563], [-87.63878685212514, 41.825286329721486], [-87.63881320549798, 41.826382232674796], [-87.63747693018566, 41.826739505741024], [-87.63812404721764, 41.82824783130424], [-87.63885797661821, 41.828241005051034], [-87.64012567358414, 41.830420052048765], [-87.64132464520783, 41.82962710529013], [-87.64134499193143, 41.8304583592622], [-87.64545844187754, 41.83060222396666], [-87.64553552476546, 41.83126639174363], [-87.64065654605074, 41.8311205726499], [-87.63895446922433, 41.832339945895264], [-87.63900536008362, 41.834584404627144], [-87.63644435736248, 41.834435139991335]]]]}}, {"type": "Feature", "properties": {"tif_name": "51st/Archer", "municipality": "Chicago", "county": "Cook", "year_created": 2000, "year_expiry": 2024, "ordinance": "T- 97", "active": false, "source": "City of Chicago (inactive)", "source_url": "https://data.cityofchicago.org/resource/5eit-itsp.geojson"}, "geometry": {"type": "MultiPolygon", "coordinates": [[[[-87.70362949806423, 41.80073327481232], [-87.71098288121152, 41.80062685863995], [-87.71067911327803, 41.7896792900343], [-87.71284346169871, 41.78964324922708], [-87.71284506468325, 41.78509635065527], [-87.71572017795195, 41.78595917101819], [-87.71573577900145, 41.78652666507414], [-87.71340776750877, 41.78656385288007], [-87.71358541397582, 41.79510367084638], [-87.71409888623252, 41.79692617637924], [-87.71479768870134, 41.79691583613393], [-87.71491064090918, 41.800578035655846], [-87.71613613944764, 41.800559838848024], [-87.71619303485225, 41.802389904001984], [-87.71730122859806, 41.80266814002361], [-87.7227635646784, 41.80064353495743], [-87.73059263437419, 41.8003837763532], [-87.73668383540432, 41.79914996382165], [-87.73671861257357, 41.80040059074903], [-87.72475865958104, 41.80192845826917], [-87.72083570664391, 41.8040508134464], [-87.72039794231151, 41.803535048892414], [-87.7162499011916, 41.80439858690404], [-87.71631183168475, 41.806820255137964], [-87.71451492954289, 41.80808058631282], [-87.71367621304908, 41.80807462629498], [-87.71361559446761, 41.805445893843135], [-87.71243567183852, 41.80434998718451], [-87.70374371856322, 41.80456974342032], [-87.70362949806423, 41.80073327481232]], [[-87.70634334987963, 41.80397561720142], [-87.71055199552256, 41.80380311826693], [-87.71188012172038, 41.80254651288423], [-87.70736957961593, 41.80261198091152], [-87.70687168212858, 41.80124639986418], [-87.70634334987963, 41.80397561720142]]]]}}, {"type": "Feature", "properties": {"tif_name": "Archer/Central", "municipality": "Chicago", "county": "Cook", "year_created": 2000, "year_expiry": 2024, "ordinance": "T- 99", "active": false, "source": "City of Chicago (inactive)", "source_url": "https://data.cityofchicago.org/resource/5eit-itsp.geojson"}, "geometry": {"type": "MultiPolygon", "coordinates": [[[[-87.75276836671485, 41.79708239331867], [-87.7581468467576, 41.7958587107166], [-87.75734758576624, 41.794525042236394], [-87.76224171223647, 41.79477917358949], [-87.76219993252201, 41.793363515699696], [-87.76097682291235, 41.793038651764675], [-87.76218840348304, 41.79264626501005], [-87.7620581853175, 41.78942903164506], [-87.76050640456675, 41.7883412037199], [-87.76042260318344, 41.786344436099505], [-87.76193291641918, 41.78633389325136], [-87.76190871460561, 41.785735894928216], [-87.76079021716569, 41.78575548566994], [-87.76076321444532, 41.785059769884555], [-87.76188138893824, 41.78505012403331], [-87.76160972440736, 41.778144503823945], [-87.7556431564218, 41.778259111851646], [-87.75523897573817, 41.77905886970369], [-87.75475205921465, 41.77827693218862], [-87.75391085735464, 41.77886767575351], [-87.75388529232391, 41.77829426058799], [-87.74954518907174, 41.778378647774964], [-87.7495857442336, 41.77915018916033], [-87.74748667765076, 41.77919721369199], [-87.74639682988355, 41.77844289576622], [-87.74247550131663, 41.778536998460254], [-87.74264956496488, 41.78381662125437], [-87.74136290059708, 41.783825842106204], [-87.7414312511894, 41.77103660211162], [-87.7420519478002, 41.771031823760474], [-87.74291437030705, 41.77794407188868], [-87.7452835101004, 41.77791176412805], [-87.7452382338245, 41.776454859216464], [-87.74599653115438, 41.77644046110709], [-87.7460383077454, 41.77789707414669], [-87.76105581859927, 41.777600735684466], [-87.76158271809663, 41.77438783540824], [-87.76222595029171, 41.77438461426786], [-87.76232782873855, 41.77705030090747], [-87.76426870294291, 41.77753771371229], [-87.76430433643051, 41.77847934955919], [-87.76238463081165, 41.77851625850383], [-87.76263930884649, 41.784931825594875], [-87.76685375178586, 41.78420903435946], [-87.76481395639755, 41.78540227739528], [-87.76423563263806, 41.7872821715063], [-87.76221306954652, 41.78732278758923], [-87.76225050030475, 41.788286275850346], [-87.76277071555124, 41.78827574339562], [-87.76292772946532, 41.792244880508115], [-87.76667369719402, 41.7925594608789], [-87.76710252330565, 41.793998170714396], [-87.7659751888329, 41.79401977687093], [-87.76648674364773, 41.795192731180165], [-87.75254430789805, 41.7977305045027], [-87.75276836671485, 41.79708239331867]]]]}}, {"type": "Feature", "properties": {"tif_name": "Belmont/Cicero", "municipality": "Chicago", "county": "Cook", "year_created": 2000, "year_expiry": 2024, "ordinance": "T- 82", "active": false, "source": "City of Chicago (inactive)", "source_url": "https://data.cityofchicago.org/resource/5eit-itsp.geojson"}, "geometry": {"type": "MultiPolygon", "coordinates": [[[[-87.74706070678806, 41.94935901992015], [-87.74653073621062, 41.94895335092815], [-87.74700110610958, 41.947230190157036], [-87.74619313351242, 41.946223316058074], [-87.74615939781918, 41.94517809796664], [-87.74687804224104, 41.945063659935], [-87.74615643919, 41.94507220553173], [-87.74560009224092, 41.926102558279986], [-87.7470392375109, 41.92527544602284], [-87.74756976556739, 41.93834022732343], [-87.75434395338263, 41.93825181167176], [-87.75442124696139, 41.940645327608145], [-87.75172541738915, 41.94068000173771], [-87.75168223676692, 41.93924334783514], [-87.74754005625785, 41.93929725994105], [-87.74775212370142, 41.94620352067779], [-87.74722438475794, 41.94653984169361], [-87.74774252271197, 41.9465317950102], [-87.7478305350049, 41.94967392208419], [-87.74655139375817, 41.94969093815385], [-87.74706070678806, 41.94935901992015]]]]}}, {"type": "Feature", "properties": {"tif_name": "Chicago/Kingsbury", "municipality": "Chicago", "county": "Cook", "year_created": 2000, "year_expiry": 2024, "ordinance": "T- 94", "active": false, "source": "City of Chicago (inactive)", "source_url": "https://data.cityofchicago.org/resource/5eit-itsp.geojson"}, "geometry": {"type": "MultiPolygon", "coordinates": [[[[-87.64061334117153, 41.89664576934212], [-87.63848204122253, 41.89667209517351], [-87.63844548301118, 41.89543587993692], [-87.63991485786943, 41.89514327487147], [-87.63697846504039, 41.89486079665585], [-87.63694987126365, 41.893848109997464], [-87.64289914192457, 41.895380795101254], [-87.64284868395774, 41.89398197449351], [-87.64084992782247, 41.894005338289354], [-87.64051322429913, 41.893003642608264], [-87.64184576790068, 41.89273548921739], [-87.64314126235726, 41.89360711365583], [-87.64383125058707, 41.89635214700314], [-87.64564915063598, 41.89631743866583], [-87.64541215221138, 41.89824505280121], [-87.64665371757582, 41.90048293107932], [-87.64588119904717, 41.90083851232898], [-87.64305867386743, 41.89658663805354], [-87.64061334117153, 41.89664576934212]]]]}}, {"type": "Feature", "properties": {"tif_name": "Cicero/Archer", "municipality": "Chicago", "county": "Cook", "year_created": 2000, "year_expiry": 2024, "ordinance": "T- 96", "active": false, "source": "City of Chicago (inactive)", "source_url": "https://data.cityofchicago.org/resource/5eit-itsp.geojson"}, "geometry": {"type": "MultiPolygon", "coordinates": [[[[-87.73961623443658, 41.807759053636325], [-87.7395983844105, 41.807205548090636], [-87.7425021683747, 41.80717035497242], [-87.7422080475463, 41.79593609094894], [-87.74305931937707, 41.795927351800096], [-87.74307861353542, 41.797595923241246], [-87.74429957943057, 41.79757771049492], [-87.74432164102205, 41.79838047334355], [-87.75249032143901, 41.7971251151331], [-87.75254430789805, 41.7977305045027], [-87.74966255371132, 41.79849741738466], [-87.74359857945832, 41.79910751272288], [-87.74381197649518, 41.8071393225689], [-87.75292126324375, 41.807013612505884], [-87.75294418712242, 41.80792616425757], [-87.74818198658791, 41.80798917876218], [-87.74822110487139, 41.80947068690263], [-87.74553339713013, 41.809505704160365], [-87.74549432436635, 41.80806837669078], [-87.74384500238038, 41.80808994793282], [-87.74392909109575, 41.811353112169726], [-87.74261783860631, 41.81137233831624], [-87.7425605545831, 41.80775398103785], [-87.73961623443658, 41.807759053636325]]]]}}, {"type": "Feature", "properties": {"tif_name": "Greater Southwest Industrial (West)", "municipality": "Chicago", "county": "Cook", "year_created": 2000, "year_expiry": 2024, "ordinance": "T- 92", "active": false, "source": "City of Chicago (inactive)", "source_url": "https://data.cityofchicago.org/resource/5eit-itsp.geojson"}, "geometry": {"type": "MultiPolygon", "coordinates": [[[[-87.72307403540042, 41.76599259387973], [-87.72179956591086, 41.765832630015666], [-87.7216805833209, 41.76211187370736], [-87.71860108998354, 41.7604995696135], [-87.71213323431553, 41.76094904032972], [-87.71182340388657, 41.75087991607794], [-87.7142549986673, 41.750840065312374], [-87.71421372348082, 41.75691955679537], [-87.72196767174734, 41.756804377358], [-87.72190526306308, 41.75486892433187], [-87.7207247605406, 41.75433177743513], [-87.72102009755933, 41.75317316710043], [-87.72646677036735, 41.75307500393167], [-87.7265044729427, 41.75504852532902], [-87.73141883466546, 41.75503079649789], [-87.73236261794361, 41.754961860424444], [-87.73232189191602, 41.75297098028305], [-87.74149877883941, 41.752728083733345], [-87.74199627644659, 41.768689200074334], [-87.73883769445725, 41.769131901951575], [-87.73770208863938, 41.7711081195004], [-87.73698614034771, 41.77111648110472], [-87.73567008143779, 41.76926157511608], [-87.73280849108002, 41.76769134746108], [-87.7273621392884, 41.767759265458004], [-87.72731295813074, 41.76584740866617], [-87.72307403540042, 41.76599259387973]], [[-87.73561435295936, 41.76378887022421], [-87.73535703262921, 41.762305167534265], [-87.74156491820247, 41.761966100901056], [-87.74016666788536, 41.762097382241606], [-87.74012798325985, 41.76059066784394], [-87.74151877138844, 41.76057067181566], [-87.74074573509124, 41.75825543185441], [-87.73239620841801, 41.75788280207328], [-87.73260419751756, 41.76278401283838], [-87.7307324520508, 41.76259308715737], [-87.73561435295936, 41.76378887022421]]]]}}, {"type": "Feature", "properties": {"tif_name": "Jefferson/Roosevelt", "municipality": "Chicago", "county": "Cook", "year_created": 2000, "year_expiry": 2024, "ordinance": "T-101", "active": false, "source": "City of Chicago (inactive)", "source_url": "https://data.cityofchicago.org/resource/5eit-itsp.geojson"}, "geometry": {"type": "MultiPolygon", "coordinates": [[[[-87.64110409519634, 41.87447868234104], [-87.64067794808696, 41.87047950112174], [-87.63803427020011, 41.86988553242793], [-87.63831019279287, 41.87204192170886], [-87.63583569003933, 41.872182966754075], [-87.63506893035638, 41.86737663622273], [-87.63727575602732, 41.86734546298098], [-87.63722893901289, 41.86565055791646], [-87.6390462834859, 41.86562379845549], [-87.63911102203485, 41.86736203033689], [-87.64085333567373, 41.86734444405619], [-87.64060506571855, 41.86207638781966], [-87.64406562859823, 41.86176147615617], [-87.64453220809193, 41.87443848198833], [-87.64110409519634, 41.87447868234104]]]]}}, {"type": "Feature", "properties": {"tif_name": "Midway Industrial Corridor", "municipality": "Chicago", "county": "Cook", "year_created": 2000, "year_expiry": 2024, "ordinance": "T- 89", "active": false, "source": "City of Chicago (inactive)", "source_url": "https://data.cityofchicago.org/resource/5eit-itsp.geojson"}, "geometry": {"type": "MultiPolygon", "coordinates": [[[[-87.73571258612255, 41.80780700231732], [-87.7356487809421, 41.80597977676378], [-87.73389961007628, 41.806001715721585], [-87.73436900466498, 41.80416676742587], [-87.73380509448779, 41.80216340665483], [-87.7355422201742, 41.802141394597776], [-87.73549660833493, 41.80049864642941], [-87.73671861257357, 41.80040059074903], [-87.73661947308662, 41.796829059288406], [-87.7353619885886, 41.79565641793912], [-87.73414066989756, 41.795818608791556], [-87.73535980471716, 41.79531523661743], [-87.73669218789642, 41.792996036485874], [-87.74899578020656, 41.79284096074611], [-87.74942652119688, 41.791691306999695], [-87.75135697487553, 41.79166396133317], [-87.75140194569252, 41.79280558268345], [-87.75265624362713, 41.79278708967473], [-87.75299014589802, 41.79497908247073], [-87.75735891692274, 41.79493048620137], [-87.7529978081619, 41.79534125786481], [-87.75276836671485, 41.79708239331867], [-87.74432164102205, 41.79838047334355], [-87.74429957943057, 41.79757771049492], [-87.74307861353542, 41.797595923241246], [-87.74305931937707, 41.795927351800096], [-87.73974518438222, 41.79593458822099], [-87.73936220752933, 41.798742760164295], [-87.74179980251296, 41.79836910715362], [-87.74183336762745, 41.79937725645661], [-87.73870268830683, 41.80046868894647], [-87.73975476489852, 41.81305645393651], [-87.74348227486774, 41.81300408408856], [-87.74357849833844, 41.816302435360164], [-87.73375151038798, 41.81941950185336], [-87.73371435249553, 41.8181918472593], [-87.73654929230062, 41.8162885238505], [-87.73789145334433, 41.8162702971587], [-87.73685854308475, 41.813149301188666], [-87.73700588660355, 41.807791526083285], [-87.73571258612255, 41.80780700231732]]]]}}, {"type": "Feature", "properties": {"tif_name": "Ohio/Wabash", "municipality": "Chicago", "county": "Cook", "year_created": 2000, "year_expiry": 2024, "ordinance": "T-100", "active": false, "source": "City of Chicago (inactive)", "source_url": "https://data.cityofchicago.org/resource/5eit-itsp.geojson"}, "geometry": {"type": "MultiPolygon", "coordinates": [[[[-87.6282334806643, 41.893373569544124], [-87.62664050826477, 41.89339890407163], [-87.62661464548526, 41.8923932569793], [-87.6282069326105, 41.8923679185604], [-87.6282334806643, 41.893373569544124]]]]}}, {"type": "Feature", "properties": {"tif_name": "Peterson/Pulaski", "municipality": "Chicago", "county": "Cook", "year_created": 2000, "year_expiry": 2024, "ordinance": "T- 91", "active": false, "source": "City of Chicago (inactive)", "source_url": "https://data.cityofchicago.org/resource/5eit-itsp.geojson"}, "geometry": {"type": "MultiPolygon", "coordinates": [[[[-87.72875732644755, 41.99360584871536], [-87.7283023289969, 41.98486079545686], [-87.73272546042601, 41.98481577460166], [-87.732672296829, 41.98276655733378], [-87.73763703129056, 41.982711649735386], [-87.73650400111306, 41.98731025506174], [-87.73431057971786, 41.98833108805561], [-87.73294359814714, 41.990673673610075], [-87.73191605500527, 41.99056820570607], [-87.73192464672285, 41.99148803997412], [-87.73105332546905, 41.99148787351105], [-87.72938755301612, 41.99360510478771], [-87.7290278906187, 41.99728435571499], [-87.72617374566347, 41.9973012871649], [-87.72875732644755, 41.99360584871536]]]]}}, {"type": "Feature", "properties": {"tif_name": "West Irving Park", "municipality": "Chicago", "county": "Cook", "year_created": 2000, "year_expiry": 2024, "ordinance": "T- 83", "active": false, "source": "City of Chicago (inactive)", "source_url": "https://data.cityofchicago.org/resource/5eit-itsp.geojson"}, "geometry": {"type": "MultiPolygon", "coordinates": [[[[-87.76665364725352, 41.96131103393486], [-87.7633396080476, 41.96100679360785], [-87.76353149383151, 41.96004795157042], [-87.76658766145205, 41.96001099387512], [-87.76703502646913, 41.95783649160117], [-87.76648679061257, 41.9569307199384], [-87.76207678421389, 41.95698443736984], [-87.7619715416187, 41.95371851683296], [-87.76218362512574, 41.952776001226276], [-87.76686590728731, 41.952688277787495], [-87.76649911811678, 41.94997011752085], [-87.76776182004846, 41.953036654656806], [-87.78410484213143, 41.95284426609348], [-87.78403125373005, 41.951039225355686], [-87.78659318465131, 41.9510052101966], [-87.78664809387848, 41.952292797238364], [-87.7939174945123, 41.95149030411514], [-87.79394115399624, 41.95212167064573], [-87.79310314249764, 41.95213482426941], [-87.79396243700297, 41.95278331941382], [-87.78655347114935, 41.95292044258388], [-87.78658747955338, 41.953924921186896], [-87.77788263772145, 41.9531284902137], [-87.77741534436308, 41.95379268919871], [-87.77403645940711, 41.953226172537605], [-87.76714246627152, 41.95370664847101], [-87.76786692271672, 41.959994743985284], [-87.76868711678155, 41.96055192765243], [-87.76665364725352, 41.96131103393486]]]]}}, {"type": "Feature", "properties": {"tif_name": "Western Avenue North", "municipality": "Chicago", "county": "Cook", "year_created": 2000, "year_expiry": 2024, "ordinance": "T- 84", "active": false, "source": "City of Chicago (inactive)", "source_url": "https://data.cityofchicago.org/resource/5eit-itsp.geojson"}, "geometry": {"type": "MultiPolygon", "coordinates": [[[[-87.66925595648941, 41.968969117702315], [-87.67402560753843, 41.968551553327124], [-87.67602806260763, 41.96759850400275], [-87.67839208455986, 41.968251304207406], [-87.6783316496268, 41.966153124420096], [-87.67925344702331, 41.96591206006937], [-87.67972530107318, 41.96825566384046], [-87.68776436681038, 41.96851733949559], [-87.68867135235605, 41.96708996123831], [-87.68734716391658, 41.96699937256321], [-87.68665432460719, 41.96593399952278], [-87.68747431474672, 41.96566299710792], [-87.68740198787961, 41.963264098120554], [-87.68377221080094, 41.96331249815182], [-87.68371623339779, 41.961302855727205], [-87.68886331260889, 41.961221729870026], [-87.69124537759586, 41.96120541110919], [-87.6912653187283, 41.961772284226576], [-87.68933634411171, 41.961785848304764], [-87.68952767768022, 41.968126532562145], [-87.69950096193051, 41.96852670182749], [-87.6976046186046, 41.96901955738648], [-87.69762391089196, 41.96972728501037], [-87.69612391301486, 41.969739716296786], [-87.69514486375246, 41.968651688631496], [-87.68959106551358, 41.96917912636259], [-87.69187160187974, 41.972249390346555], [-87.69322647619464, 41.975799371542905], [-87.69165111283732, 41.97578075333378], [-87.69039012973579, 41.97257889677845], [-87.68945533477617, 41.97259363595264], [-87.68974090793792, 41.97579470222002], [-87.68853099719455, 41.97580783619715], [-87.68829142380423, 41.96933648339032], [-87.67985170652793, 41.969005441630706], [-87.67994756543143, 41.97229837266801], [-87.68428410397664, 41.972228832721726], [-87.6844138634055, 41.97604725744804], [-87.68173013683761, 41.9760868301342], [-87.67861474573375, 41.97613157864339], [-87.67858843683645, 41.97516764975024], [-87.679229100524, 41.97515697767665], [-87.67842152633067, 41.96925403916999], [-87.67559457705904, 41.96923118185814], [-87.67544108312465, 41.97255439054298], [-87.67414409522029, 41.97257811270159], [-87.67336028795371, 41.969054804862374], [-87.66925595648941, 41.968969117702315]]]]}}, {"type": "Feature", "properties": {"tif_name": "Western Avenue South", "municipality": "Chicago", "county": "Cook", "year_created": 2000, "year_expiry": 2024, "ordinance": "T- 85", "active": false, "source": "City of Chicago (inactive)", "source_url": "https://data.cityofchicago.org/resource/5eit-itsp.geojson"}, "geometry": {"type": "MultiPolygon", "coordinates": [[[[-87.68803258332986, 41.96083590116046], [-87.68788678990624, 41.95594402235613], [-87.68597338795236, 41.9559712379116], [-87.68593151454688, 41.954556078528896], [-87.68496280854129, 41.954568997610224], [-87.68500617557672, 41.95598498054687], [-87.68354627010235, 41.95600565473624], [-87.6835093830771, 41.95460633436681], [-87.68015922273143, 41.954660099824345], [-87.68117539640006, 41.95657612138062], [-87.680584441607, 41.956957721385606], [-87.67868898067495, 41.956074434957536], [-87.67813393311773, 41.954672269830844], [-87.67363194198445, 41.95474198819407], [-87.6736611198192, 41.95370220924395], [-87.67763352174663, 41.95365937881724], [-87.67730631952382, 41.95226224207134], [-87.67928153645731, 41.95223564181906], [-87.67931895985508, 41.953625291199714], [-87.68784733212486, 41.95339102562561], [-87.68710025403189, 41.939368759096176], [-87.68822487954594, 41.93936147225509], [-87.68832807547186, 41.94300253127639], [-87.69080977521007, 41.94268668075167], [-87.69082458922183, 41.94383205502999], [-87.69392200347637, 41.94380911714395], [-87.6928470878871, 41.94089101639432], [-87.6905126549062, 41.94079762907666], [-87.69049158057933, 41.94007272562982], [-87.69235190217195, 41.939333913854405], [-87.69519979481687, 41.94267467289051], [-87.69617621290662, 41.94680489766641], [-87.69312193475756, 41.94682971678785], [-87.6931597551417, 41.94796559464895], [-87.69227939573314, 41.94817445714487], [-87.69062285097866, 41.94818442512959], [-87.69058255128694, 41.94685021579772], [-87.68884840552867, 41.946864204717464], [-87.68890639343965, 41.94859735330461], [-87.69066425944489, 41.94858205402528], [-87.69069432353778, 41.94957809721717], [-87.69428827034444, 41.94954942081209], [-87.69429137553925, 41.95118175037408], [-87.69602101304508, 41.95116705115474], [-87.69406652854258, 41.954133546353496], [-87.69397334627642, 41.957725857830354], [-87.69158036583562, 41.957739564114014], [-87.69151037198452, 41.95573825936438], [-87.69314962895123, 41.95572995880424], [-87.69311478127152, 41.954524562038685], [-87.68911449452997, 41.954521010300006], [-87.68930734926133, 41.96083141527947], [-87.69180145499159, 41.961201119976515], [-87.68803258332986, 41.96083590116046]], [[-87.69066037605833, 41.95351241275124], [-87.69057539637653, 41.95046996446021], [-87.68892451152497, 41.9504769054253], [-87.68901327027976, 41.953519436358825], [-87.69066037605833, 41.95351241275124]]]]}}, {"type": "Feature", "properties": {"tif_name": "105th Street and Vincennes Avenue", "municipality": "Chicago", "county": "Cook", "year_created": 2001, "year_expiry": 2025, "ordinance": "T-111", "active": false, "source": "City of Chicago (inactive)", "source_url": "https://data.cityofchicago.org/resource/5eit-itsp.geojson"}, "geometry": {"type": "MultiPolygon", "coordinates": [[[[-87.65147149727588, 41.71761712036161], [-87.63693720838023, 41.71800317939629], [-87.63683866581694, 41.71419121341574], [-87.63926262339913, 41.71416120172952], [-87.63912198530059, 41.708884501400426], [-87.62824299036836, 41.70902354077815], [-87.62819037509537, 41.705230515945296], [-87.63780188973413, 41.70506953616136], [-87.63769369810879, 41.7014289701078], [-87.64247890840244, 41.701369085961566], [-87.64242223481052, 41.69954793817165], [-87.65890715265586, 41.699350301612185], [-87.65739549269783, 41.703427451651784], [-87.65799603339993, 41.70485106214058], [-87.65975184566521, 41.70482470330914], [-87.66029973143613, 41.7062470591851], [-87.65902053433184, 41.70729821177734], [-87.66178795754058, 41.71408807067164], [-87.65340494830593, 41.714191908317524], [-87.65078055906982, 41.721288908179645], [-87.65013757374753, 41.72129521170221], [-87.65147149727588, 41.71761712036161]]]]}}, {"type": "Feature", "properties": {"tif_name": "53rd Street", "municipality": "Chicago", "county": "Cook", "year_created": 2001, "year_expiry": 2025, "ordinance": "T-105", "active": false, "source": "City of Chicago (inactive)", "source_url": "https://data.cityofchicago.org/resource/5eit-itsp.geojson"}, "geometry": {"type": "MultiPolygon", "coordinates": [[[[-87.58853901276848, 41.8015522183513], [-87.58778156283668, 41.80156014743016], [-87.58799592477075, 41.80232490424162], [-87.59062352653065, 41.802295418148184], [-87.59067515543263, 41.80513305698134], [-87.58831910204432, 41.80582648398353], [-87.58649093579581, 41.80008203862585], [-87.58527958896242, 41.799483733931936], [-87.58600874509183, 41.79947483232992], [-87.58636336182144, 41.79802464773711], [-87.58826827273552, 41.79799932268609], [-87.58833262100327, 41.799207430862445], [-87.58975558335453, 41.79901187264745], [-87.58970619083341, 41.79798058943179], [-87.59052421121883, 41.79796995826174], [-87.59054769516851, 41.79900409970794], [-87.59260085649764, 41.798980803003836], [-87.59163185622542, 41.79795554552137], [-87.59335485202303, 41.797937896496514], [-87.59329057142502, 41.795014089147806], [-87.59504002382123, 41.79498908249834], [-87.5951126259404, 41.79810453295788], [-87.59405535375116, 41.7985414831133], [-87.59676429972156, 41.79934512088081], [-87.59679283382496, 41.80059344927062], [-87.58978342405993, 41.80022024952645], [-87.58980331895954, 41.8010943200577], [-87.58853901276848, 41.8015522183513]]]]}}, {"type": "Feature", "properties": {"tif_name": "79th Street/Southwest Highway", "municipality": "Chicago", "county": "Cook", "year_created": 2001, "year_expiry": 2025, "ordinance": "T-112", "active": false, "source": "City of Chicago (inactive)", "source_url": "https://data.cityofchicago.org/resource/5eit-itsp.geojson"}, "geometry": {"type": "MultiPolygon", "coordinates": [[[[-87.69271432106478, 41.75307915143671], [-87.69262759409078, 41.75004423221242], [-87.68371446807416, 41.750232225020866], [-87.68374712803022, 41.75153639428775], [-87.68306991884047, 41.75154716383211], [-87.6830302889229, 41.74996918198064], [-87.6696356422451, 41.75070237944562], [-87.66961195870117, 41.74979969521337], [-87.67677577357082, 41.74971329885395], [-87.67537575309069, 41.749388048665004], [-87.6753329401042, 41.747573156816784], [-87.67295502249337, 41.74759985049651], [-87.67289943925759, 41.745242196005215], [-87.67773182474664, 41.74473383100312], [-87.67665961730552, 41.740505969643806], [-87.67276285881753, 41.73565391689474], [-87.67749141943244, 41.741444938879766], [-87.67821474841793, 41.749171334007585], [-87.68212308049011, 41.74872745897565], [-87.68250481654981, 41.74273023051383], [-87.68337891228747, 41.742715338831054], [-87.68347827323515, 41.74957516403575], [-87.70104578293348, 41.74964085477237], [-87.70215825000642, 41.74789478450989], [-87.70146218578094, 41.7420816350282], [-87.70205756832151, 41.74207206487794], [-87.70196578265931, 41.73876125968107], [-87.7027225620201, 41.73874257152776], [-87.70303770074389, 41.74903191960881], [-87.71174752160391, 41.74233785225395], [-87.71152319040746, 41.73503757484026], [-87.71208055283614, 41.741331611801776], [-87.71305456976886, 41.7413157974167], [-87.72143877707708, 41.7348596614399], [-87.72149877366395, 41.73677660782664], [-87.72013611703973, 41.73680027592929], [-87.71223356759036, 41.74306563778917], [-87.71229906608401, 41.749516386494896], [-87.71177915102125, 41.74348552203034], [-87.70474231114211, 41.74898757386633], [-87.70479367416824, 41.749627663046056], [-87.7117784668059, 41.74952410925915], [-87.71180528466387, 41.75018579730464], [-87.70375538019333, 41.75026046930477], [-87.70303614270881, 41.750673221632134], [-87.70310844491677, 41.75334776108553], [-87.70237438447715, 41.75335851801796], [-87.7013349668293, 41.75110850971125], [-87.70228206258024, 41.749890467396376], [-87.70154850206374, 41.749902188848836], [-87.6873066101307, 41.75640658626971], [-87.68322934014886, 41.75724134740052], [-87.68320473519707, 41.75635282236089], [-87.68646636443279, 41.755559905166855], [-87.68771103385784, 41.75377114135092], [-87.69271432106478, 41.75307915143671]]]]}}, {"type": "Feature", "properties": {"tif_name": "River West", "municipality": "Chicago", "county": "Cook", "year_created": 2001, "year_expiry": 2025, "ordinance": "T-104", "active": false, "source": "City of Chicago (inactive)", "source_url": "https://data.cityofchicago.org/resource/5eit-itsp.geojson"}, "geometry": {"type": "MultiPolygon", "coordinates": [[[[-87.64872980280482, 41.89675170862843], [-87.64761953206792, 41.89650979333764], [-87.64423056855233, 41.891337365132046], [-87.642800113293, 41.89136466615162], [-87.64128814850213, 41.88917773696575], [-87.63979615705578, 41.889194202056885], [-87.63960537069167, 41.88274900266114], [-87.64107207189407, 41.882726261441995], [-87.64104344133209, 41.88175210164136], [-87.64280596799645, 41.88172912333801], [-87.6428530707165, 41.88328215499661], [-87.64138217775732, 41.88328916294516], [-87.64207262196491, 41.885600404410965], [-87.64144917131945, 41.88560252369269], [-87.64151813882201, 41.88798532415093], [-87.64755116924843, 41.88814620057896], [-87.64778305522579, 41.893253908767065], [-87.64949127609535, 41.89507038929561], [-87.65369622461415, 41.89525958471711], [-87.65372714143228, 41.89640367557836], [-87.65169165495168, 41.89643546388027], [-87.651718853977, 41.89707624029937], [-87.65029207331744, 41.89645733406377], [-87.65070849923688, 41.89751469420228], [-87.64872980280482, 41.89675170862843]]]]}}, {"type": "Feature", "properties": {"tif_name": "Wilson Yard", "municipality": "Chicago", "county": "Cook", "year_created": 2001, "year_expiry": 2025, "ordinance": "T-110", "active": false, "source": "City of Chicago (inactive)", "source_url": "https://data.cityofchicago.org/resource/5eit-itsp.geojson"}, "geometry": {"type": "MultiPolygon", "coordinates": [[[[-87.65828887279152, 41.96881303872911], [-87.6574973813479, 41.96827778316253], [-87.65551499712207, 41.9687157067205], [-87.65550667889825, 41.967893274415026], [-87.65417586603915, 41.96828152802722], [-87.65416654921253, 41.96736823674862], [-87.64994939415479, 41.967440794753614], [-87.6498949028071, 41.965396817204976], [-87.6510653821245, 41.9651605781992], [-87.64984275772957, 41.96357735233653], [-87.65130761406292, 41.9628202603723], [-87.65127011984795, 41.9617335145043], [-87.65423427753518, 41.96169576568778], [-87.6546036413209, 41.96259848608772], [-87.6545864360993, 41.96140139985292], [-87.65828792853779, 41.96216313345262], [-87.65970840470466, 41.961621023395786], [-87.65972014585309, 41.96300490578743], [-87.66168166998767, 41.96209911943234], [-87.66110209633071, 41.96293073488962], [-87.66170280638282, 41.96360441085485], [-87.66033722969874, 41.96361647677586], [-87.66114057866208, 41.96545403752015], [-87.65975664058631, 41.96618653201996], [-87.65977006710345, 41.9672894301134], [-87.65853221749616, 41.9673006202748], [-87.65828887279152, 41.96881303872911]]]]}}, {"type": "Feature", "properties": {"tif_name": "Melrose Park - Business Dev Park", "municipality": "Melrose Park", "county": "Cook", "year_created": 2001, "year_expiry": null, "ordinance": null, "active": true, "source": "Cook County Clerk", "source_url": "https://gis.cookcountyil.gov/traditional/rest/services/tifSrvc/MapServer/3"}, "geometry": {"type": "Polygon", "coordinates": [[[-87.86475, 41.91147], [-87.86421, 41.90812], [-87.86222, 41.90816], [-87.8624, 41.91349], [-87.86475, 41.91147]]]}}, {"type": "Feature", "properties": {"tif_name": "Des Plaines -  5 (Lee St / Perry)", "municipality": "Des Plaines", "county": "Cook", "year_created": 2000, "year_expiry": null, "ordinance": null, "active": true, "source": "Cook County Clerk", "source_url": "https://gis.cookcountyil.gov/traditional/rest/services/tifSrvc/MapServer/3"}, "geometry": {"type": "Polygon", "coordinates": [[[-87.88668, 42.04284], [-87.88458, 42.04349], [-87.88472, 42.044], [-87.88668, 42.04284]]]}}, {"type": "Feature", "properties": {"tif_name": "Lyons - 2 (South / Ogden / Joliet)", "municipality": "Lyons", "county": "Cook", "year_created": 2000, "year_expiry": null, "ordinance": null, "active": true, "source": "Cook County Clerk", "source_url": "https://gis.cookcountyil.gov/traditional/rest/services/tifSrvc/MapServer/3"}, "geometry": {"type": "Polygon", "coordinates": [[[-87.82385, 41.81834], [-87.82094, 41.81836], [-87.82098, 41.81965], [-87.82385, 41.81834]]]}}, {"type": "Feature", "properties": {"tif_name": "Stone Park - North Ave / 31st Ave", "municipality": "Stone Park", "county": "Cook", "year_created": 2000, "year_expiry": null, "ordinance": null, "active": true, "source": "Cook County Clerk", "source_url": "https://gis.cookcountyil.gov/traditional/rest/services/tifSrvc/MapServer/3"}, "geometry": {"type": "Polygon", "coordinates": [[[-87.87524, 41.90764], [-87.87522, 41.907], [-87.87341, 41.90703], [-87.87397, 41.90476], [-87.87044, 41.90773], [-87.87524, 41.90764]]]}}, {"type": "Feature", "properties": {"tif_name": "Harvey - RPM Business Park", "municipality": "Harvey", "county": "Cook", "year_created": 2000, "year_expiry": null, "ordinance": null, "active": true, "source": "Cook County Clerk", "source_url": "https://gis.cookcountyil.gov/traditional/rest/services/tifSrvc/MapServer/3"}, "geometry": {"type": "Polygon", "coordinates": [[[-87.66255, 41.62627], [-87.66208, 41.62441], [-87.66086, 41.62373], [-87.65883, 41.62264], [-87.65601, 41.62264], [-87.65603, 41.62625], [-87.661, 41.62626], [-87.661, 41.62564], [-87.66255, 41.62627]]]}}, {"type": "Feature", "properties": {"tif_name": "Melrose Park - Seniors First", "municipality": "Melrose Park", "county": "Cook", "year_created": 2001, "year_expiry": null, "ordinance": null, "active": true, "source": "Cook County Clerk", "source_url": "https://gis.cookcountyil.gov/traditional/rest/services/tifSrvc/MapServer/3"}, "geometry": {"type": "Polygon", "coordinates": [[[-87.83753, 41.90806], [-87.83498, 41.90619], [-87.83493, 41.90457], [-87.83251, 41.90461], [-87.82892, 41.90608], [-87.829, 41.90822], [-87.83087, 41.90818], [-87.83079, 41.90565], [-87.83194, 41.90668], [-87.83506, 41.9065], [-87.83753, 41.90806]], [[-87.83431, 41.90639], [-87.83358, 41.9054], [-87.83474, 41.90626], [-87.83431, 41.90639]]]}}, {"type": "Feature", "properties": {"tif_name": "Lyons - 1", "municipality": "Lyons", "county": "Cook", "year_created": 2000, "year_expiry": null, "ordinance": null, "active": true, "source": "Cook County Clerk", "source_url": "https://gis.cookcountyil.gov/traditional/rest/services/tifSrvc/MapServer/3"}, "geometry": {"type": "Polygon", "coordinates": [[[-87.824, 41.81822], [-87.82098, 41.81965], [-87.82102, 41.82077], [-87.82455, 41.81878], [-87.824, 41.81822]]]}}, {"type": "Feature", "properties": {"tif_name": "Evergreen Park - 95th Street", "municipality": "Evergreen Park", "county": "Cook", "year_created": 2000, "year_expiry": null, "ordinance": null, "active": true, "source": "Cook County Clerk", "source_url": "https://gis.cookcountyil.gov/traditional/rest/services/tifSrvc/MapServer/3"}, "geometry": {"type": "Polygon", "coordinates": [[[-87.70313, 41.72257], [-87.70434, 41.72255], [-87.7043, 41.72119], [-87.71529, 41.72126], [-87.71526, 41.72055], [-87.71772, 41.72103], [-87.72134, 41.71996], [-87.71282, 41.72059], [-87.71158, 41.72004], [-87.70246, 41.72021], [-87.70188, 41.71622], [-87.70392, 41.71619], [-87.70182, 41.7144], [-87.70216, 41.71172], [-87.69684, 41.7116], [-87.69691, 41.71362], [-87.70148, 41.71357], [-87.70116, 41.71882], [-87.7018, 41.71959], [-87.69943, 41.71964], [-87.70042, 41.72075], [-87.69376, 41.72023], [-87.69194, 41.72027], [-87.69196, 41.72085], [-87.70043, 41.72123], [-87.70134, 41.7244], [-87.70251, 41.72376], [-87.70189, 41.72225], [-87.7025, 41.72287], [-87.70247, 41.72121], [-87.70307, 41.72121], [-87.70313, 41.72257]]]}}, {"type": "Feature", "properties": {"tif_name": "Des Plaines -  3", "municipality": "Des Plaines", "county": "Cook", "year_created": 2000, "year_expiry": null, "ordinance": null, "active": true, "source": "Cook County Clerk", "source_url": "https://gis.cookcountyil.gov/traditional/rest/services/tifSrvc/MapServer/3"}, "geometry": {"type": "Polygon", "coordinates": [[[-87.92234, 42.01912], [-87.93059, 42.01914], [-87.93056, 42.0164], [-87.92872, 42.01592], [-87.92629, 42.01677], [-87.92247, 42.01589], [-87.92378, 42.01626], [-87.92378, 42.01866], [-87.92234, 42.01912]]]}}, {"type": "Feature", "properties": {"tif_name": "Hazel Crest - 183rd / Kedzie", "municipality": "Hazel Crest", "county": "Cook", "year_created": 1999, "year_expiry": null, "ordinance": null, "active": true, "source": "Cook County Clerk", "source_url": "https://gis.cookcountyil.gov/traditional/rest/services/tifSrvc/MapServer/3"}, "geometry": {"type": "Polygon", "coordinates": [[[-87.69425, 41.55945], [-87.70188, 41.55804], [-87.70188, 41.55716], [-87.69422, 41.55719], [-87.69425, 41.55945]]]}}, {"type": "Feature", "properties": {"tif_name": "Cicero TIF", "municipality": "Cicero", "county": "Cook", "year_created": 1987, "year_expiry": null, "ordinance": null, "active": true, "source": "Cook County Clerk", "source_url": "https://gis.cookcountyil.gov/traditional/rest/services/tifSrvc/MapServer/3"}, "geometry": {"type": "Polygon", "coordinates": [[[-87.76185, 41.85162], [-87.76184, 41.85104], [-87.759, 41.85108], [-87.75897, 41.85026], [-87.75407, 41.85062], [-87.75403, 41.84932], [-87.74666, 41.84943], [-87.74654, 41.84578], [-87.74942, 41.84564], [-87.74939, 41.84491], [-87.74405, 41.8449], [-87.74396, 41.84215], [-87.7456, 41.84213], [-87.74533, 41.83301], [-87.74371, 41.83308], [-87.74352, 41.82206], [-87.73849, 41.82213], [-87.73993, 41.86414], [-87.74469, 41.86407], [-87.74476, 41.86591], [-87.74598, 41.86589], [-87.74575, 41.85914], [-87.75432, 41.85902], [-87.74574, 41.85867], [-87.74552, 41.85208], [-87.7443, 41.85209], [-87.74427, 41.85129], [-87.76185, 41.85162]]]}}, {"type": "Feature", "properties": {"tif_name": "Berwyn - South Berwyn Corridor", "municipality": "Berwyn", "county": "Cook", "year_created": 1996, "year_expiry": null, "ordinance": null, "active": true, "source": "Cook County Clerk", "source_url": "https://gis.cookcountyil.gov/traditional/rest/services/tifSrvc/MapServer/3"}, "geometry": {"type": "Polygon", "coordinates": [[[-87.78313, 41.83578], [-87.7823, 41.83597], [-87.78559, 41.83605], [-87.79225, 41.83432], [-87.7923, 41.83596], [-87.79356, 41.83595], [-87.79349, 41.83421], [-87.80298, 41.83109], [-87.79462, 41.83232], [-87.79396, 41.83045], [-87.79274, 41.83047], [-87.79284, 41.83323], [-87.78038, 41.83543], [-87.78313, 41.83578]]]}}, {"type": "Feature", "properties": {"tif_name": "Harvey - Sibley / Dixie HWY", "municipality": "Harvey", "county": "Cook", "year_created": 1999, "year_expiry": null, "ordinance": null, "active": true, "source": "Cook County Clerk", "source_url": "https://gis.cookcountyil.gov/traditional/rest/services/tifSrvc/MapServer/3"}, "geometry": {"type": "Polygon", "coordinates": [[[-87.67544, 41.62267], [-87.67664, 41.62266], [-87.67662, 41.61899], [-87.67366, 41.61903], [-87.67467, 41.62268], [-87.67544, 41.62267]]]}}, {"type": "Feature", "properties": {"tif_name": "Palatine - Downtown", "municipality": "Palatine", "county": "Cook", "year_created": 1999, "year_expiry": null, "ordinance": null, "active": true, "source": "Cook County Clerk", "source_url": "https://gis.cookcountyil.gov/traditional/rest/services/tifSrvc/MapServer/3"}, "geometry": {"type": "Polygon", "coordinates": [[[-88.05357, 42.11511], [-88.05628, 42.11582], [-88.05629, 42.11402], [-88.05498, 42.11333], [-88.05542, 42.11221], [-88.05346, 42.11221], [-88.05332, 42.11395], [-88.05234, 42.11395], [-88.05211, 42.11266], [-88.0492, 42.11229], [-88.04885, 42.10995], [-88.0519, 42.11037], [-88.05214, 42.10886], [-88.05282, 42.10886], [-88.0529, 42.108], [-88.05127, 42.10799], [-88.05156, 42.10675], [-88.04861, 42.10674], [-88.04862, 42.10845], [-88.04741, 42.10845], [-88.04742, 42.1099], [-88.04375, 42.10946], [-88.04377, 42.1085], [-88.04254, 42.10848], [-88.04264, 42.11027], [-88.04144, 42.11035], [-88.04377, 42.11117], [-88.04377, 42.11309], [-88.04861, 42.11343], [-88.04861, 42.11476], [-88.04608, 42.11478], [-88.04607, 42.11655], [-88.04683, 42.11654], [-88.04632, 42.11498], [-88.04706, 42.11564], [-88.05134, 42.11449], [-88.05357, 42.11511]]]}}, {"type": "Feature", "properties": {"tif_name": "Posen - 2 (South East Sibley)", "municipality": "Posen", "county": "Cook", "year_created": 1998, "year_expiry": null, "ordinance": null, "active": true, "source": "Cook County Clerk", "source_url": "https://gis.cookcountyil.gov/traditional/rest/services/tifSrvc/MapServer/3"}, "geometry": {"type": "Polygon", "coordinates": [[[-87.67628, 41.62641], [-87.68042, 41.62284], [-87.67487, 41.62296], [-87.67628, 41.62641]]]}}, {"type": "Feature", "properties": {"tif_name": "Cicero - Laramie / 25th St", "municipality": "Cicero", "county": "Cook", "year_created": 2003, "year_expiry": null, "ordinance": null, "active": true, "source": "Cook County Clerk", "source_url": "https://gis.cookcountyil.gov/traditional/rest/services/tifSrvc/MapServer/3"}, "geometry": {"type": "Polygon", "coordinates": [[[-87.75355, 41.83253], [-87.75207, 41.83291], [-87.75329, 41.83424], [-87.7533, 41.83827], [-87.75223, 41.83847], [-87.7535, 41.83884], [-87.75328, 41.84049], [-87.75229, 41.84068], [-87.75238, 41.84377], [-87.75369, 41.84523], [-87.74941, 41.8453], [-87.74837, 41.84602], [-87.75363, 41.84611], [-87.75332, 41.84833], [-87.75453, 41.85062], [-87.75427, 41.84649], [-87.75481, 41.84611], [-87.76366, 41.84597], [-87.76435, 41.84523], [-87.76362, 41.84471], [-87.7546, 41.84522], [-87.75465, 41.84392], [-87.75373, 41.84394], [-87.75417, 41.8331], [-87.76329, 41.83239], [-87.75355, 41.83253]], [[-87.75411, 41.84431], [-87.75413, 41.84431], [-87.75414, 41.84466], [-87.75411, 41.84431]]]}}, {"type": "Feature", "properties": {"tif_name": "Skokie - Downtown Science & Technology", "municipality": "Skokie", "county": "Cook", "year_created": 2005, "year_expiry": null, "ordinance": null, "active": true, "source": "Cook County Clerk", "source_url": "https://gis.cookcountyil.gov/traditional/rest/services/tifSrvc/MapServer/3"}, "geometry": {"type": "Polygon", "coordinates": [[[-87.74792, 42.0327], [-87.75132, 42.03366], [-87.7519, 42.03267], [-87.75721, 42.03276], [-87.75687, 42.03192], [-87.75106, 42.03145], [-87.75217, 42.02952], [-87.7519, 42.02775], [-87.75385, 42.02777], [-87.75387, 42.02681], [-87.75532, 42.02753], [-87.75458, 42.02779], [-87.75544, 42.02822], [-87.75454, 42.03006], [-87.75602, 42.03004], [-87.75605, 42.02876], [-87.7555, 42.02876], [-87.75612, 42.02625], [-87.75297, 42.02622], [-87.75298, 42.02716], [-87.75166, 42.02772], [-87.74825, 42.02635], [-87.74877, 42.02799], [-87.7481, 42.02811], [-87.7475, 42.02626], [-87.74617, 42.02626], [-87.74688, 42.02799], [-87.74675, 42.0327], [-87.74792, 42.0327]]]}}, {"type": "Feature", "properties": {"tif_name": "Hanover Park - Village Center 3", "municipality": "Hanover Park", "county": "Cook", "year_created": 2002, "year_expiry": null, "ordinance": null, "active": true, "source": "Cook County Clerk", "source_url": "https://gis.cookcountyil.gov/traditional/rest/services/tifSrvc/MapServer/3"}, "geometry": {"type": "Polygon", "coordinates": [[[-88.1465, 41.99195], [-88.14981, 41.99191], [-88.14984, 41.98994], [-88.15375, 41.98985], [-88.15454, 41.99209], [-88.15535, 41.99214], [-88.15532, 41.99098], [-88.15898, 41.99273], [-88.15969, 41.99167], [-88.15322, 41.98862], [-88.15949, 41.98939], [-88.15951, 41.98794], [-88.14488, 41.98824], [-88.14476, 41.99526], [-88.14622, 41.99526], [-88.1465, 41.99195]]]}}, {"type": "Feature", "properties": {"tif_name": "Wheeling - Milwaukee / Lake-Cook (North)", "municipality": "Wheeling", "county": "Cook", "year_created": 2002, "year_expiry": null, "ordinance": null, "active": true, "source": "Cook County Clerk", "source_url": "https://gis.cookcountyil.gov/traditional/rest/services/tifSrvc/MapServer/3"}, "geometry": {"type": "Polygon", "coordinates": [[[-87.9152, 42.15239], [-87.91527, 42.15303], [-87.91547, 42.1523], [-87.92882, 42.15277], [-87.92778, 42.14871], [-87.92667, 42.1487], [-87.9267, 42.14674], [-87.9213, 42.14677], [-87.92127, 42.14858], [-87.91572, 42.14865], [-87.916, 42.14584], [-87.91153, 42.14582], [-87.91098, 42.14409], [-87.90989, 42.14408], [-87.91008, 42.14587], [-87.91234, 42.14875], [-87.90993, 42.14881], [-87.91182, 42.15289], [-87.9152, 42.15239]], [[-87.91507, 42.15063], [-87.91469, 42.15219], [-87.91375, 42.15056], [-87.91507, 42.15063]]]}}, {"type": "Feature", "properties": {"tif_name": "Maywood - Madison Street / Fifth Avenue", "municipality": "Maywood", "county": "Cook", "year_created": 1998, "year_expiry": null, "ordinance": null, "active": true, "source": "Cook County Clerk", "source_url": "https://gis.cookcountyil.gov/traditional/rest/services/tifSrvc/MapServer/3"}, "geometry": {"type": "MultiPolygon", "coordinates": [[[[-87.85923, 41.87819], [-87.85369, 41.87718], [-87.85468, 41.87712], [-87.85464, 41.87606], [-87.85353, 41.87609], [-87.85357, 41.87722], [-87.85247, 41.87713], [-87.85358, 41.87744], [-87.84748, 41.87693], [-87.84367, 41.87515], [-87.83935, 41.87523], [-87.84355, 41.87534], [-87.84358, 41.87615], [-87.83387, 41.8755], [-87.83506, 41.87486], [-87.83441, 41.87458], [-87.83431, 41.87177], [-87.82554, 41.87192], [-87.82466, 41.87405], [-87.8257, 41.87535], [-87.82892, 41.87617], [-87.82722, 41.87928], [-87.82903, 41.87924], [-87.82918, 41.87807], [-87.82922, 41.87924], [-87.83768, 41.87989], [-87.83794, 41.88625], [-87.84034, 41.8853], [-87.84011, 41.87984], [-87.84386, 41.87979], [-87.84382, 41.87889], [-87.85442, 41.87912], [-87.85923, 41.87819]], [[-87.83757, 41.87705], [-87.83761, 41.87807], [-87.83518, 41.87811], [-87.83511, 41.8763], [-87.8357, 41.87629], [-87.8351, 41.87588], [-87.83754, 41.87628], [-87.83757, 41.87705]], [[-87.84374, 41.87689], [-87.8436, 41.8766], [-87.84373, 41.87661], [-87.84374, 41.87689]], [[-87.84374, 41.87705], [-87.84378, 41.87796], [-87.84003, 41.87803], [-87.84, 41.87712], [-87.84374, 41.87705]]], [[[-87.85924, 41.87608], [-87.85488, 41.87605], [-87.85493, 41.87714], [-87.8593, 41.87751], [-87.85924, 41.87608]]], [[[-87.83805, 41.87352], [-87.83811, 41.87525], [-87.83932, 41.87523], [-87.83926, 41.8735], [-87.83805, 41.87352]]], [[[-87.84629, 41.87631], [-87.84728, 41.87662], [-87.84629, 41.87627], [-87.84629, 41.87631]]]]}}, {"type": "Feature", "properties": {"tif_name": "Maywood - Roosevelt Road", "municipality": "Maywood", "county": "Cook", "year_created": 1997, "year_expiry": null, "ordinance": null, "active": true, "source": "Cook County Clerk", "source_url": "https://gis.cookcountyil.gov/traditional/rest/services/tifSrvc/MapServer/3"}, "geometry": {"type": "Polygon", "coordinates": [[[-87.84814, 41.86464], [-87.83581, 41.86428], [-87.83653, 41.86572], [-87.84814, 41.86464]]]}}, {"type": "Feature", "properties": {"tif_name": "Park Forest - Downtown", "municipality": "Park Forest", "county": "Cook", "year_created": 1997, "year_expiry": null, "ordinance": null, "active": true, "source": "Cook County Clerk", "source_url": "https://gis.cookcountyil.gov/traditional/rest/services/tifSrvc/MapServer/3"}, "geometry": {"type": "Polygon", "coordinates": [[[-87.68391, 41.48435], [-87.68177, 41.48043], [-87.67787, 41.48039], [-87.67661, 41.48132], [-87.67749, 41.48171], [-87.67742, 41.48289], [-87.67439, 41.48378], [-87.6744, 41.48538], [-87.67841, 41.48421], [-87.67887, 41.48593], [-87.68003, 41.48567], [-87.67974, 41.48464], [-87.68391, 41.48435]]]}}, {"type": "Feature", "properties": {"tif_name": "Posen - Sibley Boulevard", "municipality": "Posen", "county": "Cook", "year_created": 1998, "year_expiry": null, "ordinance": null, "active": true, "source": "Cook County Clerk", "source_url": "https://gis.cookcountyil.gov/traditional/rest/services/tifSrvc/MapServer/3"}, "geometry": {"type": "Polygon", "coordinates": [[[-87.67935, 41.63926], [-87.67941, 41.64088], [-87.68915, 41.64071], [-87.68895, 41.63527], [-87.68128, 41.63542], [-87.67769, 41.63256], [-87.67807, 41.63173], [-87.677, 41.62886], [-87.67762, 41.62813], [-87.67692, 41.62815], [-87.67689, 41.62711], [-87.68377, 41.62633], [-87.69157, 41.62704], [-87.69772, 41.62642], [-87.69788, 41.63075], [-87.69852, 41.63074], [-87.69819, 41.62225], [-87.69753, 41.62226], [-87.69766, 41.62516], [-87.6971, 41.62544], [-87.69345, 41.62554], [-87.69339, 41.62419], [-87.69219, 41.62423], [-87.69223, 41.62549], [-87.69093, 41.62434], [-87.69098, 41.6256], [-87.68554, 41.62521], [-87.68357, 41.62615], [-87.68055, 41.62528], [-87.6768, 41.6264], [-87.67582, 41.62642], [-87.67486, 41.62301], [-87.67544, 41.62281], [-87.67463, 41.62283], [-87.67935, 41.63926]]]}}, {"type": "Feature", "properties": {"tif_name": "Phoenix", "municipality": "Phoenix", "county": "Cook", "year_created": 1996, "year_expiry": null, "ordinance": null, "active": true, "source": "Cook County Clerk", "source_url": "https://gis.cookcountyil.gov/traditional/rest/services/tifSrvc/MapServer/3"}, "geometry": {"type": "Polygon", "coordinates": [[[-87.6241, 41.61532], [-87.63646, 41.61539], [-87.6365, 41.60881], [-87.63279, 41.60635], [-87.63196, 41.60635], [-87.63301, 41.60814], [-87.63162, 41.60632], [-87.62671, 41.60632], [-87.62669, 41.60815], [-87.62431, 41.60815], [-87.6241, 41.61532]], [[-87.63582, 41.6153], [-87.63554, 41.61498], [-87.63582, 41.61497], [-87.63582, 41.6153]], [[-87.62668, 41.61462], [-87.62623, 41.61469], [-87.62623, 41.61459], [-87.62668, 41.61462]], [[-87.63081, 41.61261], [-87.63035, 41.61268], [-87.63035, 41.61254], [-87.63081, 41.61261]], [[-87.63639, 41.61156], [-87.63593, 41.61129], [-87.63639, 41.61129], [-87.63639, 41.61156]], [[-87.62893, 41.61093], [-87.62864, 41.61093], [-87.62864, 41.61057], [-87.62893, 41.61093]], [[-87.6305, 41.60859], [-87.63021, 41.60825], [-87.6305, 41.60825], [-87.6305, 41.60859]]]}}, {"type": "Feature", "properties": {"tif_name": "Berwyn - Roosevelt Road", "municipality": "Berwyn", "county": "Cook", "year_created": 1996, "year_expiry": null, "ordinance": null, "active": true, "source": "Cook County Clerk", "source_url": "https://gis.cookcountyil.gov/traditional/rest/services/tifSrvc/MapServer/3"}, "geometry": {"type": "Polygon", "coordinates": [[[-87.8029, 41.865], [-87.77903, 41.86494], [-87.77905, 41.8654], [-87.8029, 41.865]]]}}, {"type": "Feature", "properties": {"tif_name": "Broadview - 19th St", "municipality": "Broadview", "county": "Cook", "year_created": 2008, "year_expiry": null, "ordinance": null, "active": true, "source": "Cook County Clerk", "source_url": "https://gis.cookcountyil.gov/traditional/rest/services/tifSrvc/MapServer/3"}, "geometry": {"type": "Polygon", "coordinates": [[[-87.85516, 41.85295], [-87.85509, 41.85113], [-87.85314, 41.85118], [-87.85273, 41.8532], [-87.85516, 41.85295]]]}}, {"type": "Feature", "properties": {"tif_name": "Sauk Village - 3", "municipality": "Sauk Village", "county": "Cook", "year_created": 1994, "year_expiry": null, "ordinance": null, "active": true, "source": "Cook County Clerk", "source_url": "https://gis.cookcountyil.gov/traditional/rest/services/tifSrvc/MapServer/3"}, "geometry": {"type": "Polygon", "coordinates": [[[-87.59717, 41.48861], [-87.59701, 41.48602], [-87.59644, 41.48589], [-87.58526, 41.4867], [-87.58527, 41.48815], [-87.59655, 41.48855], [-87.58463, 41.48861], [-87.58461, 41.48675], [-87.58053, 41.48707], [-87.58054, 41.48792], [-87.57881, 41.48718], [-87.57789, 41.48771], [-87.57839, 41.49858], [-87.59705, 41.49859], [-87.59703, 41.4969], [-87.59497, 41.49691], [-87.59498, 41.49618], [-87.59499, 41.49538], [-87.59702, 41.49538], [-87.59717, 41.48861]]]}}, {"type": "Feature", "properties": {"tif_name": "Robbins - (Kirchoff / Meadow)", "municipality": "Robbins", "county": "Cook", "year_created": 1994, "year_expiry": null, "ordinance": null, "active": true, "source": "Cook County Clerk", "source_url": "https://gis.cookcountyil.gov/traditional/rest/services/tifSrvc/MapServer/3"}, "geometry": {"type": "Polygon", "coordinates": [[[-87.70413, 41.6508], [-87.70407, 41.64926], [-87.69922, 41.64934], [-87.69929, 41.65088], [-87.70413, 41.6508]]]}}, {"type": "Feature", "properties": {"tif_name": "Markham - 2", "municipality": "Markham", "county": "Cook", "year_created": 1992, "year_expiry": null, "ordinance": null, "active": true, "source": "Cook County Clerk", "source_url": "https://gis.cookcountyil.gov/traditional/rest/services/tifSrvc/MapServer/3"}, "geometry": {"type": "Polygon", "coordinates": [[[-87.68859, 41.60084], [-87.68492, 41.60087], [-87.68495, 41.60452], [-87.68858, 41.60449], [-87.68859, 41.60084]], [[-87.68676, 41.60374], [-87.68616, 41.60342], [-87.68676, 41.60341], [-87.68676, 41.60374]], [[-87.68736, 41.60257], [-87.68797, 41.60223], [-87.68797, 41.60265], [-87.68736, 41.60257]], [[-87.68615, 41.60309], [-87.68554, 41.60267], [-87.68675, 41.60224], [-87.68615, 41.60309]]]}}, {"type": "Feature", "properties": {"tif_name": "Lansing - (Ridge Road)", "municipality": "Lansing", "county": "Cook", "year_created": 1988, "year_expiry": null, "ordinance": null, "active": true, "source": "Cook County Clerk", "source_url": "https://gis.cookcountyil.gov/traditional/rest/services/tifSrvc/MapServer/3"}, "geometry": {"type": "Polygon", "coordinates": [[[-87.52532, 41.56426], [-87.52822, 41.56435], [-87.52823, 41.56533], [-87.52965, 41.56532], [-87.52965, 41.56629], [-87.53207, 41.56628], [-87.53207, 41.56481], [-87.53207, 41.56628], [-87.53596, 41.56675], [-87.53611, 41.56773], [-87.53936, 41.56998], [-87.53727, 41.56756], [-87.53765, 41.5666], [-87.54006, 41.56659], [-87.54006, 41.56562], [-87.54176, 41.5657], [-87.54175, 41.5648], [-87.53999, 41.56484], [-87.54009, 41.56215], [-87.53932, 41.56215], [-87.53952, 41.56478], [-87.53931, 41.5639], [-87.53657, 41.5639], [-87.53656, 41.56216], [-87.53519, 41.56217], [-87.53519, 41.56363], [-87.53446, 41.56382], [-87.53398, 41.56299], [-87.53273, 41.563], [-87.53266, 41.56069], [-87.52958, 41.55929], [-87.52956, 41.55756], [-87.52534, 41.55759], [-87.52532, 41.56426]], [[-87.52821, 41.56261], [-87.52663, 41.56287], [-87.52728, 41.55908], [-87.52821, 41.56261]]]}}, {"type": "Feature", "properties": {"tif_name": "Sauk Village - 2 (Sauk Industrial Park)", "municipality": "Sauk Village", "county": "Cook", "year_created": 1988, "year_expiry": null, "ordinance": null, "active": true, "source": "Cook County Clerk", "source_url": "https://gis.cookcountyil.gov/traditional/rest/services/tifSrvc/MapServer/3"}, "geometry": {"type": "Polygon", "coordinates": [[[-87.58344, 41.48447], [-87.58343, 41.47725], [-87.57374, 41.47728], [-87.57384, 41.48346], [-87.5774, 41.48345], [-87.57741, 41.48447], [-87.58062, 41.48446], [-87.58065, 41.48674], [-87.58229, 41.48663], [-87.58225, 41.48446], [-87.58344, 41.48447]]]}}, {"type": "Feature", "properties": {"tif_name": "Markham - 1", "municipality": "Markham", "county": "Cook", "year_created": 1990, "year_expiry": null, "ordinance": null, "active": true, "source": "Cook County Clerk", "source_url": "https://gis.cookcountyil.gov/traditional/rest/services/tifSrvc/MapServer/3"}, "geometry": {"type": "Polygon", "coordinates": [[[-87.68822, 41.59975], [-87.68846, 41.60084], [-87.69463, 41.60079], [-87.6946, 41.59814], [-87.68814, 41.59923], [-87.68693, 41.59748], [-87.68568, 41.59732], [-87.68328, 41.59952], [-87.68822, 41.59975]]]}}, {"type": "Feature", "properties": {"tif_name": "South Holland - Route 6 / South Park", "municipality": "South Holland", "county": "Cook", "year_created": 1990, "year_expiry": null, "ordinance": null, "active": true, "source": "Cook County Clerk", "source_url": "https://gis.cookcountyil.gov/traditional/rest/services/tifSrvc/MapServer/3"}, "geometry": {"type": "Polygon", "coordinates": [[[-87.60801, 41.60391], [-87.6069, 41.6001], [-87.60603, 41.60083], [-87.60383, 41.60083], [-87.6028, 41.59892], [-87.60191, 41.59892], [-87.60189, 41.60082], [-87.59615, 41.60082], [-87.59616, 41.60214], [-87.59898, 41.60128], [-87.60672, 41.60131], [-87.60578, 41.60382], [-87.60649, 41.60453], [-87.60801, 41.60391]]]}}, {"type": "Feature", "properties": {"tif_name": "Melrose Park - Mid Metro Industrial Area", "municipality": "Melrose Park", "county": "Cook", "year_created": 1989, "year_expiry": null, "ordinance": null, "active": true, "source": "Cook County Clerk", "source_url": "https://gis.cookcountyil.gov/traditional/rest/services/tifSrvc/MapServer/3"}, "geometry": {"type": "Polygon", "coordinates": [[[-87.87385, 41.90451], [-87.87383, 41.90365], [-87.87137, 41.90361], [-87.87136, 41.89647], [-87.86872, 41.89534], [-87.86656, 41.89641], [-87.86653, 41.89512], [-87.86427, 41.89466], [-87.86421, 41.89356], [-87.86864, 41.89346], [-87.86862, 41.89295], [-87.86389, 41.89305], [-87.86383, 41.89128], [-87.86083, 41.89095], [-87.86159, 41.89182], [-87.86331, 41.89177], [-87.86339, 41.89412], [-87.86393, 41.8941], [-87.86361, 41.90002], [-87.86266, 41.90038], [-87.86935, 41.90023], [-87.86948, 41.90529], [-87.87289, 41.90508], [-87.8729, 41.90566], [-87.87385, 41.90451]]]}}, {"type": "Feature", "properties": {"tif_name": "Chicago Heights - Cub Foods", "municipality": "Chicago Heights", "county": "Cook", "year_created": 1989, "year_expiry": null, "ordinance": null, "active": true, "source": "Cook County Clerk", "source_url": "https://gis.cookcountyil.gov/traditional/rest/services/tifSrvc/MapServer/3"}, "geometry": {"type": "Polygon", "coordinates": [[[-87.67435, 41.50603], [-87.67383, 41.50603], [-87.67413, 41.5042], [-87.67238, 41.5042], [-87.67288, 41.50603], [-87.6658, 41.50603], [-87.66581, 41.50714], [-87.66724, 41.50713], [-87.66724, 41.50787], [-87.6696, 41.50747], [-87.66904, 41.50902], [-87.67106, 41.509], [-87.67107, 41.50966], [-87.67437, 41.50966], [-87.67435, 41.50603]]]}}, {"type": "Feature", "properties": {"tif_name": "Rolling Meadows - Kirchoff RD/Owl DR", "municipality": "Rolling Meadows", "county": "Cook", "year_created": 2002, "year_expiry": null, "ordinance": null, "active": true, "source": "Cook County Clerk", "source_url": "https://gis.cookcountyil.gov/traditional/rest/services/tifSrvc/MapServer/3"}, "geometry": {"type": "Polygon", "coordinates": [[[-88.02541, 42.07949], [-88.02427, 42.0781], [-88.02308, 42.07824], [-88.02309, 42.07941], [-88.02523, 42.08025], [-88.02541, 42.07949]]]}}, {"type": "Feature", "properties": {"tif_name": "Palatine - Rand Rd", "municipality": "Palatine", "county": "Cook", "year_created": 2002, "year_expiry": null, "ordinance": null, "active": true, "source": "Cook County Clerk", "source_url": "https://gis.cookcountyil.gov/traditional/rest/services/tifSrvc/MapServer/3"}, "geometry": {"type": "MultiPolygon", "coordinates": [[[[-88.03337, 42.15042], [-88.03336, 42.15095], [-88.03423, 42.15031], [-88.0348, 42.15077], [-88.03573, 42.15012], [-88.03527, 42.1492], [-88.0338, 42.14913], [-88.03383, 42.14689], [-88.03284, 42.14732], [-88.03125, 42.146], [-88.03016, 42.14672], [-88.02897, 42.14568], [-88.03155, 42.14417], [-88.03032, 42.14484], [-88.0295, 42.14406], [-88.02809, 42.14488], [-88.02718, 42.14394], [-88.02774, 42.14362], [-88.0243, 42.14049], [-88.0258, 42.13932], [-88.02316, 42.13929], [-88.02242, 42.13813], [-88.0212, 42.13892], [-88.01425, 42.13381], [-88.01417, 42.14011], [-88.01354, 42.14011], [-88.01335, 42.14147], [-88.01417, 42.14146], [-88.01417, 42.1407], [-88.0173, 42.14068], [-88.0173, 42.13995], [-88.02177, 42.13992], [-88.02405, 42.14153], [-88.02421, 42.1446], [-88.0249, 42.1446], [-88.02421, 42.14551], [-88.02724, 42.14553], [-88.02723, 42.14776], [-88.02846, 42.14703], [-88.02782, 42.14785], [-88.02943, 42.14808], [-88.02942, 42.14896], [-88.02809, 42.14895], [-88.02809, 42.1501], [-88.03337, 42.15042]]], [[[-88.01191, 42.14078], [-88.01191, 42.14078], [-88.01285, 42.14078], [-88.01191, 42.14078]]]]}}, {"type": "Feature", "properties": {"tif_name": "Bedford Park - Industrial", "municipality": "Bedford Park", "county": "Cook", "year_created": 2008, "year_expiry": null, "ordinance": null, "active": true, "source": "Cook County Clerk", "source_url": "https://gis.cookcountyil.gov/traditional/rest/services/tifSrvc/MapServer/3"}, "geometry": {"type": "Polygon", "coordinates": [[[-87.75151, 41.76321], [-87.75256, 41.76301], [-87.75272, 41.76078], [-87.75583, 41.76006], [-87.75637, 41.75809], [-87.75368, 41.75817], [-87.7537, 41.75921], [-87.75235, 41.75923], [-87.75236, 41.75991], [-87.74902, 41.76015], [-87.74895, 41.75721], [-87.74957, 41.75669], [-87.747, 41.75684], [-87.74703, 41.76308], [-87.74876, 41.76359], [-87.7488, 41.76184], [-87.74884, 41.76357], [-87.75151, 41.76321]]]}}, {"type": "Feature", "properties": {"tif_name": "Arlington Heights - 5 (Palatine / Rand)", "municipality": "Arlington Heights", "county": "Cook", "year_created": 2005, "year_expiry": null, "ordinance": null, "active": true, "source": "Cook County Clerk", "source_url": "https://gis.cookcountyil.gov/traditional/rest/services/tifSrvc/MapServer/3"}, "geometry": {"type": "Polygon", "coordinates": [[[-87.98062, 42.11002], [-87.98062, 42.10712], [-87.97558, 42.10709], [-87.97558, 42.1064], [-87.97357, 42.10779], [-87.971, 42.10607], [-87.96957, 42.10628], [-87.96957, 42.10783], [-87.96829, 42.10783], [-87.96829, 42.10883], [-87.9706, 42.10911], [-87.9706, 42.11001], [-87.98062, 42.11002]]]}}, {"type": "Feature", "properties": {"tif_name": "Bartlett - Rt 59/Lake St", "municipality": "Bartlett", "county": "Cook", "year_created": 2005, "year_expiry": null, "ordinance": null, "active": true, "source": "Cook County Clerk", "source_url": "https://gis.cookcountyil.gov/traditional/rest/services/tifSrvc/MapServer/3"}, "geometry": {"type": "Polygon", "coordinates": [[[-88.20845, 42.00915], [-88.20818, 42.00329], [-88.20311, 42.00325], [-88.20299, 42.00693], [-88.20655, 42.00759], [-88.20644, 42.00951], [-88.20811, 42.01007], [-88.20845, 42.00915]]]}}, {"type": "Feature", "properties": {"tif_name": "Calumet City", "municipality": "Calumet City", "county": "Cook", "year_created": 1995, "year_expiry": null, "ordinance": null, "active": true, "source": "Cook County Clerk", "source_url": "https://gis.cookcountyil.gov/traditional/rest/services/tifSrvc/MapServer/3"}, "geometry": {"type": "Polygon", "coordinates": [[[-87.53679, 41.63097], [-87.53974, 41.63176], [-87.53982, 41.6229], [-87.53831, 41.62266], [-87.53834, 41.62593], [-87.53006, 41.62201], [-87.52983, 41.62273], [-87.52643, 41.62168], [-87.52643, 41.61553], [-87.52524, 41.61553], [-87.52513, 41.62618], [-87.52599, 41.62631], [-87.52511, 41.63001], [-87.52648, 41.63001], [-87.5256, 41.62766], [-87.52624, 41.62636], [-87.53053, 41.62818], [-87.53407, 41.63093], [-87.53679, 41.63097]]]}}, {"type": "Feature", "properties": {"tif_name": "Hoffman Estates - Golf / Higgins / Roselle", "municipality": "Hoffman Estates", "county": "Cook", "year_created": 2003, "year_expiry": null, "ordinance": null, "active": true, "source": "Cook County Clerk", "source_url": "https://gis.cookcountyil.gov/traditional/rest/services/tifSrvc/MapServer/3"}, "geometry": {"type": "Polygon", "coordinates": [[[-88.08345, 42.04629], [-88.08348, 42.04561], [-88.08089, 42.04447], [-88.07995, 42.04476], [-88.0795, 42.0426], [-88.07948, 42.0445], [-88.07782, 42.04424], [-88.07728, 42.04557], [-88.07798, 42.04573], [-88.07735, 42.04728], [-88.07656, 42.04745], [-88.07729, 42.04754], [-88.0772, 42.04857], [-88.07647, 42.04873], [-88.07723, 42.0493], [-88.08343, 42.04909], [-88.08345, 42.04629]]]}}, {"type": "Feature", "properties": {"tif_name": "Elk Grove Village - Devon/Rohlwing", "municipality": "Elk Grove Village", "county": "Cook", "year_created": 2001, "year_expiry": null, "ordinance": null, "active": true, "source": "Cook County Clerk", "source_url": "https://gis.cookcountyil.gov/traditional/rest/services/tifSrvc/MapServer/3"}, "geometry": {"type": "Polygon", "coordinates": [[[-88.03119, 41.99316], [-88.02897, 41.99266], [-88.02834, 41.99422], [-88.03117, 41.99426], [-88.03119, 41.99316]]]}}, {"type": "Feature", "properties": {"tif_name": "Arlington Heights - Golf / Arlington Hts Rd (4)", "municipality": "Arlington Heights", "county": "Cook", "year_created": 2002, "year_expiry": null, "ordinance": null, "active": true, "source": "Cook County Clerk", "source_url": "https://gis.cookcountyil.gov/traditional/rest/services/tifSrvc/MapServer/3"}, "geometry": {"type": "Polygon", "coordinates": [[[-87.98196, 42.05322], [-87.98084, 42.05323], [-87.98083, 42.0524], [-87.98216, 42.05239], [-87.98226, 42.05116], [-87.97739, 42.05124], [-87.97728, 42.05428], [-87.97982, 42.05424], [-87.97978, 42.05515], [-87.98159, 42.05545], [-87.98196, 42.05322]]]}}, {"type": "Feature", "properties": {"tif_name": "Park Ridge - Uptown", "municipality": "Park Ridge", "county": "Cook", "year_created": 2003, "year_expiry": null, "ordinance": null, "active": true, "source": "Cook County Clerk", "source_url": "https://gis.cookcountyil.gov/traditional/rest/services/tifSrvc/MapServer/3"}, "geometry": {"type": "Polygon", "coordinates": [[[-87.84556, 42.01815], [-87.83583, 42.0123], [-87.836, 42.00985], [-87.83242, 42.0081], [-87.82988, 42.00895], [-87.82619, 42.00686], [-87.82988, 42.00947], [-87.82863, 42.01057], [-87.82815, 42.00932], [-87.82605, 42.00893], [-87.82602, 42.01136], [-87.82884, 42.01143], [-87.82884, 42.01205], [-87.83143, 42.01282], [-87.83393, 42.01488], [-87.83539, 42.01484], [-87.83474, 42.01443], [-87.83527, 42.01397], [-87.83638, 42.01482], [-87.83955, 42.01474], [-87.84556, 42.01815]], [[-87.82759, 42.0112], [-87.82678, 42.01119], [-87.82678, 42.01078], [-87.82759, 42.0112]]]}}, {"type": "Feature", "properties": {"tif_name": "Blue Island - 4", "municipality": "Blue Island", "county": "Cook", "year_created": 2007, "year_expiry": null, "ordinance": null, "active": true, "source": "Cook County Clerk", "source_url": "https://gis.cookcountyil.gov/traditional/rest/services/tifSrvc/MapServer/3"}, "geometry": {"type": "Polygon", "coordinates": [[[-87.66784, 41.67456], [-87.66734, 41.67592], [-87.66842, 41.67615], [-87.66797, 41.67734], [-87.66677, 41.67745], [-87.67222, 41.67735], [-87.67379, 41.66992], [-87.67493, 41.6699], [-87.67612, 41.66659], [-87.67554, 41.6666], [-87.67543, 41.66278], [-87.67478, 41.6627], [-87.67545, 41.65918], [-87.67346, 41.65984], [-87.66949, 41.6701], [-87.66302, 41.67022], [-87.66272, 41.67232], [-87.66619, 41.67226], [-87.66631, 41.67578], [-87.66784, 41.67456]]]}}, {"type": "Feature", "properties": {"tif_name": "Evanston - Area 5 (Howard / Ridge)", "municipality": "Evanston", "county": "Cook", "year_created": 2003, "year_expiry": null, "ordinance": null, "active": true, "source": "Cook County Clerk", "source_url": "https://gis.cookcountyil.gov/traditional/rest/services/tifSrvc/MapServer/3"}, "geometry": {"type": "Polygon", "coordinates": [[[-87.67583, 42.01974], [-87.67671, 42.02048], [-87.67709, 42.01951], [-87.69031, 42.02052], [-87.69275, 42.01957], [-87.67355, 42.0194], [-87.67583, 42.01974]]]}}, {"type": "Feature", "properties": {"tif_name": "Blue Island - 2 (South Industrial Area)", "municipality": "Blue Island", "county": "Cook", "year_created": 1993, "year_expiry": null, "ordinance": null, "active": true, "source": "Cook County Clerk", "source_url": "https://gis.cookcountyil.gov/traditional/rest/services/tifSrvc/MapServer/3"}, "geometry": {"type": "Polygon", "coordinates": [[[-87.68021, 41.64769], [-87.68558, 41.64804], [-87.69412, 41.64063], [-87.67214, 41.64103], [-87.67496, 41.64585], [-87.67263, 41.64573], [-87.67269, 41.64722], [-87.68021, 41.64769]]]}}, {"type": "Feature", "properties": {"tif_name": "Forest Park - Roosevelt / Hannah", "municipality": "Forest Park", "county": "Cook", "year_created": 2002, "year_expiry": null, "ordinance": null, "active": true, "source": "Cook County Clerk", "source_url": "https://gis.cookcountyil.gov/traditional/rest/services/tifSrvc/MapServer/3"}, "geometry": {"type": "Polygon", "coordinates": [[[-87.8142, 41.86139], [-87.81302, 41.86141], [-87.811, 41.86307], [-87.81104, 41.86475], [-87.81867, 41.86452], [-87.81881, 41.86372], [-87.81667, 41.86372], [-87.81544, 41.86156], [-87.8142, 41.86139]]]}}, {"type": "Feature", "properties": {"tif_name": "Evanston - Area 6 (Dodge Rd / Church Ave)", "municipality": "Evanston", "county": "Cook", "year_created": 2005, "year_expiry": null, "ordinance": null, "active": true, "source": "Cook County Clerk", "source_url": "https://gis.cookcountyil.gov/traditional/rest/services/tifSrvc/MapServer/3"}, "geometry": {"type": "MultiPolygon", "coordinates": [[[[-87.69414, 42.05226], [-87.69272, 42.05489], [-87.69119, 42.0551], [-87.69169, 42.05568], [-87.6927, 42.05566], [-87.69374, 42.05383], [-87.69498, 42.05381], [-87.69475, 42.05225], [-87.69662, 42.05222], [-87.69669, 42.04895], [-87.70027, 42.04884], [-87.69899, 42.04847], [-87.69907, 42.04476], [-87.69995, 42.04327], [-87.70389, 42.04277], [-87.70461, 42.04113], [-87.70844, 42.04147], [-87.70846, 42.04087], [-87.70549, 42.04093], [-87.70396, 42.04013], [-87.70403, 42.03733], [-87.70535, 42.03675], [-87.70007, 42.03654], [-87.70005, 42.0374], [-87.69908, 42.03742], [-87.69907, 42.03813], [-87.70153, 42.03844], [-87.70299, 42.03753], [-87.70098, 42.04109], [-87.69775, 42.0407], [-87.69773, 42.04161], [-87.699, 42.04159], [-87.69897, 42.04413], [-87.69709, 42.04617], [-87.69647, 42.04834], [-87.69435, 42.04838], [-87.69414, 42.05226]], [[-87.69892, 42.04626], [-87.69888, 42.04788], [-87.6978, 42.04791], [-87.69834, 42.04615], [-87.69892, 42.04626]]], [[[-87.69217, 42.05459], [-87.69272, 42.05485], [-87.69272, 42.05458], [-87.69217, 42.05459]]], [[[-87.69149, 42.05491], [-87.69106, 42.05488], [-87.69117, 42.05506], [-87.69149, 42.05491]]]]}}, {"type": "Feature", "properties": {"tif_name": "Bridgeview - Harlem Ave 1", "municipality": "Bridgeview", "county": "Cook", "year_created": 2001, "year_expiry": null, "ordinance": null, "active": true, "source": "Cook County Clerk", "source_url": "https://gis.cookcountyil.gov/traditional/rest/services/tifSrvc/MapServer/3"}, "geometry": {"type": "Polygon", "coordinates": [[[-87.7999, 41.76276], [-87.80147, 41.76202], [-87.80091, 41.76121], [-87.80138, 41.75937], [-87.80073, 41.75939], [-87.80137, 41.7591], [-87.80056, 41.75181], [-87.79985, 41.75182], [-87.7996, 41.75542], [-87.7999, 41.76276]]]}}, {"type": "Feature", "properties": {"tif_name": "Lyons - 3 (1st Ave / Plainfield)", "municipality": "Lyons", "county": "Cook", "year_created": 2003, "year_expiry": null, "ordinance": null, "active": true, "source": "Cook County Clerk", "source_url": "https://gis.cookcountyil.gov/traditional/rest/services/tifSrvc/MapServer/3"}, "geometry": {"type": "Polygon", "coordinates": [[[-87.83651, 41.81301], [-87.83596, 41.81128], [-87.83384, 41.81132], [-87.83373, 41.81503], [-87.83187, 41.81593], [-87.83469, 41.81606], [-87.83437, 41.81443], [-87.83651, 41.81301]]]}}, {"type": "Feature", "properties": {"tif_name": "Summit - 63rd St / Archer Ave", "municipality": "Summit", "county": "Cook", "year_created": 2003, "year_expiry": null, "ordinance": null, "active": true, "source": "Cook County Clerk", "source_url": "https://gis.cookcountyil.gov/traditional/rest/services/tifSrvc/MapServer/3"}, "geometry": {"type": "Polygon", "coordinates": [[[-87.81052, 41.78562], [-87.80974, 41.78804], [-87.81568, 41.78779], [-87.8156, 41.78548], [-87.811, 41.78558], [-87.81135, 41.78448], [-87.81217, 41.78446], [-87.81209, 41.78312], [-87.81279, 41.78307], [-87.81222, 41.78274], [-87.81401, 41.78003], [-87.81465, 41.77701], [-87.81366, 41.77617], [-87.81044, 41.77696], [-87.80576, 41.77672], [-87.80557, 41.77236], [-87.80461, 41.77238], [-87.8032, 41.77399], [-87.8033, 41.77621], [-87.80085, 41.77626], [-87.8032, 41.77677], [-87.80111, 41.77643], [-87.8012, 41.77708], [-87.80291, 41.77711], [-87.80265, 41.77772], [-87.81324, 41.7775], [-87.81133, 41.78332], [-87.80601, 41.78346], [-87.80584, 41.78224], [-87.80367, 41.78228], [-87.80372, 41.7836], [-87.80118, 41.78379], [-87.81087, 41.78371], [-87.81052, 41.78562]]]}}, {"type": "Feature", "properties": {"tif_name": "Cicero - 54th Ave", "municipality": "Cicero", "county": "Cook", "year_created": 2004, "year_expiry": null, "ordinance": null, "active": true, "source": "Cook County Clerk", "source_url": "https://gis.cookcountyil.gov/traditional/rest/services/tifSrvc/MapServer/3"}, "geometry": {"type": "Polygon", "coordinates": [[[-87.75437, 41.86533], [-87.76371, 41.86563], [-87.76315, 41.86377], [-87.76399, 41.85853], [-87.76154, 41.85857], [-87.76071, 41.85191], [-87.75911, 41.85185], [-87.76381, 41.85178], [-87.7638, 41.85122], [-87.75425, 41.85173], [-87.75893, 41.85185], [-87.75898, 41.85377], [-87.75697, 41.8538], [-87.75669, 41.85457], [-87.7562, 41.85311], [-87.754, 41.85315], [-87.75353, 41.8522], [-87.75361, 41.85471], [-87.75434, 41.8547], [-87.75362, 41.8549], [-87.75437, 41.86533]], [[-87.75695, 41.86477], [-87.7546, 41.86481], [-87.75399, 41.86181], [-87.75451, 41.8618], [-87.75441, 41.85865], [-87.75676, 41.85862], [-87.75695, 41.86477]], [[-87.76036, 41.85537], [-87.76032, 41.85749], [-87.75911, 41.85831], [-87.75902, 41.85509], [-87.76036, 41.85537]], [[-87.76071, 41.85491], [-87.76085, 41.85491], [-87.7608, 41.8553], [-87.76071, 41.85491]]]}}, {"type": "Feature", "properties": {"tif_name": "Justice - 2", "municipality": "Justice", "county": "Cook", "year_created": 2002, "year_expiry": null, "ordinance": null, "active": true, "source": "Cook County Clerk", "source_url": "https://gis.cookcountyil.gov/traditional/rest/services/tifSrvc/MapServer/3"}, "geometry": {"type": "Polygon", "coordinates": [[[-87.84363, 41.74288], [-87.84353, 41.73994], [-87.83845, 41.74005], [-87.83856, 41.74321], [-87.84363, 41.74288]]]}}, {"type": "Feature", "properties": {"tif_name": "Bellwood - Park Place", "municipality": "Bellwood", "county": "Cook", "year_created": 2005, "year_expiry": null, "ordinance": null, "active": true, "source": "Cook County Clerk", "source_url": "https://gis.cookcountyil.gov/traditional/rest/services/tifSrvc/MapServer/3"}, "geometry": {"type": "Polygon", "coordinates": [[[-87.87901, 41.87405], [-87.8789, 41.87112], [-87.87807, 41.87114], [-87.8782, 41.87425], [-87.87901, 41.87405]]]}}, {"type": "Feature", "properties": {"tif_name": "Hillside - Mannheim", "municipality": "Hillside", "county": "Cook", "year_created": 2005, "year_expiry": null, "ordinance": null, "active": true, "source": "Cook County Clerk", "source_url": "https://gis.cookcountyil.gov/traditional/rest/services/tifSrvc/MapServer/3"}, "geometry": {"type": "Polygon", "coordinates": [[[-87.88336, 41.87459], [-87.8834, 41.87539], [-87.89281, 41.8751], [-87.8926, 41.87028], [-87.88892, 41.87017], [-87.88881, 41.86771], [-87.89251, 41.86814], [-87.8826, 41.86526], [-87.88336, 41.87459]]]}}, {"type": "Feature", "properties": {"tif_name": "McCook - Joliet Rd", "municipality": "McCook", "county": "Cook", "year_created": 2008, "year_expiry": null, "ordinance": null, "active": true, "source": "Cook County Clerk", "source_url": "https://gis.cookcountyil.gov/traditional/rest/services/tifSrvc/MapServer/3"}, "geometry": {"type": "Polygon", "coordinates": [[[-87.84447, 41.79747], [-87.84956, 41.80152], [-87.84019, 41.79344], [-87.84327, 41.79126], [-87.84929, 41.79103], [-87.84938, 41.79335], [-87.85247, 41.79328], [-87.85237, 41.79071], [-87.84248, 41.79091], [-87.83948, 41.79369], [-87.83635, 41.79115], [-87.83464, 41.79117], [-87.83381, 41.79215], [-87.83678, 41.79381], [-87.83601, 41.79475], [-87.83444, 41.79478], [-87.83579, 41.79572], [-87.83803, 41.79473], [-87.83804, 41.79579], [-87.83542, 41.79776], [-87.83969, 41.79767], [-87.84059, 41.79702], [-87.84447, 41.79747]]]}}, {"type": "Feature", "properties": {"tif_name": "Oak Forest - 3 (159th St / Cicero Ave)", "municipality": "Oak Forest", "county": "Cook", "year_created": 2002, "year_expiry": null, "ordinance": null, "active": true, "source": "Cook County Clerk", "source_url": "https://gis.cookcountyil.gov/traditional/rest/services/tifSrvc/MapServer/3"}, "geometry": {"type": "Polygon", "coordinates": [[[-87.7365, 41.60329], [-87.73676, 41.61049], [-87.73798, 41.61047], [-87.7378, 41.60541], [-87.74072, 41.60241], [-87.7388, 41.6027], [-87.73875, 41.60148], [-87.73753, 41.60149], [-87.73734, 41.59605], [-87.73624, 41.59606], [-87.7365, 41.60329]]]}}, {"type": "Feature", "properties": {"tif_name": "Hazel Crest - 167th Street / Corridor", "municipality": "Hazel Crest", "county": "Cook", "year_created": 2002, "year_expiry": null, "ordinance": null, "active": true, "source": "Cook County Clerk", "source_url": "https://gis.cookcountyil.gov/traditional/rest/services/tifSrvc/MapServer/3"}, "geometry": {"type": "Polygon", "coordinates": [[[-87.70661, 41.58608], [-87.70658, 41.58236], [-87.6993, 41.58355], [-87.68962, 41.58266], [-87.68965, 41.58627], [-87.70661, 41.58608]]]}}, {"type": "Feature", "properties": {"tif_name": "Tinley Park - Main Street North", "municipality": "Tinley Park", "county": "Cook", "year_created": 2002, "year_expiry": null, "ordinance": null, "active": true, "source": "Cook County Clerk", "source_url": "https://gis.cookcountyil.gov/traditional/rest/services/tifSrvc/MapServer/3"}, "geometry": {"type": "Polygon", "coordinates": [[[-87.78613, 41.58004], [-87.78518, 41.57939], [-87.78542, 41.57829], [-87.78341, 41.57909], [-87.78463, 41.57932], [-87.78522, 41.58046], [-87.78276, 41.58051], [-87.78319, 41.57928], [-87.78085, 41.57924], [-87.7808, 41.57792], [-87.779, 41.57784], [-87.77366, 41.58014], [-87.77369, 41.58104], [-87.77219, 41.58075], [-87.77246, 41.58257], [-87.77613, 41.58223], [-87.77718, 41.58066], [-87.78397, 41.58056], [-87.78489, 41.58538], [-87.78607, 41.58537], [-87.78541, 41.58137], [-87.78613, 41.58004]], [[-87.77664, 41.57935], [-87.7761, 41.58079], [-87.77484, 41.58162], [-87.77664, 41.57935]], [[-87.77714, 41.57876], [-87.77668, 41.57928], [-87.77665, 41.57927], [-87.77714, 41.57876]]]}}, {"type": "Feature", "properties": {"tif_name": "Brookfield - Ogden Ave", "municipality": "Brookfield", "county": "Cook", "year_created": 2008, "year_expiry": null, "ordinance": null, "active": true, "source": "Cook County Clerk", "source_url": "https://gis.cookcountyil.gov/traditional/rest/services/tifSrvc/MapServer/3"}, "geometry": {"type": "Polygon", "coordinates": [[[-87.858, 41.81845], [-87.85986, 41.81823], [-87.8598, 41.81666], [-87.84042, 41.816], [-87.84046, 41.81723], [-87.85813, 41.81771], [-87.858, 41.81845]]]}}, {"type": "Feature", "properties": {"tif_name": "Glenwood - Main Street", "municipality": "Glenwood", "county": "Cook", "year_created": 2002, "year_expiry": null, "ordinance": null, "active": true, "source": "Cook County Clerk", "source_url": "https://gis.cookcountyil.gov/traditional/rest/services/tifSrvc/MapServer/3"}, "geometry": {"type": "Polygon", "coordinates": [[[-87.62069, 41.54836], [-87.61508, 41.54456], [-87.60614, 41.54261], [-87.60614, 41.5435], [-87.61172, 41.54385], [-87.61174, 41.54529], [-87.61306, 41.54531], [-87.61307, 41.54621], [-87.61437, 41.54531], [-87.61687, 41.54571], [-87.6195, 41.54948], [-87.61949, 41.54872], [-87.62069, 41.54836]]]}}, {"type": "Feature", "properties": {"tif_name": "Cicero - Town Square", "municipality": "Cicero", "county": "Cook", "year_created": 2008, "year_expiry": null, "ordinance": null, "active": true, "source": "Cook County Clerk", "source_url": "https://gis.cookcountyil.gov/traditional/rest/services/tifSrvc/MapServer/3"}, "geometry": {"type": "Polygon", "coordinates": [[[-87.74379, 41.83272], [-87.7537, 41.83246], [-87.75367, 41.83114], [-87.75657, 41.83093], [-87.75594, 41.82929], [-87.75408, 41.82932], [-87.75357, 41.82192], [-87.75347, 41.82923], [-87.7438, 41.82937], [-87.74379, 41.83272]]]}}, {"type": "Feature", "properties": {"tif_name": "Glenwood - Halsted / Holbrook", "municipality": "Glenwood", "county": "Cook", "year_created": 2003, "year_expiry": null, "ordinance": null, "active": true, "source": "Cook County Clerk", "source_url": "https://gis.cookcountyil.gov/traditional/rest/services/tifSrvc/MapServer/3"}, "geometry": {"type": "Polygon", "coordinates": [[[-87.63598, 41.54175], [-87.63595, 41.53876], [-87.63223, 41.53877], [-87.63227, 41.54177], [-87.63598, 41.54175]]]}}, {"type": "Feature", "properties": {"tif_name": "Steger", "municipality": "Steger", "county": "Cook", "year_created": 2005, "year_expiry": null, "ordinance": null, "active": true, "source": "Cook County Clerk", "source_url": "https://gis.cookcountyil.gov/traditional/rest/services/tifSrvc/MapServer/3"}, "geometry": {"type": "Polygon", "coordinates": [[[-87.63792, 41.4717], [-87.63791, 41.46979], [-87.63587, 41.46979], [-87.63619, 41.4717], [-87.63792, 41.4717]]]}}, {"type": "Feature", "properties": {"tif_name": "Chicago Heights - Bloom TWP Plaza", "municipality": "Chicago Heights", "county": "Cook", "year_created": 2005, "year_expiry": null, "ordinance": null, "active": true, "source": "Cook County Clerk", "source_url": "https://gis.cookcountyil.gov/traditional/rest/services/tifSrvc/MapServer/3"}, "geometry": {"type": "Polygon", "coordinates": [[[-87.64494, 41.51278], [-87.64555, 41.51244], [-87.64627, 41.5132], [-87.64751, 41.51196], [-87.64589, 41.51041], [-87.64375, 41.51164], [-87.64301, 41.51092], [-87.64504, 41.50972], [-87.64178, 41.50975], [-87.64224, 41.51242], [-87.64494, 41.51278]]]}}, {"type": "Feature", "properties": {"tif_name": "Sauk Village - 4", "municipality": "Sauk Village", "county": "Cook", "year_created": 2005, "year_expiry": null, "ordinance": null, "active": true, "source": "Cook County Clerk", "source_url": "https://gis.cookcountyil.gov/traditional/rest/services/tifSrvc/MapServer/3"}, "geometry": {"type": "Polygon", "coordinates": [[[-87.57626, 41.48817], [-87.57636, 41.48739], [-87.57203, 41.48812], [-87.57211, 41.48924], [-87.57485, 41.48982], [-87.57484, 41.48818], [-87.57626, 41.48817]]]}}, {"type": "Feature", "properties": {"tif_name": "Bridgeview - 103rd / 76th Ave", "municipality": "Bridgeview", "county": "Cook", "year_created": 2004, "year_expiry": null, "ordinance": null, "active": true, "source": "Cook County Clerk", "source_url": "https://gis.cookcountyil.gov/traditional/rest/services/tifSrvc/MapServer/3"}, "geometry": {"type": "Polygon", "coordinates": [[[-87.80821, 41.70746], [-87.80807, 41.70422], [-87.80238, 41.70434], [-87.80243, 41.70591], [-87.80121, 41.70593], [-87.80124, 41.70678], [-87.80249, 41.70676], [-87.80253, 41.70794], [-87.80821, 41.70746]]]}}, {"type": "Feature", "properties": {"tif_name": "Hickory Hills - 95th St", "municipality": "Hickory Hills", "county": "Cook", "year_created": 2005, "year_expiry": null, "ordinance": null, "active": true, "source": "Cook County Clerk", "source_url": "https://gis.cookcountyil.gov/traditional/rest/services/tifSrvc/MapServer/3"}, "geometry": {"type": "Polygon", "coordinates": [[[-87.81296, 41.71881], [-87.81285, 41.71662], [-87.81135, 41.71665], [-87.81131, 41.71555], [-87.80886, 41.71596], [-87.80824, 41.71927], [-87.81296, 41.71881]], [[-87.80931, 41.7185], [-87.80841, 41.7184], [-87.80911, 41.71794], [-87.80931, 41.7185]]]}}, {"type": "Feature", "properties": {"tif_name": "Palos Heights - Gateway", "municipality": "Palos Heights", "county": "Cook", "year_created": 2005, "year_expiry": null, "ordinance": null, "active": true, "source": "Cook County Clerk", "source_url": "https://gis.cookcountyil.gov/traditional/rest/services/tifSrvc/MapServer/3"}, "geometry": {"type": "Polygon", "coordinates": [[[-87.79936, 41.67661], [-87.79933, 41.67542], [-87.79011, 41.67508], [-87.7781, 41.6727], [-87.77815, 41.67401], [-87.79941, 41.67812], [-87.79936, 41.67661]]]}}, {"type": "Feature", "properties": {"tif_name": "Hazel Crest - Hazel Crest Proper", "municipality": "Hazel Crest", "county": "Cook", "year_created": 2001, "year_expiry": null, "ordinance": null, "active": true, "source": "Cook County Clerk", "source_url": "https://gis.cookcountyil.gov/traditional/rest/services/tifSrvc/MapServer/3"}, "geometry": {"type": "Polygon", "coordinates": [[[-87.6666, 41.58075], [-87.66609, 41.57913], [-87.66441, 41.57913], [-87.66493, 41.58049], [-87.66326, 41.58078], [-87.66058, 41.5805], [-87.66057, 41.57915], [-87.65984, 41.57916], [-87.65721, 41.58445], [-87.65819, 41.58444], [-87.65818, 41.58263], [-87.65939, 41.58261], [-87.65938, 41.58126], [-87.66442, 41.58122], [-87.66444, 41.58259], [-87.66539, 41.58258], [-87.6666, 41.58075]]]}}, {"type": "Feature", "properties": {"tif_name": "Dolton -  2 (Sibley Ave / Woodlawn Ave)", "municipality": "Dolton", "county": "Cook", "year_created": 2001, "year_expiry": null, "ordinance": null, "active": true, "source": "Cook County Clerk", "source_url": "https://gis.cookcountyil.gov/traditional/rest/services/tifSrvc/MapServer/3"}, "geometry": {"type": "Polygon", "coordinates": [[[-87.59262, 41.62274], [-87.5883, 41.62273], [-87.58822, 41.62444], [-87.59428, 41.6244], [-87.59517, 41.62363], [-87.59423, 41.62273], [-87.59262, 41.62274]]]}}, {"type": "Feature", "properties": {"tif_name": "Dixmoor - 144th / Wood", "municipality": "Dixmoor", "county": "Cook", "year_created": 2001, "year_expiry": null, "ordinance": null, "active": true, "source": "Cook County Clerk", "source_url": "https://gis.cookcountyil.gov/traditional/rest/services/tifSrvc/MapServer/3"}, "geometry": {"type": "Polygon", "coordinates": [[[-87.66526, 41.62626], [-87.66331, 41.62627], [-87.66332, 41.62691], [-87.661, 41.62564], [-87.661, 41.62626], [-87.65616, 41.62626], [-87.6562, 41.6298], [-87.65662, 41.62806], [-87.66319, 41.62799], [-87.66319, 41.62725], [-87.66393, 41.62725], [-87.66343, 41.6267], [-87.66562, 41.62791], [-87.66526, 41.62626]]]}}, {"type": "Feature", "properties": {"tif_name": "South Holland - Downtown", "municipality": "South Holland", "county": "Cook", "year_created": 2003, "year_expiry": null, "ordinance": null, "active": true, "source": "Cook County Clerk", "source_url": "https://gis.cookcountyil.gov/traditional/rest/services/tifSrvc/MapServer/3"}, "geometry": {"type": "Polygon", "coordinates": [[[-87.61685, 41.60063], [-87.61459, 41.60017], [-87.61459, 41.60086], [-87.60814, 41.60084], [-87.6079, 41.60349], [-87.60859, 41.6035], [-87.60858, 41.60268], [-87.61082, 41.6027], [-87.61083, 41.60448], [-87.61192, 41.60184], [-87.61214, 41.61539], [-87.61239, 41.60156], [-87.61589, 41.60137], [-87.61589, 41.60073], [-87.61685, 41.60063]]]}}, {"type": "Feature", "properties": {"tif_name": "McCook - First Avenue", "municipality": "McCook", "county": "Cook", "year_created": 2003, "year_expiry": null, "ordinance": null, "active": true, "source": "Cook County Clerk", "source_url": "https://gis.cookcountyil.gov/traditional/rest/services/tifSrvc/MapServer/3"}, "geometry": {"type": "Polygon", "coordinates": [[[-87.84797, 41.8053], [-87.84777, 41.8001], [-87.8438, 41.79695], [-87.83381, 41.79779], [-87.83418, 41.80551], [-87.84797, 41.8053]]]}}, {"type": "Feature", "properties": {"tif_name": "Oak Lawn - Cicero Avenue", "municipality": "Oak Lawn", "county": "Cook", "year_created": 2002, "year_expiry": null, "ordinance": null, "active": true, "source": "Cook County Clerk", "source_url": "https://gis.cookcountyil.gov/traditional/rest/services/tifSrvc/MapServer/3"}, "geometry": {"type": "Polygon", "coordinates": [[[-87.743, 41.73083], [-87.74295, 41.72962], [-87.74176, 41.72964], [-87.74172, 41.72736], [-87.74104, 41.72737], [-87.74116, 41.73086], [-87.743, 41.73083]]]}}, {"type": "Feature", "properties": {"tif_name": "Alsip - 123rd Pl / Cicero Ave", "municipality": "Alsip", "county": "Cook", "year_created": 2002, "year_expiry": null, "ordinance": null, "active": true, "source": "Cook County Clerk", "source_url": "https://gis.cookcountyil.gov/traditional/rest/services/tifSrvc/MapServer/3"}, "geometry": {"type": "Polygon", "coordinates": [[[-87.74072, 41.66633], [-87.73879, 41.66637], [-87.73885, 41.66789], [-87.74022, 41.66786], [-87.74072, 41.66633]]]}}, {"type": "Feature", "properties": {"tif_name": "Blue Island - 5", "municipality": "Blue Island", "county": "Cook", "year_created": 2008, "year_expiry": null, "ordinance": null, "active": true, "source": "Cook County Clerk", "source_url": "https://gis.cookcountyil.gov/traditional/rest/services/tifSrvc/MapServer/3"}, "geometry": {"type": "Polygon", "coordinates": [[[-87.67713, 41.65558], [-87.67584, 41.65904], [-87.67645, 41.65902], [-87.6765, 41.66022], [-87.67824, 41.66003], [-87.67786, 41.65914], [-87.67998, 41.6591], [-87.67982, 41.65138], [-87.67013, 41.65158], [-87.67024, 41.65434], [-87.67669, 41.65373], [-87.67713, 41.65558]]]}}, {"type": "Feature", "properties": {"tif_name": "Oak Lawn - Train Station", "municipality": "Oak Lawn", "county": "Cook", "year_created": 2003, "year_expiry": null, "ordinance": null, "active": true, "source": "Cook County Clerk", "source_url": "https://gis.cookcountyil.gov/traditional/rest/services/tifSrvc/MapServer/3"}, "geometry": {"type": "Polygon", "coordinates": [[[-87.75044, 41.72005], [-87.74824, 41.72009], [-87.74826, 41.7207], [-87.75044, 41.72005]]]}}, {"type": "Feature", "properties": {"tif_name": "Oak Lawn - Commuter Parking Lot / Station", "municipality": "Oak Lawn", "county": "Cook", "year_created": 2003, "year_expiry": null, "ordinance": null, "active": true, "source": "Cook County Clerk", "source_url": "https://gis.cookcountyil.gov/traditional/rest/services/tifSrvc/MapServer/3"}, "geometry": {"type": "Polygon", "coordinates": [[[-87.74791, 41.71979], [-87.74921, 41.71927], [-87.74916, 41.71793], [-87.74773, 41.71795], [-87.74724, 41.71937], [-87.74791, 41.71979]]]}}, {"type": "Feature", "properties": {"tif_name": "Richton Park - Lakewood 5", "municipality": "Richton Park", "county": "Cook", "year_created": 2002, "year_expiry": null, "ordinance": null, "active": true, "source": "Cook County Clerk", "source_url": "https://gis.cookcountyil.gov/traditional/rest/services/tifSrvc/MapServer/3"}, "geometry": {"type": "Polygon", "coordinates": [[[-87.75165, 41.48392], [-87.75162, 41.47706], [-87.74681, 41.47704], [-87.74676, 41.48186], [-87.74603, 41.48367], [-87.74356, 41.48453], [-87.74334, 41.49102], [-87.76142, 41.49122], [-87.76128, 41.48433], [-87.75165, 41.48392]]]}}, {"type": "Feature", "properties": {"tif_name": "Richton Park - Sauk Trail / Governor's Hwy (4)", "municipality": "Richton Park", "county": "Cook", "year_created": 2003, "year_expiry": null, "ordinance": null, "active": true, "source": "Cook County Clerk", "source_url": "https://gis.cookcountyil.gov/traditional/rest/services/tifSrvc/MapServer/3"}, "geometry": {"type": "Polygon", "coordinates": [[[-87.70464, 41.48538], [-87.70617, 41.48537], [-87.70616, 41.48448], [-87.70321, 41.48448], [-87.70322, 41.48537], [-87.70464, 41.48538]]]}}, {"type": "Feature", "properties": {"tif_name": "Park Forest - Norwood Square", "municipality": "Park Forest", "county": "Cook", "year_created": 2005, "year_expiry": null, "ordinance": null, "active": true, "source": "Cook County Clerk", "source_url": "https://gis.cookcountyil.gov/traditional/rest/services/tifSrvc/MapServer/3"}, "geometry": {"type": "Polygon", "coordinates": [[[-87.67672, 41.49435], [-87.67732, 41.49356], [-87.67646, 41.49323], [-87.6771, 41.4927], [-87.67653, 41.492], [-87.67445, 41.49203], [-87.67497, 41.49277], [-87.67448, 41.49484], [-87.67672, 41.49435]]]}}, {"type": "Feature", "properties": {"tif_name": "Calumet Park - 4 (Vermont / Throop)", "municipality": "Calumet Park", "county": "Cook", "year_created": 2005, "year_expiry": null, "ordinance": null, "active": true, "source": "Cook County Clerk", "source_url": "https://gis.cookcountyil.gov/traditional/rest/services/tifSrvc/MapServer/3"}, "geometry": {"type": "Polygon", "coordinates": [[[-87.6559, 41.65932], [-87.65582, 41.65712], [-87.65095, 41.65785], [-87.65103, 41.66009], [-87.6559, 41.65932]]]}}, {"type": "Feature", "properties": {"tif_name": "Country Club Hills - 175th / Cicero", "municipality": "Country Club Hills", "county": "Cook", "year_created": 2008, "year_expiry": null, "ordinance": null, "active": true, "source": "Cook County Clerk", "source_url": "https://gis.cookcountyil.gov/traditional/rest/services/tifSrvc/MapServer/3"}, "geometry": {"type": "Polygon", "coordinates": [[[-87.72898, 41.5728], [-87.7235, 41.57509], [-87.72359, 41.58593], [-87.73015, 41.5849], [-87.73382, 41.58223], [-87.73302, 41.58074], [-87.73299, 41.57178], [-87.72898, 41.5728]]]}}, {"type": "Feature", "properties": {"tif_name": "Steger - 30th / Loverock Ave", "municipality": "Steger", "county": "Cook", "year_created": 2006, "year_expiry": null, "ordinance": null, "active": true, "source": "Cook County Clerk", "source_url": "https://gis.cookcountyil.gov/traditional/rest/services/tifSrvc/MapServer/3"}, "geometry": {"type": "Polygon", "coordinates": [[[-87.62388, 41.47519], [-87.62387, 41.47355], [-87.62211, 41.47355], [-87.62213, 41.47699], [-87.6232, 41.47699], [-87.62319, 41.47518], [-87.62388, 41.47519]]]}}, {"type": "Feature", "properties": {"tif_name": "Oak Lawn - Cicero Gateway", "municipality": "Oak Lawn", "county": "Cook", "year_created": 2014, "year_expiry": null, "ordinance": null, "active": true, "source": "Cook County Clerk", "source_url": "https://gis.cookcountyil.gov/traditional/rest/services/tifSrvc/MapServer/3"}, "geometry": {"type": "Polygon", "coordinates": [[[-87.73998, 41.69192], [-87.74006, 41.69449], [-87.74045, 41.69366], [-87.74784, 41.69266], [-87.7478, 41.6917], [-87.74545, 41.69174], [-87.74542, 41.69095], [-87.74017, 41.69105], [-87.73998, 41.69192]]]}}, {"type": "Feature", "properties": {"tif_name": "Schiller Park - Lawrence / 25th Ave", "municipality": "Schiller Park", "county": "Cook", "year_created": 2006, "year_expiry": null, "ordinance": null, "active": true, "source": "Cook County Clerk", "source_url": "https://gis.cookcountyil.gov/traditional/rest/services/tifSrvc/MapServer/3"}, "geometry": {"type": "Polygon", "coordinates": [[[-87.87581, 41.96734], [-87.87582, 41.9657], [-87.87364, 41.96544], [-87.87404, 41.96483], [-87.87157, 41.96526], [-87.87155, 41.96433], [-87.87339, 41.96466], [-87.87317, 41.96321], [-87.87093, 41.96041], [-87.87084, 41.95845], [-87.86946, 41.95847], [-87.8713, 41.96613], [-87.87401, 41.96648], [-87.8735, 41.9675], [-87.87581, 41.96734]]]}}, {"type": "Feature", "properties": {"tif_name": "Dolton - 3", "municipality": "Dolton", "county": "Cook", "year_created": 2006, "year_expiry": null, "ordinance": null, "active": true, "source": "Cook County Clerk", "source_url": "https://gis.cookcountyil.gov/traditional/rest/services/tifSrvc/MapServer/3"}, "geometry": {"type": "Polygon", "coordinates": [[[-87.60765, 41.64062], [-87.60319, 41.63728], [-87.58648, 41.63703], [-87.58025, 41.63456], [-87.58024, 41.63369], [-87.57908, 41.63369], [-87.57812, 41.63723], [-87.5795, 41.63815], [-87.57918, 41.64033], [-87.58334, 41.64204], [-87.58333, 41.64097], [-87.59785, 41.64099], [-87.59807, 41.64463], [-87.60636, 41.64461], [-87.60638, 41.64121], [-87.60765, 41.64062]]]}}, {"type": "Feature", "properties": {"tif_name": "Calumet Park - 3 (Ashland)", "municipality": "Calumet Park", "county": "Cook", "year_created": 2005, "year_expiry": null, "ordinance": null, "active": true, "source": "Cook County Clerk", "source_url": "https://gis.cookcountyil.gov/traditional/rest/services/tifSrvc/MapServer/3"}, "geometry": {"type": "Polygon", "coordinates": [[[-87.66123, 41.66902], [-87.66152, 41.67746], [-87.66273, 41.67742], [-87.66302, 41.67022], [-87.666, 41.67016], [-87.66582, 41.66476], [-87.66167, 41.66834], [-87.66194, 41.66114], [-87.66084, 41.66117], [-87.66016, 41.66256], [-87.66051, 41.66835], [-87.66123, 41.66902]]]}}, {"type": "Feature", "properties": {"tif_name": "Lynwood - Glenwood/Lansing/Torrence Ave.", "municipality": "Lynwood", "county": "Cook", "year_created": 2001, "year_expiry": null, "ordinance": null, "active": true, "source": "Cook County Clerk", "source_url": "https://gis.cookcountyil.gov/traditional/rest/services/tifSrvc/MapServer/3"}, "geometry": {"type": "Polygon", "coordinates": [[[-87.55883, 41.54254], [-87.56041, 41.54273], [-87.56046, 41.54126], [-87.55861, 41.54129], [-87.55832, 41.53821], [-87.55372, 41.53822], [-87.55378, 41.54105], [-87.55545, 41.54162], [-87.55546, 41.54262], [-87.55883, 41.54254]]]}}, {"type": "Feature", "properties": {"tif_name": "Crestwood - 135th / Cicero", "municipality": "Crestwood", "county": "Cook", "year_created": 2002, "year_expiry": null, "ordinance": null, "active": true, "source": "Cook County Clerk", "source_url": "https://gis.cookcountyil.gov/traditional/rest/services/tifSrvc/MapServer/3"}, "geometry": {"type": "Polygon", "coordinates": [[[-87.73678, 41.65215], [-87.73668, 41.65333], [-87.73814, 41.65392], [-87.73711, 41.65267], [-87.73808, 41.65215], [-87.73718, 41.65112], [-87.73803, 41.65083], [-87.738, 41.65], [-87.73695, 41.65002], [-87.7369, 41.64719], [-87.73322, 41.64724], [-87.73331, 41.65017], [-87.73678, 41.65215]]]}}, {"type": "Feature", "properties": {"tif_name": "Franklin Park - Resurrection", "municipality": "Franklin Park", "county": "Cook", "year_created": 2007, "year_expiry": null, "ordinance": null, "active": true, "source": "Cook County Clerk", "source_url": "https://gis.cookcountyil.gov/traditional/rest/services/tifSrvc/MapServer/3"}, "geometry": {"type": "Polygon", "coordinates": [[[-87.89009, 41.9313], [-87.89006, 41.9306], [-87.88945, 41.93114], [-87.88823, 41.93055], [-87.88828, 41.93172], [-87.89009, 41.93203], [-87.89009, 41.9313]]]}}, {"type": "Feature", "properties": {"tif_name": "Hodgkins - 67th / LaGrange Rd", "municipality": "Hodgkins", "county": "Cook", "year_created": 2007, "year_expiry": null, "ordinance": null, "active": true, "source": "Cook County Clerk", "source_url": "https://gis.cookcountyil.gov/traditional/rest/services/tifSrvc/MapServer/3"}, "geometry": {"type": "Polygon", "coordinates": [[[-87.86752, 41.76836], [-87.86747, 41.76655], [-87.86501, 41.76714], [-87.86508, 41.76852], [-87.86752, 41.76836]]]}}, {"type": "Feature", "properties": {"tif_name": "Melrose Park - Lake Street Corridor", "municipality": "Melrose Park", "county": "Cook", "year_created": 2007, "year_expiry": null, "ordinance": null, "active": true, "source": "Cook County Clerk", "source_url": "https://gis.cookcountyil.gov/traditional/rest/services/tifSrvc/MapServer/3"}, "geometry": {"type": "Polygon", "coordinates": [[[-87.85602, 41.89451], [-87.86358, 41.89465], [-87.85779, 41.89356], [-87.8577, 41.89096], [-87.86083, 41.89095], [-87.84674, 41.89008], [-87.84672, 41.88951], [-87.84437, 41.88925], [-87.84451, 41.89072], [-87.84897, 41.89238], [-87.8557, 41.89332], [-87.85602, 41.89451]]]}}, {"type": "Feature", "properties": {"tif_name": "Orland Park - Main St Triangle", "municipality": "Orland Park", "county": "Cook", "year_created": 2004, "year_expiry": null, "ordinance": null, "active": true, "source": "Cook County Clerk", "source_url": "https://gis.cookcountyil.gov/traditional/rest/services/tifSrvc/MapServer/3"}, "geometry": {"type": "Polygon", "coordinates": [[[-87.85412, 41.63192], [-87.854, 41.63586], [-87.86034, 41.63037], [-87.85418, 41.63065], [-87.85412, 41.63192]]]}}, {"type": "Feature", "properties": {"tif_name": "Lemont - Downtown Canal 1", "municipality": "Lemont", "county": "Cook", "year_created": 2005, "year_expiry": null, "ordinance": null, "active": true, "source": "Cook County Clerk", "source_url": "https://gis.cookcountyil.gov/traditional/rest/services/tifSrvc/MapServer/3"}, "geometry": {"type": "Polygon", "coordinates": [[[-88.00046, 41.67704], [-87.99998, 41.67839], [-88.00036, 41.67791], [-88.00079, 41.67868], [-88.01008, 41.67566], [-88.01003, 41.67418], [-88.00627, 41.67422], [-88.00127, 41.67547], [-88.00016, 41.67583], [-88.00046, 41.67704]]]}}, {"type": "Feature", "properties": {"tif_name": "Worth - 111th St / Toll Rd", "municipality": "Worth", "county": "Cook", "year_created": 2006, "year_expiry": null, "ordinance": null, "active": true, "source": "Cook County Clerk", "source_url": "https://gis.cookcountyil.gov/traditional/rest/services/tifSrvc/MapServer/3"}, "geometry": {"type": "Polygon", "coordinates": [[[-87.78335, 41.69206], [-87.78261, 41.69045], [-87.78143, 41.69047], [-87.78137, 41.6889], [-87.78052, 41.68892], [-87.78048, 41.68808], [-87.77896, 41.68804], [-87.77892, 41.6903], [-87.78278, 41.69147], [-87.78268, 41.69276], [-87.78366, 41.69273], [-87.78335, 41.69206]]]}}, {"type": "Feature", "properties": {"tif_name": "Chicago Ridge - 3 (Ridgeland Avenue)", "municipality": "Chicago Ridge", "county": "Cook", "year_created": 2006, "year_expiry": null, "ordinance": null, "active": true, "source": "Cook County Clerk", "source_url": "https://gis.cookcountyil.gov/traditional/rest/services/tifSrvc/MapServer/3"}, "geometry": {"type": "Polygon", "coordinates": [[[-87.77912, 41.70433], [-87.77604, 41.70266], [-87.77492, 41.70382], [-87.77694, 41.70491], [-87.77912, 41.70433]]]}}, {"type": "Feature", "properties": {"tif_name": "Lyons - Quarry", "municipality": "Lyons", "county": "Cook", "year_created": 2007, "year_expiry": null, "ordinance": null, "active": true, "source": "Cook County Clerk", "source_url": "https://gis.cookcountyil.gov/traditional/rest/services/tifSrvc/MapServer/3"}, "geometry": {"type": "Polygon", "coordinates": [[[-87.82743, 41.8133], [-87.82571, 41.81238], [-87.82574, 41.81321], [-87.82316, 41.81359], [-87.82365, 41.81434], [-87.82578, 41.8143], [-87.82577, 41.81747], [-87.82702, 41.81652], [-87.82668, 41.81608], [-87.82902, 41.81579], [-87.82878, 41.81437], [-87.82576, 41.81387], [-87.82574, 41.81334], [-87.82743, 41.8133]]]}}, {"type": "Feature", "properties": {"tif_name": "Hanover Park - 4", "municipality": "Hanover Park", "county": "Cook", "year_created": 2007, "year_expiry": null, "ordinance": null, "active": true, "source": "Cook County Clerk", "source_url": "https://gis.cookcountyil.gov/traditional/rest/services/tifSrvc/MapServer/3"}, "geometry": {"type": "Polygon", "coordinates": [[[-88.13898, 42.00527], [-88.13981, 42.00544], [-88.14055, 42.00705], [-88.14453, 42.00757], [-88.1447, 42.0043], [-88.13747, 42.00324], [-88.13732, 42.00432], [-88.13898, 42.00527]]]}}, {"type": "Feature", "properties": {"tif_name": "Dixmoor - 2", "municipality": "Dixmoor", "county": "Cook", "year_created": 1996, "year_expiry": null, "ordinance": null, "active": true, "source": "Cook County Clerk", "source_url": "https://gis.cookcountyil.gov/traditional/rest/services/tifSrvc/MapServer/3"}, "geometry": {"type": "MultiPolygon", "coordinates": [[[[-87.66585, 41.62649], [-87.66575, 41.63124], [-87.66699, 41.63123], [-87.66698, 41.62994], [-87.6688, 41.62992], [-87.66943, 41.63027], [-87.66943, 41.63213], [-87.66576, 41.63214], [-87.66579, 41.63381], [-87.66939, 41.63387], [-87.66962, 41.63931], [-87.67322, 41.63921], [-87.67302, 41.63371], [-87.67775, 41.63366], [-87.67613, 41.62806], [-87.6744, 41.62815], [-87.67428, 41.62987], [-87.67282, 41.62988], [-87.66585, 41.62649]], [[-87.67227, 41.63213], [-87.67178, 41.63105], [-87.6725, 41.63035], [-87.6752, 41.63165], [-87.67426, 41.63259], [-87.6727, 41.63277], [-87.67227, 41.63213]]], [[[-87.66572, 41.62598], [-87.66695, 41.62665], [-87.66572, 41.62541], [-87.66572, 41.62598]]]]}}, {"type": "Feature", "properties": {"tif_name": "Chicago Heights - 300 State St", "municipality": "Chicago Heights", "county": "Cook", "year_created": 2009, "year_expiry": null, "ordinance": null, "active": true, "source": "Cook County Clerk", "source_url": "https://gis.cookcountyil.gov/traditional/rest/services/tifSrvc/MapServer/3"}, "geometry": {"type": "Polygon", "coordinates": [[[-87.61974, 41.52618], [-87.61648, 41.52619], [-87.6168, 41.53072], [-87.61974, 41.52618]]]}}, {"type": "Feature", "properties": {"tif_name": "Chicago Heights - Downtown", "municipality": "Chicago Heights", "county": "Cook", "year_created": 2009, "year_expiry": null, "ordinance": null, "active": true, "source": "Cook County Clerk", "source_url": "https://gis.cookcountyil.gov/traditional/rest/services/tifSrvc/MapServer/3"}, "geometry": {"type": "Polygon", "coordinates": [[[-87.63476, 41.50695], [-87.63682, 41.50657], [-87.63595, 41.50442], [-87.63882, 41.5044], [-87.63809, 41.50259], [-87.63995, 41.50258], [-87.64068, 41.50439], [-87.64156, 41.50438], [-87.6412, 41.50255], [-87.64292, 41.50253], [-87.64292, 41.50126], [-87.64106, 41.50085], [-87.6409, 41.4992], [-87.6453, 41.4992], [-87.6453, 41.49823], [-87.64168, 41.49823], [-87.64158, 41.4977], [-87.63734, 41.49833], [-87.6373, 41.49527], [-87.63543, 41.49632], [-87.63541, 41.49571], [-87.6292, 41.49718], [-87.63334, 41.49716], [-87.63225, 41.4989], [-87.63443, 41.49916], [-87.63309, 41.49915], [-87.6331, 41.50052], [-87.63442, 41.50052], [-87.63517, 41.49916], [-87.63518, 41.50061], [-87.63177, 41.5008], [-87.63178, 41.50262], [-87.6338, 41.50262], [-87.63257, 41.50616], [-87.63476, 41.50695]], [[-87.63971, 41.50138], [-87.63852, 41.5021], [-87.638, 41.50079], [-87.63957, 41.5007], [-87.63971, 41.50138]]]}}, {"type": "Feature", "properties": {"tif_name": "South Chicago Heights - 2", "municipality": "South Chicago Heights", "county": "Cook", "year_created": 2009, "year_expiry": null, "ordinance": null, "active": true, "source": "Cook County Clerk", "source_url": "https://gis.cookcountyil.gov/traditional/rest/services/tifSrvc/MapServer/3"}, "geometry": {"type": "Polygon", "coordinates": [[[-87.63552, 41.48565], [-87.63547, 41.4915], [-87.6366, 41.49149], [-87.6357, 41.48423], [-87.6364, 41.48423], [-87.636, 41.48151], [-87.63512, 41.4816], [-87.6349, 41.47708], [-87.63129, 41.47715], [-87.63129, 41.4783], [-87.63297, 41.47829], [-87.63298, 41.47886], [-87.63172, 41.47887], [-87.63176, 41.48123], [-87.63329, 41.48274], [-87.63227, 41.48274], [-87.63227, 41.48356], [-87.63288, 41.48432], [-87.6353, 41.48431], [-87.63552, 41.48565]]]}}, {"type": "Feature", "properties": {"tif_name": "Summit - 63rd Place", "municipality": "Summit", "county": "Cook", "year_created": 2009, "year_expiry": null, "ordinance": null, "active": true, "source": "Cook County Clerk", "source_url": "https://gis.cookcountyil.gov/traditional/rest/services/tifSrvc/MapServer/3"}, "geometry": {"type": "Polygon", "coordinates": [[[-87.80735, 41.77668], [-87.8083, 41.77666], [-87.80826, 41.77565], [-87.8063, 41.77569], [-87.80735, 41.77668]]]}}, {"type": "Feature", "properties": {"tif_name": "Matteson - 5", "municipality": "Matteson", "county": "Cook", "year_created": 2009, "year_expiry": null, "ordinance": null, "active": true, "source": "Cook County Clerk", "source_url": "https://gis.cookcountyil.gov/traditional/rest/services/tifSrvc/MapServer/3"}, "geometry": {"type": "Polygon", "coordinates": [[[-87.74447, 41.50412], [-87.74615, 41.50552], [-87.74768, 41.50565], [-87.74767, 41.50397], [-87.7454, 41.50296], [-87.74846, 41.50247], [-87.74847, 41.50397], [-87.74947, 41.50398], [-87.74945, 41.50173], [-87.75165, 41.50175], [-87.75163, 41.49903], [-87.74199, 41.49901], [-87.74383, 41.49929], [-87.74369, 41.5005], [-87.74495, 41.50057], [-87.74465, 41.50332], [-87.74357, 41.50329], [-87.74447, 41.50412]], [[-87.75041, 41.50005], [-87.74898, 41.50004], [-87.74897, 41.4993], [-87.7504, 41.49929], [-87.75041, 41.50005]], [[-87.74841, 41.50004], [-87.74784, 41.4993], [-87.7484, 41.4993], [-87.74841, 41.50004]]]}}, {"type": "Feature", "properties": {"tif_name": "Lansing - Bernice Road", "municipality": "Lansing", "county": "Cook", "year_created": 2009, "year_expiry": null, "ordinance": null, "active": true, "source": "Cook County Clerk", "source_url": "https://gis.cookcountyil.gov/traditional/rest/services/tifSrvc/MapServer/3"}, "geometry": {"type": "Polygon", "coordinates": [[[-87.55309, 41.59491], [-87.55836, 41.59428], [-87.55757, 41.59294], [-87.55395, 41.59293], [-87.55376, 41.59146], [-87.55658, 41.58648], [-87.55748, 41.58629], [-87.55676, 41.58602], [-87.55778, 41.58458], [-87.55869, 41.58459], [-87.55872, 41.5801], [-87.55761, 41.5801], [-87.55762, 41.57915], [-87.55626, 41.5784], [-87.54834, 41.57814], [-87.54743, 41.57723], [-87.55586, 41.57713], [-87.55902, 41.57559], [-87.56135, 41.57623], [-87.56136, 41.57525], [-87.55952, 41.57524], [-87.559, 41.57368], [-87.55791, 41.57369], [-87.55774, 41.57242], [-87.55696, 41.57242], [-87.55695, 41.57369], [-87.54925, 41.57373], [-87.54922, 41.57186], [-87.54411, 41.57194], [-87.54411, 41.57407], [-87.54152, 41.57204], [-87.54784, 41.57829], [-87.54803, 41.57936], [-87.54425, 41.57976], [-87.54777, 41.57976], [-87.54778, 41.58065], [-87.54665, 41.58065], [-87.54665, 41.58164], [-87.54905, 41.58212], [-87.54905, 41.58653], [-87.54439, 41.58669], [-87.54439, 41.58753], [-87.54592, 41.58753], [-87.54591, 41.59196], [-87.54426, 41.59196], [-87.54426, 41.59357], [-87.54757, 41.59318], [-87.54988, 41.59406], [-87.55182, 41.593], [-87.55309, 41.59491]], [[-87.55462, 41.58859], [-87.55435, 41.58764], [-87.55522, 41.58763], [-87.55462, 41.58859]], [[-87.55836, 41.5829], [-87.55735, 41.58432], [-87.55538, 41.58436], [-87.55538, 41.58488], [-87.55376, 41.58336], [-87.55377, 41.58285], [-87.55836, 41.5829]], [[-87.55644, 41.58226], [-87.5552, 41.58226], [-87.5552, 41.58116], [-87.55613, 41.58107], [-87.55644, 41.58226]]]}}, {"type": "Feature", "properties": {"tif_name": "Lansing - West Lansing", "municipality": "Lansing", "county": "Cook", "year_created": 1991, "year_expiry": null, "ordinance": null, "active": true, "source": "Cook County Clerk", "source_url": "https://gis.cookcountyil.gov/traditional/rest/services/tifSrvc/MapServer/3"}, "geometry": {"type": "Polygon", "coordinates": [[[-87.57282, 41.57644], [-87.57819, 41.57713], [-87.57818, 41.57021], [-87.57885, 41.57028], [-87.57879, 41.5715], [-87.58037, 41.57199], [-87.58074, 41.56459], [-87.57817, 41.56459], [-87.57818, 41.56834], [-87.57149, 41.56838], [-87.5624, 41.56474], [-87.57351, 41.56958], [-87.57327, 41.57197], [-87.57224, 41.57196], [-87.57254, 41.56944], [-87.57016, 41.56912], [-87.57018, 41.572], [-87.56857, 41.572], [-87.56923, 41.57205], [-87.56975, 41.57396], [-87.57084, 41.5733], [-87.57101, 41.57463], [-87.56851, 41.57462], [-87.5686, 41.57709], [-87.57282, 41.57644]], [[-87.57205, 41.57159], [-87.57157, 41.57151], [-87.57205, 41.57152], [-87.57205, 41.57159]], [[-87.57151, 41.57103], [-87.57108, 41.5713], [-87.57107, 41.57096], [-87.57151, 41.57103]], [[-87.5715, 41.56979], [-87.57106, 41.57021], [-87.57105, 41.56978], [-87.5715, 41.56979]]]}}, {"type": "Feature", "properties": {"tif_name": "Franklin Park - Downtown Franklin Avenue", "municipality": "Franklin Park", "county": "Cook", "year_created": 2000, "year_expiry": null, "ordinance": null, "active": true, "source": "Cook County Clerk", "source_url": "https://gis.cookcountyil.gov/traditional/rest/services/tifSrvc/MapServer/3"}, "geometry": {"type": "Polygon", "coordinates": [[[-87.8656, 41.93583], [-87.86794, 41.93666], [-87.86792, 41.93602], [-87.8656, 41.93583]]]}}, {"type": "Feature", "properties": {"tif_name": "Skokie - West Dempter", "municipality": "Skokie", "county": "Cook", "year_created": 2010, "year_expiry": null, "ordinance": null, "active": true, "source": "Cook County Clerk", "source_url": "https://gis.cookcountyil.gov/traditional/rest/services/tifSrvc/MapServer/3"}, "geometry": {"type": "Polygon", "coordinates": [[[-87.75132, 42.03366], [-87.74936, 42.03364], [-87.75143, 42.03981], [-87.74725, 42.04029], [-87.74729, 42.03879], [-87.74647, 42.03879], [-87.74568, 42.04065], [-87.74456, 42.04065], [-87.74455, 42.04125], [-87.74641, 42.04125], [-87.74621, 42.04267], [-87.7472, 42.04267], [-87.74787, 42.04124], [-87.7527, 42.04081], [-87.75402, 42.04228], [-87.75449, 42.04131], [-87.75699, 42.04098], [-87.75702, 42.04038], [-87.75299, 42.04035], [-87.75132, 42.03366]]]}}, {"type": "Feature", "properties": {"tif_name": "Countryside - Commercial", "municipality": "Countryside", "county": "Cook", "year_created": 2010, "year_expiry": null, "ordinance": null, "active": true, "source": "Cook County Clerk", "source_url": "https://gis.cookcountyil.gov/traditional/rest/services/tifSrvc/MapServer/3"}, "geometry": {"type": "Polygon", "coordinates": [[[-87.86793, 41.78994], [-87.86887, 41.79047], [-87.86843, 41.78053], [-87.8685, 41.77953], [-87.86935, 41.77951], [-87.86928, 41.77796], [-87.86538, 41.77975], [-87.86494, 41.78141], [-87.86503, 41.78334], [-87.8667, 41.78331], [-87.86674, 41.78419], [-87.86774, 41.78417], [-87.86756, 41.78676], [-87.86673, 41.78696], [-87.86677, 41.78774], [-87.86768, 41.78772], [-87.86735, 41.78982], [-87.86793, 41.78994]]]}}, {"type": "Feature", "properties": {"tif_name": "Justice - 4", "municipality": "Justice", "county": "Cook", "year_created": 2010, "year_expiry": null, "ordinance": null, "active": true, "source": "Cook County Clerk", "source_url": "https://gis.cookcountyil.gov/traditional/rest/services/tifSrvc/MapServer/3"}, "geometry": {"type": "Polygon", "coordinates": [[[-87.82935, 41.7585], [-87.8303, 41.75866], [-87.83162, 41.75689], [-87.83239, 41.75734], [-87.83417, 41.75649], [-87.83335, 41.75627], [-87.83329, 41.75484], [-87.83865, 41.75474], [-87.83626, 41.75279], [-87.83851, 41.75063], [-87.83855, 41.75179], [-87.84089, 41.75175], [-87.8408, 41.7493], [-87.84154, 41.74928], [-87.84151, 41.74852], [-87.84004, 41.74911], [-87.83973, 41.74862], [-87.83776, 41.75004], [-87.82935, 41.7585]]]}}, {"type": "Feature", "properties": {"tif_name": "Melrose Park - Chicago / Superior", "municipality": "Melrose Park", "county": "Cook", "year_created": 2010, "year_expiry": null, "ordinance": null, "active": true, "source": "Cook County Clerk", "source_url": "https://gis.cookcountyil.gov/traditional/rest/services/tifSrvc/MapServer/3"}, "geometry": {"type": "Polygon", "coordinates": [[[-87.85183, 41.8934], [-87.85156, 41.8925], [-87.84629, 41.89201], [-87.84687, 41.89367], [-87.85183, 41.8934]]]}}, {"type": "Feature", "properties": {"tif_name": "Alsip - Pulaski Road Corridor", "municipality": "Alsip", "county": "Cook", "year_created": 2010, "year_expiry": null, "ordinance": null, "active": true, "source": "Cook County Clerk", "source_url": "https://gis.cookcountyil.gov/traditional/rest/services/tifSrvc/MapServer/3"}, "geometry": {"type": "Polygon", "coordinates": [[[-87.71918, 41.68399], [-87.72113, 41.68396], [-87.7208, 41.6756], [-87.71989, 41.67562], [-87.71986, 41.67481], [-87.72092, 41.67479], [-87.72109, 41.67382], [-87.71982, 41.67384], [-87.71975, 41.66924], [-87.71706, 41.66839], [-87.71709, 41.66926], [-87.71619, 41.6695], [-87.71856, 41.66949], [-87.71838, 41.67304], [-87.71733, 41.67306], [-87.7174, 41.67489], [-87.71903, 41.67486], [-87.71868, 41.6774], [-87.71985, 41.68207], [-87.71897, 41.68299], [-87.71918, 41.68399]], [[-87.71944, 41.67363], [-87.71889, 41.67363], [-87.71887, 41.67311], [-87.71944, 41.67363]]]}}, {"type": "Feature", "properties": {"tif_name": "Rosemont - South River Road (4)", "municipality": "Rosemont", "county": "Cook", "year_created": 1998, "year_expiry": null, "ordinance": null, "active": true, "source": "Cook County Clerk", "source_url": "https://gis.cookcountyil.gov/traditional/rest/services/tifSrvc/MapServer/3"}, "geometry": {"type": "Polygon", "coordinates": [[[-87.86611, 41.97685], [-87.8678, 41.97695], [-87.86783, 41.97766], [-87.864, 41.97802], [-87.86406, 41.97939], [-87.8661, 41.97934], [-87.86671, 41.98179], [-87.86729, 41.98121], [-87.87156, 41.98124], [-87.87503, 41.98193], [-87.87474, 41.98017], [-87.87033, 41.97997], [-87.8697, 41.97395], [-87.86239, 41.97386], [-87.86265, 41.97578], [-87.8653, 41.97573], [-87.86535, 41.97688], [-87.86611, 41.97685]]]}}, {"type": "Feature", "properties": {"tif_name": "Bedford Park - 65th Street", "municipality": "Bedford Park", "county": "Cook", "year_created": 2011, "year_expiry": null, "ordinance": null, "active": true, "source": "Cook County Clerk", "source_url": "https://gis.cookcountyil.gov/traditional/rest/services/tifSrvc/MapServer/3"}, "geometry": {"type": "Polygon", "coordinates": [[[-87.74956, 41.77109], [-87.74752, 41.77126], [-87.74763, 41.77455], [-87.78795, 41.7738], [-87.78805, 41.77222], [-87.79041, 41.77067], [-87.7908, 41.77375], [-87.79818, 41.77364], [-87.79822, 41.77088], [-87.80061, 41.77053], [-87.8005, 41.7679], [-87.78929, 41.76817], [-87.78936, 41.7701], [-87.79516, 41.77036], [-87.74956, 41.77109]], [[-87.79765, 41.77118], [-87.7985, 41.77059], [-87.798, 41.77125], [-87.79765, 41.77118]]]}}, {"type": "Feature", "properties": {"tif_name": "Berwyn - Harlem Avenue", "municipality": "Berwyn", "county": "Cook", "year_created": 2011, "year_expiry": null, "ordinance": null, "active": true, "source": "Cook County Clerk", "source_url": "https://gis.cookcountyil.gov/traditional/rest/services/tifSrvc/MapServer/3"}, "geometry": {"type": "Polygon", "coordinates": [[[-87.77881, 41.85157], [-87.80371, 41.85123], [-87.80319, 41.83667], [-87.80243, 41.83669], [-87.80294, 41.84122], [-87.80167, 41.84192], [-87.80278, 41.84311], [-87.80057, 41.84316], [-87.79832, 41.84458], [-87.79849, 41.85], [-87.79088, 41.85012], [-87.79022, 41.84951], [-87.77875, 41.85019], [-87.77881, 41.85157]], [[-87.78786, 41.8512], [-87.78776, 41.8512], [-87.78775, 41.85086], [-87.78786, 41.8512]], [[-87.7995, 41.85058], [-87.7997, 41.85092], [-87.79951, 41.85092], [-87.7995, 41.85058]], [[-87.79993, 41.85057], [-87.80022, 41.85091], [-87.79994, 41.85092], [-87.79993, 41.85057]], [[-87.80348, 41.85005], [-87.80278, 41.85024], [-87.80347, 41.84975], [-87.80348, 41.85005]], [[-87.80144, 41.85009], [-87.80086, 41.8501], [-87.80086, 41.84966], [-87.80144, 41.85009]]]}}, {"type": "Feature", "properties": {"tif_name": "Blue Island - 6", "municipality": "Blue Island", "county": "Cook", "year_created": 2011, "year_expiry": null, "ordinance": null, "active": true, "source": "Cook County Clerk", "source_url": "https://gis.cookcountyil.gov/traditional/rest/services/tifSrvc/MapServer/3"}, "geometry": {"type": "Polygon", "coordinates": [[[-87.6796, 41.66366], [-87.67957, 41.66283], [-87.67828, 41.66281], [-87.67765, 41.6637], [-87.6796, 41.66366]]]}}, {"type": "Feature", "properties": {"tif_name": "Brookfield - Congress Park", "municipality": "Brookfield", "county": "Cook", "year_created": 2011, "year_expiry": null, "ordinance": null, "active": true, "source": "Cook County Clerk", "source_url": "https://gis.cookcountyil.gov/traditional/rest/services/tifSrvc/MapServer/3"}, "geometry": {"type": "Polygon", "coordinates": [[[-87.85763, 41.81768], [-87.85622, 41.81909], [-87.85831, 41.81857], [-87.85763, 41.81768]]]}}, {"type": "Feature", "properties": {"tif_name": "Elgin - Bluff City Quarry", "municipality": "Elgin", "county": "Cook", "year_created": 2011, "year_expiry": null, "ordinance": null, "active": true, "source": "Cook County Clerk", "source_url": "https://gis.cookcountyil.gov/traditional/rest/services/tifSrvc/MapServer/3"}, "geometry": {"type": "Polygon", "coordinates": [[[-88.25975, 42.02091], [-88.25976, 42.02189], [-88.26062, 42.02188], [-88.2606, 42.02054], [-88.26327, 42.0205], [-88.26326, 42.01915], [-88.24681, 42.01932], [-88.247, 42.00627], [-88.24418, 42.00627], [-88.24427, 42.00427], [-88.24721, 42.00428], [-88.24725, 42.00309], [-88.2425, 42.00298], [-88.24245, 42.00685], [-88.23926, 42.00561], [-88.23948, 42.00645], [-88.23485, 42.00565], [-88.23337, 42.01254], [-88.23698, 42.01316], [-88.23642, 42.0175], [-88.23754, 42.01731], [-88.23736, 42.01836], [-88.24258, 42.01957], [-88.24256, 42.01855], [-88.24435, 42.01922], [-88.24422, 42.02018], [-88.24697, 42.02129], [-88.24988, 42.02068], [-88.25975, 42.02091]], [[-88.24557, 42.0159], [-88.24553, 42.01848], [-88.24168, 42.01835], [-88.24186, 42.01694], [-88.23918, 42.01603], [-88.23931, 42.01422], [-88.2456, 42.01428], [-88.24557, 42.0159]], [[-88.24389, 42.01085], [-88.23972, 42.0107], [-88.24004, 42.00907], [-88.24392, 42.00921], [-88.24389, 42.01085]], [[-88.24427, 42.00922], [-88.24675, 42.00963], [-88.24672, 42.0112], [-88.2441, 42.01117], [-88.24427, 42.00922]]]}}, {"type": "Feature", "properties": {"tif_name": "Franklin Park - Milwaukee Area 2-1", "municipality": "Franklin Park", "county": "Cook", "year_created": 2011, "year_expiry": null, "ordinance": null, "active": true, "source": "Cook County Clerk", "source_url": "https://gis.cookcountyil.gov/traditional/rest/services/tifSrvc/MapServer/3"}, "geometry": {"type": "Polygon", "coordinates": [[[-87.89058, 41.94632], [-87.89213, 41.94764], [-87.89589, 41.94716], [-87.88627, 41.94302], [-87.88658, 41.94423], [-87.88531, 41.94428], [-87.88541, 41.94662], [-87.89058, 41.94632]], [[-87.88828, 41.94633], [-87.88708, 41.94636], [-87.88697, 41.94493], [-87.88822, 41.9449], [-87.88828, 41.94633]]]}}, {"type": "Feature", "properties": {"tif_name": "Franklin Park - DHL Seymour", "municipality": "Franklin Park", "county": "Cook", "year_created": 2011, "year_expiry": null, "ordinance": null, "active": true, "source": "Cook County Clerk", "source_url": "https://gis.cookcountyil.gov/traditional/rest/services/tifSrvc/MapServer/3"}, "geometry": {"type": "Polygon", "coordinates": [[[-87.89559, 41.94755], [-87.89213, 41.94764], [-87.89228, 41.95081], [-87.89052, 41.95084], [-87.89058, 41.95195], [-87.89289, 41.9519], [-87.89288, 41.9508], [-87.89701, 41.95074], [-87.89687, 41.94751], [-87.89559, 41.94755]]]}}, {"type": "Feature", "properties": {"tif_name": "Franklin Park - Centrella / Seymour", "municipality": "Franklin Park", "county": "Cook", "year_created": 2011, "year_expiry": null, "ordinance": null, "active": true, "source": "Cook County Clerk", "source_url": "https://gis.cookcountyil.gov/traditional/rest/services/tifSrvc/MapServer/3"}, "geometry": {"type": "Polygon", "coordinates": [[[-87.89006, 41.94812], [-87.88998, 41.94646], [-87.88852, 41.94654], [-87.8886, 41.94837], [-87.89006, 41.94812]]]}}, {"type": "Feature", "properties": {"tif_name": "Glenwood - Industrial North", "municipality": "Glenwood", "county": "Cook", "year_created": 2011, "year_expiry": null, "ordinance": null, "active": true, "source": "Cook County Clerk", "source_url": "https://gis.cookcountyil.gov/traditional/rest/services/tifSrvc/MapServer/3"}, "geometry": {"type": "Polygon", "coordinates": [[[-87.62928, 41.53881], [-87.6235, 41.53885], [-87.62389, 41.54248], [-87.62632, 41.54248], [-87.62679, 41.54137], [-87.62804, 41.54167], [-87.62928, 41.53881]]]}}, {"type": "Feature", "properties": {"tif_name": "Glenwood - Industrial Park", "municipality": "Glenwood", "county": "Cook", "year_created": 1991, "year_expiry": null, "ordinance": null, "active": true, "source": "Cook County Clerk", "source_url": "https://gis.cookcountyil.gov/traditional/rest/services/tifSrvc/MapServer/3"}, "geometry": {"type": "MultiPolygon", "coordinates": [[[[-87.62389, 41.54248], [-87.62404, 41.54366], [-87.62733, 41.54364], [-87.62769, 41.54247], [-87.63227, 41.54243], [-87.63223, 41.53877], [-87.63487, 41.53877], [-87.63487, 41.53795], [-87.62991, 41.53796], [-87.63109, 41.53519], [-87.62312, 41.53522], [-87.6235, 41.53885], [-87.62928, 41.53881], [-87.62804, 41.54167], [-87.62679, 41.54137], [-87.62632, 41.54248], [-87.62389, 41.54248]], [[-87.63183, 41.5397], [-87.63123, 41.53891], [-87.63182, 41.5389], [-87.63183, 41.5397]]], [[[-87.62389, 41.54248], [-87.6235, 41.53885], [-87.62379, 41.54158], [-87.62389, 41.54248]]]]}}, {"type": "Feature", "properties": {"tif_name": "Glenwood - Town Center", "municipality": "Glenwood", "county": "Cook", "year_created": 2011, "year_expiry": null, "ordinance": null, "active": true, "source": "Cook County Clerk", "source_url": "https://gis.cookcountyil.gov/traditional/rest/services/tifSrvc/MapServer/3"}, "geometry": {"type": "Polygon", "coordinates": [[[-87.60472, 41.54271], [-87.60217, 41.54276], [-87.60217, 41.54362], [-87.60405, 41.5436], [-87.60472, 41.54271]]]}}, {"type": "Feature", "properties": {"tif_name": "Hodgkins - East Ave #4", "municipality": "Hodgkins", "county": "Cook", "year_created": 2015, "year_expiry": null, "ordinance": null, "active": true, "source": "Cook County Clerk", "source_url": "https://gis.cookcountyil.gov/traditional/rest/services/tifSrvc/MapServer/3"}, "geometry": {"type": "Polygon", "coordinates": [[[-87.85768, 41.78202], [-87.85875, 41.78242], [-87.85856, 41.77742], [-87.86205, 41.77733], [-87.862, 41.77606], [-87.86309, 41.77603], [-87.86305, 41.77511], [-87.85847, 41.77522], [-87.85907, 41.7743], [-87.85843, 41.77432], [-87.85836, 41.77285], [-87.85607, 41.77289], [-87.85617, 41.77547], [-87.85536, 41.77538], [-87.85541, 41.77621], [-87.85608, 41.7762], [-87.85699, 41.77794], [-87.85605, 41.78116], [-87.85764, 41.78113], [-87.85768, 41.78202]]]}}, {"type": "Feature", "properties": {"tif_name": "Homewood - East CBD", "municipality": "Homewood", "county": "Cook", "year_created": 2011, "year_expiry": null, "ordinance": null, "active": true, "source": "Cook County Clerk", "source_url": "https://gis.cookcountyil.gov/traditional/rest/services/tifSrvc/MapServer/3"}, "geometry": {"type": "Polygon", "coordinates": [[[-87.66069, 41.56201], [-87.66363, 41.56202], [-87.66474, 41.56094], [-87.66046, 41.56036], [-87.66046, 41.5611], [-87.65838, 41.56135], [-87.6586, 41.56207], [-87.66069, 41.56201]]]}}, {"type": "Feature", "properties": {"tif_name": "Palos Heights - 127th / Harlem", "municipality": "Palos Heights", "county": "Cook", "year_created": 2011, "year_expiry": null, "ordinance": null, "active": true, "source": "Cook County Clerk", "source_url": "https://gis.cookcountyil.gov/traditional/rest/services/tifSrvc/MapServer/3"}, "geometry": {"type": "Polygon", "coordinates": [[[-87.79539, 41.6606], [-87.79628, 41.66003], [-87.79532, 41.65892], [-87.79623, 41.65872], [-87.79618, 41.65754], [-87.79433, 41.65757], [-87.79411, 41.66076], [-87.79539, 41.6606]]]}}, {"type": "Feature", "properties": {"tif_name": "Schiller Park - West Gateway 2", "municipality": "Schiller Park", "county": "Cook", "year_created": 2011, "year_expiry": null, "ordinance": null, "active": true, "source": "Cook County Clerk", "source_url": "https://gis.cookcountyil.gov/traditional/rest/services/tifSrvc/MapServer/3"}, "geometry": {"type": "Polygon", "coordinates": [[[-87.88564, 41.95755], [-87.8856, 41.95266], [-87.88158, 41.95272], [-87.88081, 41.95461], [-87.8832, 41.95459], [-87.88323, 41.9573], [-87.88564, 41.95755]], [[-87.8855, 41.95399], [-87.88446, 41.95399], [-87.88476, 41.95285], [-87.88549, 41.95283], [-87.8855, 41.95399]]]}}, {"type": "Feature", "properties": {"tif_name": "Summit - 59th St", "municipality": "Summit", "county": "Cook", "year_created": 2011, "year_expiry": null, "ordinance": null, "active": true, "source": "Cook County Clerk", "source_url": "https://gis.cookcountyil.gov/traditional/rest/services/tifSrvc/MapServer/3"}, "geometry": {"type": "Polygon", "coordinates": [[[-87.82061, 41.78417], [-87.82073, 41.78228], [-87.82234, 41.7822], [-87.82204, 41.78091], [-87.8156, 41.77699], [-87.81467, 41.7771], [-87.81554, 41.77747], [-87.8157, 41.78247], [-87.81196, 41.78354], [-87.81583, 41.78283], [-87.81585, 41.78364], [-87.82059, 41.78352], [-87.82061, 41.78417]]]}}, {"type": "Feature", "properties": {"tif_name": "East Dundee", "municipality": "East Dundee", "county": "Cook", "year_created": 2012, "year_expiry": null, "ordinance": null, "active": true, "source": "Cook County Clerk", "source_url": "https://gis.cookcountyil.gov/traditional/rest/services/tifSrvc/MapServer/3"}, "geometry": {"type": "Polygon", "coordinates": [[[-88.23343, 42.08913], [-88.23029, 42.09275], [-88.23756, 42.09286], [-88.2376, 42.08515], [-88.23558, 42.08433], [-88.23343, 42.08913]]]}}, {"type": "Feature", "properties": {"tif_name": "Oak Forest - 4", "municipality": "Oak Forest", "county": "Cook", "year_created": 2012, "year_expiry": null, "ordinance": null, "active": true, "source": "Cook County Clerk", "source_url": "https://gis.cookcountyil.gov/traditional/rest/services/tifSrvc/MapServer/3"}, "geometry": {"type": "Polygon", "coordinates": [[[-87.76096, 41.60446], [-87.76434, 41.60432], [-87.76492, 41.60274], [-87.7609, 41.60282], [-87.76096, 41.60446]]]}}, {"type": "Feature", "properties": {"tif_name": "Evanston - Dempster / Dodge", "municipality": "Evanston", "county": "Cook", "year_created": 2012, "year_expiry": null, "ordinance": null, "active": true, "source": "Cook County Clerk", "source_url": "https://gis.cookcountyil.gov/traditional/rest/services/tifSrvc/MapServer/3"}, "geometry": {"type": "Polygon", "coordinates": [[[-87.70103, 42.04101], [-87.70299, 42.03753], [-87.70236, 42.03844], [-87.69907, 42.03813], [-87.69901, 42.04102], [-87.70103, 42.04101]]]}}, {"type": "Feature", "properties": {"tif_name": "Palatine - Rand / Lake Cook", "municipality": "Palatine", "county": "Cook", "year_created": 2012, "year_expiry": null, "ordinance": null, "active": true, "source": "Cook County Clerk", "source_url": "https://gis.cookcountyil.gov/traditional/rest/services/tifSrvc/MapServer/3"}, "geometry": {"type": "Polygon", "coordinates": [[[-88.04475, 42.15318], [-88.03865, 42.1524], [-88.03869, 42.14565], [-88.0335, 42.14563], [-88.03174, 42.14641], [-88.03284, 42.14732], [-88.03383, 42.14689], [-88.0338, 42.14913], [-88.03527, 42.1492], [-88.03573, 42.15012], [-88.03336, 42.15095], [-88.03332, 42.15376], [-88.04694, 42.15367], [-88.04475, 42.15318]]]}}, {"type": "Feature", "properties": {"tif_name": "Hoffman Estates - Higgins / Hassell", "municipality": "Hoffman Estates", "county": "Cook", "year_created": 2012, "year_expiry": null, "ordinance": null, "active": true, "source": "Cook County Clerk", "source_url": "https://gis.cookcountyil.gov/traditional/rest/services/tifSrvc/MapServer/3"}, "geometry": {"type": "Polygon", "coordinates": [[[-88.13482, 42.05939], [-88.13687, 42.06022], [-88.13705, 42.06172], [-88.13879, 42.0616], [-88.139, 42.05771], [-88.13516, 42.05632], [-88.13474, 42.05705], [-88.13571, 42.05739], [-88.13475, 42.05811], [-88.13482, 42.05939]]]}}, {"type": "Feature", "properties": {"tif_name": "Rosemont - Higgins/River Rd 6", "municipality": "Rosemont", "county": "Cook", "year_created": 2013, "year_expiry": null, "ordinance": null, "active": true, "source": "Cook County Clerk", "source_url": "https://gis.cookcountyil.gov/traditional/rest/services/tifSrvc/MapServer/3"}, "geometry": {"type": "Polygon", "coordinates": [[[-87.86279, 41.99563], [-87.86504, 41.99571], [-87.86609, 41.99198], [-87.85784, 41.9904], [-87.85951, 41.99187], [-87.86021, 41.99164], [-87.86076, 41.99297], [-87.8629, 41.99294], [-87.86299, 41.99225], [-87.86456, 41.99278], [-87.8649, 41.9941], [-87.86132, 41.99419], [-87.86279, 41.99563]]]}}, {"type": "Feature", "properties": {"tif_name": "McCook - Riverside Ave", "municipality": "McCook", "county": "Cook", "year_created": 2013, "year_expiry": null, "ordinance": null, "active": true, "source": "Cook County Clerk", "source_url": "https://gis.cookcountyil.gov/traditional/rest/services/tifSrvc/MapServer/3"}, "geometry": {"type": "Polygon", "coordinates": [[[-87.82536, 41.80592], [-87.83206, 41.8058], [-87.83284, 41.80283], [-87.83033, 41.80288], [-87.83031, 41.80219], [-87.82704, 41.80269], [-87.82589, 41.80187], [-87.82526, 41.80217], [-87.82536, 41.80592]]]}}, {"type": "Feature", "properties": {"tif_name": "Oak Forest - Business Park East", "municipality": "Oak Forest", "county": "Cook", "year_created": 2013, "year_expiry": null, "ordinance": null, "active": true, "source": "Cook County Clerk", "source_url": "https://gis.cookcountyil.gov/traditional/rest/services/tifSrvc/MapServer/3"}, "geometry": {"type": "Polygon", "coordinates": [[[-87.71874, 41.59352], [-87.72361, 41.59022], [-87.72466, 41.58806], [-87.7236, 41.58621], [-87.71864, 41.5862], [-87.7187, 41.59098], [-87.71725, 41.59098], [-87.71726, 41.59201], [-87.71871, 41.592], [-87.71874, 41.59352]]]}}, {"type": "Feature", "properties": {"tif_name": "Phoenix - 151st St/Wallace St", "municipality": "Phoenix", "county": "Cook", "year_created": 2013, "year_expiry": null, "ordinance": null, "active": true, "source": "Cook County Clerk", "source_url": "https://gis.cookcountyil.gov/traditional/rest/services/tifSrvc/MapServer/3"}, "geometry": {"type": "Polygon", "coordinates": [[[-87.63173, 41.61554], [-87.63174, 41.61721], [-87.63283, 41.6172], [-87.63282, 41.6161], [-87.6337, 41.6161], [-87.63369, 41.61554], [-87.63173, 41.61554]]]}}, {"type": "Feature", "properties": {"tif_name": "Oak Forest - Cicero Ave", "municipality": "Oak Forest", "county": "Cook", "year_created": 2013, "year_expiry": null, "ordinance": null, "active": true, "source": "Cook County Clerk", "source_url": "https://gis.cookcountyil.gov/traditional/rest/services/tifSrvc/MapServer/3"}, "geometry": {"type": "Polygon", "coordinates": [[[-87.73567, 41.61478], [-87.7358, 41.61792], [-87.73786, 41.61789], [-87.73811, 41.61399], [-87.73866, 41.61385], [-87.73811, 41.61386], [-87.73798, 41.61047], [-87.73676, 41.61049], [-87.73661, 41.60625], [-87.73468, 41.60877], [-87.73547, 41.60889], [-87.73567, 41.61478]]]}}, {"type": "Feature", "properties": {"tif_name": "Hanover Park - 5", "municipality": "Hanover Park", "county": "Cook", "year_created": 2013, "year_expiry": null, "ordinance": null, "active": true, "source": "Cook County Clerk", "source_url": "https://gis.cookcountyil.gov/traditional/rest/services/tifSrvc/MapServer/3"}, "geometry": {"type": "Polygon", "coordinates": [[[-88.12901, 42.00344], [-88.12531, 42.0036], [-88.12531, 42.00483], [-88.13143, 42.00535], [-88.13143, 42.00325], [-88.12901, 42.0026], [-88.12901, 42.00344]]]}}, {"type": "Feature", "properties": {"tif_name": "Evanston - Chicago/Main", "municipality": "Evanston", "county": "Cook", "year_created": 2013, "year_expiry": null, "ordinance": null, "active": true, "source": "Cook County Clerk", "source_url": "https://gis.cookcountyil.gov/traditional/rest/services/tifSrvc/MapServer/3"}, "geometry": {"type": "Polygon", "coordinates": [[[-87.68075, 42.03287], [-87.68017, 42.03286], [-87.67838, 42.02668], [-87.67963, 42.03214], [-87.67831, 42.03299], [-87.67851, 42.03403], [-87.67984, 42.03404], [-87.68008, 42.03686], [-87.68072, 42.03687], [-87.68208, 42.0412], [-87.68104, 42.03665], [-87.68158, 42.03666], [-87.68149, 42.03433], [-87.68274, 42.0339], [-87.68075, 42.03287]]]}}, {"type": "Feature", "properties": {"tif_name": "Richton Park - Town Center", "municipality": "Richton Park", "county": "Cook", "year_created": 2013, "year_expiry": null, "ordinance": null, "active": true, "source": "Cook County Clerk", "source_url": "https://gis.cookcountyil.gov/traditional/rest/services/tifSrvc/MapServer/3"}, "geometry": {"type": "Polygon", "coordinates": [[[-87.70558, 41.49157], [-87.70806, 41.48773], [-87.70679, 41.49115], [-87.71566, 41.4912], [-87.71558, 41.48442], [-87.72673, 41.48445], [-87.72677, 41.48282], [-87.72348, 41.4828], [-87.72346, 41.48101], [-87.72274, 41.48101], [-87.72274, 41.47704], [-87.72258, 41.48351], [-87.72017, 41.48349], [-87.72013, 41.47792], [-87.71525, 41.47791], [-87.71525, 41.47698], [-87.71377, 41.47697], [-87.70995, 41.48423], [-87.70788, 41.48423], [-87.70788, 41.48343], [-87.70321, 41.48372], [-87.70321, 41.48448], [-87.70616, 41.48448], [-87.70807, 41.48569], [-87.70558, 41.49157]], [[-87.71312, 41.48898], [-87.71457, 41.48926], [-87.71312, 41.48926], [-87.71312, 41.48898]]]}}, {"type": "Feature", "properties": {"tif_name": "Harvey - Dixie Hwy Corridor", "municipality": "Harvey", "county": "Cook", "year_created": 2013, "year_expiry": null, "ordinance": null, "active": true, "source": "Cook County Clerk", "source_url": "https://gis.cookcountyil.gov/traditional/rest/services/tifSrvc/MapServer/3"}, "geometry": {"type": "Polygon", "coordinates": [[[-87.675, 41.62281], [-87.67336, 41.61546], [-87.67556, 41.61589], [-87.67551, 41.61019], [-87.67289, 41.61019], [-87.67288, 41.60841], [-87.67551, 41.6084], [-87.67544, 41.60767], [-87.6732, 41.60767], [-87.6732, 41.60618], [-87.66994, 41.60619], [-87.66763, 41.5991], [-87.66558, 41.59903], [-87.66545, 41.60128], [-87.66753, 41.60129], [-87.67237, 41.61537], [-87.67284, 41.61854], [-87.67164, 41.61854], [-87.67166, 41.62093], [-87.67238, 41.62152], [-87.67033, 41.62276], [-87.675, 41.62281]]]}}, {"type": "Feature", "properties": {"tif_name": "Lemont - Gateway", "municipality": "Lemont", "county": "Cook", "year_created": 2009, "year_expiry": null, "ordinance": null, "active": true, "source": "Cook County Clerk", "source_url": "https://gis.cookcountyil.gov/traditional/rest/services/tifSrvc/MapServer/3"}, "geometry": {"type": "Polygon", "coordinates": [[[-87.9362, 41.69077], [-87.93365, 41.69079], [-87.93509, 41.69224], [-87.93566, 41.69445], [-87.93732, 41.69443], [-87.93726, 41.69076], [-87.93781, 41.69075], [-87.93787, 41.69442], [-87.93847, 41.69441], [-87.93881, 41.68882], [-87.93722, 41.68827], [-87.93698, 41.68305], [-87.93243, 41.68526], [-87.93268, 41.68708], [-87.93383, 41.68706], [-87.93386, 41.68814], [-87.93616, 41.68824], [-87.9362, 41.69077]]]}}, {"type": "Feature", "properties": {"tif_name": "Harvey - Arco/147th St", "municipality": "Harvey", "county": "Cook", "year_created": 2013, "year_expiry": null, "ordinance": null, "active": true, "source": "Cook County Clerk", "source_url": "https://gis.cookcountyil.gov/traditional/rest/services/tifSrvc/MapServer/3"}, "geometry": {"type": "Polygon", "coordinates": [[[-87.63379, 41.62578], [-87.6345, 41.62605], [-87.63609, 41.62309], [-87.65883, 41.62264], [-87.66086, 41.62373], [-87.66086, 41.62215], [-87.65421, 41.62072], [-87.65422, 41.62216], [-87.64478, 41.62214], [-87.64477, 41.62091], [-87.64285, 41.62091], [-87.64286, 41.62213], [-87.63744, 41.62254], [-87.63661, 41.62214], [-87.63831, 41.61894], [-87.63164, 41.61902], [-87.63163, 41.62504], [-87.63237, 41.62342], [-87.63331, 41.62342], [-87.63229, 41.6253], [-87.63379, 41.62578]]]}}, {"type": "Feature", "properties": {"tif_name": "Midlothian - 147th/Cicero-2013", "municipality": "Midlothian", "county": "Cook", "year_created": 2013, "year_expiry": null, "ordinance": null, "active": true, "source": "Cook County Clerk", "source_url": "https://gis.cookcountyil.gov/traditional/rest/services/tifSrvc/MapServer/3"}, "geometry": {"type": "Polygon", "coordinates": [[[-87.73933, 41.62977], [-87.73928, 41.62327], [-87.7381, 41.62329], [-87.73703, 41.62376], [-87.73729, 41.62981], [-87.73933, 41.62977]]]}}, {"type": "Feature", "properties": {"tif_name": "Berkeley - McDermott/St Charles 2", "municipality": "Berkeley", "county": "Cook", "year_created": 2015, "year_expiry": null, "ordinance": null, "active": true, "source": "Cook County Clerk", "source_url": "https://gis.cookcountyil.gov/traditional/rest/services/tifSrvc/MapServer/3"}, "geometry": {"type": "Polygon", "coordinates": [[[-87.91153, 41.89431], [-87.91317, 41.89454], [-87.91317, 41.89268], [-87.90484, 41.89265], [-87.90484, 41.88987], [-87.91305, 41.89007], [-87.91389, 41.88902], [-87.90985, 41.88857], [-87.90985, 41.88934], [-87.90802, 41.88929], [-87.90802, 41.88852], [-87.90494, 41.88844], [-87.90494, 41.88921], [-87.8985, 41.88903], [-87.89845, 41.89261], [-87.91153, 41.89431]]]}}, {"type": "Feature", "properties": {"tif_name": "Elmwood Park - North/Harlem", "municipality": "Elmwood Park", "county": "Cook", "year_created": 2015, "year_expiry": null, "ordinance": null, "active": true, "source": "Cook County Clerk", "source_url": "https://gis.cookcountyil.gov/traditional/rest/services/tifSrvc/MapServer/3"}, "geometry": {"type": "Polygon", "coordinates": [[[-87.80767, 41.91059], [-87.8075, 41.90885], [-87.80577, 41.90888], [-87.80584, 41.9108], [-87.80767, 41.91059]]]}}, {"type": "Feature", "properties": {"tif_name": "Matteson - Commons", "municipality": "Matteson", "county": "Cook", "year_created": 1995, "year_expiry": null, "ordinance": null, "active": true, "source": "Cook County Clerk", "source_url": "https://gis.cookcountyil.gov/traditional/rest/services/tifSrvc/MapServer/3"}, "geometry": {"type": "Polygon", "coordinates": [[[-87.7385, 41.52529], [-87.7375, 41.52401], [-87.73944, 41.52478], [-87.73965, 41.52385], [-87.73703, 41.52363], [-87.73668, 41.52489], [-87.73665, 41.52371], [-87.73577, 41.52373], [-87.73591, 41.52512], [-87.7385, 41.52529]]]}}, {"type": "Feature", "properties": {"tif_name": "Matteson - 7 North Cicero", "municipality": "Matteson", "county": "Cook", "year_created": 2015, "year_expiry": null, "ordinance": null, "active": true, "source": "Cook County Clerk", "source_url": "https://gis.cookcountyil.gov/traditional/rest/services/tifSrvc/MapServer/3"}, "geometry": {"type": "Polygon", "coordinates": [[[-87.73257, 41.52801], [-87.74208, 41.52798], [-87.74208, 41.51706], [-87.7376, 41.5172], [-87.73756, 41.51505], [-87.73501, 41.51463], [-87.73551, 41.51357], [-87.73408, 41.51358], [-87.7341, 41.51515], [-87.73275, 41.51515], [-87.73276, 41.51615], [-87.7341, 41.51614], [-87.7341, 41.517], [-87.7325, 41.51732], [-87.73257, 41.52801]], [[-87.7374, 41.5253], [-87.73591, 41.52512], [-87.73577, 41.52373], [-87.73665, 41.52371], [-87.73668, 41.52489], [-87.73703, 41.52363], [-87.73965, 41.52385], [-87.73944, 41.52478], [-87.7375, 41.52401], [-87.7385, 41.52529], [-87.7374, 41.5253]], [[-87.74, 41.52155], [-87.73971, 41.52131], [-87.74022, 41.52152], [-87.74, 41.52155]], [[-87.74021, 41.5214], [-87.73992, 41.52116], [-87.74043, 41.52137], [-87.74021, 41.5214]], [[-87.74042, 41.52126], [-87.74013, 41.52102], [-87.74064, 41.52123], [-87.74042, 41.52126]], [[-87.74078, 41.52145], [-87.74093, 41.52152], [-87.74053, 41.52176], [-87.74078, 41.52145]], [[-87.74078, 41.5218], [-87.74114, 41.52162], [-87.74089, 41.52193], [-87.74078, 41.5218]], [[-87.73973, 41.52181], [-87.73927, 41.52164], [-87.73941, 41.52155], [-87.73973, 41.52181]], [[-87.74074, 41.52194], [-87.74067, 41.52204], [-87.74034, 41.52191], [-87.74074, 41.52194]]]}}, {"type": "Feature", "properties": {"tif_name": "Bridgeview - Golf Dome", "municipality": "Bridgeview", "county": "Cook", "year_created": 2015, "year_expiry": null, "ordinance": null, "active": true, "source": "Cook County Clerk", "source_url": "https://gis.cookcountyil.gov/traditional/rest/services/tifSrvc/MapServer/3"}, "geometry": {"type": "Polygon", "coordinates": [[[-87.80861, 41.7245], [-87.80869, 41.7283], [-87.81054, 41.72825], [-87.80861, 41.7245]]]}}, {"type": "Feature", "properties": {"tif_name": "Western Springs - Downtown South", "municipality": "Western Springs", "county": "Cook", "year_created": 2015, "year_expiry": null, "ordinance": null, "active": true, "source": "Cook County Clerk", "source_url": "https://gis.cookcountyil.gov/traditional/rest/services/tifSrvc/MapServer/3"}, "geometry": {"type": "Polygon", "coordinates": [[[-87.9043, 41.80789], [-87.89872, 41.80815], [-87.89875, 41.80885], [-87.89755, 41.80887], [-87.89758, 41.80977], [-87.9043, 41.80789]]]}}, {"type": "Feature", "properties": {"tif_name": "Niles - 6 Gross Point Touhy", "municipality": "Niles", "county": "Cook", "year_created": 2015, "year_expiry": null, "ordinance": null, "active": true, "source": "Cook County Clerk", "source_url": "https://gis.cookcountyil.gov/traditional/rest/services/tifSrvc/MapServer/3"}, "geometry": {"type": "Polygon", "coordinates": [[[-87.77508, 42.01547], [-87.77709, 42.01935], [-87.78046, 42.01933], [-87.7805, 42.01723], [-87.78746, 42.01398], [-87.78792, 42.01567], [-87.79056, 42.0149], [-87.79115, 42.01557], [-87.79371, 42.01448], [-87.79641, 42.0151], [-87.79881, 42.01446], [-87.79766, 42.01401], [-87.79779, 42.01246], [-87.79187, 42.01189], [-87.78959, 42.01275], [-87.78891, 42.01197], [-87.77928, 42.01198], [-87.77904, 42.01545], [-87.77698, 42.01539], [-87.77706, 42.01198], [-87.77326, 42.01197], [-87.77508, 42.01547]], [[-87.78891, 42.01384], [-87.78941, 42.01305], [-87.78986, 42.01362], [-87.78891, 42.01384]]]}}, {"type": "Feature", "properties": {"tif_name": "Rolling Meadows - Golf Rd Conserv", "municipality": "Rolling Meadows", "county": "Cook", "year_created": 2015, "year_expiry": null, "ordinance": null, "active": true, "source": "Cook County Clerk", "source_url": "https://gis.cookcountyil.gov/traditional/rest/services/tifSrvc/MapServer/3"}, "geometry": {"type": "Polygon", "coordinates": [[[-88.01448, 42.05125], [-88.01447, 42.05399], [-88.0191, 42.05545], [-88.01974, 42.05507], [-88.01949, 42.05125], [-88.01935, 42.05263], [-88.0171, 42.05265], [-88.0167, 42.05123], [-88.01671, 42.05265], [-88.01461, 42.05267], [-88.01448, 42.05125]]]}}, {"type": "Feature", "properties": {"tif_name": "Tinley Park - Mental Health Center", "municipality": "Tinley Park", "county": "Cook", "year_created": 2015, "year_expiry": null, "ordinance": null, "active": true, "source": "Cook County Clerk", "source_url": "https://gis.cookcountyil.gov/traditional/rest/services/tifSrvc/MapServer/3"}, "geometry": {"type": "Polygon", "coordinates": [[[-87.79103, 41.57208], [-87.78698, 41.57385], [-87.79044, 41.57329], [-87.79281, 41.57183], [-87.79305, 41.57326], [-87.79494, 41.57327], [-87.79492, 41.57179], [-87.80052, 41.57171], [-87.80057, 41.57321], [-87.80596, 41.57312], [-87.8039, 41.5712], [-87.80363, 41.56946], [-87.8044, 41.56911], [-87.80308, 41.56745], [-87.80736, 41.56573], [-87.80933, 41.56569], [-87.81082, 41.5666], [-87.8108, 41.56565], [-87.81265, 41.5656], [-87.81245, 41.55829], [-87.79249, 41.55855], [-87.79275, 41.56577], [-87.78838, 41.56582], [-87.7884, 41.56657], [-87.79078, 41.56655], [-87.78976, 41.56712], [-87.78721, 41.56686], [-87.7872, 41.56584], [-87.78684, 41.56659], [-87.78421, 41.56663], [-87.7863, 41.56687], [-87.78543, 41.56715], [-87.78632, 41.56741], [-87.78636, 41.56893], [-87.78749, 41.56891], [-87.78747, 41.56811], [-87.79284, 41.56834], [-87.79253, 41.571], [-87.79103, 41.57208]], [[-87.79281, 41.56735], [-87.79108, 41.56737], [-87.79107, 41.56709], [-87.79281, 41.56735]]]}}, {"type": "Feature", "properties": {"tif_name": "Crestwood - Route 83", "municipality": "Crestwood", "county": "Cook", "year_created": 2014, "year_expiry": null, "ordinance": null, "active": true, "source": "Cook County Clerk", "source_url": "https://gis.cookcountyil.gov/traditional/rest/services/tifSrvc/MapServer/3"}, "geometry": {"type": "Polygon", "coordinates": [[[-87.73855, 41.65496], [-87.73857, 41.65559], [-87.7484, 41.66085], [-87.75217, 41.66088], [-87.74831, 41.65872], [-87.74828, 41.65793], [-87.74695, 41.65796], [-87.73849, 41.65293], [-87.73851, 41.65407], [-87.73668, 41.65333], [-87.73698, 41.6526], [-87.72836, 41.64775], [-87.72851, 41.65199], [-87.73855, 41.65496]]]}}, {"type": "Feature", "properties": {"tif_name": "South Holland - Gateway East", "municipality": "South Holland", "county": "Cook", "year_created": 2007, "year_expiry": null, "ordinance": null, "active": true, "source": "Cook County Clerk", "source_url": "https://gis.cookcountyil.gov/traditional/rest/services/tifSrvc/MapServer/3"}, "geometry": {"type": "Polygon", "coordinates": [[[-87.5828, 41.60628], [-87.58382, 41.60369], [-87.58615, 41.60172], [-87.58825, 41.60189], [-87.5885, 41.60099], [-87.59262, 41.60154], [-87.59266, 41.60069], [-87.59683, 41.60018], [-87.59094, 41.59995], [-87.59043, 41.6007], [-87.59042, 41.59995], [-87.58821, 41.59998], [-87.58824, 41.60087], [-87.58314, 41.60091], [-87.58315, 41.59883], [-87.58036, 41.59883], [-87.58035, 41.59699], [-87.57835, 41.59859], [-87.57835, 41.59461], [-87.57739, 41.59461], [-87.57784, 41.60082], [-87.58281, 41.60091], [-87.5828, 41.60628]]]}}, {"type": "Feature", "properties": {"tif_name": "South Holland - IZD Zone A", "municipality": "South Holland", "county": "Cook", "year_created": 2015, "year_expiry": null, "ordinance": null, "active": true, "source": "Cook County Clerk", "source_url": "https://gis.cookcountyil.gov/traditional/rest/services/tifSrvc/MapServer/3"}, "geometry": {"type": "Polygon", "coordinates": [[[-87.58164, 41.60626], [-87.5828, 41.60634], [-87.58281, 41.60091], [-87.57835, 41.60095], [-87.57834, 41.60339], [-87.58164, 41.60626]]]}}, {"type": "Feature", "properties": {"tif_name": "Richton Park - Sauk West Corridor", "municipality": "Richton Park", "county": "Cook", "year_created": 2015, "year_expiry": null, "ordinance": null, "active": true, "source": "Cook County Clerk", "source_url": "https://gis.cookcountyil.gov/traditional/rest/services/tifSrvc/MapServer/3"}, "geometry": {"type": "Polygon", "coordinates": [[[-87.74231, 41.48359], [-87.74176, 41.48272], [-87.73252, 41.48342], [-87.73251, 41.47805], [-87.73056, 41.47806], [-87.73054, 41.4824], [-87.73201, 41.4824], [-87.73204, 41.48443], [-87.74254, 41.48448], [-87.74231, 41.48359]]]}}, {"type": "Feature", "properties": {"tif_name": "Franklin Park - Seymour/Waveland", "municipality": "Franklin Park", "county": "Cook", "year_created": 2015, "year_expiry": null, "ordinance": null, "active": true, "source": "Cook County Clerk", "source_url": "https://gis.cookcountyil.gov/traditional/rest/services/tifSrvc/MapServer/3"}, "geometry": {"type": "Polygon", "coordinates": [[[-87.88848, 41.95055], [-87.89228, 41.95081], [-87.8921, 41.94697], [-87.88998, 41.94646], [-87.89002, 41.94835], [-87.8886, 41.94837], [-87.8883, 41.9466], [-87.88848, 41.95055]]]}}, {"type": "Feature", "properties": {"tif_name": "South Holland - I-94 South", "municipality": "South Holland", "county": "Cook", "year_created": 2015, "year_expiry": null, "ordinance": null, "active": true, "source": "Cook County Clerk", "source_url": "https://gis.cookcountyil.gov/traditional/rest/services/tifSrvc/MapServer/3"}, "geometry": {"type": "Polygon", "coordinates": [[[-87.58314, 41.60091], [-87.58824, 41.60087], [-87.58821, 41.59998], [-87.58607, 41.59848], [-87.58418, 41.59818], [-87.58412, 41.58648], [-87.57829, 41.58656], [-87.5783, 41.58741], [-87.58046, 41.58777], [-87.57852, 41.58981], [-87.5794, 41.59198], [-87.57834, 41.59329], [-87.57835, 41.59859], [-87.58035, 41.59699], [-87.58306, 41.59732], [-87.58314, 41.60091]]]}}, {"type": "Feature", "properties": {"tif_name": "Homewood - Northeast", "municipality": "Homewood", "county": "Cook", "year_created": 2015, "year_expiry": null, "ordinance": null, "active": true, "source": "Cook County Clerk", "source_url": "https://gis.cookcountyil.gov/traditional/rest/services/tifSrvc/MapServer/3"}, "geometry": {"type": "Polygon", "coordinates": [[[-87.63635, 41.57254], [-87.63637, 41.57389], [-87.63868, 41.5739], [-87.63871, 41.57229], [-87.6514, 41.57183], [-87.65139, 41.57089], [-87.64129, 41.57076], [-87.6413, 41.57177], [-87.64111, 41.57084], [-87.63827, 41.57083], [-87.6383, 41.57178], [-87.63525, 41.57107], [-87.63528, 41.57199], [-87.63635, 41.57254]]]}}, {"type": "Feature", "properties": {"tif_name": "Bridgeview - Bridgeview Court", "municipality": "Bridgeview", "county": "Cook", "year_created": 2015, "year_expiry": null, "ordinance": null, "active": true, "source": "Cook County Clerk", "source_url": "https://gis.cookcountyil.gov/traditional/rest/services/tifSrvc/MapServer/3"}, "geometry": {"type": "Polygon", "coordinates": [[[-87.79981, 41.75532], [-87.7997, 41.75243], [-87.79895, 41.75244], [-87.79859, 41.75039], [-87.79706, 41.74894], [-87.79501, 41.74897], [-87.79504, 41.75368], [-87.79749, 41.75363], [-87.79754, 41.75537], [-87.79981, 41.75532]]]}}, {"type": "Feature", "properties": {"tif_name": "Roselle - North Roselle Rd Corridor", "municipality": "Roselle", "county": "Cook", "year_created": 2015, "year_expiry": null, "ordinance": null, "active": true, "source": "Cook County Clerk", "source_url": "https://gis.cookcountyil.gov/traditional/rest/services/tifSrvc/MapServer/3"}, "geometry": {"type": "Polygon", "coordinates": [[[-88.08044, 41.99083], [-88.07914, 41.99087], [-88.07875, 41.99655], [-88.07777, 41.99659], [-88.07776, 41.99768], [-88.07873, 41.99765], [-88.07897, 41.99987], [-88.08031, 41.99988], [-88.08044, 41.99717], [-88.07874, 41.997], [-88.08046, 41.99692], [-88.08076, 41.9953], [-88.08274, 41.99616], [-88.08325, 41.99373], [-88.08287, 41.99233], [-88.08049, 41.99243], [-88.08044, 41.99083]]]}}, {"type": "Feature", "properties": {"tif_name": "South Chicago Heights - 4", "municipality": "South Chicago Heights", "county": "Cook", "year_created": 2015, "year_expiry": null, "ordinance": null, "active": true, "source": "Cook County Clerk", "source_url": "https://gis.cookcountyil.gov/traditional/rest/services/tifSrvc/MapServer/3"}, "geometry": {"type": "Polygon", "coordinates": [[[-87.64255, 41.48202], [-87.6451, 41.48107], [-87.64509, 41.47957], [-87.64036, 41.48016], [-87.64036, 41.47696], [-87.63604, 41.47698], [-87.63666, 41.48088], [-87.63754, 41.48027], [-87.63832, 41.48032], [-87.63845, 41.48146], [-87.64255, 41.48094], [-87.64255, 41.48202]], [[-87.63868, 41.48029], [-87.63941, 41.48064], [-87.63869, 41.4807], [-87.63868, 41.48029]]]}}, {"type": "Feature", "properties": {"tif_name": "Ford Heights - Cottage Grove/Rte 20", "municipality": "Ford Heights", "county": "Cook", "year_created": 2015, "year_expiry": null, "ordinance": null, "active": true, "source": "Cook County Clerk", "source_url": "https://gis.cookcountyil.gov/traditional/rest/services/tifSrvc/MapServer/3"}, "geometry": {"type": "Polygon", "coordinates": [[[-87.59276, 41.50827], [-87.59683, 41.50829], [-87.59582, 41.50504], [-87.58739, 41.5043], [-87.5874, 41.50547], [-87.58285, 41.50527], [-87.58248, 41.50635], [-87.57784, 41.50635], [-87.57784, 41.50737], [-87.58248, 41.50747], [-87.58718, 41.50724], [-87.58714, 41.50619], [-87.59222, 41.5062], [-87.59223, 41.50827], [-87.59276, 41.50827]]]}}, {"type": "Feature", "properties": {"tif_name": "Alsip-NW Corner Cicero/I-294", "municipality": "Alsip", "county": "Cook", "year_created": 2015, "year_expiry": null, "ordinance": null, "active": true, "source": "Cook County Clerk", "source_url": "https://gis.cookcountyil.gov/traditional/rest/services/tifSrvc/MapServer/3"}, "geometry": {"type": "Polygon", "coordinates": [[[-87.73907, 41.66636], [-87.74367, 41.66579], [-87.73951, 41.66539], [-87.73907, 41.66636]]]}}, {"type": "Feature", "properties": {"tif_name": "Schaumburg - North Schaumburg", "municipality": "Schaumburg", "county": "Cook", "year_created": 2014, "year_expiry": null, "ordinance": null, "active": true, "source": "Cook County Clerk", "source_url": "https://gis.cookcountyil.gov/traditional/rest/services/tifSrvc/MapServer/3"}, "geometry": {"type": "Polygon", "coordinates": [[[-88.0618, 42.07528], [-88.06274, 42.07555], [-88.06322, 42.0746], [-88.06467, 42.07499], [-88.06483, 42.06772], [-88.06331, 42.0677], [-88.06331, 42.06459], [-88.06482, 42.06453], [-88.06486, 42.06234], [-88.06681, 42.06257], [-88.06677, 42.06642], [-88.07135, 42.06644], [-88.0739, 42.06854], [-88.07808, 42.06869], [-88.0798, 42.06592], [-88.07995, 42.06326], [-88.06778, 42.06177], [-88.06718, 42.0592], [-88.06867, 42.05926], [-88.06821, 42.05713], [-88.05975, 42.05748], [-88.05925, 42.06059], [-88.03406, 42.05775], [-88.03504, 42.05792], [-88.0351, 42.06124], [-88.03262, 42.06127], [-88.03259, 42.06395], [-88.04026, 42.06719], [-88.04417, 42.06686], [-88.04421, 42.06835], [-88.04172, 42.06745], [-88.04, 42.06789], [-88.04106, 42.06842], [-88.04106, 42.06953], [-88.04441, 42.06949], [-88.04374, 42.06981], [-88.04372, 42.07161], [-88.04696, 42.07202], [-88.04695, 42.07269], [-88.0512, 42.0727], [-88.0512, 42.07087], [-88.05342, 42.07159], [-88.05334, 42.07349], [-88.06148, 42.07587], [-88.0618, 42.07528]], [[-88.07765, 42.0669], [-88.07462, 42.06691], [-88.07459, 42.06364], [-88.07522, 42.06413], [-88.07527, 42.06661], [-88.07765, 42.0669]]]}}, {"type": "Feature", "properties": {"tif_name": "Melrose Park - Ruby Street", "municipality": "Melrose Park", "county": "Cook", "year_created": 2015, "year_expiry": null, "ordinance": null, "active": true, "source": "Cook County Clerk", "source_url": "https://gis.cookcountyil.gov/traditional/rest/services/tifSrvc/MapServer/3"}, "geometry": {"type": "Polygon", "coordinates": [[[-87.8647, 41.9152], [-87.8766, 41.91486], [-87.87642, 41.91077], [-87.87356, 41.91091], [-87.87351, 41.90975], [-87.87357, 41.91118], [-87.87266, 41.9112], [-87.8725, 41.90769], [-87.86836, 41.90777], [-87.86601, 41.91025], [-87.86471, 41.91037], [-87.8647, 41.9152]]]}}, {"type": "Feature", "properties": {"tif_name": "Bedford Park - Archer Ave", "municipality": "Bedford Park", "county": "Cook", "year_created": 2015, "year_expiry": null, "ordinance": null, "active": true, "source": "Cook County Clerk", "source_url": "https://gis.cookcountyil.gov/traditional/rest/services/tifSrvc/MapServer/3"}, "geometry": {"type": "Polygon", "coordinates": [[[-87.83354, 41.77094], [-87.83518, 41.76915], [-87.82273, 41.7694], [-87.8227, 41.7688], [-87.82398, 41.76592], [-87.83337, 41.76572], [-87.83323, 41.76221], [-87.82532, 41.76241], [-87.82165, 41.76607], [-87.82311, 41.76633], [-87.82104, 41.7687], [-87.82029, 41.76796], [-87.81845, 41.76908], [-87.82107, 41.77012], [-87.83149, 41.76991], [-87.83354, 41.77094]]]}}, {"type": "Feature", "properties": {"tif_name": "Hodgkins - East Avenue", "municipality": "Hodgkins", "county": "Cook", "year_created": 2011, "year_expiry": null, "ordinance": null, "active": true, "source": "Cook County Clerk", "source_url": "https://gis.cookcountyil.gov/traditional/rest/services/tifSrvc/MapServer/3"}, "geometry": {"type": "Polygon", "coordinates": [[[-87.85768, 41.78202], [-87.8561, 41.78205], [-87.85664, 41.78384], [-87.85877, 41.78288], [-87.85768, 41.78202]]]}}, {"type": "Feature", "properties": {"tif_name": "Forest Park - Roosevelt Rd Corridor", "municipality": "Forest Park", "county": "Cook", "year_created": 2015, "year_expiry": null, "ordinance": null, "active": true, "source": "Cook County Clerk", "source_url": "https://gis.cookcountyil.gov/traditional/rest/services/tifSrvc/MapServer/3"}, "geometry": {"type": "Polygon", "coordinates": [[[-87.81871, 41.86588], [-87.82097, 41.86624], [-87.82171, 41.86557], [-87.82017, 41.8656], [-87.82014, 41.86481], [-87.82185, 41.86477], [-87.82187, 41.86542], [-87.8227, 41.86467], [-87.81104, 41.86475], [-87.811, 41.86307], [-87.81381, 41.86139], [-87.81368, 41.85753], [-87.80696, 41.85767], [-87.80771, 41.86449], [-87.8042, 41.86447], [-87.80423, 41.86552], [-87.81868, 41.86522], [-87.81871, 41.86588]], [[-87.8089, 41.86016], [-87.80847, 41.85955], [-87.80888, 41.85954], [-87.8089, 41.86016]], [[-87.80887, 41.85936], [-87.80846, 41.85937], [-87.80845, 41.85902], [-87.80887, 41.85936]]]}}, {"type": "Feature", "properties": {"tif_name": "Bridgeview - Harlem Ave 2", "municipality": "Bridgeview", "county": "Cook", "year_created": 2015, "year_expiry": null, "ordinance": null, "active": true, "source": "Cook County Clerk", "source_url": "https://gis.cookcountyil.gov/traditional/rest/services/tifSrvc/MapServer/3"}, "geometry": {"type": "Polygon", "coordinates": [[[-87.80956, 41.76319], [-87.80051, 41.76343], [-87.80053, 41.76393], [-87.80142, 41.76583], [-87.80514, 41.76906], [-87.80677, 41.76924], [-87.80958, 41.76758], [-87.80956, 41.76319]]]}}, {"type": "Feature", "properties": {"tif_name": "Lansing - Torrence Ave Corridor", "municipality": "Lansing", "county": "Cook", "year_created": 2014, "year_expiry": null, "ordinance": null, "active": true, "source": "Cook County Clerk", "source_url": "https://gis.cookcountyil.gov/traditional/rest/services/tifSrvc/MapServer/3"}, "geometry": {"type": "Polygon", "coordinates": [[[-87.57076, 41.57926], [-87.57272, 41.57926], [-87.57293, 41.57817], [-87.56865, 41.5782], [-87.56859, 41.57482], [-87.56561, 41.57481], [-87.56561, 41.57724], [-87.56464, 41.57729], [-87.56465, 41.57472], [-87.56006, 41.5747], [-87.55986, 41.57343], [-87.56356, 41.57345], [-87.56356, 41.57207], [-87.55953, 41.57206], [-87.55961, 41.56487], [-87.56268, 41.56486], [-87.55454, 41.56136], [-87.55455, 41.56312], [-87.55862, 41.56385], [-87.55511, 41.56419], [-87.55512, 41.56483], [-87.55864, 41.56494], [-87.55865, 41.56572], [-87.55793, 41.56572], [-87.55794, 41.56786], [-87.55902, 41.57469], [-87.56353, 41.57525], [-87.56209, 41.57733], [-87.56368, 41.57594], [-87.56368, 41.57725], [-87.55881, 41.57751], [-87.55951, 41.58113], [-87.55884, 41.58302], [-87.56141, 41.57922], [-87.57076, 41.57926]]]}}, {"type": "Feature", "properties": {"tif_name": "Olympia Fields - Lincoln Hwy / Western Ave #2", "municipality": "Olympia Fields", "county": "Cook", "year_created": 2014, "year_expiry": null, "ordinance": null, "active": true, "source": "Cook County Clerk", "source_url": "https://gis.cookcountyil.gov/traditional/rest/services/tifSrvc/MapServer/3"}, "geometry": {"type": "Polygon", "coordinates": [[[-87.67935, 41.50634], [-87.67687, 41.50603], [-87.67904, 41.50563], [-87.67903, 41.50414], [-87.67452, 41.50415], [-87.67455, 41.50904], [-87.67877, 41.50855], [-87.67935, 41.50634]]]}}, {"type": "Feature", "properties": {"tif_name": "Olympia Fields - Lincoln Hwy / Western Ave", "municipality": "Olympia Fields", "county": "Cook", "year_created": 2010, "year_expiry": null, "ordinance": null, "active": true, "source": "Cook County Clerk", "source_url": "https://gis.cookcountyil.gov/traditional/rest/services/tifSrvc/MapServer/3"}, "geometry": {"type": "Polygon", "coordinates": [[[-87.67936, 41.50775], [-87.68059, 41.50746], [-87.6806, 41.50634], [-87.67935, 41.50634], [-87.67936, 41.50775]]]}}, {"type": "Feature", "properties": {"tif_name": "Rosemont - Higgins / Mannheim #7", "municipality": "Rosemont", "county": "Cook", "year_created": 2014, "year_expiry": null, "ordinance": null, "active": true, "source": "Cook County Clerk", "source_url": "https://gis.cookcountyil.gov/traditional/rest/services/tifSrvc/MapServer/3"}, "geometry": {"type": "Polygon", "coordinates": [[[-87.89052, 42.00858], [-87.89279, 42.00851], [-87.89183, 42.00579], [-87.89419, 42.00571], [-87.89421, 42.00442], [-87.88976, 42.00376], [-87.8894, 42.00052], [-87.89087, 41.99949], [-87.88436, 41.99817], [-87.88476, 42.00611], [-87.8862, 42.00607], [-87.8862, 42.00446], [-87.88941, 42.00441], [-87.88928, 42.00628], [-87.89052, 42.00624], [-87.89052, 42.00858]]]}}, {"type": "Feature", "properties": {"tif_name": "Des Plaines - Higgins / Pratt", "municipality": "Des Plaines", "county": "Cook", "year_created": 2014, "year_expiry": null, "ordinance": null, "active": true, "source": "Cook County Clerk", "source_url": "https://gis.cookcountyil.gov/traditional/rest/services/tifSrvc/MapServer/3"}, "geometry": {"type": "Polygon", "coordinates": [[[-87.88319, 42.00255], [-87.88434, 42.00233], [-87.88433, 41.99894], [-87.88145, 41.99767], [-87.88319, 42.00255]]]}}, {"type": "Feature", "properties": {"tif_name": "Des Plaines - Mannheim/Higgins", "municipality": "Des Plaines", "county": "Cook", "year_created": 2001, "year_expiry": null, "ordinance": null, "active": true, "source": "Cook County Clerk", "source_url": "https://gis.cookcountyil.gov/traditional/rest/services/tifSrvc/MapServer/3"}, "geometry": {"type": "Polygon", "coordinates": [[[-87.88294, 42.00255], [-87.88451, 42.00699], [-87.88453, 42.00255], [-87.88294, 42.00255]]]}}, {"type": "Feature", "properties": {"tif_name": "Lincolnwood - Devon / Lincoln", "municipality": "Lincolnwood", "county": "Cook", "year_created": 2014, "year_expiry": null, "ordinance": null, "active": true, "source": "Cook County Clerk", "source_url": "https://gis.cookcountyil.gov/traditional/rest/services/tifSrvc/MapServer/3"}, "geometry": {"type": "Polygon", "coordinates": [[[-87.72185, 42.00444], [-87.72363, 42.00131], [-87.72416, 42.00172], [-87.72676, 41.99821], [-87.72764, 41.9982], [-87.72759, 41.99725], [-87.72259, 41.99727], [-87.72258, 41.99794], [-87.72191, 41.99728], [-87.71148, 41.99737], [-87.71852, 41.99786], [-87.72256, 41.99986], [-87.72217, 42.00045], [-87.7235, 42.0009], [-87.72185, 42.00444]]]}}, {"type": "Feature", "properties": {"tif_name": "Wheeling - Southeast II", "municipality": "Wheeling", "county": "Cook", "year_created": 2014, "year_expiry": null, "ordinance": null, "active": true, "source": "Cook County Clerk", "source_url": "https://gis.cookcountyil.gov/traditional/rest/services/tifSrvc/MapServer/3"}, "geometry": {"type": "MultiPolygon", "coordinates": [[[[-87.89954, 42.12797], [-87.90755, 42.12809], [-87.9076, 42.12417], [-87.91125, 42.1242], [-87.91126, 42.12237], [-87.91246, 42.12237], [-87.91247, 42.12005], [-87.91394, 42.12004], [-87.91396, 42.11697], [-87.91248, 42.11696], [-87.91247, 42.11875], [-87.9089, 42.11875], [-87.90852, 42.11785], [-87.90762, 42.11784], [-87.90765, 42.11457], [-87.89385, 42.11499], [-87.89625, 42.12275], [-87.89818, 42.12603], [-87.89785, 42.12522], [-87.89892, 42.12523], [-87.89894, 42.12422], [-87.90016, 42.12423], [-87.90013, 42.12525], [-87.90174, 42.12527], [-87.90175, 42.12425], [-87.90255, 42.12426], [-87.90255, 42.12769], [-87.89849, 42.12653], [-87.89954, 42.12797]]], [[[-87.8986, 42.12643], [-87.90022, 42.12606], [-87.89835, 42.12603], [-87.8986, 42.12643]]]]}}, {"type": "Feature", "properties": {"tif_name": "Wheeling - Town Center II", "municipality": "Wheeling", "county": "Cook", "year_created": 2014, "year_expiry": null, "ordinance": null, "active": true, "source": "Cook County Clerk", "source_url": "https://gis.cookcountyil.gov/traditional/rest/services/tifSrvc/MapServer/3"}, "geometry": {"type": "Polygon", "coordinates": [[[-87.91551, 42.13948], [-87.91175, 42.14013], [-87.91782, 42.13966], [-87.92042, 42.14088], [-87.92043, 42.13961], [-87.9257, 42.13951], [-87.92568, 42.14082], [-87.93638, 42.14249], [-87.93648, 42.14017], [-87.9381, 42.14014], [-87.93812, 42.13917], [-87.93925, 42.13906], [-87.93174, 42.13866], [-87.93177, 42.13714], [-87.927, 42.13254], [-87.927, 42.13339], [-87.91381, 42.13363], [-87.91554, 42.13588], [-87.91551, 42.13948]]]}}, {"type": "Feature", "properties": {"tif_name": "Arlington Heights-Hickory/Kensington", "municipality": "Arlington Heights", "county": "Cook", "year_created": 2014, "year_expiry": null, "ordinance": null, "active": true, "source": "Cook County Clerk", "source_url": "https://gis.cookcountyil.gov/traditional/rest/services/tifSrvc/MapServer/3"}, "geometry": {"type": "Polygon", "coordinates": [[[-87.9738, 42.08298], [-87.97427, 42.08471], [-87.97575, 42.08471], [-87.97578, 42.08082], [-87.97361, 42.07983], [-87.97359, 42.08085], [-87.96988, 42.08082], [-87.96987, 42.08283], [-87.9738, 42.08298]]]}}, {"type": "Feature", "properties": {"tif_name": "Elk Grove Village - Busse / Elmhurst", "municipality": "Elk Grove Village", "county": "Cook", "year_created": 2014, "year_expiry": null, "ordinance": null, "active": true, "source": "Cook County Clerk", "source_url": "https://gis.cookcountyil.gov/traditional/rest/services/tifSrvc/MapServer/3"}, "geometry": {"type": "MultiPolygon", "coordinates": [[[[-87.96015, 42.02481], [-87.96132, 42.02567], [-87.9613, 42.02472], [-87.96413, 42.02539], [-87.96411, 42.02237], [-87.97013, 42.02197], [-87.97003, 42.01518], [-87.96931, 42.01496], [-87.96929, 42.01307], [-87.96121, 42.01259], [-87.96207, 42.00789], [-87.967, 42.00782], [-87.96711, 42.00591], [-87.96836, 42.00588], [-87.96831, 42.00486], [-87.96144, 42.00477], [-87.96052, 42.00308], [-87.96363, 42.00276], [-87.9636, 42.00191], [-87.95973, 42.00144], [-87.9597, 42.0002], [-87.9644, 42.00014], [-87.96439, 41.99907], [-87.96206, 41.99891], [-87.96109, 41.99722], [-87.95971, 41.99683], [-87.96121, 41.99682], [-87.96118, 41.99571], [-87.96587, 41.99566], [-87.96587, 41.9951], [-87.96394, 41.99511], [-87.96388, 41.99312], [-87.95535, 41.99325], [-87.95629, 41.99453], [-87.95612, 41.9958], [-87.95502, 41.99581], [-87.95503, 41.99691], [-87.95916, 41.99685], [-87.95917, 41.99759], [-87.95619, 41.99817], [-87.95643, 42.00016], [-87.9543, 42.00019], [-87.95434, 42.00205], [-87.95771, 42.00217], [-87.95772, 42.00302], [-87.95843, 42.00301], [-87.9585, 42.0061], [-87.9541, 42.00617], [-87.95412, 42.00692], [-87.95594, 42.00695], [-87.94318, 42.00719], [-87.94194, 42.00655], [-87.94179, 42.00442], [-87.94971, 42.00427], [-87.94956, 42.00324], [-87.94248, 42.00328], [-87.9417, 42.00076], [-87.94256, 42.00323], [-87.94956, 42.00319], [-87.94952, 42.00141], [-87.95214, 42.00139], [-87.95212, 42.00023], [-87.94951, 42.0002], [-87.9498, 41.99829], [-87.94172, 41.99843], [-87.9422, 41.99726], [-87.94011, 41.99717], [-87.94489, 41.99708], [-87.94169, 41.99652], [-87.94173, 41.99522], [-87.94314, 41.99469], [-87.94302, 41.99347], [-87.93995, 41.99352], [-87.94009, 42.0008], [-87.93707, 42.00085], [-87.93642, 42.00206], [-87.93525, 42.00208], [-87.93533, 42.00589], [-87.93861, 42.00686], [-87.93858, 42.00508], [-87.9404, 42.00533], [-87.94042, 42.0064], [-87.94119, 42.00639], [-87.94156, 42.0074], [-87.9403, 42.00831], [-87.94037, 42.01319], [-87.94372, 42.01315], [-87.94244, 42.01236], [-87.94327, 42.01138], [-87.94595, 42.01163], [-87.94591, 42.01007], [-87.94768, 42.00964], [-87.95917, 42.01161], [-87.95945, 42.02013], [-87.95599, 42.02025], [-87.95859, 42.02245], [-87.9573, 42.02268], [-87.96015, 42.02481]]], [[[-87.94, 41.99715], [-87.93999, 41.99652], [-87.94, 41.99715], [-87.94, 41.99715]]], [[[-87.94, 41.99717], [-87.94, 41.99715], [-87.94, 41.99717], [-87.94, 41.99717]]]]}}, {"type": "Feature", "properties": {"tif_name": "Bellwood - Addison Creek 'D' 2014", "municipality": "Bellwood", "county": "Cook", "year_created": 2014, "year_expiry": null, "ordinance": null, "active": true, "source": "Cook County Clerk", "source_url": "https://gis.cookcountyil.gov/traditional/rest/services/tifSrvc/MapServer/3"}, "geometry": {"type": "Polygon", "coordinates": [[[-87.86151, 41.87589], [-87.86323, 41.87585], [-87.86314, 41.87335], [-87.86188, 41.87254], [-87.86184, 41.87164], [-87.86085, 41.87165], [-87.86091, 41.87308], [-87.86192, 41.8736], [-87.86151, 41.87589]]]}}, {"type": "Feature", "properties": {"tif_name": "Bellwood - North 2014", "municipality": "Bellwood", "county": "Cook", "year_created": 2014, "year_expiry": null, "ordinance": null, "active": true, "source": "Cook County Clerk", "source_url": "https://gis.cookcountyil.gov/traditional/rest/services/tifSrvc/MapServer/3"}, "geometry": {"type": "Polygon", "coordinates": [[[-87.86401, 41.89305], [-87.88354, 41.89305], [-87.88463, 41.89248], [-87.8846, 41.8913], [-87.88361, 41.8911], [-87.88451, 41.88785], [-87.88287, 41.88792], [-87.88307, 41.89104], [-87.8793, 41.89121], [-87.8737, 41.89104], [-87.87352, 41.88923], [-87.87122, 41.88928], [-87.87068, 41.88724], [-87.86982, 41.8893], [-87.86376, 41.88948], [-87.86369, 41.8882], [-87.86458, 41.88748], [-87.86315, 41.88766], [-87.86331, 41.88949], [-87.8598, 41.89056], [-87.86394, 41.89102], [-87.86401, 41.89305]]]}}, {"type": "Feature", "properties": {"tif_name": "Bellwood - South 2014", "municipality": "Bellwood", "county": "Cook", "year_created": 2014, "year_expiry": null, "ordinance": null, "active": true, "source": "Cook County Clerk", "source_url": "https://gis.cookcountyil.gov/traditional/rest/services/tifSrvc/MapServer/3"}, "geometry": {"type": "Polygon", "coordinates": [[[-87.86732, 41.87829], [-87.86838, 41.87817], [-87.868, 41.87208], [-87.86861, 41.87186], [-87.86563, 41.87113], [-87.86444, 41.87238], [-87.86307, 41.87241], [-87.86292, 41.87161], [-87.86208, 41.87155], [-87.86314, 41.87335], [-87.86269, 41.87468], [-87.8633, 41.87466], [-87.86336, 41.87605], [-87.86131, 41.87636], [-87.8613, 41.87763], [-87.86732, 41.87829]]]}}, {"type": "Feature", "properties": {"tif_name": "Bellwood - Addison Creek 'A' 2014", "municipality": "Bellwood", "county": "Cook", "year_created": 2014, "year_expiry": null, "ordinance": null, "active": true, "source": "Cook County Clerk", "source_url": "https://gis.cookcountyil.gov/traditional/rest/services/tifSrvc/MapServer/3"}, "geometry": {"type": "Polygon", "coordinates": [[[-87.8748, 41.87818], [-87.87682, 41.87847], [-87.87691, 41.87794], [-87.87582, 41.87671], [-87.87574, 41.87483], [-87.87506, 41.87485], [-87.87488, 41.87269], [-87.87861, 41.87301], [-87.87784, 41.87261], [-87.87777, 41.87104], [-87.87893, 41.87101], [-87.87908, 41.87402], [-87.88146, 41.87435], [-87.88031, 41.87163], [-87.88172, 41.8716], [-87.88169, 41.87077], [-87.86823, 41.87108], [-87.8685, 41.87817], [-87.8748, 41.87818]]]}}, {"type": "Feature", "properties": {"tif_name": "Bellwood - Addison Creek 'B' 2014", "municipality": "Bellwood", "county": "Cook", "year_created": 2014, "year_expiry": null, "ordinance": null, "active": true, "source": "Cook County Clerk", "source_url": "https://gis.cookcountyil.gov/traditional/rest/services/tifSrvc/MapServer/3"}, "geometry": {"type": "Polygon", "coordinates": [[[-87.87381, 41.89091], [-87.87749, 41.89103], [-87.87785, 41.8866], [-87.87613, 41.88653], [-87.8761, 41.88565], [-87.87829, 41.88451], [-87.87825, 41.8832], [-87.87655, 41.88355], [-87.87603, 41.88201], [-87.8776, 41.87977], [-87.87446, 41.87951], [-87.8735, 41.88068], [-87.87361, 41.88451], [-87.87608, 41.88481], [-87.87537, 41.88547], [-87.87542, 41.88727], [-87.87306, 41.88744], [-87.87271, 41.88813], [-87.8726, 41.88647], [-87.87068, 41.88724], [-87.87122, 41.88917], [-87.87376, 41.88911], [-87.87381, 41.89091]]]}}, {"type": "Feature", "properties": {"tif_name": "Bellwood - Addison Creek 'C' 2014", "municipality": "Bellwood", "county": "Cook", "year_created": 2014, "year_expiry": null, "ordinance": null, "active": true, "source": "Cook County Clerk", "source_url": "https://gis.cookcountyil.gov/traditional/rest/services/tifSrvc/MapServer/3"}, "geometry": {"type": "Polygon", "coordinates": [[[-87.86562, 41.88927], [-87.86747, 41.88923], [-87.86743, 41.88834], [-87.86862, 41.88866], [-87.86848, 41.88571], [-87.86499, 41.88578], [-87.86504, 41.88667], [-87.86365, 41.88668], [-87.86315, 41.88557], [-87.86358, 41.8847], [-87.865, 41.8847], [-87.86499, 41.88213], [-87.86304, 41.88259], [-87.86292, 41.87946], [-87.86064, 41.87915], [-87.86103, 41.88046], [-87.85947, 41.88204], [-87.85955, 41.88414], [-87.86067, 41.88433], [-87.86074, 41.88531], [-87.86307, 41.88503], [-87.8632, 41.88682], [-87.86546, 41.887], [-87.86562, 41.88927]], [[-87.86226, 41.88197], [-87.8618, 41.88165], [-87.86224, 41.88164], [-87.86226, 41.88197]]]}}, {"type": "Feature", "properties": {"tif_name": "Bellwood - Central Metro 2014", "municipality": "Bellwood", "county": "Cook", "year_created": 2014, "year_expiry": null, "ordinance": null, "active": true, "source": "Cook County Clerk", "source_url": "https://gis.cookcountyil.gov/traditional/rest/services/tifSrvc/MapServer/3"}, "geometry": {"type": "Polygon", "coordinates": [[[-87.86872, 41.88731], [-87.87121, 41.88699], [-87.87117, 41.88547], [-87.87586, 41.88546], [-87.87499, 41.88475], [-87.87339, 41.88516], [-87.87325, 41.88058], [-87.87447, 41.87986], [-87.87331, 41.8787], [-87.87486, 41.87883], [-87.8748, 41.87818], [-87.85933, 41.87859], [-87.8594, 41.88022], [-87.86047, 41.87882], [-87.86291, 41.87928], [-87.86304, 41.88259], [-87.86838, 41.88206], [-87.86842, 41.88478], [-87.86382, 41.8848], [-87.86317, 41.88608], [-87.86499, 41.8865], [-87.86498, 41.8856], [-87.86843, 41.88553], [-87.86872, 41.88731]]]}}, {"type": "Feature", "properties": {"tif_name": "Chicago Ridge - 103rd / Harlem", "municipality": "Chicago Ridge", "county": "Cook", "year_created": 2014, "year_expiry": null, "ordinance": null, "active": true, "source": "Cook County Clerk", "source_url": "https://gis.cookcountyil.gov/traditional/rest/services/tifSrvc/MapServer/3"}, "geometry": {"type": "Polygon", "coordinates": [[[-87.79803, 41.70466], [-87.79777, 41.7], [-87.79676, 41.69896], [-87.79592, 41.69937], [-87.79597, 41.70074], [-87.79127, 41.70312], [-87.79124, 41.70222], [-87.7902, 41.70386], [-87.79822, 41.71041], [-87.79803, 41.70466]]]}}, {"type": "Feature", "properties": {"tif_name": "Hillside - Roosevelt Road", "municipality": "Hillside", "county": "Cook", "year_created": 2014, "year_expiry": null, "ordinance": null, "active": true, "source": "Cook County Clerk", "source_url": "https://gis.cookcountyil.gov/traditional/rest/services/tifSrvc/MapServer/3"}, "geometry": {"type": "Polygon", "coordinates": [[[-87.88254, 41.86406], [-87.8826, 41.86526], [-87.88756, 41.8667], [-87.8875, 41.86535], [-87.89052, 41.86509], [-87.89048, 41.86426], [-87.89153, 41.86372], [-87.89232, 41.8637], [-87.89229, 41.86549], [-87.89638, 41.86547], [-87.89695, 41.86487], [-87.89648, 41.86546], [-87.90218, 41.86532], [-87.90203, 41.86189], [-87.90136, 41.86191], [-87.90149, 41.86273], [-87.89614, 41.86288], [-87.89609, 41.86347], [-87.89852, 41.86355], [-87.89848, 41.86472], [-87.89548, 41.8648], [-87.89545, 41.86393], [-87.89408, 41.86397], [-87.89404, 41.86294], [-87.89473, 41.86292], [-87.89437, 41.86174], [-87.89205, 41.86181], [-87.89147, 41.86301], [-87.8825, 41.86312], [-87.88254, 41.86406]]]}}, {"type": "Feature", "properties": {"tif_name": "Phoenix - Northern Phoenix", "municipality": "Phoenix", "county": "Cook", "year_created": 2014, "year_expiry": null, "ordinance": null, "active": true, "source": "Cook County Clerk", "source_url": "https://gis.cookcountyil.gov/traditional/rest/services/tifSrvc/MapServer/3"}, "geometry": {"type": "Polygon", "coordinates": [[[-87.63164, 41.61902], [-87.63649, 41.61901], [-87.63646, 41.61539], [-87.63162, 41.61539], [-87.63164, 41.61902]], [[-87.6337, 41.6161], [-87.63282, 41.6161], [-87.63283, 41.6172], [-87.63174, 41.61721], [-87.63173, 41.61554], [-87.63369, 41.61554], [-87.6337, 41.6161]]]}}, {"type": "Feature", "properties": {"tif_name": "Oak Lawn - 111th / Cicero", "municipality": "Oak Lawn", "county": "Cook", "year_created": 2006, "year_expiry": null, "ordinance": null, "active": true, "source": "Cook County Clerk", "source_url": "https://gis.cookcountyil.gov/traditional/rest/services/tifSrvc/MapServer/3"}, "geometry": {"type": "Polygon", "coordinates": [[[-87.74612, 41.6908], [-87.74545, 41.69174], [-87.7478, 41.6917], [-87.74777, 41.69077], [-87.74612, 41.6908]]]}}, {"type": "Feature", "properties": {"tif_name": "Bridgeview - 78th Ave", "municipality": "Bridgeview", "county": "Cook", "year_created": 2016, "year_expiry": null, "ordinance": null, "active": true, "source": "Cook County Clerk", "source_url": "https://gis.cookcountyil.gov/traditional/rest/services/tifSrvc/MapServer/3"}, "geometry": {"type": "Polygon", "coordinates": [[[-87.80991, 41.75661], [-87.81452, 41.75669], [-87.81443, 41.75461], [-87.80982, 41.75416], [-87.80979, 41.75357], [-87.81126, 41.75447], [-87.81179, 41.7526], [-87.80976, 41.75265], [-87.80933, 41.7479], [-87.8099, 41.7625], [-87.80991, 41.75661]]]}}, {"type": "Feature", "properties": {"tif_name": "South Holland - Gateway West", "municipality": "South Holland", "county": "Cook", "year_created": 2016, "year_expiry": null, "ordinance": null, "active": true, "source": "Cook County Clerk", "source_url": "https://gis.cookcountyil.gov/traditional/rest/services/tifSrvc/MapServer/3"}, "geometry": {"type": "Polygon", "coordinates": [[[-87.63319, 41.6009], [-87.63156, 41.6009], [-87.63156, 41.5973], [-87.62444, 41.59793], [-87.62433, 41.59356], [-87.62274, 41.59356], [-87.62279, 41.5981], [-87.61946, 41.59938], [-87.61699, 41.59937], [-87.61699, 41.60103], [-87.62433, 41.60105], [-87.62429, 41.60634], [-87.63178, 41.60632], [-87.6299, 41.60273], [-87.6332, 41.60229], [-87.63319, 41.6009]]]}}, {"type": "Feature", "properties": {"tif_name": "Thornton - Blackstone", "municipality": "Thornton", "county": "Cook", "year_created": 2016, "year_expiry": null, "ordinance": null, "active": true, "source": "Cook County Clerk", "source_url": "https://gis.cookcountyil.gov/traditional/rest/services/tifSrvc/MapServer/3"}, "geometry": {"type": "Polygon", "coordinates": [[[-87.60723, 41.56918], [-87.60913, 41.56968], [-87.60913, 41.56885], [-87.61223, 41.56851], [-87.61223, 41.56617], [-87.61113, 41.56715], [-87.61113, 41.56833], [-87.60935, 41.56833], [-87.60901, 41.5676], [-87.61062, 41.56608], [-87.60859, 41.56681], [-87.60723, 41.56918]]]}}, {"type": "Feature", "properties": {"tif_name": "Tinley Park - Legacy", "municipality": "Tinley Park", "county": "Cook", "year_created": 2016, "year_expiry": null, "ordinance": null, "active": true, "source": "Cook County Clerk", "source_url": "https://gis.cookcountyil.gov/traditional/rest/services/tifSrvc/MapServer/3"}, "geometry": {"type": "Polygon", "coordinates": [[[-87.76994, 41.58081], [-87.77478, 41.57967], [-87.78076, 41.57706], [-87.77985, 41.57714], [-87.77982, 41.57638], [-87.78049, 41.57637], [-87.78108, 41.57408], [-87.78159, 41.57455], [-87.78212, 41.57318], [-87.78305, 41.57317], [-87.78265, 41.57137], [-87.78082, 41.57139], [-87.7806, 41.57283], [-87.77396, 41.57308], [-87.77369, 41.57252], [-87.76977, 41.57258], [-87.76974, 41.56978], [-87.76469, 41.56987], [-87.76485, 41.57357], [-87.76968, 41.57348], [-87.76994, 41.58081]]]}}, {"type": "Feature", "properties": {"tif_name": "Justice - 5", "municipality": "Justice", "county": "Cook", "year_created": 2016, "year_expiry": null, "ordinance": null, "active": true, "source": "Cook County Clerk", "source_url": "https://gis.cookcountyil.gov/traditional/rest/services/tifSrvc/MapServer/3"}, "geometry": {"type": "Polygon", "coordinates": [[[-87.83829, 41.74406], [-87.83783, 41.74741], [-87.83628, 41.74744], [-87.83645, 41.74812], [-87.83841, 41.74809], [-87.84004, 41.74911], [-87.84343, 41.74723], [-87.84336, 41.74518], [-87.83829, 41.74406]]]}}, {"type": "Feature", "properties": {"tif_name": "Brookfield - 8 Corners", "municipality": "Brookfield", "county": "Cook", "year_created": 2016, "year_expiry": null, "ordinance": null, "active": true, "source": "Cook County Clerk", "source_url": "https://gis.cookcountyil.gov/traditional/rest/services/tifSrvc/MapServer/3"}, "geometry": {"type": "Polygon", "coordinates": [[[-87.8517, 41.82896], [-87.85335, 41.82816], [-87.85305, 41.82711], [-87.85378, 41.82653], [-87.85314, 41.82608], [-87.84965, 41.82752], [-87.8485, 41.82991], [-87.85172, 41.82948], [-87.8517, 41.82896]]]}}, {"type": "Feature", "properties": {"tif_name": "River Forest - Madison Street", "municipality": "River Forest", "county": "Cook", "year_created": 2016, "year_expiry": null, "ordinance": null, "active": true, "source": "Cook County Clerk", "source_url": "https://gis.cookcountyil.gov/traditional/rest/services/tifSrvc/MapServer/3"}, "geometry": {"type": "Polygon", "coordinates": [[[-87.82578, 41.87931], [-87.81433, 41.87937], [-87.81436, 41.88018], [-87.82, 41.87988], [-87.8208, 41.88662], [-87.82128, 41.87981], [-87.82434, 41.88017], [-87.82578, 41.87931]]]}}, {"type": "Feature", "properties": {"tif_name": "East Hazel Crest - Tollway", "municipality": "East Hazel Crest", "county": "Cook", "year_created": 2004, "year_expiry": null, "ordinance": null, "active": true, "source": "Cook County Clerk", "source_url": "https://gis.cookcountyil.gov/traditional/rest/services/tifSrvc/MapServer/3"}, "geometry": {"type": "Polygon", "coordinates": [[[-87.63911, 41.57739], [-87.64125, 41.57789], [-87.64125, 41.5756], [-87.63912, 41.57572], [-87.63911, 41.57739]]]}}, {"type": "Feature", "properties": {"tif_name": "East Hazel Crest - Halsted St", "municipality": "East Hazel Crest", "county": "Cook", "year_created": 2016, "year_expiry": null, "ordinance": null, "active": true, "source": "Cook County Clerk", "source_url": "https://gis.cookcountyil.gov/traditional/rest/services/tifSrvc/MapServer/3"}, "geometry": {"type": "Polygon", "coordinates": [[[-87.63938, 41.57448], [-87.63938, 41.57391], [-87.63649, 41.57389], [-87.63652, 41.57568], [-87.63911, 41.57739], [-87.63938, 41.57448]]]}}, {"type": "Feature", "properties": {"tif_name": "Calumet Park - 6 Train Station", "municipality": "Calumet Park", "county": "Cook", "year_created": 2016, "year_expiry": null, "ordinance": null, "active": true, "source": "Cook County Clerk", "source_url": "https://gis.cookcountyil.gov/traditional/rest/services/tifSrvc/MapServer/3"}, "geometry": {"type": "Polygon", "coordinates": [[[-87.66109, 41.66834], [-87.65854, 41.66838], [-87.65859, 41.67029], [-87.66116, 41.67025], [-87.66109, 41.66834]]]}}, {"type": "Feature", "properties": {"tif_name": "River Grove - Grand/Thatcher", "municipality": "River Grove", "county": "Cook", "year_created": 2016, "year_expiry": null, "ordinance": null, "active": true, "source": "Cook County Clerk", "source_url": "https://gis.cookcountyil.gov/traditional/rest/services/tifSrvc/MapServer/3"}, "geometry": {"type": "Polygon", "coordinates": [[[-87.83386, 41.92767], [-87.83274, 41.92826], [-87.83325, 41.92997], [-87.84067, 41.93199], [-87.84091, 41.93151], [-87.8386, 41.93088], [-87.83877, 41.93028], [-87.83722, 41.93046], [-87.83749, 41.92947], [-87.84294, 41.93032], [-87.84314, 41.92973], [-87.83987, 41.92919], [-87.83983, 41.92823], [-87.83799, 41.92826], [-87.83581, 41.92674], [-87.83459, 41.92675], [-87.83463, 41.92782], [-87.83386, 41.92767]]]}}, {"type": "Feature", "properties": {"tif_name": "Steger - Chicago Road", "municipality": "Steger", "county": "Cook", "year_created": 2016, "year_expiry": null, "ordinance": null, "active": true, "source": "Cook County Clerk", "source_url": "https://gis.cookcountyil.gov/traditional/rest/services/tifSrvc/MapServer/3"}, "geometry": {"type": "Polygon", "coordinates": [[[-87.63449, 41.47536], [-87.6349, 41.47708], [-87.63484, 41.47535], [-87.63751, 41.47534], [-87.63708, 41.4726], [-87.63844, 41.47258], [-87.63843, 41.4717], [-87.63912, 41.47169], [-87.63911, 41.46979], [-87.63791, 41.46979], [-87.63792, 41.4717], [-87.63619, 41.4717], [-87.63587, 41.46979], [-87.63231, 41.46981], [-87.63287, 41.47535], [-87.63449, 41.47536]]]}}, {"type": "Feature", "properties": {"tif_name": "Oak Forest - 7", "municipality": "Oak Forest", "county": "Cook", "year_created": 2016, "year_expiry": null, "ordinance": null, "active": true, "source": "Cook County Clerk", "source_url": "https://gis.cookcountyil.gov/traditional/rest/services/tifSrvc/MapServer/3"}, "geometry": {"type": "Polygon", "coordinates": [[[-87.74605, 41.60289], [-87.746, 41.60138], [-87.74387, 41.60141], [-87.74388, 41.6024], [-87.74146, 41.60224], [-87.7378, 41.60541], [-87.73786, 41.60726], [-87.73896, 41.60725], [-87.73889, 41.60546], [-87.74132, 41.60544], [-87.74126, 41.60396], [-87.7462, 41.60454], [-87.74605, 41.60289]]]}}, {"type": "Feature", "properties": {"tif_name": "Glenwood - State Street", "municipality": "Glenwood", "county": "Cook", "year_created": 2016, "year_expiry": null, "ordinance": null, "active": true, "source": "Cook County Clerk", "source_url": "https://gis.cookcountyil.gov/traditional/rest/services/tifSrvc/MapServer/3"}, "geometry": {"type": "Polygon", "coordinates": [[[-87.60696, 41.53828], [-87.60704, 41.5426], [-87.61063, 41.5433], [-87.61063, 41.54258], [-87.61141, 41.54257], [-87.61213, 41.53814], [-87.61555, 41.53243], [-87.6163, 41.52975], [-87.61171, 41.52976], [-87.61168, 41.528], [-87.60321, 41.52804], [-87.60322, 41.53167], [-87.60205, 41.53169], [-87.60205, 41.533], [-87.59239, 41.53223], [-87.59244, 41.53538], [-87.59383, 41.53537], [-87.59383, 41.53721], [-87.5953, 41.53763], [-87.59606, 41.53699], [-87.5961, 41.53786], [-87.5971, 41.53814], [-87.59714, 41.54274], [-87.59749, 41.54011], [-87.5994, 41.54012], [-87.59804, 41.53836], [-87.60215, 41.53958], [-87.60208, 41.5353], [-87.6069, 41.53526], [-87.60696, 41.53828]], [[-87.61174, 41.53809], [-87.61127, 41.53809], [-87.61126, 41.53746], [-87.61174, 41.53809]], [[-87.61173, 41.53664], [-87.61125, 41.53663], [-87.61125, 41.53581], [-87.61173, 41.53664]], [[-87.6119, 41.53626], [-87.61228, 41.53547], [-87.61252, 41.53594], [-87.6119, 41.53626]]]}}, {"type": "Feature", "properties": {"tif_name": "Rosemont - Balmoral/Pearl 8", "municipality": "Rosemont", "county": "Cook", "year_created": 2016, "year_expiry": null, "ordinance": null, "active": true, "source": "Cook County Clerk", "source_url": "https://gis.cookcountyil.gov/traditional/rest/services/tifSrvc/MapServer/3"}, "geometry": {"type": "Polygon", "coordinates": [[[-87.87026, 41.97949], [-87.87055, 41.98028], [-87.87216, 41.98023], [-87.87218, 41.9767], [-87.87374, 41.97666], [-87.87273, 41.97388], [-87.8697, 41.97395], [-87.87026, 41.97949]]]}}, {"type": "Feature", "properties": {"tif_name": "LaGrange Park - 31st/Barnsdale", "municipality": "LaGrange Park", "county": "Cook", "year_created": 2017, "year_expiry": null, "ordinance": null, "active": true, "source": "Cook County Clerk", "source_url": "https://gis.cookcountyil.gov/traditional/rest/services/tifSrvc/MapServer/3"}, "geometry": {"type": "Polygon", "coordinates": [[[-87.86523, 41.83546], [-87.86523, 41.84291], [-87.86428, 41.84294], [-87.86369, 41.84186], [-87.86378, 41.84405], [-87.86527, 41.84401], [-87.86534, 41.84561], [-87.86564, 41.844], [-87.86687, 41.84396], [-87.86741, 41.84184], [-87.86709, 41.83401], [-87.86025, 41.83464], [-87.86523, 41.83546]]]}}, {"type": "Feature", "properties": {"tif_name": "Mount Prospect - Prospect & Main", "municipality": "Mount Prospect", "county": "Cook", "year_created": 2017, "year_expiry": null, "ordinance": null, "active": true, "source": "Cook County Clerk", "source_url": "https://gis.cookcountyil.gov/traditional/rest/services/tifSrvc/MapServer/3"}, "geometry": {"type": "Polygon", "coordinates": [[[-87.9485, 42.06829], [-87.95103, 42.06783], [-87.95104, 42.06623], [-87.94417, 42.06618], [-87.93828, 42.06264], [-87.93467, 42.06152], [-87.93466, 42.06048], [-87.93383, 42.06046], [-87.93378, 42.05649], [-87.93298, 42.05647], [-87.93277, 42.05545], [-87.93095, 42.05542], [-87.93097, 42.05722], [-87.92854, 42.05719], [-87.92855, 42.05808], [-87.93101, 42.0592], [-87.9305, 42.06009], [-87.9213, 42.05619], [-87.92132, 42.05765], [-87.93337, 42.06216], [-87.93387, 42.0646], [-87.93526, 42.06491], [-87.9353, 42.06638], [-87.93657, 42.06639], [-87.93658, 42.06818], [-87.93749, 42.06819], [-87.93699, 42.06503], [-87.93917, 42.06471], [-87.94032, 42.06779], [-87.94232, 42.06707], [-87.94528, 42.06823], [-87.94662, 42.06823], [-87.94662, 42.06746], [-87.9485, 42.06829]], [[-87.93665, 42.06398], [-87.93552, 42.0639], [-87.93552, 42.06329], [-87.93665, 42.06398]], [[-87.94087, 42.0662], [-87.94028, 42.06568], [-87.94086, 42.06552], [-87.94087, 42.0662]], [[-87.93498, 42.06209], [-87.93467, 42.062], [-87.93467, 42.06158], [-87.93498, 42.06209]]]}}, {"type": "Feature", "properties": {"tif_name": "Elk Grove Village - Higgins Rd Corridor", "municipality": "Elk Grove Village", "county": "Cook", "year_created": 2017, "year_expiry": null, "ordinance": null, "active": true, "source": "Cook County Clerk", "source_url": "https://gis.cookcountyil.gov/traditional/rest/services/tifSrvc/MapServer/3"}, "geometry": {"type": "MultiPolygon", "coordinates": [[[[-87.96589, 42.02299], [-87.96656, 42.02696], [-87.97472, 42.02723], [-87.97472, 42.02807], [-87.9816, 42.02838], [-87.9816, 42.0277], [-87.97954, 42.02748], [-87.97867, 42.02215], [-87.97085, 42.02226], [-87.96975, 42.02294], [-87.96974, 42.02228], [-87.96488, 42.02235], [-87.96489, 42.023], [-87.96589, 42.02299]]], [[[-87.96488, 42.02235], [-87.96488, 42.02235], [-87.96488, 42.02282], [-87.96488, 42.02235]]]]}}, {"type": "Feature", "properties": {"tif_name": "Markham - Dixie Highway", "municipality": "Markham", "county": "Cook", "year_created": 1994, "year_expiry": null, "ordinance": null, "active": true, "source": "Cook County Clerk", "source_url": "https://gis.cookcountyil.gov/traditional/rest/services/tifSrvc/MapServer/3"}, "geometry": {"type": "Polygon", "coordinates": [[[-87.6752, 41.59638], [-87.67513, 41.58631], [-87.6716, 41.5863], [-87.67161, 41.58816], [-87.66921, 41.58816], [-87.6697, 41.5863], [-87.66798, 41.5863], [-87.66799, 41.58812], [-87.66677, 41.58812], [-87.66676, 41.58645], [-87.66574, 41.58645], [-87.66559, 41.59358], [-87.66624, 41.59527], [-87.66801, 41.59526], [-87.66802, 41.5964], [-87.6752, 41.59638]]]}}, {"type": "Feature", "properties": {"tif_name": "Markham - Interstate Crossings", "municipality": "Markham", "county": "Cook", "year_created": 2017, "year_expiry": null, "ordinance": null, "active": true, "source": "Cook County Clerk", "source_url": "https://gis.cookcountyil.gov/traditional/rest/services/tifSrvc/MapServer/3"}, "geometry": {"type": "Polygon", "coordinates": [[[-87.67274, 41.6031], [-87.67542, 41.60311], [-87.6754, 41.60107], [-87.68846, 41.60084], [-87.68845, 41.60018], [-87.68233, 41.5994], [-87.68163, 41.59822], [-87.68155, 41.59361], [-87.68007, 41.59361], [-87.68008, 41.59544], [-87.67519, 41.59544], [-87.6752, 41.59638], [-87.66802, 41.5964], [-87.66801, 41.59526], [-87.66612, 41.59527], [-87.6684, 41.60097], [-87.67163, 41.60097], [-87.67167, 41.60237], [-87.67274, 41.6023], [-87.67274, 41.6031]]]}}, {"type": "Feature", "properties": {"tif_name": "Lemont - Main/Archer", "municipality": "Lemont", "county": "Cook", "year_created": 2017, "year_expiry": null, "ordinance": null, "active": true, "source": "Cook County Clerk", "source_url": "https://gis.cookcountyil.gov/traditional/rest/services/tifSrvc/MapServer/3"}, "geometry": {"type": "Polygon", "coordinates": [[[-87.93365, 41.69079], [-87.9362, 41.69077], [-87.93616, 41.68824], [-87.93296, 41.68842], [-87.93294, 41.6878], [-87.93181, 41.68773], [-87.92958, 41.68824], [-87.93365, 41.69079]]]}}, {"type": "Feature", "properties": {"tif_name": "Oak Lawn - Patriot Station", "municipality": "Oak Lawn", "county": "Cook", "year_created": 2017, "year_expiry": null, "ordinance": null, "active": true, "source": "Cook County Clerk", "source_url": "https://gis.cookcountyil.gov/traditional/rest/services/tifSrvc/MapServer/3"}, "geometry": {"type": "Polygon", "coordinates": [[[-87.74104, 41.72737], [-87.74186, 41.72736], [-87.74164, 41.72509], [-87.74231, 41.72508], [-87.74193, 41.72237], [-87.74648, 41.72054], [-87.74826, 41.72058], [-87.74823, 41.71987], [-87.7504, 41.719], [-87.75189, 41.71939], [-87.75186, 41.71841], [-87.76014, 41.71488], [-87.75271, 41.71787], [-87.74916, 41.71793], [-87.74921, 41.71927], [-87.74783, 41.71982], [-87.7408, 41.71994], [-87.74104, 41.72737]]]}}, {"type": "Feature", "properties": {"tif_name": "Glenwood - South Halsted", "municipality": "Glenwood", "county": "Cook", "year_created": 2017, "year_expiry": null, "ordinance": null, "active": true, "source": "Cook County Clerk", "source_url": "https://gis.cookcountyil.gov/traditional/rest/services/tifSrvc/MapServer/3"}, "geometry": {"type": "Polygon", "coordinates": [[[-87.63358, 41.55749], [-87.63357, 41.55666], [-87.63403, 41.5573], [-87.63693, 41.55727], [-87.63626, 41.55673], [-87.63621, 41.55024], [-87.63686, 41.54973], [-87.63583, 41.54973], [-87.63592, 41.54814], [-87.63484, 41.54825], [-87.63591, 41.54735], [-87.63461, 41.54736], [-87.6346, 41.54666], [-87.6359, 41.54638], [-87.63235, 41.5464], [-87.63235, 41.54556], [-87.63589, 41.54421], [-87.63583, 41.54175], [-87.62769, 41.54247], [-87.62733, 41.54364], [-87.62404, 41.54366], [-87.62473, 41.54975], [-87.63485, 41.54974], [-87.6349, 41.55277], [-87.63288, 41.55276], [-87.63282, 41.55619], [-87.63358, 41.55749]]]}}, {"type": "Feature", "properties": {"tif_name": "Glenwood - North Halsted", "municipality": "Glenwood", "county": "Cook", "year_created": 2017, "year_expiry": null, "ordinance": null, "active": true, "source": "Cook County Clerk", "source_url": "https://gis.cookcountyil.gov/traditional/rest/services/tifSrvc/MapServer/3"}, "geometry": {"type": "Polygon", "coordinates": [[[-87.63585, 41.5573], [-87.63357, 41.55666], [-87.63434, 41.55896], [-87.63541, 41.55918], [-87.6351, 41.56026], [-87.6359, 41.56025], [-87.63585, 41.5573]]]}}, {"type": "Feature", "properties": {"tif_name": "Homewood - Downtown TOD", "municipality": "Homewood", "county": "Cook", "year_created": 2017, "year_expiry": null, "ordinance": null, "active": true, "source": "Cook County Clerk", "source_url": "https://gis.cookcountyil.gov/traditional/rest/services/tifSrvc/MapServer/3"}, "geometry": {"type": "Polygon", "coordinates": [[[-87.66509, 41.56508], [-87.66781, 41.56459], [-87.67159, 41.55723], [-87.6705, 41.55724], [-87.66788, 41.56148], [-87.66687, 41.56116], [-87.66698, 41.55887], [-87.6654, 41.55887], [-87.6653, 41.56244], [-87.66414, 41.56244], [-87.66416, 41.56453], [-87.66509, 41.56508]], [[-87.66665, 41.56232], [-87.66712, 41.56291], [-87.66611, 41.5626], [-87.66665, 41.56232]]]}}, {"type": "Feature", "properties": {"tif_name": "Burbank - Downtown Burbank", "municipality": "Burbank", "county": "Cook", "year_created": 2017, "year_expiry": null, "ordinance": null, "active": true, "source": "Cook County Clerk", "source_url": "https://gis.cookcountyil.gov/traditional/rest/services/tifSrvc/MapServer/3"}, "geometry": {"type": "Polygon", "coordinates": [[[-87.75534, 41.74975], [-87.75556, 41.75039], [-87.75787, 41.74939], [-87.76458, 41.74927], [-87.76478, 41.7482], [-87.76097, 41.74827], [-87.76091, 41.74677], [-87.76258, 41.74507], [-87.76084, 41.74464], [-87.76089, 41.74606], [-87.7601, 41.74608], [-87.76013, 41.74705], [-87.75847, 41.74817], [-87.75772, 41.74764], [-87.75774, 41.74829], [-87.75192, 41.7484], [-87.75218, 41.74909], [-87.75534, 41.74975]]]}}, {"type": "Feature", "properties": {"tif_name": "Blue Island - 7", "municipality": "Blue Island", "county": "Cook", "year_created": 2017, "year_expiry": null, "ordinance": null, "active": true, "source": "Cook County Clerk", "source_url": "https://gis.cookcountyil.gov/traditional/rest/services/tifSrvc/MapServer/3"}, "geometry": {"type": "Polygon", "coordinates": [[[-87.69866, 41.63461], [-87.69796, 41.63464], [-87.69793, 41.63381], [-87.69391, 41.63388], [-87.69358, 41.63472], [-87.68893, 41.63482], [-87.68915, 41.64071], [-87.69455, 41.64062], [-87.69654, 41.63901], [-87.69541, 41.63889], [-87.69459, 41.64016], [-87.69029, 41.64023], [-87.69016, 41.63716], [-87.69158, 41.63714], [-87.69155, 41.63649], [-87.6902, 41.63652], [-87.6904, 41.63529], [-87.69798, 41.63521], [-87.69866, 41.63461]]]}}, {"type": "Feature", "properties": {"tif_name": "LaGrange Park - Village Market", "municipality": "LaGrange Park", "county": "Cook", "year_created": 2017, "year_expiry": null, "ordinance": null, "active": true, "source": "Cook County Clerk", "source_url": "https://gis.cookcountyil.gov/traditional/rest/services/tifSrvc/MapServer/3"}, "geometry": {"type": "Polygon", "coordinates": [[[-87.86757, 41.82542], [-87.87214, 41.82478], [-87.87042, 41.82078], [-87.86499, 41.82172], [-87.86508, 41.82363], [-87.86716, 41.82356], [-87.86757, 41.82542]]]}}, {"type": "Feature", "properties": {"tif_name": "Thornton - Downtown #3", "municipality": "Thornton", "county": "Cook", "year_created": 2017, "year_expiry": null, "ordinance": null, "active": true, "source": "Cook County Clerk", "source_url": "https://gis.cookcountyil.gov/traditional/rest/services/tifSrvc/MapServer/3"}, "geometry": {"type": "Polygon", "coordinates": [[[-87.61293, 41.57034], [-87.6125, 41.57134], [-87.61362, 41.57134], [-87.61475, 41.56882], [-87.61696, 41.56847], [-87.61696, 41.56721], [-87.61362, 41.56766], [-87.61362, 41.56466], [-87.6125, 41.56467], [-87.61223, 41.56851], [-87.61113, 41.56868], [-87.61223, 41.56899], [-87.61293, 41.57034]], [[-87.61563, 41.5683], [-87.6154, 41.5683], [-87.6154, 41.5678], [-87.61563, 41.5683]]]}}, {"type": "Feature", "properties": {"tif_name": "Tinley Park - New Bremen", "municipality": "Tinley Park", "county": "Cook", "year_created": 2018, "year_expiry": null, "ordinance": null, "active": true, "source": "Cook County Clerk", "source_url": "https://gis.cookcountyil.gov/traditional/rest/services/tifSrvc/MapServer/3"}, "geometry": {"type": "Polygon", "coordinates": [[[-87.78199, 41.57894], [-87.78542, 41.57829], [-87.78512, 41.57657], [-87.78777, 41.57596], [-87.78698, 41.57385], [-87.785, 41.5747], [-87.78475, 41.56923], [-87.78647, 41.56893], [-87.78632, 41.56766], [-87.78424, 41.56769], [-87.78424, 41.56562], [-87.78311, 41.56562], [-87.78361, 41.57136], [-87.78265, 41.57137], [-87.78305, 41.57317], [-87.78212, 41.57318], [-87.78159, 41.57455], [-87.78108, 41.57408], [-87.78049, 41.57637], [-87.77982, 41.57638], [-87.77985, 41.57714], [-87.78191, 41.57694], [-87.78199, 41.57894]]]}}, {"type": "Feature", "properties": {"tif_name": "Cicero - 1400 S. Laramie", "municipality": "Cicero", "county": "Cook", "year_created": 2018, "year_expiry": null, "ordinance": null, "active": true, "source": "Cook County Clerk", "source_url": "https://gis.cookcountyil.gov/traditional/rest/services/tifSrvc/MapServer/3"}, "geometry": {"type": "Polygon", "coordinates": [[[-87.75446, 41.86029], [-87.7546, 41.86481], [-87.75695, 41.86477], [-87.75676, 41.85862], [-87.75441, 41.85865], [-87.75446, 41.86029]]]}}, {"type": "Feature", "properties": {"tif_name": "Elmwood Park - Grand Ave Corridor", "municipality": "Elmwood Park", "county": "Cook", "year_created": 2014, "year_expiry": null, "ordinance": null, "active": true, "source": "Cook County Clerk", "source_url": "https://gis.cookcountyil.gov/traditional/rest/services/tifSrvc/MapServer/3"}, "geometry": {"type": "Polygon", "coordinates": [[[-87.81835, 41.92813], [-87.81919, 41.92693], [-87.81543, 41.92557], [-87.81681, 41.92652], [-87.81674, 41.92764], [-87.81835, 41.92813]]]}}, {"type": "Feature", "properties": {"tif_name": "Elmwood Park - Grand Ave Corridor II", "municipality": "Elmwood Park", "county": "Cook", "year_created": 2018, "year_expiry": null, "ordinance": null, "active": true, "source": "Cook County Clerk", "source_url": "https://gis.cookcountyil.gov/traditional/rest/services/tifSrvc/MapServer/3"}, "geometry": {"type": "Polygon", "coordinates": [[[-87.81695, 41.9258], [-87.81719, 41.92644], [-87.81949, 41.92641], [-87.82597, 41.92829], [-87.82432, 41.92755], [-87.82445, 41.92676], [-87.82357, 41.92622], [-87.81964, 41.92601], [-87.80623, 41.92299], [-87.80637, 41.92702], [-87.80701, 41.927], [-87.80695, 41.92531], [-87.80763, 41.92473], [-87.81695, 41.9258]]]}}, {"type": "Feature", "properties": {"tif_name": "Niles - Milwaukee/Harlem", "municipality": "Niles", "county": "Cook", "year_created": 2018, "year_expiry": null, "ordinance": null, "active": true, "source": "Cook County Clerk", "source_url": "https://gis.cookcountyil.gov/traditional/rest/services/tifSrvc/MapServer/3"}, "geometry": {"type": "Polygon", "coordinates": [[[-87.80588, 42.01887], [-87.80643, 42.01882], [-87.80647, 42.01182], [-87.80553, 42.01267], [-87.80601, 42.01544], [-87.80512, 42.01545], [-87.80354, 42.01322], [-87.8024, 42.01348], [-87.80257, 42.01529], [-87.80187, 42.01532], [-87.80195, 42.01612], [-87.80375, 42.01612], [-87.80382, 42.01687], [-87.80535, 42.01712], [-87.80588, 42.01887]]]}}, {"type": "Feature", "properties": {"tif_name": "Niles - Oakton/Waukegan", "municipality": "Niles", "county": "Cook", "year_created": 2018, "year_expiry": null, "ordinance": null, "active": true, "source": "Cook County Clerk", "source_url": "https://gis.cookcountyil.gov/traditional/rest/services/tifSrvc/MapServer/3"}, "geometry": {"type": "Polygon", "coordinates": [[[-87.80508, 42.0265], [-87.80304, 42.02651], [-87.80265, 42.0255], [-87.80198, 42.02655], [-87.80055, 42.02653], [-87.80053, 42.02728], [-87.80508, 42.0265]]]}}, {"type": "Feature", "properties": {"tif_name": "River Forest - North Ave", "municipality": "River Forest", "county": "Cook", "year_created": 2018, "year_expiry": null, "ordinance": null, "active": true, "source": "Cook County Clerk", "source_url": "https://gis.cookcountyil.gov/traditional/rest/services/tifSrvc/MapServer/3"}, "geometry": {"type": "Polygon", "coordinates": [[[-87.80577, 41.90888], [-87.82421, 41.90858], [-87.8245, 41.90767], [-87.81564, 41.90779], [-87.8156, 41.90679], [-87.81371, 41.90682], [-87.81375, 41.90782], [-87.80656, 41.90791], [-87.80574, 41.90805], [-87.80577, 41.90888]]]}}, {"type": "Feature", "properties": {"tif_name": "Calumet City - River Oaks Mall", "municipality": "Calumet City", "county": "Cook", "year_created": 2018, "year_expiry": null, "ordinance": null, "active": true, "source": "Cook County Clerk", "source_url": "https://gis.cookcountyil.gov/traditional/rest/services/tifSrvc/MapServer/3"}, "geometry": {"type": "Polygon", "coordinates": [[[-87.56849, 41.59962], [-87.56849, 41.60116], [-87.57028, 41.60116], [-87.57028, 41.6024], [-87.57093, 41.60274], [-87.57222, 41.6017], [-87.57537, 41.60345], [-87.57583, 41.60021], [-87.57154, 41.60084], [-87.56521, 41.59431], [-87.5685, 41.59808], [-87.56615, 41.59751], [-87.56597, 41.59672], [-87.5613, 41.59841], [-87.56172, 41.59897], [-87.55988, 41.59988], [-87.55999, 41.59768], [-87.55914, 41.5977], [-87.55905, 41.59555], [-87.56247, 41.59571], [-87.5625, 41.59374], [-87.55341, 41.59527], [-87.55232, 41.59377], [-87.55155, 41.59446], [-87.55156, 41.59663], [-87.55529, 41.59954], [-87.55529, 41.601], [-87.56395, 41.60115], [-87.5639, 41.5996], [-87.56655, 41.59961], [-87.56662, 41.5977], [-87.56724, 41.5977], [-87.56761, 41.59961], [-87.56849, 41.59962]]]}}, {"type": "Feature", "properties": {"tif_name": "Chicago Heights - East Industrial", "municipality": "Chicago Heights", "county": "Cook", "year_created": 2018, "year_expiry": null, "ordinance": null, "active": true, "source": "Cook County Clerk", "source_url": "https://gis.cookcountyil.gov/traditional/rest/services/tifSrvc/MapServer/3"}, "geometry": {"type": "MultiPolygon", "coordinates": [[[[-87.61216, 41.52092], [-87.62368, 41.52087], [-87.62848, 41.51345], [-87.62701, 41.51434], [-87.61639, 41.51451], [-87.61636, 41.51059], [-87.6182, 41.51059], [-87.61821, 41.51351], [-87.61856, 41.51128], [-87.62, 41.51125], [-87.61994, 41.50249], [-87.61854, 41.50249], [-87.61853, 41.50094], [-87.63177, 41.5009], [-87.62583, 41.50082], [-87.62582, 41.49517], [-87.62534, 41.49618], [-87.61856, 41.49571], [-87.61869, 41.49485], [-87.6211, 41.49484], [-87.62109, 41.49247], [-87.61868, 41.49248], [-87.61868, 41.49176], [-87.62545, 41.49154], [-87.61634, 41.49166], [-87.61632, 41.48938], [-87.62543, 41.48935], [-87.62543, 41.4887], [-87.62456, 41.48814], [-87.61611, 41.48814], [-87.61627, 41.4844], [-87.60958, 41.48484], [-87.60645, 41.48603], [-87.60591, 41.4855], [-87.60591, 41.49167], [-87.60157, 41.4917], [-87.60165, 41.49804], [-87.61619, 41.49859], [-87.61618, 41.49915], [-87.59684, 41.49911], [-87.59701, 41.51358], [-87.60589, 41.51352], [-87.60596, 41.52025], [-87.60561, 41.51716], [-87.60187, 41.51715], [-87.60193, 41.52081], [-87.61216, 41.52092]], [[-87.61156, 41.5099], [-87.60782, 41.50989], [-87.60781, 41.50633], [-87.61155, 41.50633], [-87.61156, 41.5099]], [[-87.61503, 41.50636], [-87.61624, 41.50621], [-87.61624, 41.50713], [-87.61503, 41.50714], [-87.61503, 41.50636]], [[-87.61818, 41.50249], [-87.61637, 41.50249], [-87.61637, 41.50094], [-87.61817, 41.50094], [-87.61818, 41.50249]], [[-87.61595, 41.4899], [-87.60718, 41.48952], [-87.60884, 41.48827], [-87.61593, 41.48824], [-87.61595, 41.4899]]], [[[-87.60193, 41.52081], [-87.60193, 41.52081], [-87.60193, 41.52082], [-87.60193, 41.52081]]]]}}, {"type": "Feature", "properties": {"tif_name": "Lemont - Transit TOD", "municipality": "Lemont", "county": "Cook", "year_created": 2018, "year_expiry": null, "ordinance": null, "active": true, "source": "Cook County Clerk", "source_url": "https://gis.cookcountyil.gov/traditional/rest/services/tifSrvc/MapServer/3"}, "geometry": {"type": "Polygon", "coordinates": [[[-88.00229, 41.67348], [-88.00545, 41.67306], [-88.00433, 41.67202], [-88.00102, 41.67226], [-87.9968, 41.67482], [-88.00229, 41.67348]]]}}, {"type": "Feature", "properties": {"tif_name": "Niles - Milwaukee/Oakton", "municipality": "Niles", "county": "Cook", "year_created": 2018, "year_expiry": null, "ordinance": null, "active": true, "source": "Cook County Clerk", "source_url": "https://gis.cookcountyil.gov/traditional/rest/services/tifSrvc/MapServer/3"}, "geometry": {"type": "Polygon", "coordinates": [[[-87.81759, 42.02953], [-87.81545, 42.02673], [-87.81614, 42.0267], [-87.81616, 42.0242], [-87.81394, 42.02424], [-87.81028, 42.02079], [-87.80946, 42.02081], [-87.80956, 42.01976], [-87.80673, 42.01908], [-87.80673, 42.01979], [-87.80764, 42.01979], [-87.81215, 42.02374], [-87.81241, 42.02427], [-87.81128, 42.02431], [-87.81271, 42.02651], [-87.81408, 42.02687], [-87.81649, 42.02956], [-87.81759, 42.02953]]]}}, {"type": "Feature", "properties": {"tif_name": "Niles - Milwaukee/Dempster", "municipality": "Niles", "county": "Cook", "year_created": 2018, "year_expiry": null, "ordinance": null, "active": true, "source": "Cook County Clerk", "source_url": "https://gis.cookcountyil.gov/traditional/rest/services/tifSrvc/MapServer/3"}, "geometry": {"type": "Polygon", "coordinates": [[[-87.84019, 42.05445], [-87.84029, 42.04631], [-87.83571, 42.04641], [-87.83569, 42.0475], [-87.8326, 42.04777], [-87.83204, 42.04699], [-87.83295, 42.0467], [-87.83265, 42.0451], [-87.83167, 42.04551], [-87.83045, 42.04437], [-87.83056, 42.04305], [-87.82955, 42.04358], [-87.82756, 42.04044], [-87.82649, 42.04047], [-87.82398, 42.03828], [-87.82508, 42.03907], [-87.82507, 42.04019], [-87.82589, 42.04017], [-87.82597, 42.04243], [-87.82726, 42.04386], [-87.82892, 42.04382], [-87.82977, 42.04553], [-87.83068, 42.04553], [-87.83092, 42.04786], [-87.83204, 42.04847], [-87.83089, 42.04876], [-87.83231, 42.05071], [-87.83426, 42.04991], [-87.83687, 42.05289], [-87.83431, 42.05292], [-87.8347, 42.05456], [-87.84019, 42.05445]]]}}, {"type": "Feature", "properties": {"tif_name": "Kenilworth - Green Bay Road", "municipality": "Kenilworth", "county": "Cook", "year_created": 2019, "year_expiry": null, "ordinance": null, "active": true, "source": "Cook County Clerk", "source_url": "https://gis.cookcountyil.gov/traditional/rest/services/tifSrvc/MapServer/3"}, "geometry": {"type": "Polygon", "coordinates": [[[-87.71693, 42.08659], [-87.72076, 42.09116], [-87.72175, 42.09115], [-87.71832, 42.08675], [-87.71868, 42.08606], [-87.71721, 42.0857], [-87.71693, 42.08659]]]}}, {"type": "Feature", "properties": {"tif_name": "Des Plaines - Oakton Street", "municipality": "Des Plaines", "county": "Cook", "year_created": 2019, "year_expiry": null, "ordinance": null, "active": true, "source": "Cook County Clerk", "source_url": "https://gis.cookcountyil.gov/traditional/rest/services/tifSrvc/MapServer/3"}, "geometry": {"type": "Polygon", "coordinates": [[[-87.87644, 42.02353], [-87.87718, 42.02504], [-87.88127, 42.02433], [-87.88127, 42.02495], [-87.8908, 42.02527], [-87.89189, 42.02915], [-87.8944, 42.02906], [-87.89204, 42.02966], [-87.89334, 42.03427], [-87.8952, 42.03353], [-87.89506, 42.03006], [-87.89601, 42.03001], [-87.8952, 42.02951], [-87.89602, 42.02605], [-87.89994, 42.0259], [-87.89994, 42.02374], [-87.90047, 42.02372], [-87.90046, 42.02297], [-87.89924, 42.02302], [-87.89924, 42.02215], [-87.89692, 42.02223], [-87.89692, 42.02161], [-87.89442, 42.02169], [-87.89444, 42.02342], [-87.8931, 42.02397], [-87.89137, 42.02353], [-87.89031, 42.02407], [-87.89004, 42.02313], [-87.88572, 42.02422], [-87.87644, 42.02353]]]}}, {"type": "Feature", "properties": {"tif_name": "South Holland - I-294 Tollview", "municipality": "South Holland", "county": "Cook", "year_created": 2019, "year_expiry": null, "ordinance": null, "active": true, "source": "Cook County Clerk", "source_url": "https://gis.cookcountyil.gov/traditional/rest/services/tifSrvc/MapServer/3"}, "geometry": {"type": "Polygon", "coordinates": [[[-87.63519, 41.58031], [-87.63334, 41.57935], [-87.63335, 41.58093], [-87.63469, 41.58093], [-87.63424, 41.58458], [-87.63519, 41.58458], [-87.63519, 41.58308], [-87.63619, 41.58309], [-87.63519, 41.58031]]]}}, {"type": "Feature", "properties": {"tif_name": "Willow Springs - District No. 2", "municipality": "Willow Springs", "county": "Cook", "year_created": 2019, "year_expiry": null, "ordinance": null, "active": true, "source": "Cook County Clerk", "source_url": "https://gis.cookcountyil.gov/traditional/rest/services/tifSrvc/MapServer/3"}, "geometry": {"type": "Polygon", "coordinates": [[[-87.88255, 41.72678], [-87.87867, 41.73106], [-87.87988, 41.73177], [-87.8844, 41.72756], [-87.88255, 41.72678]]]}}, {"type": "Feature", "properties": {"tif_name": "Summit - South Harlem Ave", "municipality": "Summit", "county": "Cook", "year_created": 2019, "year_expiry": null, "ordinance": null, "active": true, "source": "Cook County Clerk", "source_url": "https://gis.cookcountyil.gov/traditional/rest/services/tifSrvc/MapServer/3"}, "geometry": {"type": "Polygon", "coordinates": [[[-87.80117, 41.78349], [-87.80372, 41.7836], [-87.80368, 41.78263], [-87.80177, 41.78267], [-87.80237, 41.78083], [-87.8017, 41.78084], [-87.80158, 41.77839], [-87.80268, 41.77808], [-87.80245, 41.7774], [-87.8009, 41.77743], [-87.80117, 41.78349]]]}}, {"type": "Feature", "properties": {"tif_name": "Countryside - 55th Street Commercial", "municipality": "Countryside", "county": "Cook", "year_created": 2019, "year_expiry": null, "ordinance": null, "active": true, "source": "Cook County Clerk", "source_url": "https://gis.cookcountyil.gov/traditional/rest/services/tifSrvc/MapServer/3"}, "geometry": {"type": "Polygon", "coordinates": [[[-87.86159, 41.78971], [-87.86156, 41.7888], [-87.85882, 41.78884], [-87.8589, 41.79082], [-87.86794, 41.79066], [-87.86792, 41.7898], [-87.86611, 41.78921], [-87.86159, 41.78971]]]}}, {"type": "Feature", "properties": {"tif_name": "Western Springs - Downtown North", "municipality": "Western Springs", "county": "Cook", "year_created": 2019, "year_expiry": null, "ordinance": null, "active": true, "source": "Cook County Clerk", "source_url": "https://gis.cookcountyil.gov/traditional/rest/services/tifSrvc/MapServer/3"}, "geometry": {"type": "Polygon", "coordinates": [[[-87.89815, 41.81163], [-87.89887, 41.8118], [-87.89883, 41.81092], [-87.90013, 41.80981], [-87.9015, 41.81044], [-87.90162, 41.80962], [-87.90582, 41.80858], [-87.91226, 41.80888], [-87.91141, 41.80665], [-87.8952, 41.8103], [-87.89523, 41.81105], [-87.89811, 41.81076], [-87.89815, 41.81163]]]}}, {"type": "Feature", "properties": {"tif_name": "Burbank - East 79th Street", "municipality": "Burbank", "county": "Cook", "year_created": 2019, "year_expiry": null, "ordinance": null, "active": true, "source": "Cook County Clerk", "source_url": "https://gis.cookcountyil.gov/traditional/rest/services/tifSrvc/MapServer/3"}, "geometry": {"type": "Polygon", "coordinates": [[[-87.74554, 41.74799], [-87.74569, 41.74908], [-87.74884, 41.74902], [-87.74859, 41.7479], [-87.74554, 41.74799]]]}}, {"type": "Feature", "properties": {"tif_name": "Burbank - Burbank Station", "municipality": "Burbank", "county": "Cook", "year_created": 2019, "year_expiry": null, "ordinance": null, "active": true, "source": "Cook County Clerk", "source_url": "https://gis.cookcountyil.gov/traditional/rest/services/tifSrvc/MapServer/3"}, "geometry": {"type": "Polygon", "coordinates": [[[-87.74538, 41.75326], [-87.74635, 41.75325], [-87.74627, 41.75082], [-87.74139, 41.7509], [-87.74147, 41.75333], [-87.74538, 41.75326]]]}}, {"type": "Feature", "properties": {"tif_name": "Lansing - Torrence/172nd Street", "municipality": "Lansing", "county": "Cook", "year_created": 2019, "year_expiry": null, "ordinance": null, "active": true, "source": "Cook County Clerk", "source_url": "https://gis.cookcountyil.gov/traditional/rest/services/tifSrvc/MapServer/3"}, "geometry": {"type": "Polygon", "coordinates": [[[-87.56014, 41.58466], [-87.56165, 41.58467], [-87.56165, 41.58286], [-87.55885, 41.58357], [-87.55885, 41.58432], [-87.56014, 41.58466]]]}}, {"type": "Feature", "properties": {"tif_name": "Lincolnwood - North Lincoln", "municipality": "Lincolnwood", "county": "Cook", "year_created": 2019, "year_expiry": null, "ordinance": null, "active": true, "source": "Cook County Clerk", "source_url": "https://gis.cookcountyil.gov/traditional/rest/services/tifSrvc/MapServer/3"}, "geometry": {"type": "Polygon", "coordinates": [[[-87.74038, 42.01259], [-87.74271, 42.01436], [-87.74417, 42.01395], [-87.74345, 42.01167], [-87.73915, 42.01166], [-87.74038, 42.01259]]]}}, {"type": "Feature", "properties": {"tif_name": "Morton Grove  - Sawmill Station", "municipality": "Morton Grove", "county": "Cook", "year_created": 2019, "year_expiry": null, "ordinance": null, "active": true, "source": "Cook County Clerk", "source_url": "https://gis.cookcountyil.gov/traditional/rest/services/tifSrvc/MapServer/3"}, "geometry": {"type": "Polygon", "coordinates": [[[-87.79618, 42.04568], [-87.79806, 42.04567], [-87.79804, 42.04306], [-87.79983, 42.04257], [-87.80067, 42.03928], [-87.79937, 42.03928], [-87.79935, 42.03862], [-87.79338, 42.03865], [-87.79374, 42.04181], [-87.79619, 42.04139], [-87.79618, 42.04568]]]}}, {"type": "Feature", "properties": {"tif_name": "Skokie - Oakton/Niles", "municipality": "Skokie", "county": "Cook", "year_created": 2019, "year_expiry": null, "ordinance": null, "active": true, "source": "Cook County Clerk", "source_url": "https://gis.cookcountyil.gov/traditional/rest/services/tifSrvc/MapServer/3"}, "geometry": {"type": "Polygon", "coordinates": [[[-87.75191, 42.02733], [-87.75195, 42.02583], [-87.74863, 42.02618], [-87.74997, 42.02677], [-87.74997, 42.02751], [-87.75191, 42.02733]]]}}, {"type": "Feature", "properties": {"tif_name": "Tinley Park - 159/Harlem", "municipality": "Tinley Park", "county": "Cook", "year_created": 2020, "year_expiry": null, "ordinance": null, "active": true, "source": "Cook County Clerk", "source_url": "https://gis.cookcountyil.gov/traditional/rest/services/tifSrvc/MapServer/3"}, "geometry": {"type": "Polygon", "coordinates": [[[-87.78531, 41.60339], [-87.78533, 41.60408], [-87.78974, 41.60401], [-87.78968, 41.60234], [-87.79889, 41.60225], [-87.7989, 41.59865], [-87.79773, 41.59867], [-87.79741, 41.5949], [-87.79878, 41.59487], [-87.79867, 41.59136], [-87.79352, 41.59145], [-87.79363, 41.59489], [-87.79057, 41.59505], [-87.79046, 41.59328], [-87.78798, 41.59243], [-87.78778, 41.59475], [-87.78504, 41.59503], [-87.78509, 41.59663], [-87.78976, 41.597], [-87.79118, 41.59579], [-87.79107, 41.59651], [-87.79181, 41.59656], [-87.79189, 41.59897], [-87.78518, 41.59937], [-87.78526, 41.60157], [-87.78416, 41.60159], [-87.78531, 41.60339]], [[-87.78869, 41.59476], [-87.78897, 41.59507], [-87.78871, 41.59508], [-87.78869, 41.59476]], [[-87.78917, 41.5949], [-87.78875, 41.59436], [-87.7896, 41.59451], [-87.78917, 41.5949]], [[-87.78869, 41.59459], [-87.78833, 41.5946], [-87.78833, 41.59437], [-87.78869, 41.59459]], [[-87.78853, 41.59367], [-87.7883, 41.59413], [-87.78828, 41.59356], [-87.78853, 41.59367]]]}}, {"type": "Feature", "properties": {"tif_name": "Buffalo Grove - Lake Cook Road", "municipality": "Buffalo Grove", "county": "Cook", "year_created": 2020, "year_expiry": null, "ordinance": null, "active": true, "source": "Cook County Clerk", "source_url": "https://gis.cookcountyil.gov/traditional/rest/services/tifSrvc/MapServer/3"}, "geometry": {"type": "MultiPolygon", "coordinates": [[[[-87.95689, 42.15353], [-87.95895, 42.15353], [-87.95742, 42.15219], [-87.95689, 42.15353]]], [[[-87.98018, 42.15362], [-87.98516, 42.15364], [-87.98521, 42.1527], [-87.98216, 42.15268], [-87.98218, 42.15349], [-87.98018, 42.15362]], [[-87.98361, 42.15296], [-87.98306, 42.15335], [-87.98315, 42.15286], [-87.98361, 42.15296]]], [[[-87.96557, 42.15357], [-87.97418, 42.15359], [-87.9717, 42.15175], [-87.96967, 42.15171], [-87.96969, 42.15097], [-87.9675, 42.14956], [-87.96625, 42.14957], [-87.96633, 42.15044], [-87.96201, 42.15284], [-87.96121, 42.15306], [-87.96047, 42.15211], [-87.95927, 42.15267], [-87.96079, 42.15355], [-87.96557, 42.15357]]]]}}, {"type": "Feature", "properties": {"tif_name": "Arlington Heights-So Arlington Hts Rd", "municipality": "Arlington Heights", "county": "Cook", "year_created": 2020, "year_expiry": null, "ordinance": null, "active": true, "source": "Cook County Clerk", "source_url": "https://gis.cookcountyil.gov/traditional/rest/services/tifSrvc/MapServer/3"}, "geometry": {"type": "Polygon", "coordinates": [[[-87.98519, 42.04203], [-87.98326, 42.04105], [-87.98315, 42.04229], [-87.98206, 42.04218], [-87.98089, 42.0402], [-87.97968, 42.03975], [-87.97965, 42.04988], [-87.98236, 42.04922], [-87.98355, 42.04319], [-87.98509, 42.04295], [-87.98519, 42.04203]]]}}, {"type": "Feature", "properties": {"tif_name": "Lemont - I&M", "municipality": "Lemont", "county": "Cook", "year_created": 2020, "year_expiry": null, "ordinance": null, "active": true, "source": "Cook County Clerk", "source_url": "https://gis.cookcountyil.gov/traditional/rest/services/tifSrvc/MapServer/3"}, "geometry": {"type": "Polygon", "coordinates": [[[-88.00039, 41.67716], [-88.00016, 41.67583], [-88.00523, 41.67444], [-88.0052, 41.67354], [-88.00193, 41.67353], [-87.99078, 41.67677], [-87.99785, 41.67557], [-87.9981, 41.67602], [-87.99551, 41.67734], [-87.99878, 41.67628], [-87.99953, 41.67762], [-88.00039, 41.67716]]]}}, {"type": "Feature", "properties": {"tif_name": "Homewood - Dixie Highway/Miller Court", "municipality": "Homewood", "county": "Cook", "year_created": 2020, "year_expiry": null, "ordinance": null, "active": true, "source": "Cook County Clerk", "source_url": "https://gis.cookcountyil.gov/traditional/rest/services/tifSrvc/MapServer/3"}, "geometry": {"type": "Polygon", "coordinates": [[[-87.66551, 41.55783], [-87.66419, 41.55781], [-87.66419, 41.55888], [-87.66552, 41.55887], [-87.66551, 41.55783]]]}}, {"type": "Feature", "properties": {"tif_name": "Hoffman Estates - Lakewood Center", "municipality": "Hoffman Estates", "county": "Cook", "year_created": 2020, "year_expiry": null, "ordinance": null, "active": true, "source": "Cook County Clerk", "source_url": "https://gis.cookcountyil.gov/traditional/rest/services/tifSrvc/MapServer/3"}, "geometry": {"type": "Polygon", "coordinates": [[[-88.12324, 42.07392], [-88.12324, 42.07456], [-88.12653, 42.07453], [-88.12653, 42.0731], [-88.12862, 42.07309], [-88.12863, 42.07452], [-88.13639, 42.0745], [-88.13641, 42.07088], [-88.13096, 42.07091], [-88.13198, 42.067], [-88.12547, 42.06697], [-88.12561, 42.06926], [-88.12682, 42.07063], [-88.12652, 42.07147], [-88.12396, 42.07148], [-88.12324, 42.07392]]]}}, {"type": "Feature", "properties": {"tif_name": "Hoffman Estates - Higgins/Old Sutton", "municipality": "Hoffman Estates", "county": "Cook", "year_created": 2020, "year_expiry": null, "ordinance": null, "active": true, "source": "Cook County Clerk", "source_url": "https://gis.cookcountyil.gov/traditional/rest/services/tifSrvc/MapServer/3"}, "geometry": {"type": "Polygon", "coordinates": [[[-88.19727, 42.07793], [-88.19934, 42.07795], [-88.19935, 42.08119], [-88.20088, 42.07705], [-88.18999, 42.07433], [-88.18986, 42.07792], [-88.19727, 42.07793]]]}}, {"type": "Feature", "properties": {"tif_name": "Country Club Hills - I-57/183rd Street", "municipality": "Country Club Hills", "county": "Cook", "year_created": 2020, "year_expiry": null, "ordinance": null, "active": true, "source": "Cook County Clerk", "source_url": "https://gis.cookcountyil.gov/traditional/rest/services/tifSrvc/MapServer/3"}, "geometry": {"type": "Polygon", "coordinates": [[[-87.74246, 41.55802], [-87.74244, 41.55677], [-87.73797, 41.55709], [-87.73776, 41.56447], [-87.74119, 41.56448], [-87.74245, 41.56188], [-87.74246, 41.55802]]]}}, {"type": "Feature", "properties": {"tif_name": "Brookfield - Grand Blvd", "municipality": "Brookfield", "county": "Cook", "year_created": 2020, "year_expiry": null, "ordinance": null, "active": true, "source": "Cook County Clerk", "source_url": "https://gis.cookcountyil.gov/traditional/rest/services/tifSrvc/MapServer/3"}, "geometry": {"type": "Polygon", "coordinates": [[[-87.84346, 41.82402], [-87.84635, 41.82379], [-87.84638, 41.8213], [-87.84341, 41.82128], [-87.84154, 41.82239], [-87.84353, 41.82223], [-87.84346, 41.82402]], [[-87.84575, 41.82232], [-87.84585, 41.82266], [-87.84558, 41.82267], [-87.84575, 41.82232]]]}}, {"type": "Feature", "properties": {"tif_name": "Westchester - Roosevelt Rd Corridor", "municipality": "Westchester", "county": "Cook", "year_created": 2020, "year_expiry": null, "ordinance": null, "active": true, "source": "Cook County Clerk", "source_url": "https://gis.cookcountyil.gov/traditional/rest/services/tifSrvc/MapServer/3"}, "geometry": {"type": "Polygon", "coordinates": [[[-87.88152, 41.86494], [-87.8826, 41.86526], [-87.88264, 41.86222], [-87.87512, 41.86308], [-87.86765, 41.86119], [-87.86778, 41.86392], [-87.87557, 41.86432], [-87.8765, 41.86348], [-87.88152, 41.86494]]]}}, {"type": "Feature", "properties": {"tif_name": "Calumet City - Sibley/Torrence/State", "municipality": "Calumet City", "county": "Cook", "year_created": 2020, "year_expiry": null, "ordinance": null, "active": true, "source": "Cook County Clerk", "source_url": "https://gis.cookcountyil.gov/traditional/rest/services/tifSrvc/MapServer/3"}, "geometry": {"type": "Polygon", "coordinates": [[[-87.57385, 41.63799], [-87.5779, 41.64013], [-87.57771, 41.63562], [-87.57642, 41.63428], [-87.57794, 41.63006], [-87.56977, 41.63041], [-87.56871, 41.62958], [-87.55974, 41.62961], [-87.55971, 41.62324], [-87.57182, 41.62319], [-87.57182, 41.62447], [-87.57414, 41.62446], [-87.57413, 41.62317], [-87.57629, 41.62316], [-87.57705, 41.62101], [-87.57609, 41.62102], [-87.57611, 41.62259], [-87.57338, 41.62198], [-87.56089, 41.62266], [-87.55973, 41.62234], [-87.55972, 41.62105], [-87.55855, 41.62096], [-87.55797, 41.62258], [-87.55857, 41.62314], [-87.55862, 41.62951], [-87.54934, 41.62924], [-87.54931, 41.62636], [-87.53969, 41.62641], [-87.53974, 41.63148], [-87.54296, 41.63364], [-87.54456, 41.63351], [-87.54451, 41.63001], [-87.56553, 41.63014], [-87.56886, 41.63155], [-87.56884, 41.63405], [-87.56402, 41.63409], [-87.56401, 41.63548], [-87.56883, 41.63559], [-87.56885, 41.63758], [-87.57385, 41.63799]]]}}, {"type": "Feature", "properties": {"tif_name": "Elk Grove Village - Oakton/Higgins", "municipality": "Elk Grove Village", "county": "Cook", "year_created": 2021, "year_expiry": null, "ordinance": null, "active": true, "source": "Cook County Clerk", "source_url": "https://gis.cookcountyil.gov/traditional/rest/services/tifSrvc/MapServer/3"}, "geometry": {"type": "Polygon", "coordinates": [[[-87.95859, 42.02244], [-87.95509, 42.0195], [-87.95512, 42.02131], [-87.95676, 42.02247], [-87.95859, 42.02244]]]}}, {"type": "Feature", "properties": {"tif_name": "Harvey - Transit Oriented Dist", "municipality": "Harvey", "county": "Cook", "year_created": 2021, "year_expiry": null, "ordinance": null, "active": true, "source": "Cook County Clerk", "source_url": "https://gis.cookcountyil.gov/traditional/rest/services/tifSrvc/MapServer/3"}, "geometry": {"type": "Polygon", "coordinates": [[[-87.64282, 41.61529], [-87.64285, 41.62091], [-87.64477, 41.62091], [-87.64473, 41.61464], [-87.64674, 41.61538], [-87.64636, 41.6103], [-87.65894, 41.61028], [-87.65946, 41.61096], [-87.66066, 41.6105], [-87.66067, 41.61183], [-87.66144, 41.61183], [-87.66214, 41.60983], [-87.66114, 41.60983], [-87.66066, 41.60795], [-87.65767, 41.608], [-87.65773, 41.60961], [-87.64636, 41.60961], [-87.64707, 41.60733], [-87.64636, 41.60733], [-87.64598, 41.60463], [-87.64179, 41.61243], [-87.64281, 41.61311], [-87.64282, 41.61529]], [[-87.64604, 41.60799], [-87.64471, 41.60756], [-87.64604, 41.60751], [-87.64604, 41.60799]]]}}, {"type": "Feature", "properties": {"tif_name": "Homewood - Kedzie Gateway", "municipality": "Homewood", "county": "Cook", "year_created": 2021, "year_expiry": null, "ordinance": null, "active": true, "source": "Cook County Clerk", "source_url": "https://gis.cookcountyil.gov/traditional/rest/services/tifSrvc/MapServer/3"}, "geometry": {"type": "Polygon", "coordinates": [[[-87.69335, 41.55892], [-87.69424, 41.5591], [-87.69422, 41.55719], [-87.69899, 41.55718], [-87.69899, 41.55645], [-87.6963, 41.55641], [-87.6963, 41.55576], [-87.69428, 41.55523], [-87.69268, 41.55558], [-87.69269, 41.55706], [-87.68933, 41.55656], [-87.68929, 41.55734], [-87.6931, 41.55734], [-87.69335, 41.55892]]]}}, {"type": "Feature", "properties": {"tif_name": "Lynwood - Vernon Park Village", "municipality": "Lynwood", "county": "Cook", "year_created": 2021, "year_expiry": null, "ordinance": null, "active": true, "source": "Cook County Clerk", "source_url": "https://gis.cookcountyil.gov/traditional/rest/services/tifSrvc/MapServer/3"}, "geometry": {"type": "Polygon", "coordinates": [[[-87.56583, 41.51833], [-87.56558, 41.51917], [-87.56678, 41.52032], [-87.5699, 41.52079], [-87.56989, 41.51834], [-87.56674, 41.51903], [-87.56583, 41.51833]]]}}, {"type": "Feature", "properties": {"tif_name": "Morton Grove - Lincoln/Lehigh", "municipality": "Morton Grove", "county": "Cook", "year_created": 2021, "year_expiry": null, "ordinance": null, "active": true, "source": "Cook County Clerk", "source_url": "https://gis.cookcountyil.gov/traditional/rest/services/tifSrvc/MapServer/3"}, "geometry": {"type": "Polygon", "coordinates": [[[-87.78615, 42.03681], [-87.78621, 42.03616], [-87.78732, 42.03615], [-87.78751, 42.03258], [-87.78359, 42.03188], [-87.78613, 42.03752], [-87.78615, 42.03681]]]}}, {"type": "Feature", "properties": {"tif_name": "Prospect Heights - Pros Pt/Muir", "municipality": "Prospect Heights", "county": "Cook", "year_created": 2021, "year_expiry": null, "ordinance": null, "active": true, "source": "Cook County Clerk", "source_url": "https://gis.cookcountyil.gov/traditional/rest/services/tifSrvc/MapServer/3"}, "geometry": {"type": "Polygon", "coordinates": [[[-87.93191, 42.12075], [-87.93191, 42.12307], [-87.93328, 42.12307], [-87.93389, 42.11952], [-87.93578, 42.11953], [-87.9358, 42.11885], [-87.93344, 42.11859], [-87.93344, 42.11613], [-87.93194, 42.11612], [-87.93191, 42.12075]]]}}, {"type": "Feature", "properties": {"tif_name": "River Grove - Northeast", "municipality": "River Grove", "county": "Cook", "year_created": 2021, "year_expiry": null, "ordinance": null, "active": true, "source": "Cook County Clerk", "source_url": "https://gis.cookcountyil.gov/traditional/rest/services/tifSrvc/MapServer/3"}, "geometry": {"type": "Polygon", "coordinates": [[[-87.82618, 41.93431], [-87.8263, 41.93776], [-87.82938, 41.9377], [-87.82926, 41.93425], [-87.82618, 41.93431]]]}}, {"type": "Feature", "properties": {"tif_name": "Stickney - Cicero & Pershing", "municipality": "Stickney", "county": "Cook", "year_created": 2021, "year_expiry": null, "ordinance": null, "active": true, "source": "Cook County Clerk", "source_url": "https://gis.cookcountyil.gov/traditional/rest/services/tifSrvc/MapServer/3"}, "geometry": {"type": "Polygon", "coordinates": [[[-87.75315, 41.81516], [-87.74469, 41.81777], [-87.74477, 41.82204], [-87.74352, 41.82206], [-87.74365, 41.82938], [-87.75347, 41.82923], [-87.75315, 41.81516]]]}}, {"type": "Feature", "properties": {"tif_name": "Matteson - 8 Harlem & Rte 30", "municipality": "Matteson", "county": "Cook", "year_created": 2021, "year_expiry": null, "ordinance": null, "active": true, "source": "Cook County Clerk", "source_url": "https://gis.cookcountyil.gov/traditional/rest/services/tifSrvc/MapServer/3"}, "geometry": {"type": "Polygon", "coordinates": [[[-87.7848, 41.50606], [-87.77065, 41.50602], [-87.77083, 41.51218], [-87.77176, 41.51217], [-87.77177, 41.51352], [-87.77081, 41.51352], [-87.77091, 41.52809], [-87.77404, 41.52809], [-87.77404, 41.52471], [-87.7805, 41.5251], [-87.78226, 41.5223], [-87.78434, 41.5215], [-87.78778, 41.52152], [-87.78825, 41.52082], [-87.79032, 41.52107], [-87.79033, 41.50606], [-87.7848, 41.50606]]]}}, {"type": "Feature", "properties": {"tif_name": "Evanston - Area 9 Five Fifths", "municipality": "Evanston", "county": "Cook", "year_created": 2021, "year_expiry": null, "ordinance": null, "active": true, "source": "Cook County Clerk", "source_url": "https://gis.cookcountyil.gov/traditional/rest/services/tifSrvc/MapServer/3"}, "geometry": {"type": "Polygon", "coordinates": [[[-87.69444, 42.0601], [-87.6979, 42.06442], [-87.69903, 42.06443], [-87.69426, 42.05874], [-87.69496, 42.05771], [-87.6974, 42.05704], [-87.69742, 42.05576], [-87.69587, 42.05578], [-87.69653, 42.05378], [-87.69364, 42.05402], [-87.69274, 42.05585], [-87.69184, 42.05586], [-87.69106, 42.05488], [-87.69272, 42.05458], [-87.69368, 42.05209], [-87.68892, 42.05215], [-87.68826, 42.05141], [-87.68857, 42.04998], [-87.68768, 42.04997], [-87.68708, 42.05054], [-87.68849, 42.05303], [-87.6883, 42.05375], [-87.68733, 42.05375], [-87.68613, 42.05751], [-87.68963, 42.05757], [-87.68966, 42.05589], [-87.69075, 42.05601], [-87.69444, 42.0601]]]}}, {"type": "Feature", "properties": {"tif_name": "Schaumburg - Experior", "municipality": "Schaumburg", "county": "Cook", "year_created": 2021, "year_expiry": null, "ordinance": null, "active": true, "source": "Cook County Clerk", "source_url": "https://gis.cookcountyil.gov/traditional/rest/services/tifSrvc/MapServer/3"}, "geometry": {"type": "Polygon", "coordinates": [[[-88.10974, 41.98979], [-88.10951, 41.99293], [-88.11096, 41.99288], [-88.11043, 41.99487], [-88.11428, 41.99569], [-88.11436, 41.98954], [-88.10974, 41.98979]]]}}, {"type": "Feature", "properties": {"tif_name": "Dolton - West Sibley", "municipality": "Dolton", "county": "Cook", "year_created": 2021, "year_expiry": null, "ordinance": null, "active": true, "source": "Cook County Clerk", "source_url": "https://gis.cookcountyil.gov/traditional/rest/services/tifSrvc/MapServer/3"}, "geometry": {"type": "Polygon", "coordinates": [[[-87.63118, 41.62485], [-87.63118, 41.62274], [-87.62936, 41.62272], [-87.62938, 41.62382], [-87.63118, 41.62485]]]}}, {"type": "Feature", "properties": {"tif_name": "Chicago Ridge - Town Center", "municipality": "Chicago Ridge", "county": "Cook", "year_created": 2021, "year_expiry": null, "ordinance": null, "active": true, "source": "Cook County Clerk", "source_url": "https://gis.cookcountyil.gov/traditional/rest/services/tifSrvc/MapServer/3"}, "geometry": {"type": "Polygon", "coordinates": [[[-87.77784, 41.70259], [-87.77718, 41.70328], [-87.77912, 41.70433], [-87.77593, 41.70505], [-87.77647, 41.70586], [-87.77588, 41.7068], [-87.77753, 41.70591], [-87.774, 41.70863], [-87.77954, 41.70856], [-87.77903, 41.69587], [-87.7784, 41.69588], [-87.77862, 41.70145], [-87.77792, 41.70146], [-87.77784, 41.70259]]]}}, {"type": "Feature", "properties": {"tif_name": "Midlothian - Downtown", "municipality": "Midlothian", "county": "Cook", "year_created": 2021, "year_expiry": null, "ordinance": null, "active": true, "source": "Cook County Clerk", "source_url": "https://gis.cookcountyil.gov/traditional/rest/services/tifSrvc/MapServer/3"}, "geometry": {"type": "Polygon", "coordinates": [[[-87.70898, 41.6287], [-87.70368, 41.63316], [-87.71209, 41.62665], [-87.71314, 41.62704], [-87.71421, 41.6261], [-87.71711, 41.62621], [-87.71769, 41.62913], [-87.71651, 41.62915], [-87.71727, 41.63146], [-87.71571, 41.63235], [-87.71437, 41.63188], [-87.71429, 41.63297], [-87.71866, 41.63289], [-87.7186, 41.63112], [-87.71982, 41.6311], [-87.71976, 41.62909], [-87.71852, 41.62911], [-87.718, 41.6276], [-87.7184, 41.62602], [-87.7203, 41.62561], [-87.73354, 41.62582], [-87.73357, 41.62668], [-87.73679, 41.62715], [-87.73727, 41.62899], [-87.73703, 41.62376], [-87.73811, 41.62375], [-87.73838, 41.62237], [-87.73595, 41.62252], [-87.73601, 41.62435], [-87.73361, 41.6252], [-87.73033, 41.62442], [-87.72832, 41.62445], [-87.72836, 41.62526], [-87.72642, 41.62446], [-87.71833, 41.62505], [-87.71772, 41.62127], [-87.71506, 41.62279], [-87.71391, 41.62467], [-87.71026, 41.62469], [-87.71031, 41.62577], [-87.71141, 41.62576], [-87.71092, 41.62615], [-87.71163, 41.62656], [-87.70898, 41.6287]]]}}, {"type": "Feature", "properties": {"tif_name": "Elk Grove Village - Arlington/Higgins", "municipality": "Elk Grove Village", "county": "Cook", "year_created": 2022, "year_expiry": null, "ordinance": null, "active": true, "source": "Cook County Clerk", "source_url": "https://gis.cookcountyil.gov/traditional/rest/services/tifSrvc/MapServer/3"}, "geometry": {"type": "Polygon", "coordinates": [[[-87.98672, 42.02905], [-87.98809, 42.02577], [-87.98686, 42.02559], [-87.98497, 42.02778], [-87.98168, 42.02746], [-87.9817, 42.02855], [-87.98672, 42.02905]]]}}, {"type": "Feature", "properties": {"tif_name": "Glenwood - I-394", "municipality": "Glenwood", "county": "Cook", "year_created": 2022, "year_expiry": null, "ordinance": null, "active": true, "source": "Cook County Clerk", "source_url": "https://gis.cookcountyil.gov/traditional/rest/services/tifSrvc/MapServer/3"}, "geometry": {"type": "Polygon", "coordinates": [[[-87.59716, 41.52718], [-87.59714, 41.52577], [-87.5904, 41.52574], [-87.59092, 41.52476], [-87.58237, 41.52441], [-87.58303, 41.53074], [-87.58492, 41.5337], [-87.58374, 41.53537], [-87.58669, 41.53564], [-87.58636, 41.52806], [-87.59515, 41.52806], [-87.59514, 41.52718], [-87.59716, 41.52718]]]}}, {"type": "Feature", "properties": {"tif_name": "Hoffman Estates - Stonington-Pembroke", "municipality": "Hoffman Estates", "county": "Cook", "year_created": 2022, "year_expiry": null, "ordinance": null, "active": true, "source": "Cook County Clerk", "source_url": "https://gis.cookcountyil.gov/traditional/rest/services/tifSrvc/MapServer/3"}, "geometry": {"type": "Polygon", "coordinates": [[[-88.12951, 42.06626], [-88.14128, 42.06602], [-88.14428, 42.06486], [-88.14429, 42.06422], [-88.14239, 42.06422], [-88.14274, 42.06253], [-88.14355, 42.06266], [-88.14353, 42.06162], [-88.14427, 42.06152], [-88.1436, 42.06153], [-88.14363, 42.06031], [-88.13987, 42.05843], [-88.13877, 42.05895], [-88.13879, 42.0616], [-88.13441, 42.06196], [-88.13648, 42.0639], [-88.13533, 42.06513], [-88.12949, 42.06503], [-88.12951, 42.06626]]]}}, {"type": "Feature", "properties": {"tif_name": "Lansing - Chicago Ave", "municipality": "Lansing", "county": "Cook", "year_created": 2022, "year_expiry": null, "ordinance": null, "active": true, "source": "Cook County Clerk", "source_url": "https://gis.cookcountyil.gov/traditional/rest/services/tifSrvc/MapServer/3"}, "geometry": {"type": "Polygon", "coordinates": [[[-87.54578, 41.59378], [-87.54426, 41.59357], [-87.54426, 41.59196], [-87.54591, 41.59196], [-87.54592, 41.58753], [-87.54439, 41.58753], [-87.54439, 41.58669], [-87.54905, 41.58653], [-87.54905, 41.58289], [-87.54732, 41.5829], [-87.54726, 41.58626], [-87.53905, 41.58642], [-87.53925, 41.58484], [-87.53713, 41.58483], [-87.53706, 41.58655], [-87.53463, 41.58655], [-87.53461, 41.58716], [-87.53598, 41.5874], [-87.53639, 41.58875], [-87.53966, 41.58668], [-87.54265, 41.58948], [-87.54085, 41.59257], [-87.54578, 41.59378]]]}}, {"type": "Feature", "properties": {"tif_name": "Markham - 159th/Spaulding", "municipality": "Markham", "county": "Cook", "year_created": 2022, "year_expiry": null, "ordinance": null, "active": true, "source": "Cook County Clerk", "source_url": "https://gis.cookcountyil.gov/traditional/rest/services/tifSrvc/MapServer/3"}, "geometry": {"type": "Polygon", "coordinates": [[[-87.69838, 41.60064], [-87.69837, 41.59955], [-87.69569, 41.59955], [-87.69569, 41.60065], [-87.69838, 41.60064]]]}}, {"type": "Feature", "properties": {"tif_name": "Olympia Fields - Governors Hwy/Vollmer", "municipality": "Olympia Fields", "county": "Cook", "year_created": 2022, "year_expiry": null, "ordinance": null, "active": true, "source": "Cook County Clerk", "source_url": "https://gis.cookcountyil.gov/traditional/rest/services/tifSrvc/MapServer/3"}, "geometry": {"type": "Polygon", "coordinates": [[[-87.70356, 41.52664], [-87.70353, 41.52521], [-87.70843, 41.5252], [-87.70823, 41.51825], [-87.70746, 41.51756], [-87.70568, 41.51748], [-87.69998, 41.52626], [-87.69618, 41.52697], [-87.68784, 41.52635], [-87.68693, 41.52803], [-87.70358, 41.52798], [-87.70356, 41.52664]]]}}, {"type": "Feature", "properties": {"tif_name": "Mount Prospect - South Mt Prospect", "municipality": "Mount Prospect", "county": "Cook", "year_created": 2022, "year_expiry": null, "ordinance": null, "active": true, "source": "Cook County Clerk", "source_url": "https://gis.cookcountyil.gov/traditional/rest/services/tifSrvc/MapServer/3"}, "geometry": {"type": "Polygon", "coordinates": [[[-87.94071, 42.0405], [-87.95043, 42.03939], [-87.95041, 42.03855], [-87.94555, 42.03865], [-87.9455, 42.03547], [-87.94743, 42.03543], [-87.94744, 42.03744], [-87.95838, 42.0372], [-87.95853, 42.03562], [-87.96062, 42.03629], [-87.96019, 42.02787], [-87.96268, 42.02783], [-87.95795, 42.02432], [-87.95179, 42.0244], [-87.95176, 42.0224], [-87.94538, 42.02251], [-87.94541, 42.02467], [-87.94667, 42.02466], [-87.9467, 42.02916], [-87.94545, 42.02919], [-87.94529, 42.03346], [-87.94373, 42.03344], [-87.94378, 42.03719], [-87.94069, 42.03724], [-87.94071, 42.0405]], [[-87.95935, 42.02912], [-87.9592, 42.02913], [-87.95919, 42.02885], [-87.95935, 42.02912]]]}}, {"type": "Feature", "properties": {"tif_name": "Oak Forest - 8 Cicero/I-57", "municipality": "Oak Forest", "county": "Cook", "year_created": 2022, "year_expiry": null, "ordinance": null, "active": true, "source": "Cook County Clerk", "source_url": "https://gis.cookcountyil.gov/traditional/rest/services/tifSrvc/MapServer/3"}, "geometry": {"type": "Polygon", "coordinates": [[[-87.73205, 41.58479], [-87.73082, 41.58624], [-87.73107, 41.58795], [-87.73235, 41.58873], [-87.73591, 41.58867], [-87.73542, 41.58416], [-87.73436, 41.58312], [-87.73205, 41.58479]]]}}, {"type": "Feature", "properties": {"tif_name": "McCook - 55th Street", "municipality": "McCook", "county": "Cook", "year_created": 2022, "year_expiry": null, "ordinance": null, "active": true, "source": "Cook County Clerk", "source_url": "https://gis.cookcountyil.gov/traditional/rest/services/tifSrvc/MapServer/3"}, "geometry": {"type": "Polygon", "coordinates": [[[-87.84551, 41.79111], [-87.84327, 41.79126], [-87.84019, 41.79344], [-87.84953, 41.80112], [-87.8484, 41.79931], [-87.84946, 41.79892], [-87.84917, 41.79103], [-87.84551, 41.79111]]]}}, {"type": "Feature", "properties": {"tif_name": "Broadview - Roosevelt Road/17th Ave", "municipality": "Broadview", "county": "Cook", "year_created": 2023, "year_expiry": null, "ordinance": null, "active": true, "source": "Cook County Clerk", "source_url": "https://gis.cookcountyil.gov/traditional/rest/services/tifSrvc/MapServer/3"}, "geometry": {"type": "Polygon", "coordinates": [[[-87.85208, 41.87065], [-87.85331, 41.87062], [-87.85367, 41.86405], [-87.8432, 41.86381], [-87.84321, 41.86432], [-87.84812, 41.86419], [-87.84815, 41.86481], [-87.85183, 41.86457], [-87.85208, 41.87065]]]}}, {"type": "Feature", "properties": {"tif_name": "Forest Park - Circle Harlem", "municipality": "Forest Park", "county": "Cook", "year_created": 2023, "year_expiry": null, "ordinance": null, "active": true, "source": "Cook County Clerk", "source_url": "https://gis.cookcountyil.gov/traditional/rest/services/tifSrvc/MapServer/3"}, "geometry": {"type": "Polygon", "coordinates": [[[-87.80498, 41.8868], [-87.81472, 41.88667], [-87.81123, 41.88629], [-87.81119, 41.88522], [-87.80915, 41.88487], [-87.80832, 41.88526], [-87.80916, 41.88641], [-87.80774, 41.88651], [-87.80791, 41.88576], [-87.8064, 41.88641], [-87.80568, 41.88585], [-87.80543, 41.88014], [-87.80475, 41.88016], [-87.80498, 41.8868]]]}}, {"type": "Feature", "properties": {"tif_name": "Northbrook - Northbrook Court I", "municipality": "Northbrook", "county": "Cook", "year_created": 2023, "year_expiry": null, "ordinance": null, "active": true, "source": "Cook County Clerk", "source_url": "https://gis.cookcountyil.gov/traditional/rest/services/tifSrvc/MapServer/3"}, "geometry": {"type": "Polygon", "coordinates": [[[-87.81176, 42.15234], [-87.82175, 42.15242], [-87.82243, 42.15079], [-87.8169, 42.14776], [-87.81709, 42.14674], [-87.81896, 42.14662], [-87.819, 42.14542], [-87.81415, 42.14586], [-87.81391, 42.14932], [-87.80934, 42.14981], [-87.81198, 42.15002], [-87.81176, 42.15234]]]}}, {"type": "Feature", "properties": {"tif_name": "Matteson - Lincoln Hwy / Gov 6", "municipality": "Matteson", "county": "Cook", "year_created": 2011, "year_expiry": null, "ordinance": null, "active": true, "source": "Cook County Clerk", "source_url": "https://gis.cookcountyil.gov/traditional/rest/services/tifSrvc/MapServer/3"}, "geometry": {"type": "MultiPolygon", "coordinates": [[[[-87.72226, 41.50615], [-87.72225, 41.50491], [-87.71804, 41.50521], [-87.71803, 41.50296], [-87.71529, 41.50296], [-87.71481, 41.50504], [-87.7133, 41.50487], [-87.71422, 41.5061], [-87.72226, 41.50615]]], [[[-87.7188, 41.50758], [-87.71879, 41.50626], [-87.71315, 41.50627], [-87.71317, 41.50856], [-87.71863, 41.50855], [-87.7188, 41.50758]]]]}}, {"type": "Feature", "properties": {"tif_name": "Matteson - 9 Market Square Crossing", "municipality": "Matteson", "county": "Cook", "year_created": 2023, "year_expiry": null, "ordinance": null, "active": true, "source": "Cook County Clerk", "source_url": "https://gis.cookcountyil.gov/traditional/rest/services/tifSrvc/MapServer/3"}, "geometry": {"type": "Polygon", "coordinates": [[[-87.71863, 41.50806], [-87.72236, 41.50855], [-87.72277, 41.50615], [-87.73721, 41.50637], [-87.74162, 41.50331], [-87.73262, 41.50327], [-87.73235, 41.4988], [-87.73664, 41.49883], [-87.73662, 41.49688], [-87.73519, 41.49767], [-87.7326, 41.49685], [-87.73257, 41.49198], [-87.72295, 41.49196], [-87.72351, 41.49485], [-87.72226, 41.50615], [-87.71422, 41.5061], [-87.7133, 41.50487], [-87.71481, 41.50504], [-87.71527, 41.50296], [-87.71292, 41.50295], [-87.71296, 41.50611], [-87.71879, 41.50626], [-87.71863, 41.50806]]]}}, {"type": "Feature", "properties": {"tif_name": "Olympia Fields - Governors Hwy/Vollmer 2", "municipality": "Olympia Fields", "county": "Cook", "year_created": 2023, "year_expiry": null, "ordinance": null, "active": true, "source": "Cook County Clerk", "source_url": "https://gis.cookcountyil.gov/traditional/rest/services/tifSrvc/MapServer/3"}, "geometry": {"type": "Polygon", "coordinates": [[[-87.70356, 41.52664], [-87.70358, 41.52798], [-87.70601, 41.52797], [-87.70559, 41.52646], [-87.70356, 41.52664]]]}}, {"type": "Feature", "properties": {"tif_name": "Buffalo Grove - Dundee Road", "municipality": "Buffalo Grove", "county": "Cook", "year_created": 2023, "year_expiry": null, "ordinance": null, "active": true, "source": "Cook County Clerk", "source_url": "https://gis.cookcountyil.gov/traditional/rest/services/tifSrvc/MapServer/3"}, "geometry": {"type": "Polygon", "coordinates": [[[-87.98313, 42.13898], [-87.98276, 42.13787], [-87.98239, 42.13897], [-87.98046, 42.13895], [-87.98045, 42.1367], [-87.97595, 42.13666], [-87.97594, 42.13919], [-87.97718, 42.1392], [-87.97705, 42.14036], [-87.98027, 42.14039], [-87.98028, 42.14272], [-87.98531, 42.14275], [-87.98533, 42.14054], [-87.98797, 42.14055], [-87.98798, 42.13912], [-87.99, 42.13926], [-87.99, 42.13732], [-87.98516, 42.13732], [-87.98516, 42.13898], [-87.98313, 42.13898]]]}}, {"type": "Feature", "properties": {"tif_name": "Chicago Heights - East Lincoln", "municipality": "Chicago Heights", "county": "Cook", "year_created": 2023, "year_expiry": null, "ordinance": null, "active": true, "source": "Cook County Clerk", "source_url": "https://gis.cookcountyil.gov/traditional/rest/services/tifSrvc/MapServer/3"}, "geometry": {"type": "Polygon", "coordinates": [[[-87.61997, 41.50611], [-87.61998, 41.50669], [-87.62578, 41.50668], [-87.62254, 41.51232], [-87.62241, 41.51439], [-87.62482, 41.51391], [-87.62673, 41.51148], [-87.62794, 41.51194], [-87.62896, 41.50991], [-87.63039, 41.5099], [-87.63325, 41.50616], [-87.62734, 41.50597], [-87.62689, 41.50427], [-87.626, 41.50429], [-87.62603, 41.50609], [-87.61997, 41.50611]], [[-87.62306, 41.51158], [-87.62642, 41.5065], [-87.6283, 41.50665], [-87.62735, 41.5081], [-87.6295, 41.50808], [-87.62575, 41.51157], [-87.62306, 41.51158]]]}}, {"type": "Feature", "properties": {"tif_name": "Chicago Ridge - Sears 95th Street", "municipality": "Chicago Ridge", "county": "Cook", "year_created": 2023, "year_expiry": null, "ordinance": null, "active": true, "source": "Cook County Clerk", "source_url": "https://gis.cookcountyil.gov/traditional/rest/services/tifSrvc/MapServer/3"}, "geometry": {"type": "Polygon", "coordinates": [[[-87.78348, 41.71941], [-87.78439, 41.71885], [-87.78435, 41.71745], [-87.78079, 41.71751], [-87.78095, 41.71943], [-87.78348, 41.71941]]]}}, {"type": "Feature", "properties": {"tif_name": "Evergreen Park - Triangle", "municipality": "Evergreen Park", "county": "Cook", "year_created": 2023, "year_expiry": null, "ordinance": null, "active": true, "source": "Cook County Clerk", "source_url": "https://gis.cookcountyil.gov/traditional/rest/services/tifSrvc/MapServer/3"}, "geometry": {"type": "Polygon", "coordinates": [[[-87.6987, 41.72064], [-87.69983, 41.72062], [-87.69794, 41.71858], [-87.69801, 41.72064], [-87.6987, 41.72064]]]}}, {"type": "Feature", "properties": {"tif_name": "Flossmoor - Downtown", "municipality": "Flossmoor", "county": "Cook", "year_created": 2023, "year_expiry": null, "ordinance": null, "active": true, "source": "Cook County Clerk", "source_url": "https://gis.cookcountyil.gov/traditional/rest/services/tifSrvc/MapServer/3"}, "geometry": {"type": "Polygon", "coordinates": [[[-87.67915, 41.54262], [-87.6785, 41.54385], [-87.67919, 41.54418], [-87.67972, 41.5431], [-87.68266, 41.54309], [-87.68144, 41.54211], [-87.67915, 41.54262]]]}}, {"type": "Feature", "properties": {"tif_name": "Hillside - North Mannheim Road", "municipality": "Hillside", "county": "Cook", "year_created": 2023, "year_expiry": null, "ordinance": null, "active": true, "source": "Cook County Clerk", "source_url": "https://gis.cookcountyil.gov/traditional/rest/services/tifSrvc/MapServer/3"}, "geometry": {"type": "Polygon", "coordinates": [[[-87.887, 41.87647], [-87.88695, 41.87528], [-87.8834, 41.87539], [-87.88345, 41.87658], [-87.887, 41.87647]]]}}, {"type": "Feature", "properties": {"tif_name": "Lyons - 21st Century", "municipality": "Lyons", "county": "Cook", "year_created": 2023, "year_expiry": null, "ordinance": null, "active": true, "source": "Cook County Clerk", "source_url": "https://gis.cookcountyil.gov/traditional/rest/services/tifSrvc/MapServer/3"}, "geometry": {"type": "Polygon", "coordinates": [[[-87.82878, 41.81437], [-87.82902, 41.81579], [-87.83147, 41.81591], [-87.83374, 41.81481], [-87.83384, 41.81109], [-87.83051, 41.81059], [-87.83057, 41.81228], [-87.82622, 41.81237], [-87.82625, 41.81314], [-87.82743, 41.8133], [-87.82574, 41.81334], [-87.82576, 41.81387], [-87.82878, 41.81437]]]}}, {"type": "Feature", "properties": {"tif_name": "Stickney - Harlem & Pershing", "municipality": "Stickney", "county": "Cook", "year_created": 2023, "year_expiry": null, "ordinance": null, "active": true, "source": "Cook County Clerk", "source_url": "https://gis.cookcountyil.gov/traditional/rest/services/tifSrvc/MapServer/3"}, "geometry": {"type": "Polygon", "coordinates": [[[-87.80263, 41.82118], [-87.80212, 41.81033], [-87.80149, 41.81034], [-87.80193, 41.8193], [-87.79999, 41.81932], [-87.80079, 41.8195], [-87.80068, 41.82071], [-87.78271, 41.821], [-87.78273, 41.82152], [-87.80263, 41.82118]]]}}, {"type": "Feature", "properties": {"tif_name": "Ford Heights - Route 394/Lincoln", "municipality": "Ford Heights", "county": "Cook", "year_created": 2024, "year_expiry": null, "ordinance": null, "active": true, "source": "Cook County Clerk", "source_url": "https://gis.cookcountyil.gov/traditional/rest/services/tifSrvc/MapServer/3"}, "geometry": {"type": "Polygon", "coordinates": [[[-87.55829, 41.51383], [-87.5707, 41.51362], [-87.57074, 41.52092], [-87.57761, 41.52081], [-87.57703, 41.51352], [-87.58253, 41.51353], [-87.58248, 41.50747], [-87.57772, 41.50747], [-87.57772, 41.50626], [-87.5628, 41.50644], [-87.5628, 41.50726], [-87.56132, 41.5066], [-87.56133, 41.50728], [-87.56026, 41.50729], [-87.5597, 41.50661], [-87.55971, 41.5073], [-87.55822, 41.50732], [-87.55829, 41.51383]]]}}, {"type": "Feature", "properties": {"tif_name": "Blue Island - 8 Western Ave", "municipality": "Blue Island", "county": "Cook", "year_created": 2024, "year_expiry": null, "ordinance": null, "active": true, "source": "Cook County Clerk", "source_url": "https://gis.cookcountyil.gov/traditional/rest/services/tifSrvc/MapServer/3"}, "geometry": {"type": "Polygon", "coordinates": [[[-87.68012, 41.67711], [-87.68138, 41.67743], [-87.68091, 41.66263], [-87.67951, 41.66252], [-87.6796, 41.66366], [-87.67765, 41.6637], [-87.67811, 41.66255], [-87.6754, 41.66254], [-87.67547, 41.66421], [-87.67962, 41.66425], [-87.67989, 41.66981], [-87.67927, 41.67164], [-87.6799, 41.67181], [-87.68012, 41.67711]]]}}, {"type": "Feature", "properties": {"tif_name": "Elmwood Park - North Harlem Ave", "municipality": "Elmwood Park", "county": "Cook", "year_created": 2024, "year_expiry": null, "ordinance": null, "active": true, "source": "Cook County Clerk", "source_url": "https://gis.cookcountyil.gov/traditional/rest/services/tifSrvc/MapServer/3"}, "geometry": {"type": "Polygon", "coordinates": [[[-87.80716, 41.9332], [-87.80708, 41.92924], [-87.80644, 41.92925], [-87.80658, 41.93322], [-87.80716, 41.9332]]]}}, {"type": "Feature", "properties": {"tif_name": "Deerfield - Lake Cook Road", "municipality": "Deerfield", "county": "Cook", "year_created": 2024, "year_expiry": null, "ordinance": null, "active": true, "source": "Cook County Clerk", "source_url": "https://gis.cookcountyil.gov/traditional/rest/services/tifSrvc/MapServer/3"}, "geometry": {"type": "Polygon", "coordinates": [[[-87.86542, 42.15103], [-87.86543, 42.14992], [-87.85834, 42.14993], [-87.85829, 42.1529], [-87.8654, 42.15294], [-87.86542, 42.15103]]]}}, {"type": "Feature", "properties": {"tif_name": "Palatine - 2024 Dundee Rd & IL53", "municipality": "Palatine", "county": "Cook", "year_created": 2024, "year_expiry": null, "ordinance": null, "active": true, "source": "Cook County Clerk", "source_url": "https://gis.cookcountyil.gov/traditional/rest/services/tifSrvc/MapServer/3"}, "geometry": {"type": "Polygon", "coordinates": [[[-88.00963, 42.14078], [-88.01417, 42.14011], [-88.0142, 42.13764], [-88.0094, 42.13763], [-88.0094, 42.13859], [-88.00801, 42.13871], [-88.00676, 42.14193], [-88.00927, 42.14194], [-88.00963, 42.14078]]]}}, {"type": "Feature", "properties": {"tif_name": "Homewood - 183rd West", "municipality": "Homewood", "county": "Cook", "year_created": 2024, "year_expiry": null, "ordinance": null, "active": true, "source": "Cook County Clerk", "source_url": "https://gis.cookcountyil.gov/traditional/rest/services/tifSrvc/MapServer/3"}, "geometry": {"type": "Polygon", "coordinates": [[[-87.69054, 41.55559], [-87.69055, 41.55657], [-87.68955, 41.55708], [-87.69269, 41.55706], [-87.69268, 41.55558], [-87.69054, 41.55559]]]}}, {"type": "Feature", "properties": {"tif_name": "Calumet City - 159th/River Oak", "municipality": "Calumet City", "county": "Cook", "year_created": 2024, "year_expiry": null, "ordinance": null, "active": true, "source": "Cook County Clerk", "source_url": "https://gis.cookcountyil.gov/traditional/rest/services/tifSrvc/MapServer/3"}, "geometry": {"type": "Polygon", "coordinates": [[[-87.55335, 41.601], [-87.55529, 41.601], [-87.55529, 41.59954], [-87.55156, 41.59663], [-87.55155, 41.59446], [-87.5503, 41.59652], [-87.55157, 41.59676], [-87.55149, 41.60046], [-87.54956, 41.60045], [-87.54953, 41.59378], [-87.54919, 41.60003], [-87.54847, 41.60053], [-87.54441, 41.60036], [-87.5436, 41.59949], [-87.54203, 41.59999], [-87.54203, 41.59913], [-87.53841, 41.59873], [-87.53676, 41.59822], [-87.53676, 41.59749], [-87.53526, 41.59775], [-87.53474, 41.5955], [-87.53341, 41.59543], [-87.53296, 41.59717], [-87.53242, 41.5971], [-87.53243, 41.59828], [-87.53465, 41.59828], [-87.53543, 41.59923], [-87.53587, 41.59846], [-87.53771, 41.59929], [-87.53772, 41.59998], [-87.53892, 41.59958], [-87.53894, 41.60102], [-87.55335, 41.601]]]}}, {"type": "Feature", "properties": {"tif_name": "South Holland - Vincennes Armory", "municipality": "South Holland", "county": "Cook", "year_created": 2024, "year_expiry": null, "ordinance": null, "active": true, "source": "Cook County Clerk", "source_url": "https://gis.cookcountyil.gov/traditional/rest/services/tifSrvc/MapServer/3"}, "geometry": {"type": "Polygon", "coordinates": [[[-87.62089, 41.59355], [-87.61685, 41.59355], [-87.61677, 41.59516], [-87.62157, 41.59839], [-87.62279, 41.5981], [-87.62274, 41.59356], [-87.62438, 41.59357], [-87.62482, 41.5882], [-87.63153, 41.58819], [-87.63153, 41.58641], [-87.63276, 41.5864], [-87.63278, 41.58497], [-87.63424, 41.58458], [-87.63427, 41.58266], [-87.63073, 41.58271], [-87.63072, 41.58489], [-87.62839, 41.58489], [-87.62759, 41.58642], [-87.61682, 41.58639], [-87.61684, 41.59195], [-87.62088, 41.59197], [-87.62089, 41.59355]], [[-87.62167, 41.58942], [-87.62067, 41.58944], [-87.62067, 41.5892], [-87.62167, 41.58942]]]}}, {"type": "Feature", "properties": {"tif_name": "Bartlett - Lake St Corridor", "municipality": "Bartlett", "county": "Cook", "year_created": 2024, "year_expiry": null, "ordinance": null, "active": true, "source": "Cook County Clerk", "source_url": "https://gis.cookcountyil.gov/traditional/rest/services/tifSrvc/MapServer/3"}, "geometry": {"type": "Polygon", "coordinates": [[[-88.18611, 42.00489], [-88.18679, 42.0051], [-88.18652, 42.00591], [-88.18798, 42.00588], [-88.18791, 42.00469], [-88.19364, 42.00586], [-88.19364, 42.00212], [-88.18684, 42.00225], [-88.18684, 42.00058], [-88.18436, 42.00029], [-88.18556, 41.99973], [-88.18477, 41.9986], [-88.17771, 41.99858], [-88.17771, 42.0009], [-88.17651, 42.00091], [-88.17652, 41.99923], [-88.17469, 41.99926], [-88.175, 42.00242], [-88.17898, 42.00236], [-88.18627, 42.00436], [-88.18611, 42.00489]]]}}, {"type": "Feature", "properties": {"tif_name": "Addison 3", "municipality": "", "county": "DuPage", "year_created": null, "year_expiry": null, "ordinance": null, "active": true, "source": "DuPage County", "source_url": "https://services.arcgis.com/neJvtQ4PXvnQ86MJ/arcgis/rest/services/TIF_Districts_/FeatureServer/17"}, "geometry": {"type": "Polygon", "coordinates": [[[-87.98438, 41.93838], [-87.9806, 41.93321], [-87.98784, 41.93332], [-87.98784, 41.9324], [-87.9835, 41.93153], [-87.98326, 41.93057], [-87.98217, 41.93131], [-87.98254, 41.92909], [-87.98347, 41.93043], [-87.98481, 41.93012], [-87.98763, 41.93109], [-87.9885, 41.92951], [-87.98796, 41.92718], [-87.99126, 41.92711], [-87.99064, 41.9319], [-87.99464, 41.93161], [-87.99359, 41.93568], [-87.98853, 41.93575], [-87.98847, 41.93471], [-87.98698, 41.93473], [-87.98696, 41.93655], [-87.98525, 41.93657], [-87.98477, 41.93745], [-87.98565, 41.93836], [-87.98438, 41.93838]]]}}, {"type": "Feature", "properties": {"tif_name": "Aurora 1", "municipality": "", "county": "DuPage", "year_created": null, "year_expiry": null, "ordinance": null, "active": true, "source": "DuPage County", "source_url": "https://services.arcgis.com/neJvtQ4PXvnQ86MJ/arcgis/rest/services/TIF_Districts_/FeatureServer/17"}, "geometry": {"type": "Polygon", "coordinates": [[[-88.21566, 41.74735], [-88.22376, 41.74763], [-88.21565, 41.7502], [-88.21566, 41.74735]]]}}, {"type": "Feature", "properties": {"tif_name": "Bensenville 12", "municipality": "", "county": "DuPage", "year_created": null, "year_expiry": null, "ordinance": null, "active": true, "source": "DuPage County", "source_url": "https://services.arcgis.com/neJvtQ4PXvnQ86MJ/arcgis/rest/services/TIF_Districts_/FeatureServer/17"}, "geometry": {"type": "Polygon", "coordinates": [[[-87.94716, 41.99189], [-87.94709, 41.98658], [-87.93983, 41.9867], [-87.93937, 41.96021], [-87.94333, 41.9604], [-87.94333, 41.95857], [-87.93948, 41.95798], [-87.93947, 41.95494], [-87.94037, 41.95583], [-87.94189, 41.95499], [-87.95299, 41.95749], [-87.95358, 41.95512], [-87.95685, 41.95508], [-87.95679, 41.95422], [-87.95853, 41.95408], [-87.95854, 41.95329], [-87.95139, 41.95362], [-87.95052, 41.95307], [-87.95193, 41.95047], [-87.9566, 41.9504], [-87.95657, 41.94833], [-87.95978, 41.94828], [-87.95937, 41.95027], [-87.9577, 41.9503], [-87.95772, 41.95189], [-87.95937, 41.95186], [-87.95982, 41.95954], [-87.95932, 41.95978], [-87.9637, 41.96041], [-87.96419, 41.96171], [-87.95527, 41.96105], [-87.95563, 41.95997], [-87.9549, 41.95997], [-87.95493, 41.96106], [-87.9503, 41.96106], [-87.95041, 41.95996], [-87.95254, 41.96015], [-87.95271, 41.95878], [-87.94535, 41.95739], [-87.94268, 41.95599], [-87.94268, 41.95687], [-87.94532, 41.95786], [-87.94425, 41.95938], [-87.94899, 41.95936], [-87.94882, 41.96107], [-87.94451, 41.96169], [-87.94451, 41.96513], [-87.95003, 41.96553], [-87.95446, 41.96515], [-87.95446, 41.96438], [-87.95514, 41.96437], [-87.95435, 41.96901], [-87.95689, 41.96895], [-87.95697, 41.97048], [-87.9535, 41.97053], [-87.95354, 41.97177], [-87.95962, 41.97168], [-87.95965, 41.98002], [-87.95427, 41.98007], [-87.95433, 41.99019], [-87.9529, 41.99021], [-87.95289, 41.99328], [-87.94717, 41.99338], [-87.94716, 41.99189]]]}}, {"type": "Feature", "properties": {"tif_name": "Bensenville 4", "municipality": "", "county": "DuPage", "year_created": null, "year_expiry": null, "ordinance": null, "active": true, "source": "DuPage County", "source_url": "https://services.arcgis.com/neJvtQ4PXvnQ86MJ/arcgis/rest/services/TIF_Districts_/FeatureServer/17"}, "geometry": {"type": "Polygon", "coordinates": [[[-87.92027, 41.93581], [-87.9203, 41.93142], [-87.92543, 41.93155], [-87.9262, 41.93572], [-87.92027, 41.93581]]]}}, {"type": "Feature", "properties": {"tif_name": "Bloomingdale 3", "municipality": "", "county": "DuPage", "year_created": null, "year_expiry": null, "ordinance": null, "active": true, "source": "DuPage County", "source_url": "https://services.arcgis.com/neJvtQ4PXvnQ86MJ/arcgis/rest/services/TIF_Districts_/FeatureServer/17"}, "geometry": {"type": "Polygon", "coordinates": [[[-88.08616, 41.95785], [-88.08907, 41.95768], [-88.08912, 41.95849], [-88.09103, 41.9592], [-88.09103, 41.96053], [-88.08941, 41.95971], [-88.08953, 41.96121], [-88.08582, 41.96134], [-88.08616, 41.95785]], [[-88.08768, 41.95971], [-88.08904, 41.95984], [-88.08788, 41.95894], [-88.08768, 41.95971]]]}}, {"type": "Feature", "properties": {"tif_name": "Bloomingdale 4", "municipality": "", "county": "DuPage", "year_created": null, "year_expiry": null, "ordinance": null, "active": true, "source": "DuPage County", "source_url": "https://services.arcgis.com/neJvtQ4PXvnQ86MJ/arcgis/rest/services/TIF_Districts_/FeatureServer/17"}, "geometry": {"type": "Polygon", "coordinates": [[[-88.08765, 41.95971], [-88.08788, 41.95894], [-88.08904, 41.95984], [-88.08765, 41.95971]]]}}, {"type": "Feature", "properties": {"tif_name": "Bloomingdale 5", "municipality": "", "county": "DuPage", "year_created": null, "year_expiry": null, "ordinance": null, "active": true, "source": "DuPage County", "source_url": "https://services.arcgis.com/neJvtQ4PXvnQ86MJ/arcgis/rest/services/TIF_Districts_/FeatureServer/17"}, "geometry": {"type": "Polygon", "coordinates": [[[-88.07065, 41.95865], [-88.06288, 41.95816], [-88.06289, 41.95672], [-88.06831, 41.95664], [-88.06889, 41.95744], [-88.06687, 41.95731], [-88.06685, 41.95798], [-88.06965, 41.95813], [-88.06915, 41.95698], [-88.06974, 41.95682], [-88.07506, 41.95751], [-88.07504, 41.95694], [-88.07584, 41.95752], [-88.07688, 41.95704], [-88.0769, 41.95788], [-88.07065, 41.95865]]]}}, {"type": "Feature", "properties": {"tif_name": "Bloomingdale 6", "municipality": "", "county": "DuPage", "year_created": null, "year_expiry": null, "ordinance": null, "active": true, "source": "DuPage County", "source_url": "https://services.arcgis.com/neJvtQ4PXvnQ86MJ/arcgis/rest/services/TIF_Districts_/FeatureServer/17"}, "geometry": {"type": "Polygon", "coordinates": [[[-88.11688, 41.94915], [-88.11882, 41.94712], [-88.11813, 41.94628], [-88.12063, 41.94664], [-88.1207, 41.94809], [-88.11951, 41.94808], [-88.11955, 41.94952], [-88.12069, 41.94964], [-88.12068, 41.95137], [-88.11889, 41.95084], [-88.11652, 41.9515], [-88.11606, 41.95], [-88.11688, 41.94915]]]}}, {"type": "Feature", "properties": {"tif_name": "Bloomingdale 7", "municipality": "", "county": "DuPage", "year_created": null, "year_expiry": null, "ordinance": null, "active": true, "source": "DuPage County", "source_url": "https://services.arcgis.com/neJvtQ4PXvnQ86MJ/arcgis/rest/services/TIF_Districts_/FeatureServer/17"}, "geometry": {"type": "Polygon", "coordinates": [[[-88.11813, 41.94628], [-88.11433, 41.94544], [-88.11519, 41.94305], [-88.11963, 41.94289], [-88.12048, 41.9456], [-88.12213, 41.94555], [-88.12212, 41.94679], [-88.11813, 41.94628]]]}}, {"type": "Feature", "properties": {"tif_name": "Bloomingdale 8", "municipality": "", "county": "DuPage", "year_created": null, "year_expiry": null, "ordinance": null, "active": true, "source": "DuPage County", "source_url": "https://services.arcgis.com/neJvtQ4PXvnQ86MJ/arcgis/rest/services/TIF_Districts_/FeatureServer/17"}, "geometry": {"type": "Polygon", "coordinates": [[[-88.11211, 41.9501], [-88.11073, 41.95035], [-88.11056, 41.94529], [-88.11263, 41.94595], [-88.11625, 41.94552], [-88.11882, 41.94712], [-88.11606, 41.95], [-88.11652, 41.9515], [-88.11354, 41.95141], [-88.11211, 41.9501]]]}}, {"type": "Feature", "properties": {"tif_name": "Carol Stream 3", "municipality": "", "county": "DuPage", "year_created": null, "year_expiry": null, "ordinance": null, "active": true, "source": "DuPage County", "source_url": "https://services.arcgis.com/neJvtQ4PXvnQ86MJ/arcgis/rest/services/TIF_Districts_/FeatureServer/17"}, "geometry": {"type": "Polygon", "coordinates": [[[-88.10173, 41.90224], [-88.10177, 41.89857], [-88.11044, 41.89892], [-88.11012, 41.902], [-88.10173, 41.90224]]]}}, {"type": "Feature", "properties": {"tif_name": "Clarendon Hills 2", "municipality": "", "county": "DuPage", "year_created": null, "year_expiry": null, "ordinance": null, "active": true, "source": "DuPage County", "source_url": "https://services.arcgis.com/neJvtQ4PXvnQ86MJ/arcgis/rest/services/TIF_Districts_/FeatureServer/17"}, "geometry": {"type": "Polygon", "coordinates": [[[-87.95084, 41.79803], [-87.95222, 41.79739], [-87.95311, 41.79565], [-87.9554, 41.79483], [-87.95863, 41.79649], [-87.95487, 41.79763], [-87.95498, 41.79837], [-87.95084, 41.79803]]]}}, {"type": "Feature", "properties": {"tif_name": "Clarendon Hills 3", "municipality": "", "county": "DuPage", "year_created": null, "year_expiry": null, "ordinance": null, "active": true, "source": "DuPage County", "source_url": "https://services.arcgis.com/neJvtQ4PXvnQ86MJ/arcgis/rest/services/TIF_Districts_/FeatureServer/17"}, "geometry": {"type": "Polygon", "coordinates": [[[-87.95704, 41.78899], [-87.95055, 41.78898], [-87.95053, 41.78838], [-87.95169, 41.78852], [-87.95154, 41.7868], [-87.95302, 41.78858], [-87.9542, 41.78765], [-87.95625, 41.78755], [-87.957, 41.78809], [-87.95589, 41.78852], [-87.96283, 41.78837], [-87.96271, 41.78506], [-87.95905, 41.78441], [-87.959, 41.78318], [-87.96264, 41.78324], [-87.96294, 41.78471], [-87.96524, 41.78477], [-87.96528, 41.78568], [-87.96341, 41.78572], [-87.96344, 41.78654], [-87.96531, 41.7865], [-87.96536, 41.78804], [-87.96394, 41.788], [-87.96275, 41.78918], [-87.95704, 41.78899]], [[-87.96412, 41.78796], [-87.96436, 41.78803], [-87.96435, 41.78779], [-87.96412, 41.78796]], [[-87.96447, 41.78787], [-87.96471, 41.78795], [-87.96471, 41.78771], [-87.96447, 41.78787]], [[-87.96434, 41.78776], [-87.9641, 41.78752], [-87.9641, 41.78776], [-87.96434, 41.78776]], [[-87.9645, 41.78767], [-87.96479, 41.78738], [-87.96455, 41.78736], [-87.9645, 41.78767]], [[-87.96433, 41.78738], [-87.96404, 41.7872], [-87.96413, 41.7875], [-87.96433, 41.78738]], [[-87.96385, 41.7874], [-87.96384, 41.78721], [-87.96333, 41.78722], [-87.96385, 41.7874]], [[-87.96438, 41.78711], [-87.9648, 41.78728], [-87.96479, 41.7871], [-87.96438, 41.78711]], [[-87.96499, 41.78724], [-87.96524, 41.78739], [-87.96523, 41.78708], [-87.96499, 41.78724]], [[-87.96425, 41.78714], [-87.96399, 41.78676], [-87.96401, 41.78714], [-87.96425, 41.78714]], [[-87.96378, 41.78685], [-87.96354, 41.78677], [-87.96355, 41.78715], [-87.96378, 41.78685]], [[-87.96439, 41.78677], [-87.96481, 41.78693], [-87.9648, 41.78676], [-87.96439, 41.78677]], [[-87.96501, 41.78689], [-87.96524, 41.78704], [-87.96523, 41.78674], [-87.96501, 41.78689]], [[-87.965, 41.78759], [-87.96524, 41.78767], [-87.96524, 41.78743], [-87.965, 41.78759]], [[-87.9649, 41.78783], [-87.96531, 41.788], [-87.96531, 41.78782], [-87.9649, 41.78783]]]}}, {"type": "Feature", "properties": {"tif_name": "Darien 1", "municipality": "", "county": "DuPage", "year_created": null, "year_expiry": null, "ordinance": null, "active": true, "source": "DuPage County", "source_url": "https://services.arcgis.com/neJvtQ4PXvnQ86MJ/arcgis/rest/services/TIF_Districts_/FeatureServer/17"}, "geometry": {"type": "Polygon", "coordinates": [[[-88.01265, 41.74935], [-88.01055, 41.74973], [-88.01136, 41.75088], [-88.00905, 41.75092], [-88.00897, 41.74831], [-88.01243, 41.74826], [-88.01265, 41.74935]]]}}, {"type": "Feature", "properties": {"tif_name": "Downers Grove 2", "municipality": "", "county": "DuPage", "year_created": null, "year_expiry": null, "ordinance": null, "active": true, "source": "DuPage County", "source_url": "https://services.arcgis.com/neJvtQ4PXvnQ86MJ/arcgis/rest/services/TIF_Districts_/FeatureServer/17"}, "geometry": {"type": "Polygon", "coordinates": [[[-87.99521, 41.81047], [-87.99048, 41.81031], [-87.99054, 41.80903], [-88.00966, 41.80827], [-88.00954, 41.80537], [-88.01107, 41.80535], [-88.01117, 41.80805], [-88.01342, 41.80803], [-88.01335, 41.8062], [-88.0148, 41.80619], [-88.01485, 41.8074], [-88.01762, 41.80757], [-88.02413, 41.80755], [-88.0241, 41.80688], [-88.02565, 41.80648], [-88.02645, 41.80646], [-88.02649, 41.80739], [-88.02799, 41.80741], [-88.02795, 41.80643], [-88.03117, 41.80636], [-88.03121, 41.80721], [-88.03216, 41.80714], [-88.03219, 41.80808], [-88.02935, 41.80821], [-88.02926, 41.80881], [-88.01563, 41.80907], [-88.01567, 41.80999], [-87.99521, 41.81047]]]}}, {"type": "Feature", "properties": {"tif_name": "Downers Grove 3", "municipality": "", "county": "DuPage", "year_created": null, "year_expiry": null, "ordinance": null, "active": true, "source": "DuPage County", "source_url": "https://services.arcgis.com/neJvtQ4PXvnQ86MJ/arcgis/rest/services/TIF_Districts_/FeatureServer/17"}, "geometry": {"type": "Polygon", "coordinates": [[[-88.00155, 41.79582], [-88.00121, 41.79537], [-88.0037, 41.79457], [-88.00689, 41.79416], [-88.00699, 41.79581], [-88.00155, 41.79582]]]}}, {"type": "Feature", "properties": {"tif_name": "Downers Grove 4", "municipality": "", "county": "DuPage", "year_created": null, "year_expiry": null, "ordinance": null, "active": true, "source": "DuPage County", "source_url": "https://services.arcgis.com/neJvtQ4PXvnQ86MJ/arcgis/rest/services/TIF_Districts_/FeatureServer/17"}, "geometry": {"type": "Polygon", "coordinates": [[[-88.03239, 41.77263], [-88.03181, 41.7726], [-88.03171, 41.77007], [-88.03657, 41.7705], [-88.03664, 41.77184], [-88.03579, 41.77186], [-88.03582, 41.77249], [-88.03239, 41.77263]], [[-88.03311, 41.77063], [-88.03256, 41.77029], [-88.03271, 41.77064], [-88.03311, 41.77063]]]}}, {"type": "Feature", "properties": {"tif_name": "Elmhurst 4", "municipality": "", "county": "DuPage", "year_created": null, "year_expiry": null, "ordinance": null, "active": true, "source": "DuPage County", "source_url": "https://services.arcgis.com/neJvtQ4PXvnQ86MJ/arcgis/rest/services/TIF_Districts_/FeatureServer/17"}, "geometry": {"type": "Polygon", "coordinates": [[[-87.93947, 41.93088], [-87.9395, 41.92734], [-87.93356, 41.92746], [-87.93317, 41.92678], [-87.9366, 41.92618], [-87.9366, 41.92556], [-87.93958, 41.92551], [-87.93906, 41.91728], [-87.93834, 41.91729], [-87.93813, 41.91431], [-87.93952, 41.91464], [-87.93844, 41.91103], [-87.9397, 41.911], [-87.93969, 41.91017], [-87.93841, 41.90983], [-87.93914, 41.90916], [-87.93979, 41.90442], [-87.94099, 41.90443], [-87.94162, 41.90622], [-87.94068, 41.90624], [-87.94076, 41.9135], [-87.94003, 41.91321], [-87.93996, 41.91739], [-87.94347, 41.91737], [-87.9435, 41.91918], [-87.94129, 41.9192], [-87.94133, 41.921], [-87.94218, 41.92097], [-87.94231, 41.92817], [-87.94026, 41.92857], [-87.94132, 41.92974], [-87.94427, 41.92993], [-87.94429, 41.9312], [-87.93946, 41.93145], [-87.93947, 41.93088]]]}}, {"type": "Feature", "properties": {"tif_name": "Elmhurst 5", "municipality": "", "county": "DuPage", "year_created": null, "year_expiry": null, "ordinance": null, "active": true, "source": "DuPage County", "source_url": "https://services.arcgis.com/neJvtQ4PXvnQ86MJ/arcgis/rest/services/TIF_Districts_/FeatureServer/17"}, "geometry": {"type": "Polygon", "coordinates": [[[-87.95866, 41.92143], [-87.95866, 41.92084], [-87.95552, 41.92062], [-87.95529, 41.92144], [-87.94768, 41.9215], [-87.94626, 41.91931], [-87.94391, 41.92], [-87.94392, 41.92093], [-87.94133, 41.921], [-87.94129, 41.9192], [-87.9435, 41.91918], [-87.94347, 41.91737], [-87.93996, 41.91739], [-87.94003, 41.91321], [-87.94346, 41.91338], [-87.94945, 41.91696], [-87.95044, 41.91693], [-87.94987, 41.91327], [-87.95801, 41.91309], [-87.95812, 41.91676], [-87.95947, 41.91673], [-87.9595, 41.91751], [-87.95687, 41.91769], [-87.95691, 41.91878], [-87.96055, 41.91981], [-87.96662, 41.9242], [-87.96667, 41.92547], [-87.95868, 41.92437], [-87.95866, 41.92143]], [[-87.95316, 41.92063], [-87.95255, 41.91822], [-87.95401, 41.91866], [-87.95394, 41.91693], [-87.95063, 41.91709], [-87.95059, 41.92086], [-87.95316, 41.92063]]]}}, {"type": "Feature", "properties": {"tif_name": "Elmhurst 6", "municipality": "", "county": "DuPage", "year_created": null, "year_expiry": null, "ordinance": null, "active": true, "source": "DuPage County", "source_url": "https://services.arcgis.com/neJvtQ4PXvnQ86MJ/arcgis/rest/services/TIF_Districts_/FeatureServer/17"}, "geometry": {"type": "Polygon", "coordinates": [[[-87.93912, 41.9045], [-87.93908, 41.90204], [-87.93983, 41.90204], [-87.93984, 41.9012], [-87.93814, 41.90123], [-87.93804, 41.90018], [-87.93705, 41.90041], [-87.93627, 41.89933], [-87.9376, 41.89948], [-87.93759, 41.89748], [-87.9387, 41.89745], [-87.93927, 41.89917], [-87.9399, 41.89923], [-87.9399, 41.89754], [-87.94229, 41.89821], [-87.94229, 41.89703], [-87.9399, 41.89718], [-87.93991, 41.89596], [-87.9423, 41.89597], [-87.94233, 41.89436], [-87.94501, 41.89435], [-87.94475, 41.90009], [-87.94626, 41.90001], [-87.94623, 41.90088], [-87.9418, 41.9001], [-87.94234, 41.90266], [-87.94173, 41.90265], [-87.94169, 41.90406], [-87.93979, 41.90442], [-87.93976, 41.90586], [-87.9391, 41.90588], [-87.93912, 41.9045]], [[-87.94208, 41.89854], [-87.94124, 41.89894], [-87.94232, 41.89895], [-87.94208, 41.89854]]]}}, {"type": "Feature", "properties": {"tif_name": "Glen Ellyn 1", "municipality": "", "county": "DuPage", "year_created": null, "year_expiry": null, "ordinance": null, "active": true, "source": "DuPage County", "source_url": "https://services.arcgis.com/neJvtQ4PXvnQ86MJ/arcgis/rest/services/TIF_Districts_/FeatureServer/17"}, "geometry": {"type": "Polygon", "coordinates": [[[-88.06663, 41.87868], [-88.06662, 41.87803], [-88.06366, 41.87824], [-88.06238, 41.87485], [-88.06828, 41.87415], [-88.06853, 41.87503], [-88.07541, 41.87553], [-88.07555, 41.8768], [-88.07411, 41.87785], [-88.07136, 41.87687], [-88.07057, 41.87699], [-88.07079, 41.87789], [-88.06961, 41.87715], [-88.07004, 41.87801], [-88.06921, 41.87814], [-88.06946, 41.87865], [-88.06663, 41.87868]]]}}, {"type": "Feature", "properties": {"tif_name": "Glen Ellyn 2", "municipality": "", "county": "DuPage", "year_created": null, "year_expiry": null, "ordinance": null, "active": true, "source": "DuPage County", "source_url": "https://services.arcgis.com/neJvtQ4PXvnQ86MJ/arcgis/rest/services/TIF_Districts_/FeatureServer/17"}, "geometry": {"type": "Polygon", "coordinates": [[[-88.06122, 41.86033], [-88.05965, 41.85951], [-88.05246, 41.85957], [-88.05245, 41.85765], [-88.06179, 41.85837], [-88.06174, 41.85925], [-88.06645, 41.85922], [-88.06641, 41.85993], [-88.06122, 41.86033]]]}}, {"type": "Feature", "properties": {"tif_name": "Glendale Heights 2", "municipality": "", "county": "DuPage", "year_created": null, "year_expiry": null, "ordinance": null, "active": true, "source": "DuPage County", "source_url": "https://services.arcgis.com/neJvtQ4PXvnQ86MJ/arcgis/rest/services/TIF_Districts_/FeatureServer/17"}, "geometry": {"type": "Polygon", "coordinates": [[[-88.06589, 41.89884], [-88.06843, 41.89872], [-88.06748, 41.89928], [-88.06589, 41.89884]]]}}, {"type": "Feature", "properties": {"tif_name": "Glendale Heights 3", "municipality": "", "county": "DuPage", "year_created": null, "year_expiry": null, "ordinance": null, "active": true, "source": "DuPage County", "source_url": "https://services.arcgis.com/neJvtQ4PXvnQ86MJ/arcgis/rest/services/TIF_Districts_/FeatureServer/17"}, "geometry": {"type": "Polygon", "coordinates": [[[-88.082, 41.90066], [-88.07937, 41.90053], [-88.08201, 41.9001], [-88.08636, 41.90062], [-88.08635, 41.90269], [-88.0818, 41.90284], [-88.082, 41.90066]]]}}, {"type": "Feature", "properties": {"tif_name": "Glendale Heights 4", "municipality": "", "county": "DuPage", "year_created": null, "year_expiry": null, "ordinance": null, "active": true, "source": "DuPage County", "source_url": "https://services.arcgis.com/neJvtQ4PXvnQ86MJ/arcgis/rest/services/TIF_Districts_/FeatureServer/17"}, "geometry": {"type": "Polygon", "coordinates": [[[-88.06033, 41.90354], [-88.06222, 41.90348], [-88.06271, 41.9052], [-88.06035, 41.90581], [-88.06033, 41.90354]]]}}, {"type": "Feature", "properties": {"tif_name": "Glendale Heights 5", "municipality": "", "county": "DuPage", "year_created": null, "year_expiry": null, "ordinance": null, "active": true, "source": "DuPage County", "source_url": "https://services.arcgis.com/neJvtQ4PXvnQ86MJ/arcgis/rest/services/TIF_Districts_/FeatureServer/17"}, "geometry": {"type": "Polygon", "coordinates": [[[-88.09084, 41.90105], [-88.0939, 41.90063], [-88.094, 41.90244], [-88.09083, 41.90253], [-88.09084, 41.90105]]]}}, {"type": "Feature", "properties": {"tif_name": "Glendale Heights 6", "municipality": "", "county": "DuPage", "year_created": null, "year_expiry": null, "ordinance": null, "active": true, "source": "DuPage County", "source_url": "https://services.arcgis.com/neJvtQ4PXvnQ86MJ/arcgis/rest/services/TIF_Districts_/FeatureServer/17"}, "geometry": {"type": "Polygon", "coordinates": [[[-88.04653, 41.90397], [-88.0472, 41.90395], [-88.04701, 41.90762], [-88.04674, 41.90578], [-88.04388, 41.90586], [-88.04377, 41.90405], [-88.04653, 41.90397]]]}}, {"type": "Feature", "properties": {"tif_name": "Glendale Heights 7", "municipality": "", "county": "DuPage", "year_created": null, "year_expiry": null, "ordinance": null, "active": true, "source": "DuPage County", "source_url": "https://services.arcgis.com/neJvtQ4PXvnQ86MJ/arcgis/rest/services/TIF_Districts_/FeatureServer/17"}, "geometry": {"type": "Polygon", "coordinates": [[[-88.09357, 41.93504], [-88.09357, 41.9344], [-88.09631, 41.9344], [-88.09547, 41.93835], [-88.09357, 41.93818], [-88.09357, 41.93504]]]}}, {"type": "Feature", "properties": {"tif_name": "Hanover Park 3", "municipality": "", "county": "DuPage", "year_created": null, "year_expiry": null, "ordinance": null, "active": true, "source": "DuPage County", "source_url": "https://services.arcgis.com/neJvtQ4PXvnQ86MJ/arcgis/rest/services/TIF_Districts_/FeatureServer/17"}, "geometry": {"type": "Polygon", "coordinates": [[[-88.14685, 41.98802], [-88.14704, 41.98562], [-88.14992, 41.98705], [-88.14994, 41.98479], [-88.14623, 41.98426], [-88.14622, 41.98546], [-88.14535, 41.985], [-88.14497, 41.98107], [-88.14695, 41.98095], [-88.15403, 41.98096], [-88.1539, 41.98719], [-88.15944, 41.98787], [-88.14685, 41.98802]]]}}, {"type": "Feature", "properties": {"tif_name": "Itasca 1", "municipality": "", "county": "DuPage", "year_created": null, "year_expiry": null, "ordinance": null, "active": true, "source": "DuPage County", "source_url": "https://services.arcgis.com/neJvtQ4PXvnQ86MJ/arcgis/rest/services/TIF_Districts_/FeatureServer/17"}, "geometry": {"type": "Polygon", "coordinates": [[[-88.01806, 41.97236], [-88.01237, 41.97299], [-88.01283, 41.97159], [-88.00922, 41.97103], [-88.01175, 41.97064], [-88.01175, 41.96954], [-88.0144, 41.97136], [-88.02406, 41.97143], [-88.02385, 41.97335], [-88.01806, 41.97236]]]}}, {"type": "Feature", "properties": {"tif_name": "Lisle 1", "municipality": "", "county": "DuPage", "year_created": null, "year_expiry": null, "ordinance": null, "active": true, "source": "DuPage County", "source_url": "https://services.arcgis.com/neJvtQ4PXvnQ86MJ/arcgis/rest/services/TIF_Districts_/FeatureServer/17"}, "geometry": {"type": "Polygon", "coordinates": [[[-88.10331, 41.80825], [-88.11119, 41.80863], [-88.11115, 41.81122], [-88.11324, 41.81158], [-88.11139, 41.81177], [-88.10924, 41.814], [-88.10559, 41.81405], [-88.1034, 41.81206], [-88.10331, 41.80825]]]}}, {"type": "Feature", "properties": {"tif_name": "Lisle 2", "municipality": "", "county": "DuPage", "year_created": null, "year_expiry": null, "ordinance": null, "active": true, "source": "DuPage County", "source_url": "https://services.arcgis.com/neJvtQ4PXvnQ86MJ/arcgis/rest/services/TIF_Districts_/FeatureServer/17"}, "geometry": {"type": "Polygon", "coordinates": [[[-88.10331, 41.80825], [-88.10227, 41.80814], [-88.10219, 41.80609], [-88.10615, 41.80615], [-88.10624, 41.80851], [-88.10331, 41.80825]]]}}, {"type": "Feature", "properties": {"tif_name": "Lisle 3", "municipality": "", "county": "DuPage", "year_created": null, "year_expiry": null, "ordinance": null, "active": true, "source": "DuPage County", "source_url": "https://services.arcgis.com/neJvtQ4PXvnQ86MJ/arcgis/rest/services/TIF_Districts_/FeatureServer/17"}, "geometry": {"type": "Polygon", "coordinates": [[[-88.07206, 41.79983], [-88.07201, 41.79924], [-88.07481, 41.79954], [-88.075, 41.80138], [-88.07222, 41.80165], [-88.07206, 41.79983]]]}}, {"type": "Feature", "properties": {"tif_name": "Lombard 2", "municipality": "", "county": "DuPage", "year_created": null, "year_expiry": null, "ordinance": null, "active": true, "source": "DuPage County", "source_url": "https://services.arcgis.com/neJvtQ4PXvnQ86MJ/arcgis/rest/services/TIF_Districts_/FeatureServer/17"}, "geometry": {"type": "Polygon", "coordinates": [[[-88.00845, 41.89089], [-88.00849, 41.8893], [-88.01443, 41.88791], [-88.01496, 41.88852], [-88.01195, 41.88926], [-88.01193, 41.89023], [-88.0161, 41.89072], [-88.00845, 41.89089]]]}}, {"type": "Feature", "properties": {"tif_name": "Lombard 3", "municipality": "", "county": "DuPage", "year_created": null, "year_expiry": null, "ordinance": null, "active": true, "source": "DuPage County", "source_url": "https://services.arcgis.com/neJvtQ4PXvnQ86MJ/arcgis/rest/services/TIF_Districts_/FeatureServer/17"}, "geometry": {"type": "Polygon", "coordinates": [[[-87.99373, 41.88977], [-87.99372, 41.88913], [-88.0024, 41.88986], [-88.00849, 41.88908], [-88.00845, 41.89089], [-88.00548, 41.89064], [-88.0084, 41.88947], [-87.9992, 41.89183], [-87.99923, 41.89047], [-87.99371, 41.89045], [-87.99373, 41.88977]]]}}, {"type": "Feature", "properties": {"tif_name": "Lombard 4", "municipality": "", "county": "DuPage", "year_created": null, "year_expiry": null, "ordinance": null, "active": true, "source": "DuPage County", "source_url": "https://services.arcgis.com/neJvtQ4PXvnQ86MJ/arcgis/rest/services/TIF_Districts_/FeatureServer/17"}, "geometry": {"type": "Polygon", "coordinates": [[[-87.99714, 41.84586], [-87.99751, 41.84185], [-88.00002, 41.84121], [-87.99889, 41.8397], [-88.00089, 41.83886], [-88.00111, 41.84069], [-88.00322, 41.84086], [-88.00288, 41.83805], [-88.00668, 41.83957], [-88.00747, 41.83676], [-88.00896, 41.8367], [-88.00855, 41.83605], [-88.00948, 41.83576], [-88.0102, 41.83769], [-88.01136, 41.83752], [-88.0102, 41.83793], [-88.01032, 41.8397], [-88.01146, 41.8396], [-88.01157, 41.84172], [-88.01044, 41.84176], [-88.00996, 41.84283], [-88.00619, 41.84379], [-88.00614, 41.84269], [-88.00448, 41.84265], [-88.00389, 41.84347], [-88.00157, 41.84347], [-88.00162, 41.84423], [-87.99979, 41.84373], [-88.00014, 41.84606], [-87.99714, 41.84586]], [[-88.00586, 41.84264], [-88.00603, 41.84216], [-88.00454, 41.84249], [-88.00586, 41.84264]]]}}, {"type": "Feature", "properties": {"tif_name": "Naperville 1", "municipality": "", "county": "DuPage", "year_created": null, "year_expiry": null, "ordinance": null, "active": true, "source": "DuPage County", "source_url": "https://services.arcgis.com/neJvtQ4PXvnQ86MJ/arcgis/rest/services/TIF_Districts_/FeatureServer/17"}, "geometry": {"type": "Polygon", "coordinates": [[[-88.15096, 41.77167], [-88.14952, 41.77144], [-88.15011, 41.76981], [-88.15153, 41.76985], [-88.15096, 41.77167]]]}}, {"type": "Feature", "properties": {"tif_name": "Roselle 2", "municipality": "", "county": "DuPage", "year_created": null, "year_expiry": null, "ordinance": null, "active": true, "source": "DuPage County", "source_url": "https://services.arcgis.com/neJvtQ4PXvnQ86MJ/arcgis/rest/services/TIF_Districts_/FeatureServer/17"}, "geometry": {"type": "Polygon", "coordinates": [[[-88.08841, 41.98765], [-88.08098, 41.98526], [-88.08142, 41.98449], [-88.0804, 41.98428], [-88.08011, 41.98315], [-88.07854, 41.98298], [-88.07854, 41.98197], [-88.08039, 41.9819], [-88.08091, 41.98342], [-88.08583, 41.98321], [-88.08585, 41.98209], [-88.08828, 41.982], [-88.08825, 41.98323], [-88.08913, 41.9832], [-88.08909, 41.98577], [-88.09259, 41.98681], [-88.09139, 41.98739], [-88.09112, 41.98848], [-88.08841, 41.98765]], [[-88.08822, 41.9848], [-88.08825, 41.98334], [-88.08727, 41.98338], [-88.08725, 41.98483], [-88.08822, 41.9848]]]}}, {"type": "Feature", "properties": {"tif_name": "Roselle 3", "municipality": "", "county": "DuPage", "year_created": null, "year_expiry": null, "ordinance": null, "active": true, "source": "DuPage County", "source_url": "https://services.arcgis.com/neJvtQ4PXvnQ86MJ/arcgis/rest/services/TIF_Districts_/FeatureServer/17"}, "geometry": {"type": "Polygon", "coordinates": [[[-88.06609, 41.98635], [-88.06627, 41.98143], [-88.06132, 41.98047], [-88.06107, 41.97963], [-88.06527, 41.97949], [-88.06502, 41.98], [-88.0666, 41.98084], [-88.06874, 41.98105], [-88.06876, 41.98028], [-88.07259, 41.97965], [-88.07487, 41.97999], [-88.07486, 41.98105], [-88.07781, 41.98094], [-88.07781, 41.982], [-88.07844, 41.98198], [-88.07641, 41.98304], [-88.07836, 41.98341], [-88.07756, 41.98371], [-88.07894, 41.98441], [-88.07838, 41.98557], [-88.07718, 41.98454], [-88.07697, 41.98512], [-88.07538, 41.98467], [-88.07561, 41.98413], [-88.07225, 41.98439], [-88.07164, 41.98505], [-88.06965, 41.98427], [-88.06609, 41.98635]]]}}, {"type": "Feature", "properties": {"tif_name": "St Charles 1", "municipality": "", "county": "DuPage", "year_created": null, "year_expiry": null, "ordinance": null, "active": true, "source": "DuPage County", "source_url": "https://services.arcgis.com/neJvtQ4PXvnQ86MJ/arcgis/rest/services/TIF_Districts_/FeatureServer/17"}, "geometry": {"type": "Polygon", "coordinates": [[[-88.25269, 41.92144], [-88.2499, 41.92118], [-88.24994, 41.91574], [-88.26254, 41.9167], [-88.26256, 41.92151], [-88.25269, 41.92144]]]}}, {"type": "Feature", "properties": {"tif_name": "Villa Park 3", "municipality": "", "county": "DuPage", "year_created": null, "year_expiry": null, "ordinance": null, "active": true, "source": "DuPage County", "source_url": "https://services.arcgis.com/neJvtQ4PXvnQ86MJ/arcgis/rest/services/TIF_Districts_/FeatureServer/17"}, "geometry": {"type": "Polygon", "coordinates": [[[-87.98338, 41.90771], [-87.98334, 41.90667], [-87.97866, 41.90677], [-87.97883, 41.90547], [-87.97796, 41.90549], [-87.9775, 41.90317], [-87.97677, 41.90319], [-87.97672, 41.90551], [-87.97576, 41.90553], [-87.97582, 41.90741], [-87.96918, 41.90689], [-87.9689, 41.90475], [-87.97366, 41.90428], [-87.9742, 41.90307], [-87.97422, 41.90195], [-87.97124, 41.90089], [-87.9882, 41.9043], [-87.99316, 41.90447], [-87.99319, 41.90378], [-87.99494, 41.90367], [-88.00474, 41.90468], [-88.00415, 41.90568], [-88.00189, 41.90572], [-88.00186, 41.90501], [-87.993, 41.90518], [-87.99309, 41.90718], [-87.98822, 41.9073], [-87.98825, 41.90802], [-87.98338, 41.90771]]]}}, {"type": "Feature", "properties": {"tif_name": "Villa Park 6", "municipality": "", "county": "DuPage", "year_created": null, "year_expiry": null, "ordinance": null, "active": true, "source": "DuPage County", "source_url": "https://services.arcgis.com/neJvtQ4PXvnQ86MJ/arcgis/rest/services/TIF_Districts_/FeatureServer/17"}, "geometry": {"type": "Polygon", "coordinates": [[[-87.97755, 41.89796], [-87.97757, 41.89702], [-87.9751, 41.89676], [-87.98383, 41.89584], [-87.98391, 41.89698], [-87.97976, 41.89674], [-87.97972, 41.89793], [-87.97755, 41.89796]]]}}, {"type": "Feature", "properties": {"tif_name": "Villa Park 7", "municipality": "", "county": "DuPage", "year_created": null, "year_expiry": null, "ordinance": null, "active": true, "source": "DuPage County", "source_url": "https://services.arcgis.com/neJvtQ4PXvnQ86MJ/arcgis/rest/services/TIF_Districts_/FeatureServer/17"}, "geometry": {"type": "Polygon", "coordinates": [[[-87.97973, 41.89079], [-87.97974, 41.89017], [-87.96918, 41.89075], [-87.96919, 41.88995], [-87.96399, 41.89015], [-87.96239, 41.88937], [-87.96221, 41.8881], [-87.96474, 41.88799], [-87.96476, 41.88936], [-87.96804, 41.88905], [-87.96904, 41.88709], [-87.98884, 41.88873], [-87.98963, 41.88978], [-87.99373, 41.88977], [-87.99371, 41.89029], [-87.98089, 41.89018], [-87.97973, 41.89079]], [[-87.97443, 41.88938], [-87.97708, 41.8893], [-87.97704, 41.88802], [-87.97168, 41.88795], [-87.9717, 41.88946], [-87.97443, 41.88938]]]}}, {"type": "Feature", "properties": {"tif_name": "Warrenville 3", "municipality": "", "county": "DuPage", "year_created": null, "year_expiry": null, "ordinance": null, "active": true, "source": "DuPage County", "source_url": "https://services.arcgis.com/neJvtQ4PXvnQ86MJ/arcgis/rest/services/TIF_Districts_/FeatureServer/17"}, "geometry": {"type": "Polygon", "coordinates": [[[-88.18076, 41.82593], [-88.17886, 41.82627], [-88.17206, 41.82411], [-88.17212, 41.82341], [-88.16966, 41.82338], [-88.16996, 41.82029], [-88.17198, 41.82023], [-88.17192, 41.81961], [-88.16993, 41.81975], [-88.16987, 41.81851], [-88.16816, 41.81855], [-88.16808, 41.81771], [-88.16983, 41.81766], [-88.16969, 41.81612], [-88.17302, 41.81615], [-88.17276, 41.81695], [-88.17443, 41.81715], [-88.17384, 41.81885], [-88.17314, 41.81882], [-88.17335, 41.82197], [-88.17765, 41.82417], [-88.17958, 41.8225], [-88.17989, 41.8211], [-88.18487, 41.82174], [-88.18544, 41.8193], [-88.18713, 41.81952], [-88.18632, 41.82205], [-88.18946, 41.82109], [-88.1901, 41.8216], [-88.18906, 41.82377], [-88.18485, 41.82391], [-88.18203, 41.82649], [-88.18076, 41.82593]]]}}, {"type": "Feature", "properties": {"tif_name": "Warrenville 4", "municipality": "", "county": "DuPage", "year_created": null, "year_expiry": null, "ordinance": null, "active": true, "source": "DuPage County", "source_url": "https://services.arcgis.com/neJvtQ4PXvnQ86MJ/arcgis/rest/services/TIF_Districts_/FeatureServer/17"}, "geometry": {"type": "Polygon", "coordinates": [[[-88.20159, 41.82364], [-88.2014, 41.82014], [-88.20244, 41.82016], [-88.20249, 41.81957], [-88.20137, 41.81954], [-88.20131, 41.82076], [-88.20057, 41.82074], [-88.20051, 41.81733], [-88.19528, 41.81852], [-88.20396, 41.81304], [-88.2034, 41.80984], [-88.2074, 41.81038], [-88.20534, 41.81227], [-88.21084, 41.80793], [-88.21081, 41.81032], [-88.21393, 41.8103], [-88.21375, 41.81352], [-88.20912, 41.81351], [-88.20972, 41.81028], [-88.20854, 41.81027], [-88.20827, 41.81591], [-88.20528, 41.81593], [-88.2143, 41.81664], [-88.21368, 41.82104], [-88.20837, 41.82091], [-88.20809, 41.8239], [-88.20331, 41.82305], [-88.20283, 41.82467], [-88.20155, 41.82463], [-88.20159, 41.82364]], [[-88.20572, 41.8225], [-88.20346, 41.82254], [-88.2057, 41.82291], [-88.20572, 41.8225]]]}}, {"type": "Feature", "properties": {"tif_name": "West Chicago 2", "municipality": "", "county": "DuPage", "year_created": null, "year_expiry": null, "ordinance": null, "active": true, "source": "DuPage County", "source_url": "https://services.arcgis.com/neJvtQ4PXvnQ86MJ/arcgis/rest/services/TIF_Districts_/FeatureServer/17"}, "geometry": {"type": "Polygon", "coordinates": [[[-88.20902, 41.91818], [-88.20581, 41.91823], [-88.20248, 41.91519], [-88.20324, 41.91426], [-88.20921, 41.91518], [-88.20902, 41.91818]]]}}, {"type": "Feature", "properties": {"tif_name": "West Chicago 3", "municipality": "", "county": "DuPage", "year_created": null, "year_expiry": null, "ordinance": null, "active": true, "source": "DuPage County", "source_url": "https://services.arcgis.com/neJvtQ4PXvnQ86MJ/arcgis/rest/services/TIF_Districts_/FeatureServer/17"}, "geometry": {"type": "Polygon", "coordinates": [[[-88.23071, 41.87466], [-88.22751, 41.87358], [-88.23969, 41.86788], [-88.23969, 41.87619], [-88.24347, 41.87613], [-88.2428, 41.87735], [-88.24616, 41.87798], [-88.24594, 41.87944], [-88.2351, 41.87722], [-88.23071, 41.87466]]]}}, {"type": "Feature", "properties": {"tif_name": "West Chicago 4", "municipality": "", "county": "DuPage", "year_created": null, "year_expiry": null, "ordinance": null, "active": true, "source": "DuPage County", "source_url": "https://services.arcgis.com/neJvtQ4PXvnQ86MJ/arcgis/rest/services/TIF_Districts_/FeatureServer/17"}, "geometry": {"type": "Polygon", "coordinates": [[[-88.20705, 41.88341], [-88.20684, 41.88388], [-88.20875, 41.88397], [-88.20858, 41.88683], [-88.20609, 41.88552], [-88.20424, 41.88616], [-88.20406, 41.88503], [-88.20149, 41.8851], [-88.20297, 41.88387], [-88.2011, 41.88281], [-88.1993, 41.88385], [-88.19951, 41.88261], [-88.19783, 41.88272], [-88.19782, 41.88204], [-88.20042, 41.88166], [-88.20705, 41.88341]]]}}, {"type": "Feature", "properties": {"tif_name": "Westmont 1", "municipality": "", "county": "DuPage", "year_created": null, "year_expiry": null, "ordinance": null, "active": true, "source": "DuPage County", "source_url": "https://services.arcgis.com/neJvtQ4PXvnQ86MJ/arcgis/rest/services/TIF_Districts_/FeatureServer/17"}, "geometry": {"type": "Polygon", "coordinates": [[[-87.97475, 41.779], [-87.9735, 41.77865], [-87.97297, 41.7772], [-87.97371, 41.77692], [-87.97363, 41.77481], [-87.97219, 41.77482], [-87.97214, 41.77358], [-87.98425, 41.77334], [-87.98439, 41.7772], [-87.97598, 41.77736], [-87.97603, 41.77898], [-87.97475, 41.779]]]}}, {"type": "Feature", "properties": {"tif_name": "Westmont 2", "municipality": "", "county": "DuPage", "year_created": null, "year_expiry": null, "ordinance": null, "active": true, "source": "DuPage County", "source_url": "https://services.arcgis.com/neJvtQ4PXvnQ86MJ/arcgis/rest/services/TIF_Districts_/FeatureServer/17"}, "geometry": {"type": "Polygon", "coordinates": [[[-87.97052, 41.80373], [-87.9679, 41.80381], [-87.96785, 41.8029], [-87.97405, 41.80223], [-87.97398, 41.8002], [-87.97343, 41.80021], [-87.97385, 41.79666], [-87.97053, 41.79673], [-87.97049, 41.79557], [-87.96564, 41.79567], [-87.96549, 41.79509], [-87.97445, 41.79489], [-87.97344, 41.79264], [-87.97423, 41.79263], [-87.97416, 41.79135], [-87.97518, 41.79133], [-87.97593, 41.79174], [-87.97605, 41.79476], [-87.98503, 41.7947], [-87.9851, 41.79632], [-87.97689, 41.79633], [-87.97707, 41.80145], [-87.97847, 41.80126], [-87.9785, 41.80215], [-87.9756, 41.8029], [-87.97563, 41.80366], [-87.97052, 41.80373]]]}}, {"type": "Feature", "properties": {"tif_name": "Wheaton 3", "municipality": "", "county": "DuPage", "year_created": null, "year_expiry": null, "ordinance": null, "active": true, "source": "DuPage County", "source_url": "https://services.arcgis.com/neJvtQ4PXvnQ86MJ/arcgis/rest/services/TIF_Districts_/FeatureServer/17"}, "geometry": {"type": "Polygon", "coordinates": [[[-88.10104, 41.86513], [-88.10102, 41.86362], [-88.10504, 41.86333], [-88.10504, 41.86473], [-88.10104, 41.86513]]]}}, {"type": "Feature", "properties": {"tif_name": "Willowbrook 2", "municipality": "", "county": "DuPage", "year_created": null, "year_expiry": null, "ordinance": null, "active": true, "source": "DuPage County", "source_url": "https://services.arcgis.com/neJvtQ4PXvnQ86MJ/arcgis/rest/services/TIF_Districts_/FeatureServer/17"}, "geometry": {"type": "Polygon", "coordinates": [[[-87.94233, 41.75703], [-87.93999, 41.7566], [-87.93996, 41.75561], [-87.9374, 41.75435], [-87.93509, 41.75477], [-87.93327, 41.75281], [-87.93503, 41.7526], [-87.93498, 41.75115], [-87.93411, 41.75055], [-87.93496, 41.75054], [-87.93424, 41.74944], [-87.93493, 41.74943], [-87.93488, 41.74799], [-87.93891, 41.74599], [-87.93845, 41.74524], [-87.94158, 41.74298], [-87.94374, 41.74422], [-87.94563, 41.74418], [-87.9457, 41.74509], [-87.94353, 41.74513], [-87.94241, 41.74605], [-87.94253, 41.74663], [-87.9449, 41.74659], [-87.94496, 41.7487], [-87.94207, 41.74875], [-87.94209, 41.74951], [-87.93917, 41.74998], [-87.93919, 41.75098], [-87.94038, 41.75167], [-87.94504, 41.75126], [-87.94472, 41.75266], [-87.94222, 41.75266], [-87.94224, 41.75342], [-87.94475, 41.75337], [-87.94487, 41.75698], [-87.94233, 41.75703]]]}}, {"type": "Feature", "properties": {"tif_name": "Winfield 1", "municipality": "", "county": "DuPage", "year_created": null, "year_expiry": null, "ordinance": null, "active": true, "source": "DuPage County", "source_url": "https://services.arcgis.com/neJvtQ4PXvnQ86MJ/arcgis/rest/services/TIF_Districts_/FeatureServer/17"}, "geometry": {"type": "Polygon", "coordinates": [[[-88.16114, 41.87114], [-88.15911, 41.87054], [-88.15859, 41.87117], [-88.1585, 41.87038], [-88.15625, 41.86968], [-88.16156, 41.86986], [-88.16194, 41.8707], [-88.16114, 41.87114]]]}}, {"type": "Feature", "properties": {"tif_name": "Winfield 1, 2", "municipality": "", "county": "DuPage", "year_created": null, "year_expiry": null, "ordinance": null, "active": true, "source": "DuPage County", "source_url": "https://services.arcgis.com/neJvtQ4PXvnQ86MJ/arcgis/rest/services/TIF_Districts_/FeatureServer/17"}, "geometry": {"type": "Polygon", "coordinates": [[[-88.15817, 41.87289], [-88.15817, 41.87163], [-88.15215, 41.87163], [-88.15466, 41.87082], [-88.1546, 41.86975], [-88.1568, 41.87002], [-88.1585, 41.87038], [-88.15859, 41.87117], [-88.16173, 41.87133], [-88.16073, 41.87345], [-88.15799, 41.87377], [-88.15817, 41.87289]]]}}, {"type": "Feature", "properties": {"tif_name": "Wood Dale 1", "municipality": "", "county": "DuPage", "year_created": null, "year_expiry": null, "ordinance": null, "active": true, "source": "DuPage County", "source_url": "https://services.arcgis.com/neJvtQ4PXvnQ86MJ/arcgis/rest/services/TIF_Districts_/FeatureServer/17"}, "geometry": {"type": "Polygon", "coordinates": [[[-87.98243, 41.98693], [-87.98243, 41.98587], [-87.97564, 41.98594], [-87.97554, 41.98392], [-87.96566, 41.98375], [-87.96001, 41.98264], [-87.95966, 41.98092], [-87.96405, 41.98084], [-87.96406, 41.97907], [-87.95965, 41.97915], [-87.95964, 41.97682], [-87.96408, 41.97642], [-87.96413, 41.97182], [-87.96928, 41.97174], [-87.96986, 41.97366], [-87.97379, 41.97417], [-87.97927, 41.97365], [-87.97713, 41.97268], [-87.9771, 41.97102], [-87.9811, 41.97043], [-87.98036, 41.97133], [-87.98304, 41.97127], [-87.98343, 41.97306], [-87.98222, 41.97354], [-87.98258, 41.97675], [-87.98196, 41.97701], [-87.98257, 41.97863], [-87.97994, 41.97913], [-87.98155, 41.97948], [-87.98147, 41.98104], [-87.9854, 41.98177], [-87.98602, 41.98104], [-87.98715, 41.98161], [-87.99075, 41.98095], [-87.99098, 41.97853], [-87.99089, 41.98406], [-87.99029, 41.98486], [-87.98792, 41.98481], [-87.98761, 41.98592], [-87.98416, 41.98565], [-87.98414, 41.98692], [-87.98243, 41.98693]], [[-87.97381, 41.97485], [-87.97379, 41.97428], [-87.97006, 41.97432], [-87.97044, 41.97548], [-87.97384, 41.97545], [-87.97381, 41.97485]]]}}, {"type": "Feature", "properties": {"tif_name": "Wood Dale 2", "municipality": "", "county": "DuPage", "year_created": null, "year_expiry": null, "ordinance": null, "active": true, "source": "DuPage County", "source_url": "https://services.arcgis.com/neJvtQ4PXvnQ86MJ/arcgis/rest/services/TIF_Districts_/FeatureServer/17"}, "geometry": {"type": "Polygon", "coordinates": [[[-87.97857, 41.96706], [-87.97806, 41.96707], [-87.97806, 41.96496], [-87.97592, 41.96472], [-87.97594, 41.96295], [-87.98332, 41.96539], [-87.98267, 41.96703], [-87.97864, 41.96769], [-87.97857, 41.96706]]]}}, {"type": "Feature", "properties": {"tif_name": "Wood Dale 4", "municipality": "", "county": "DuPage", "year_created": null, "year_expiry": null, "ordinance": null, "active": true, "source": "DuPage County", "source_url": "https://services.arcgis.com/neJvtQ4PXvnQ86MJ/arcgis/rest/services/TIF_Districts_/FeatureServer/17"}, "geometry": {"type": "Polygon", "coordinates": [[[-87.9618, 41.97164], [-87.96413, 41.9716], [-87.96408, 41.97642], [-87.95964, 41.97682], [-87.95962, 41.97308], [-87.96124, 41.97306], [-87.9618, 41.97164]]]}}, {"type": "Feature", "properties": {"tif_name": "ANTIOCH CORPORATE CENTER TIF", "municipality": "Antioch", "county": "Lake", "year_created": null, "year_expiry": null, "ordinance": null, "active": true, "source": "Lake County", "source_url": "https://services3.arcgis.com/HESxeTbDliKKvec2/arcgis/rest/services/LakeCounty_TaxDistricts/FeatureServer/13"}, "geometry": {"type": "Polygon", "coordinates": [[[-88.0094, 42.47338], [-87.99656, 42.47317], [-87.99707, 42.46599], [-88.01313, 42.46614], [-88.01309, 42.46979], [-88.01061, 42.46978], [-88.01061, 42.47339], [-88.0094, 42.47338]]]}}, {"type": "Feature", "properties": {"tif_name": "BEACH PARK TIF #1", "municipality": "Beach Park", "county": "Lake", "year_created": null, "year_expiry": null, "ordinance": null, "active": true, "source": "Lake County", "source_url": "https://services3.arcgis.com/HESxeTbDliKKvec2/arcgis/rest/services/LakeCounty_TaxDistricts/FeatureServer/13"}, "geometry": {"type": "Polygon", "coordinates": [[[-87.82666, 42.43128], [-87.82077, 42.43108], [-87.82078, 42.42972], [-87.8243, 42.42973], [-87.82542, 42.42904], [-87.82558, 42.41974], [-87.82388, 42.41974], [-87.8239, 42.41857], [-87.82546, 42.41857], [-87.82515, 42.41615], [-87.82091, 42.41583], [-87.82137, 42.41001], [-87.82414, 42.4099], [-87.82423, 42.40639], [-87.8256, 42.40639], [-87.82554, 42.41012], [-87.82501, 42.41027], [-87.83545, 42.40992], [-87.83542, 42.41369], [-87.82714, 42.41367], [-87.82666, 42.43128]]]}}, {"type": "Feature", "properties": {"tif_name": "BEACH PARK TIF #2", "municipality": "Beach Park", "county": "Lake", "year_created": null, "year_expiry": null, "ordinance": null, "active": true, "source": "Lake County", "source_url": "https://services3.arcgis.com/HESxeTbDliKKvec2/arcgis/rest/services/LakeCounty_TaxDistricts/FeatureServer/13"}, "geometry": {"type": "Polygon", "coordinates": [[[-87.82166, 42.40638], [-87.82224, 42.39913], [-87.82864, 42.39923], [-87.82666, 42.40276], [-87.82865, 42.40295], [-87.82865, 42.40367], [-87.8246, 42.40367], [-87.8246, 42.40202], [-87.82671, 42.40204], [-87.82603, 42.40191], [-87.82564, 42.40011], [-87.82331, 42.39963], [-87.82281, 42.40574], [-87.82558, 42.40575], [-87.82557, 42.40639], [-87.82166, 42.40638]]]}}, {"type": "Feature", "properties": {"tif_name": "BEACH PARK TIF #3", "municipality": "Beach Park", "county": "Lake", "year_created": null, "year_expiry": null, "ordinance": null, "active": true, "source": "Lake County", "source_url": "https://services3.arcgis.com/HESxeTbDliKKvec2/arcgis/rest/services/LakeCounty_TaxDistricts/FeatureServer/13"}, "geometry": {"type": "Polygon", "coordinates": [[[-87.85498, 42.43545], [-87.85467, 42.43417], [-87.85178, 42.43417], [-87.85133, 42.43211], [-87.8529, 42.43155], [-87.85292, 42.43073], [-87.8509, 42.43068], [-87.85022, 42.42938], [-87.8458, 42.43032], [-87.84582, 42.42822], [-87.85263, 42.42824], [-87.85264, 42.42725], [-87.85387, 42.42726], [-87.85391, 42.42463], [-87.85483, 42.42463], [-87.85485, 42.4231], [-87.85011, 42.42308], [-87.85014, 42.42107], [-87.85516, 42.42176], [-87.85526, 42.42114], [-87.85894, 42.42105], [-87.85893, 42.42285], [-87.85712, 42.42284], [-87.85653, 42.42555], [-87.85482, 42.42584], [-87.85478, 42.42855], [-87.85859, 42.42837], [-87.85855, 42.43059], [-87.85477, 42.43056], [-87.85476, 42.43186], [-87.85666, 42.43187], [-87.85662, 42.43376], [-87.85782, 42.43377], [-87.8578, 42.43489], [-87.85607, 42.43463], [-87.85606, 42.43551], [-87.85498, 42.43545]]]}}, {"type": "Feature", "properties": {"tif_name": "BEACH PARK TIF #4", "municipality": "Beach Park", "county": "Lake", "year_created": null, "year_expiry": null, "ordinance": null, "active": true, "source": "Lake County", "source_url": "https://services3.arcgis.com/HESxeTbDliKKvec2/arcgis/rest/services/LakeCounty_TaxDistricts/FeatureServer/13"}, "geometry": {"type": "MultiPolygon", "coordinates": [[[[-87.87782, 42.41629], [-87.87846, 42.41625], [-87.87793, 42.4152], [-87.87963, 42.41491], [-87.87965, 42.41293], [-87.87791, 42.41202], [-87.8769, 42.4103], [-87.87694, 42.40735], [-87.8782, 42.40735], [-87.87844, 42.40661], [-87.87695, 42.4066], [-87.87697, 42.40552], [-87.87897, 42.40553], [-87.87921, 42.40336], [-87.8781, 42.40283], [-87.87944, 42.40283], [-87.87947, 42.40102], [-87.88043, 42.40031], [-87.8795, 42.39921], [-87.88087, 42.39889], [-87.87951, 42.39848], [-87.87954, 42.39759], [-87.88123, 42.39654], [-87.88122, 42.39709], [-87.88242, 42.39708], [-87.88202, 42.39833], [-87.88329, 42.39833], [-87.88173, 42.39926], [-87.88381, 42.39932], [-87.88234, 42.39931], [-87.88023, 42.4039], [-87.88204, 42.40392], [-87.88202, 42.40508], [-87.87986, 42.40507], [-87.8794, 42.40653], [-87.88058, 42.40653], [-87.88063, 42.40753], [-87.87908, 42.40752], [-87.87885, 42.40826], [-87.87973, 42.40827], [-87.87966, 42.41203], [-87.88444, 42.41205], [-87.88438, 42.41756], [-87.87771, 42.41753], [-87.87782, 42.41629]]], [[[-87.8779, 42.45619], [-87.87709, 42.45618], [-87.87706, 42.45733], [-87.8766, 42.45618], [-87.87464, 42.45616], [-87.87462, 42.4573], [-87.86988, 42.45721], [-87.87095, 42.45449], [-87.86909, 42.45446], [-87.86911, 42.4537], [-87.87414, 42.45388], [-87.87416, 42.45224], [-87.87189, 42.45243], [-87.87287, 42.45011], [-87.87171, 42.4501], [-87.87174, 42.44871], [-87.87348, 42.44873], [-87.87444, 42.44653], [-87.87414, 42.443], [-87.87113, 42.44297], [-87.87121, 42.44168], [-87.87427, 42.44171], [-87.87431, 42.43926], [-87.87597, 42.43928], [-87.876, 42.4358], [-87.87374, 42.43575], [-87.87429, 42.43211], [-87.86342, 42.43192], [-87.86344, 42.43102], [-87.86466, 42.43103], [-87.86467, 42.43015], [-87.86345, 42.43014], [-87.86348, 42.42842], [-87.86654, 42.42845], [-87.86655, 42.42661], [-87.86763, 42.42846], [-87.87386, 42.42852], [-87.87383, 42.4303], [-87.87456, 42.43031], [-87.87465, 42.42304], [-87.87635, 42.42305], [-87.87648, 42.4216], [-87.87513, 42.42123], [-87.87657, 42.42069], [-87.87689, 42.41662], [-87.87764, 42.41662], [-87.87724, 42.42115], [-87.88446, 42.42119], [-87.88438, 42.42862], [-87.87982, 42.42859], [-87.87978, 42.43134], [-87.87796, 42.43278], [-87.87792, 42.43559], [-87.87977, 42.43569], [-87.87922, 42.44656], [-87.884, 42.44659], [-87.88392, 42.45048], [-87.87946, 42.45044], [-87.88093, 42.4559], [-87.88379, 42.45596], [-87.88374, 42.45763], [-87.87866, 42.45757], [-87.87787, 42.45731], [-87.8779, 42.45619]]], [[[-87.88047, 42.42833], [-87.88051, 42.42569], [-87.87952, 42.42568], [-87.87949, 42.4283], [-87.88047, 42.42833]]]]}}, {"type": "Feature", "properties": {"tif_name": "FOX LAKE TIF #1", "municipality": "Fox Lake", "county": "Lake", "year_created": null, "year_expiry": null, "ordinance": null, "active": true, "source": "Lake County", "source_url": "https://services3.arcgis.com/HESxeTbDliKKvec2/arcgis/rest/services/LakeCounty_TaxDistricts/FeatureServer/13"}, "geometry": {"type": "Polygon", "coordinates": [[[-88.18246, 42.38772], [-88.18382, 42.38716], [-88.18384, 42.39168], [-88.18292, 42.39227], [-88.18059, 42.3903], [-88.18246, 42.38772]]]}}, {"type": "Feature", "properties": {"tif_name": "GREEN OAKS TIF #1", "municipality": "Green Oaks", "county": "Lake", "year_created": null, "year_expiry": null, "ordinance": null, "active": true, "source": "Lake County", "source_url": "https://services3.arcgis.com/HESxeTbDliKKvec2/arcgis/rest/services/LakeCounty_TaxDistricts/FeatureServer/13"}, "geometry": {"type": "Polygon", "coordinates": [[[-87.88688, 42.29082], [-87.88562, 42.28936], [-87.88564, 42.28719], [-87.89054, 42.28723], [-87.89054, 42.28656], [-87.89164, 42.28656], [-87.89166, 42.28483], [-87.89056, 42.28483], [-87.89056, 42.2836], [-87.88566, 42.28357], [-87.8857, 42.27932], [-87.90068, 42.27974], [-87.90069, 42.2774], [-87.90389, 42.2761], [-87.9037, 42.27865], [-87.90546, 42.27866], [-87.90534, 42.28022], [-87.9081, 42.28035], [-87.9081, 42.27904], [-87.90732, 42.27904], [-87.90693, 42.27803], [-87.91223, 42.27803], [-87.91127, 42.27987], [-87.91509, 42.27986], [-87.91512, 42.27647], [-87.91715, 42.27646], [-87.91706, 42.28031], [-87.90921, 42.28018], [-87.90878, 42.28118], [-87.90981, 42.28214], [-87.90823, 42.2846], [-87.89241, 42.28363], [-87.89237, 42.28712], [-87.89128, 42.28711], [-87.89125, 42.29079], [-87.88688, 42.29082]]]}}, {"type": "Feature", "properties": {"tif_name": "HIGHWOOD TIF #1", "municipality": "Highwood", "county": "Lake", "year_created": null, "year_expiry": null, "ordinance": null, "active": true, "source": "Lake County", "source_url": "https://services3.arcgis.com/HESxeTbDliKKvec2/arcgis/rest/services/LakeCounty_TaxDistricts/FeatureServer/13"}, "geometry": {"type": "Polygon", "coordinates": [[[-87.81145, 42.20694], [-87.81079, 42.20584], [-87.80826, 42.20602], [-87.80872, 42.1992], [-87.80981, 42.1992], [-87.81045, 42.2016], [-87.81321, 42.20148], [-87.81216, 42.20295], [-87.81313, 42.20337], [-87.81246, 42.20437], [-87.81413, 42.20701], [-87.81145, 42.20694]], [[-87.81246, 42.20661], [-87.81229, 42.20689], [-87.81266, 42.20689], [-87.81246, 42.20661]], [[-87.81076, 42.20525], [-87.81147, 42.20487], [-87.81061, 42.205], [-87.81076, 42.20525]], [[-87.80898, 42.20466], [-87.80862, 42.20424], [-87.80862, 42.20468], [-87.80898, 42.20466]], [[-87.81057, 42.20212], [-87.81057, 42.20201], [-87.81005, 42.20201], [-87.81057, 42.20212]]]}}, {"type": "Feature", "properties": {"tif_name": "HIGHLAND PARK TIF #3", "municipality": "Highland Park", "county": "Lake", "year_created": null, "year_expiry": null, "ordinance": null, "active": true, "source": "Lake County", "source_url": "https://services3.arcgis.com/HESxeTbDliKKvec2/arcgis/rest/services/LakeCounty_TaxDistricts/FeatureServer/13"}, "geometry": {"type": "Polygon", "coordinates": [[[-87.78316, 42.16619], [-87.78091, 42.16541], [-87.78218, 42.16432], [-87.78353, 42.16541], [-87.78075, 42.1621], [-87.78137, 42.16181], [-87.78392, 42.16483], [-87.78671, 42.16477], [-87.78891, 42.16569], [-87.78435, 42.16639], [-87.78325, 42.16559], [-87.78402, 42.16651], [-87.78316, 42.16619]]]}}, {"type": "Feature", "properties": {"tif_name": "LAKE FOREST TIF #2", "municipality": "Lake Forest", "county": "Lake", "year_created": null, "year_expiry": null, "ordinance": null, "active": true, "source": "Lake County", "source_url": "https://services3.arcgis.com/HESxeTbDliKKvec2/arcgis/rest/services/LakeCounty_TaxDistricts/FeatureServer/13"}, "geometry": {"type": "Polygon", "coordinates": [[[-87.84213, 42.25984], [-87.84191, 42.2591], [-87.84503, 42.25913], [-87.84504, 42.26132], [-87.84259, 42.26129], [-87.84213, 42.25984]]]}}, {"type": "Feature", "properties": {"tif_name": "LAKEMOOR TIF #1", "municipality": "Lakemoor", "county": "Lake", "year_created": null, "year_expiry": null, "ordinance": null, "active": true, "source": "Lake County", "source_url": "https://services3.arcgis.com/HESxeTbDliKKvec2/arcgis/rest/services/LakeCounty_TaxDistricts/FeatureServer/13"}, "geometry": {"type": "Polygon", "coordinates": [[[-88.17334, 42.32699], [-88.17269, 42.32631], [-88.17075, 42.32635], [-88.17076, 42.32499], [-88.16674, 42.32498], [-88.16466, 42.3241], [-88.1642, 42.32466], [-88.16431, 42.32327], [-88.16166, 42.32343], [-88.16246, 42.32134], [-88.16087, 42.31999], [-88.16513, 42.32], [-88.16513, 42.3228], [-88.17068, 42.32264], [-88.17519, 42.32484], [-88.17439, 42.32574], [-88.17533, 42.32548], [-88.17532, 42.32737], [-88.17267, 42.32737], [-88.17334, 42.32699]]]}}, {"type": "Feature", "properties": {"tif_name": "LAKEMOOR TIF #2", "municipality": "Lakemoor", "county": "Lake", "year_created": null, "year_expiry": null, "ordinance": null, "active": true, "source": "Lake County", "source_url": "https://services3.arcgis.com/HESxeTbDliKKvec2/arcgis/rest/services/LakeCounty_TaxDistricts/FeatureServer/13"}, "geometry": {"type": "Polygon", "coordinates": [[[-88.16949, 42.32253], [-88.16513, 42.3228], [-88.16439, 42.31764], [-88.17444, 42.3177], [-88.17442, 42.32362], [-88.1756, 42.32408], [-88.17519, 42.32484], [-88.16949, 42.32253]]]}}, {"type": "Feature", "properties": {"tif_name": "LAKE VILLA TIF #1", "municipality": "Lake Villa", "county": "Lake", "year_created": null, "year_expiry": null, "ordinance": null, "active": true, "source": "Lake County", "source_url": "https://services3.arcgis.com/HESxeTbDliKKvec2/arcgis/rest/services/LakeCounty_TaxDistricts/FeatureServer/13"}, "geometry": {"type": "Polygon", "coordinates": [[[-88.08095, 42.42096], [-88.0797, 42.41816], [-88.07856, 42.41926], [-88.07913, 42.42061], [-88.07833, 42.42098], [-88.07458, 42.41697], [-88.07245, 42.41696], [-88.07245, 42.41559], [-88.07512, 42.41558], [-88.07512, 42.41494], [-88.07302, 42.41539], [-88.07128, 42.41357], [-88.0721, 42.41315], [-88.06952, 42.41175], [-88.07043, 42.41175], [-88.07007, 42.41095], [-88.07493, 42.41093], [-88.07597, 42.4103], [-88.07776, 42.41445], [-88.08486, 42.4146], [-88.08664, 42.41628], [-88.08911, 42.41652], [-88.08847, 42.41914], [-88.08785, 42.41914], [-88.08786, 42.41787], [-88.08724, 42.41914], [-88.08173, 42.41954], [-88.08231, 42.42277], [-88.08095, 42.42096]]]}}, {"type": "Feature", "properties": {"tif_name": "LAKE ZURICH TIF #1", "municipality": "Lake Zurich", "county": "Lake", "year_created": null, "year_expiry": null, "ordinance": null, "active": true, "source": "Lake County", "source_url": "https://services3.arcgis.com/HESxeTbDliKKvec2/arcgis/rest/services/LakeCounty_TaxDistricts/FeatureServer/13"}, "geometry": {"type": "Polygon", "coordinates": [[[-88.08756, 42.196], [-88.08871, 42.19585], [-88.09261, 42.19254], [-88.09062, 42.19026], [-88.09203, 42.19026], [-88.09204, 42.18847], [-88.09791, 42.18849], [-88.08865, 42.19741], [-88.08754, 42.19718], [-88.08756, 42.196]]]}}, {"type": "Feature", "properties": {"tif_name": "LAKE ZURICH TIF #2", "municipality": "Lake Zurich", "county": "Lake", "year_created": null, "year_expiry": null, "ordinance": null, "active": true, "source": "Lake County", "source_url": "https://services3.arcgis.com/HESxeTbDliKKvec2/arcgis/rest/services/LakeCounty_TaxDistricts/FeatureServer/13"}, "geometry": {"type": "Polygon", "coordinates": [[[-88.09354, 42.19894], [-88.09163, 42.19857], [-88.09115, 42.19742], [-88.0917, 42.19675], [-88.09064, 42.19613], [-88.08959, 42.19654], [-88.09422, 42.19238], [-88.09807, 42.19143], [-88.09746, 42.19393], [-88.09375, 42.19696], [-88.09461, 42.19819], [-88.09354, 42.19894]]]}}, {"type": "Feature", "properties": {"tif_name": "LONG GROVE TIF", "municipality": "Long Grove", "county": "Lake", "year_created": null, "year_expiry": null, "ordinance": null, "active": true, "source": "Lake County", "source_url": "https://services3.arcgis.com/HESxeTbDliKKvec2/arcgis/rest/services/LakeCounty_TaxDistricts/FeatureServer/13"}, "geometry": {"type": "Polygon", "coordinates": [[[-87.98723, 42.18285], [-87.98726, 42.17545], [-87.99391, 42.17532], [-87.99553, 42.17628], [-87.99787, 42.17557], [-88.00005, 42.17727], [-88.00166, 42.17747], [-87.99943, 42.18018], [-87.99944, 42.17911], [-87.99705, 42.17984], [-87.99665, 42.1789], [-87.99511, 42.17924], [-87.99438, 42.1769], [-87.99224, 42.17605], [-87.99154, 42.1779], [-87.99194, 42.17984], [-87.9899, 42.18003], [-87.98982, 42.18286], [-87.98723, 42.18285]]]}}, {"type": "Feature", "properties": {"tif_name": "MUNDELEIN TIF #2", "municipality": "Mundelein", "county": "Lake", "year_created": null, "year_expiry": null, "ordinance": null, "active": true, "source": "Lake County", "source_url": "https://services3.arcgis.com/HESxeTbDliKKvec2/arcgis/rest/services/LakeCounty_TaxDistricts/FeatureServer/13"}, "geometry": {"type": "Polygon", "coordinates": [[[-88.001, 42.27335], [-87.99962, 42.27116], [-87.99871, 42.27117], [-87.9987, 42.27016], [-87.99732, 42.27017], [-87.99584, 42.26854], [-87.99668, 42.26823], [-87.99458, 42.26542], [-87.99608, 42.26481], [-88.00221, 42.27308], [-88.00241, 42.27358], [-88.001, 42.27335]], [[-88.00168, 42.27271], [-88.00102, 42.27267], [-88.00121, 42.27294], [-88.00168, 42.27271]]]}}, {"type": "Feature", "properties": {"tif_name": "MUNDELEIN TIF #3", "municipality": "Mundelein", "county": "Lake", "year_created": null, "year_expiry": null, "ordinance": null, "active": true, "source": "Lake County", "source_url": "https://services3.arcgis.com/HESxeTbDliKKvec2/arcgis/rest/services/LakeCounty_TaxDistricts/FeatureServer/13"}, "geometry": {"type": "Polygon", "coordinates": [[[-88.00131, 42.27168], [-87.99608, 42.26481], [-87.99458, 42.26542], [-87.99366, 42.2642], [-87.99713, 42.26253], [-87.99743, 42.26307], [-88.00276, 42.26309], [-88.00268, 42.26617], [-88.0014, 42.26617], [-88.00139, 42.26755], [-88.00044, 42.2682], [-88.00267, 42.26824], [-88.00267, 42.26951], [-88.00487, 42.26952], [-88.00416, 42.27105], [-88.00495, 42.27075], [-88.00496, 42.27164], [-88.00269, 42.27165], [-88.0039, 42.27389], [-88.00241, 42.27358], [-88.00131, 42.27168]], [[-88.00323, 42.2702], [-88.00268, 42.27061], [-88.00323, 42.27061], [-88.00323, 42.2702]], [[-87.99709, 42.26538], [-87.99742, 42.26607], [-88.0014, 42.26598], [-88.0014, 42.2654], [-87.99709, 42.26538]]]}}, {"type": "Feature", "properties": {"tif_name": "NORTH CHICAGO TIF #2", "municipality": "North Chicago", "county": "Lake", "year_created": null, "year_expiry": null, "ordinance": null, "active": true, "source": "Lake County", "source_url": "https://services3.arcgis.com/HESxeTbDliKKvec2/arcgis/rest/services/LakeCounty_TaxDistricts/FeatureServer/13"}, "geometry": {"type": "Polygon", "coordinates": [[[-87.84434, 42.31945], [-87.84538, 42.31943], [-87.84535, 42.32227], [-87.83999, 42.32451], [-87.84287, 42.31958], [-87.84434, 42.31945]]]}}, {"type": "Feature", "properties": {"tif_name": "NORTH CHICAGO TIF #3", "municipality": "North Chicago", "county": "Lake", "year_created": null, "year_expiry": null, "ordinance": null, "active": true, "source": "Lake County", "source_url": "https://services3.arcgis.com/HESxeTbDliKKvec2/arcgis/rest/services/LakeCounty_TaxDistricts/FeatureServer/13"}, "geometry": {"type": "Polygon", "coordinates": [[[-87.87342, 42.28786], [-87.87585, 42.29059], [-87.87609, 42.29426], [-87.88067, 42.29429], [-87.88055, 42.30516], [-87.88543, 42.30519], [-87.88539, 42.30913], [-87.87665, 42.309], [-87.8709, 42.28971], [-87.87158, 42.28857], [-87.87342, 42.28786]]]}}, {"type": "Feature", "properties": {"tif_name": "ROUND LAKE BCH TAX INCRE FINANCE AREA #4", "municipality": "Round Lake Beach", "county": "Lake", "year_created": null, "year_expiry": null, "ordinance": null, "active": true, "source": "Lake County", "source_url": "https://services3.arcgis.com/HESxeTbDliKKvec2/arcgis/rest/services/LakeCounty_TaxDistricts/FeatureServer/13"}, "geometry": {"type": "Polygon", "coordinates": [[[-88.07743, 42.38229], [-88.07744, 42.38021], [-88.07991, 42.37978], [-88.07992, 42.37886], [-88.07679, 42.37887], [-88.07643, 42.37777], [-88.08874, 42.37229], [-88.08876, 42.37169], [-88.08773, 42.37167], [-88.08944, 42.3705], [-88.08921, 42.36441], [-88.0904, 42.36443], [-88.0905, 42.36888], [-88.09236, 42.36961], [-88.0896, 42.37083], [-88.09176, 42.37036], [-88.09205, 42.37111], [-88.09035, 42.3721], [-88.09033, 42.37809], [-88.08959, 42.37809], [-88.08959, 42.37896], [-88.08187, 42.37885], [-88.08186, 42.38034], [-88.0835, 42.38036], [-88.08388, 42.38152], [-88.08244, 42.38203], [-88.08378, 42.38289], [-88.08241, 42.38613], [-88.07746, 42.38613], [-88.07743, 42.38229]], [[-88.08848, 42.3729], [-88.08848, 42.37278], [-88.08797, 42.37277], [-88.08848, 42.3729]]]}}, {"type": "Feature", "properties": {"tif_name": "RIVERWOODS TIF", "municipality": "Riverwoods", "county": "Lake", "year_created": null, "year_expiry": null, "ordinance": null, "active": true, "source": "Lake County", "source_url": "https://services3.arcgis.com/HESxeTbDliKKvec2/arcgis/rest/services/LakeCounty_TaxDistricts/FeatureServer/13"}, "geometry": {"type": "Polygon", "coordinates": [[[-87.92081, 42.16772], [-87.91855, 42.1678], [-87.91856, 42.16683], [-87.91654, 42.1668], [-87.91655, 42.16606], [-87.92147, 42.16614], [-87.92116, 42.16764], [-87.92195, 42.16765], [-87.92241, 42.16916], [-87.92081, 42.16772]]]}}, {"type": "Feature", "properties": {"tif_name": "VERNON HILLS TIF", "municipality": "Vernon Hills", "county": "Lake", "year_created": null, "year_expiry": null, "ordinance": null, "active": true, "source": "Lake County", "source_url": "https://services3.arcgis.com/HESxeTbDliKKvec2/arcgis/rest/services/LakeCounty_TaxDistricts/FeatureServer/13"}, "geometry": {"type": "Polygon", "coordinates": [[[-87.94224, 42.2061], [-87.93934, 42.20475], [-87.93816, 42.20566], [-87.93814, 42.20686], [-87.93285, 42.20681], [-87.93331, 42.20093], [-87.93646, 42.20131], [-87.93639, 42.20305], [-87.93876, 42.20416], [-87.9393, 42.20184], [-87.93996, 42.20426], [-87.94408, 42.2057], [-87.94406, 42.20696], [-87.94224, 42.2061]]]}}, {"type": "Feature", "properties": {"tif_name": "WAUCONDA TIF #1", "municipality": "Wauconda", "county": "Lake", "year_created": null, "year_expiry": null, "ordinance": null, "active": true, "source": "Lake County", "source_url": "https://services3.arcgis.com/HESxeTbDliKKvec2/arcgis/rest/services/LakeCounty_TaxDistricts/FeatureServer/13"}, "geometry": {"type": "Polygon", "coordinates": [[[-88.15719, 42.25911], [-88.14517, 42.2568], [-88.14251, 42.25684], [-88.13979, 42.25802], [-88.14113, 42.25531], [-88.14413, 42.25245], [-88.14279, 42.25173], [-88.14376, 42.25033], [-88.14538, 42.25089], [-88.14609, 42.25014], [-88.15072, 42.25019], [-88.15074, 42.25215], [-88.15446, 42.25219], [-88.15453, 42.2558], [-88.15817, 42.25582], [-88.15817, 42.25796], [-88.15927, 42.25797], [-88.15927, 42.25736], [-88.16234, 42.25815], [-88.16253, 42.26066], [-88.15719, 42.25911]]]}}, {"type": "Feature", "properties": {"tif_name": "WAUKEGAN TIF #7", "municipality": "Waukegan", "county": "Lake", "year_created": null, "year_expiry": null, "ordinance": null, "active": true, "source": "Lake County", "source_url": "https://services3.arcgis.com/HESxeTbDliKKvec2/arcgis/rest/services/LakeCounty_TaxDistricts/FeatureServer/13"}, "geometry": {"type": "Polygon", "coordinates": [[[-87.80249, 42.39183], [-87.80472, 42.3845], [-87.81685, 42.38451], [-87.81558, 42.3842], [-87.81562, 42.38316], [-87.81676, 42.38242], [-87.82106, 42.38244], [-87.82113, 42.37928], [-87.81869, 42.37928], [-87.81876, 42.3759], [-87.81632, 42.37573], [-87.82095, 42.37572], [-87.82124, 42.37378], [-87.82245, 42.37358], [-87.82302, 42.37207], [-87.81183, 42.37206], [-87.81204, 42.37105], [-87.81299, 42.36835], [-87.82338, 42.36862], [-87.82538, 42.36562], [-87.82385, 42.36378], [-87.82362, 42.36189], [-87.82737, 42.36217], [-87.82745, 42.36382], [-87.82929, 42.36425], [-87.82664, 42.37744], [-87.82842, 42.37744], [-87.82779, 42.38068], [-87.82634, 42.38068], [-87.82643, 42.38445], [-87.83191, 42.38482], [-87.82396, 42.38482], [-87.82279, 42.39193], [-87.80249, 42.39183]]]}}, {"type": "Feature", "properties": {"tif_name": "WAUKEGAN TIF #8", "municipality": "Waukegan", "county": "Lake", "year_created": null, "year_expiry": null, "ordinance": null, "active": true, "source": "Lake County", "source_url": "https://services3.arcgis.com/HESxeTbDliKKvec2/arcgis/rest/services/LakeCounty_TaxDistricts/FeatureServer/13"}, "geometry": {"type": "MultiPolygon", "coordinates": [[[[-87.83198, 42.36627], [-87.83107, 42.36593], [-87.83112, 42.36415], [-87.82745, 42.36382], [-87.82737, 42.36217], [-87.82362, 42.36189], [-87.82422, 42.35979], [-87.82134, 42.36079], [-87.81331, 42.36065], [-87.81975, 42.36071], [-87.82042, 42.35579], [-87.81991, 42.36068], [-87.82131, 42.36072], [-87.82413, 42.35977], [-87.82418, 42.357], [-87.8206, 42.3567], [-87.82453, 42.35678], [-87.82563, 42.35576], [-87.82806, 42.35576], [-87.82808, 42.35504], [-87.83306, 42.35504], [-87.83605, 42.35404], [-87.83407, 42.3549], [-87.83411, 42.35627], [-87.83284, 42.35627], [-87.8328, 42.35908], [-87.83443, 42.35969], [-87.83279, 42.35968], [-87.83322, 42.36273], [-87.83258, 42.36627], [-87.83198, 42.36627]]], [[[-87.82028, 42.36841], [-87.81299, 42.36835], [-87.81278, 42.36385], [-87.81061, 42.36231], [-87.813, 42.36393], [-87.81485, 42.36417], [-87.81655, 42.36192], [-87.81463, 42.36137], [-87.82012, 42.3614], [-87.82208, 42.36259], [-87.82209, 42.36348], [-87.82408, 42.36299], [-87.82386, 42.36379], [-87.82538, 42.36562], [-87.82372, 42.36839], [-87.82028, 42.36841]]]]}}, {"type": "Feature", "properties": {"tif_name": "WAUKEGAN TIF #9", "municipality": "Waukegan", "county": "Lake", "year_created": null, "year_expiry": null, "ordinance": null, "active": true, "source": "Lake County", "source_url": "https://services3.arcgis.com/HESxeTbDliKKvec2/arcgis/rest/services/LakeCounty_TaxDistricts/FeatureServer/13"}, "geometry": {"type": "Polygon", "coordinates": [[[-87.82597, 42.35501], [-87.82642, 42.34745], [-87.82704, 42.34669], [-87.8269, 42.34124], [-87.83048, 42.34126], [-87.82988, 42.34568], [-87.83229, 42.3457], [-87.83319, 42.34127], [-87.83905, 42.3413], [-87.83904, 42.3418], [-87.83383, 42.34179], [-87.83381, 42.34746], [-87.83335, 42.35063], [-87.83247, 42.35062], [-87.8321, 42.35216], [-87.83208, 42.35504], [-87.82563, 42.35576], [-87.82597, 42.35501]]]}}, {"type": "Feature", "properties": {"tif_name": "WAUKEGAN TIF #10", "municipality": "Waukegan", "county": "Lake", "year_created": null, "year_expiry": null, "ordinance": null, "active": true, "source": "Lake County", "source_url": "https://services3.arcgis.com/HESxeTbDliKKvec2/arcgis/rest/services/LakeCounty_TaxDistricts/FeatureServer/13"}, "geometry": {"type": "Polygon", "coordinates": [[[-87.89529, 42.32768], [-87.90373, 42.32726], [-87.90476, 42.33819], [-87.89513, 42.33806], [-87.89529, 42.32768]]]}}, {"type": "Feature", "properties": {"tif_name": "ZION CRANE MEADOWS TIF #4", "municipality": "Zion", "county": "Lake", "year_created": null, "year_expiry": null, "ordinance": null, "active": true, "source": "Lake County", "source_url": "https://services3.arcgis.com/HESxeTbDliKKvec2/arcgis/rest/services/LakeCounty_TaxDistricts/FeatureServer/13"}, "geometry": {"type": "Polygon", "coordinates": [[[-87.86956, 42.46457], [-87.87259, 42.46451], [-87.87291, 42.4674], [-87.86951, 42.46736], [-87.86956, 42.46457]]]}}, {"type": "Feature", "properties": {"tif_name": "ZION TAX INCREMENT FINANCE AREA #5", "municipality": "Zion", "county": "Lake", "year_created": null, "year_expiry": null, "ordinance": null, "active": true, "source": "Lake County", "source_url": "https://services3.arcgis.com/HESxeTbDliKKvec2/arcgis/rest/services/LakeCounty_TaxDistricts/FeatureServer/13"}, "geometry": {"type": "Polygon", "coordinates": [[[-87.883, 42.49369], [-87.88309, 42.48997], [-87.89292, 42.4902], [-87.89298, 42.48657], [-87.885, 42.48639], [-87.8842, 42.47741], [-87.88521, 42.47738], [-87.88525, 42.47642], [-87.88401, 42.47648], [-87.88259, 42.47036], [-87.88109, 42.47043], [-87.88132, 42.46832], [-87.89489, 42.46857], [-87.89485, 42.46982], [-87.8959, 42.46984], [-87.8962, 42.4686], [-87.89807, 42.46863], [-87.898, 42.49278], [-87.89693, 42.49308], [-87.89778, 42.49395], [-87.883, 42.49369]], [[-87.89318, 42.47844], [-87.89253, 42.47842], [-87.89283, 42.48294], [-87.89568, 42.483], [-87.89576, 42.47959], [-87.89391, 42.47941], [-87.89394, 42.47845], [-87.89318, 42.47844]]]}}, {"type": "Feature", "properties": {"tif_name": "HIGHLAND PARK TIFA #4", "municipality": "Highland Park", "county": "Lake", "year_created": null, "year_expiry": null, "ordinance": null, "active": true, "source": "Lake County", "source_url": "https://services3.arcgis.com/HESxeTbDliKKvec2/arcgis/rest/services/LakeCounty_TaxDistricts/FeatureServer/13"}, "geometry": {"type": "Polygon", "coordinates": [[[-87.82279, 42.17418], [-87.82292, 42.17268], [-87.82161, 42.17431], [-87.82279, 42.17418], [-87.82269, 42.17812], [-87.82087, 42.1781], [-87.82358, 42.18146], [-87.8227, 42.18155], [-87.82514, 42.1853], [-87.82395, 42.18607], [-87.81598, 42.17443], [-87.81525, 42.17186], [-87.81656, 42.17302], [-87.8157, 42.17074], [-87.81915, 42.17076], [-87.82199, 42.17335], [-87.82344, 42.17232], [-87.82279, 42.17418]]]}}, {"type": "Feature", "properties": {"tif_name": "VERNON HILLS TIF #2", "municipality": "Vernon Hills", "county": "Lake", "year_created": null, "year_expiry": null, "ordinance": null, "active": true, "source": "Lake County", "source_url": "https://services3.arcgis.com/HESxeTbDliKKvec2/arcgis/rest/services/LakeCounty_TaxDistricts/FeatureServer/13"}, "geometry": {"type": "Polygon", "coordinates": [[[-87.93934, 42.24071], [-87.94427, 42.24035], [-87.94415, 42.23869], [-87.94495, 42.24034], [-87.94756, 42.24066], [-87.94497, 42.24079], [-87.94566, 42.24578], [-87.94044, 42.24562], [-87.93934, 42.24071]]]}}, {"type": "Feature", "properties": {"tif_name": "VILLAGE OF ANTIOCH TIFA #3", "municipality": "Antioch", "county": "Lake", "year_created": null, "year_expiry": null, "ordinance": null, "active": true, "source": "Lake County", "source_url": "https://services3.arcgis.com/HESxeTbDliKKvec2/arcgis/rest/services/LakeCounty_TaxDistricts/FeatureServer/13"}, "geometry": {"type": "Polygon", "coordinates": [[[-88.09071, 42.46903], [-88.08893, 42.46993], [-88.08818, 42.46958], [-88.08931, 42.46846], [-88.08801, 42.46775], [-88.08646, 42.46928], [-88.08425, 42.4682], [-88.08518, 42.46727], [-88.0821, 42.4668], [-88.08212, 42.46532], [-88.09055, 42.46535], [-88.09075, 42.46146], [-88.09213, 42.46146], [-88.09223, 42.46696], [-88.09099, 42.46696], [-88.09112, 42.46994], [-88.09071, 42.46903]]]}}, {"type": "Feature", "properties": {"tif_name": "VILLAGE OF LAKE ZURICH TIFA #3", "municipality": "Lake Zurich", "county": "Lake", "year_created": null, "year_expiry": null, "ordinance": null, "active": true, "source": "Lake County", "source_url": "https://services3.arcgis.com/HESxeTbDliKKvec2/arcgis/rest/services/LakeCounty_TaxDistricts/FeatureServer/13"}, "geometry": {"type": "Polygon", "coordinates": [[[-88.1116, 42.19771], [-88.11083, 42.19771], [-88.11031, 42.19646], [-88.10961, 42.19761], [-88.10619, 42.19759], [-88.10656, 42.1916], [-88.10783, 42.19159], [-88.10674, 42.19051], [-88.10464, 42.1904], [-88.10534, 42.18872], [-88.10783, 42.19015], [-88.11127, 42.19021], [-88.11128, 42.19295], [-88.11197, 42.19274], [-88.11332, 42.19528], [-88.11221, 42.19603], [-88.11282, 42.19772], [-88.1116, 42.19771]]]}}, {"type": "Feature", "properties": {"tif_name": "ZION TAX INCRE FINANCE AREA #6", "municipality": "Zion", "county": "Lake", "year_created": null, "year_expiry": null, "ordinance": null, "active": true, "source": "Lake County", "source_url": "https://services3.arcgis.com/HESxeTbDliKKvec2/arcgis/rest/services/LakeCounty_TaxDistricts/FeatureServer/13"}, "geometry": {"type": "Polygon", "coordinates": [[[-87.82452, 42.46297], [-87.8239, 42.46291], [-87.82483, 42.46081], [-87.8242, 42.4608], [-87.82464, 42.45215], [-87.82621, 42.45215], [-87.8261, 42.45674], [-87.82878, 42.45703], [-87.82877, 42.45797], [-87.82593, 42.45849], [-87.82559, 42.46298], [-87.82452, 42.46297]], [[-87.82766, 42.45719], [-87.82691, 42.45718], [-87.82718, 42.45722], [-87.82766, 42.45719]]]}}, {"type": "Feature", "properties": {"tif_name": "RIVERWOODS TIF #2", "municipality": "Riverwoods", "county": "Lake", "year_created": null, "year_expiry": null, "ordinance": null, "active": true, "source": "Lake County", "source_url": "https://services3.arcgis.com/HESxeTbDliKKvec2/arcgis/rest/services/LakeCounty_TaxDistricts/FeatureServer/13"}, "geometry": {"type": "Polygon", "coordinates": [[[-87.91729, 42.16922], [-87.91726, 42.16767], [-87.91338, 42.16766], [-87.91348, 42.16679], [-87.91485, 42.16677], [-87.92195, 42.16765], [-87.92241, 42.16916], [-87.91729, 42.16922]]]}}, {"type": "Feature", "properties": {"tif_name": "WINTHROP HARBOR TIF #2", "municipality": "Winthrop Harbor", "county": "Lake", "year_created": null, "year_expiry": null, "ordinance": null, "active": true, "source": "Lake County", "source_url": "https://services3.arcgis.com/HESxeTbDliKKvec2/arcgis/rest/services/LakeCounty_TaxDistricts/FeatureServer/13"}, "geometry": {"type": "Polygon", "coordinates": [[[-87.8187, 42.49146], [-87.82177, 42.4912], [-87.82103, 42.49062], [-87.82112, 42.4886], [-87.82217, 42.48501], [-87.81955, 42.48254], [-87.81678, 42.48351], [-87.81615, 42.47604], [-87.81705, 42.47604], [-87.81734, 42.47879], [-87.81867, 42.4788], [-87.81869, 42.48189], [-87.822, 42.48195], [-87.82286, 42.48053], [-87.8233, 42.47581], [-87.82413, 42.47582], [-87.82424, 42.47511], [-87.82336, 42.4751], [-87.82337, 42.47373], [-87.82409, 42.4733], [-87.82339, 42.47166], [-87.82443, 42.47166], [-87.8242, 42.46917], [-87.82654, 42.46923], [-87.82776, 42.4702], [-87.82517, 42.47013], [-87.82481, 42.47347], [-87.82649, 42.47375], [-87.82649, 42.47485], [-87.82505, 42.47484], [-87.82526, 42.47872], [-87.82443, 42.47872], [-87.8239, 42.48288], [-87.82288, 42.48305], [-87.82271, 42.48386], [-87.82306, 42.48604], [-87.82521, 42.48709], [-87.82211, 42.48735], [-87.82209, 42.48943], [-87.8243, 42.48999], [-87.82296, 42.49107], [-87.82519, 42.49137], [-87.82407, 42.49136], [-87.82406, 42.49286], [-87.81868, 42.49281], [-87.8187, 42.49146]]]}}, {"type": "Feature", "properties": {"tif_name": "ZION TIF #7", "municipality": "Zion", "county": "Lake", "year_created": null, "year_expiry": null, "ordinance": null, "active": true, "source": "Lake County", "source_url": "https://services3.arcgis.com/HESxeTbDliKKvec2/arcgis/rest/services/LakeCounty_TaxDistricts/FeatureServer/13"}, "geometry": {"type": "Polygon", "coordinates": [[[-87.88187, 42.46752], [-87.87391, 42.46741], [-87.87394, 42.46579], [-87.87257, 42.46578], [-87.87259, 42.46451], [-87.86956, 42.46448], [-87.86951, 42.46736], [-87.86518, 42.46734], [-87.86563, 42.46586], [-87.86419, 42.4658], [-87.86401, 42.46722], [-87.85435, 42.46715], [-87.85438, 42.46465], [-87.85304, 42.46434], [-87.85404, 42.46256], [-87.85388, 42.45574], [-87.85311, 42.45573], [-87.85312, 42.45405], [-87.85478, 42.45408], [-87.85475, 42.45709], [-87.85754, 42.45708], [-87.85756, 42.45602], [-87.85947, 42.45602], [-87.85951, 42.45326], [-87.86772, 42.45327], [-87.86911, 42.4537], [-87.86909, 42.45446], [-87.87095, 42.45449], [-87.86728, 42.46282], [-87.87399, 42.46285], [-87.87396, 42.46447], [-87.87892, 42.46453], [-87.87894, 42.46334], [-87.88096, 42.4631], [-87.88132, 42.46484], [-87.8836, 42.46484], [-87.88357, 42.46629], [-87.88203, 42.46627], [-87.88357, 42.46648], [-87.88355, 42.46744], [-87.88187, 42.46752]], [[-87.86424, 42.46089], [-87.86427, 42.45793], [-87.86334, 42.45737], [-87.86331, 42.46088], [-87.86424, 42.46089]]]}}, {"type": "Feature", "properties": {"tif_name": "LAKE VILLA TIF #2", "municipality": "Lake Villa", "county": "Lake", "year_created": null, "year_expiry": null, "ordinance": null, "active": true, "source": "Lake County", "source_url": "https://services3.arcgis.com/HESxeTbDliKKvec2/arcgis/rest/services/LakeCounty_TaxDistricts/FeatureServer/13"}, "geometry": {"type": "Polygon", "coordinates": [[[-88.07261, 42.40845], [-88.07088, 42.40845], [-88.07087, 42.4073], [-88.07373, 42.40671], [-88.07374, 42.40852], [-88.07261, 42.40845]]]}}, {"type": "Feature", "properties": {"tif_name": "BUFFALO GROVE TIF #2", "municipality": "Buffalo Grove", "county": "Lake", "year_created": null, "year_expiry": null, "ordinance": null, "active": true, "source": "Lake County", "source_url": "https://services3.arcgis.com/HESxeTbDliKKvec2/arcgis/rest/services/LakeCounty_TaxDistricts/FeatureServer/13"}, "geometry": {"type": "Polygon", "coordinates": [[[-87.95969, 42.15665], [-87.95946, 42.15568], [-87.95708, 42.15568], [-87.9572, 42.15446], [-87.95475, 42.15424], [-87.95509, 42.15349], [-87.97418, 42.15359], [-87.9784, 42.15534], [-87.98007, 42.15508], [-87.98008, 42.15362], [-87.98517, 42.15364], [-87.98516, 42.15657], [-87.98473, 42.15553], [-87.98191, 42.15557], [-87.98191, 42.15657], [-87.98006, 42.15657], [-87.98005, 42.15815], [-87.98156, 42.15887], [-87.98514, 42.15868], [-87.98513, 42.16054], [-87.98004, 42.15993], [-87.98004, 42.15925], [-87.97786, 42.1591], [-87.9754, 42.15767], [-87.97226, 42.15847], [-87.96822, 42.15775], [-87.96843, 42.15709], [-87.96741, 42.15691], [-87.96715, 42.15421], [-87.96424, 42.15501], [-87.9648, 42.15895], [-87.96217, 42.15898], [-87.96225, 42.16008], [-87.96084, 42.16071], [-87.95999, 42.158], [-87.95685, 42.1579], [-87.95969, 42.15665]], [[-87.96375, 42.15576], [-87.9632, 42.15514], [-87.96223, 42.15602], [-87.96403, 42.15657], [-87.96375, 42.15576]]]}}, {"type": "Feature", "properties": {"tif_name": "VERNON HILLS TIF #3", "municipality": "Vernon Hills", "county": "Lake", "year_created": null, "year_expiry": null, "ordinance": null, "active": true, "source": "Lake County", "source_url": "https://services3.arcgis.com/HESxeTbDliKKvec2/arcgis/rest/services/LakeCounty_TaxDistricts/FeatureServer/13"}, "geometry": {"type": "Polygon", "coordinates": [[[-87.94534, 42.24364], [-87.94497, 42.24079], [-87.94817, 42.24032], [-87.95125, 42.24029], [-87.95167, 42.24266], [-87.95438, 42.24347], [-87.95402, 42.24473], [-87.95033, 42.24362], [-87.9496, 42.24409], [-87.95011, 42.24486], [-87.94949, 42.24582], [-87.94556, 42.24545], [-87.94534, 42.24364]]]}}, {"type": "Feature", "properties": {"tif_name": "WAUKEGAN TIF #11", "municipality": "Waukegan", "county": "Lake", "year_created": null, "year_expiry": null, "ordinance": null, "active": true, "source": "Lake County", "source_url": "https://services3.arcgis.com/HESxeTbDliKKvec2/arcgis/rest/services/LakeCounty_TaxDistricts/FeatureServer/13"}, "geometry": {"type": "Polygon", "coordinates": [[[-87.89568, 42.34707], [-87.89522, 42.33822], [-87.90155, 42.33832], [-87.90057, 42.33999], [-87.90252, 42.34112], [-87.90339, 42.34284], [-87.90554, 42.3427], [-87.90593, 42.34597], [-87.89568, 42.34707]], [[-87.89671, 42.3431], [-87.89678, 42.34544], [-87.90015, 42.34554], [-87.90016, 42.34399], [-87.89671, 42.3431]]]}}, {"type": "Feature", "properties": {"tif_name": "ROUND LAKE TIF #1", "municipality": "Round Lake", "county": "Lake", "year_created": null, "year_expiry": null, "ordinance": null, "active": true, "source": "Lake County", "source_url": "https://services3.arcgis.com/HESxeTbDliKKvec2/arcgis/rest/services/LakeCounty_TaxDistricts/FeatureServer/13"}, "geometry": {"type": "Polygon", "coordinates": [[[-88.09701, 42.36535], [-88.09683, 42.36122], [-88.0956, 42.36119], [-88.09565, 42.35738], [-88.09349, 42.35731], [-88.09223, 42.36196], [-88.09109, 42.36194], [-88.09117, 42.3603], [-88.08903, 42.36074], [-88.08853, 42.35974], [-88.08595, 42.35954], [-88.0881, 42.35812], [-88.08816, 42.35903], [-88.09027, 42.35897], [-88.09075, 42.3572], [-88.09022, 42.35679], [-88.09186, 42.35564], [-88.09178, 42.35505], [-88.09118, 42.35542], [-88.09159, 42.35387], [-88.0875, 42.352], [-88.08752, 42.34986], [-88.08918, 42.34989], [-88.0892, 42.35086], [-88.09192, 42.3522], [-88.09716, 42.35213], [-88.09714, 42.35356], [-88.09961, 42.35359], [-88.10016, 42.35247], [-88.10199, 42.35224], [-88.10197, 42.35735], [-88.09914, 42.35732], [-88.10193, 42.35921], [-88.10183, 42.36461], [-88.09824, 42.36455], [-88.09824, 42.36537], [-88.09701, 42.36535]]]}}, {"type": "Feature", "properties": {"tif_name": "PARK CITY OLD SKOKIE TIF#1", "municipality": "Park City", "county": "Lake", "year_created": null, "year_expiry": null, "ordinance": null, "active": true, "source": "Lake County", "source_url": "https://services3.arcgis.com/HESxeTbDliKKvec2/arcgis/rest/services/LakeCounty_TaxDistricts/FeatureServer/13"}, "geometry": {"type": "Polygon", "coordinates": [[[-87.89189, 42.35806], [-87.88673, 42.34157], [-87.88778, 42.34158], [-87.89274, 42.34892], [-87.89487, 42.34895], [-87.89482, 42.35984], [-87.89243, 42.3598], [-87.89189, 42.35806]]]}}, {"type": "Feature", "properties": {"tif_name": "LONG GROVE TIF #2", "municipality": "Long Grove", "county": "Lake", "year_created": null, "year_expiry": null, "ordinance": null, "active": true, "source": "Lake County", "source_url": "https://services3.arcgis.com/HESxeTbDliKKvec2/arcgis/rest/services/LakeCounty_TaxDistricts/FeatureServer/13"}, "geometry": {"type": "Polygon", "coordinates": [[[-88.02869, 42.16103], [-88.02385, 42.16087], [-88.02037, 42.15733], [-88.01891, 42.15733], [-88.01891, 42.15603], [-88.0228, 42.15449], [-88.02278, 42.15734], [-88.0263, 42.15735], [-88.02682, 42.15602], [-88.02391, 42.1545], [-88.02391, 42.15372], [-88.02879, 42.15374], [-88.02876, 42.15555], [-88.02749, 42.15692], [-88.02683, 42.1601], [-88.02688, 42.16098], [-88.02869, 42.16103]]]}}, {"type": "Feature", "properties": {"tif_name": "RAND ROAD REDEVELOPMENT PROJECT AREA", "municipality": "Deer Park", "county": "Lake", "year_created": null, "year_expiry": null, "ordinance": null, "active": true, "source": "Lake County", "source_url": "https://services3.arcgis.com/HESxeTbDliKKvec2/arcgis/rest/services/LakeCounty_TaxDistricts/FeatureServer/13"}, "geometry": {"type": "Polygon", "coordinates": [[[-88.04854, 42.16021], [-88.0432, 42.1575], [-88.03948, 42.1546], [-88.04065, 42.15378], [-88.04499, 42.15379], [-88.04424, 42.15506], [-88.04823, 42.1562], [-88.04823, 42.15794], [-88.05297, 42.15744], [-88.05072, 42.16115], [-88.04854, 42.16021]]]}}, {"type": "Feature", "properties": {"tif_name": "LINDENHURST TIF #1 - GRAND AVENUE", "municipality": "Lincolnshire", "county": "Lake", "year_created": null, "year_expiry": null, "ordinance": null, "active": true, "source": "Lake County", "source_url": "https://services3.arcgis.com/HESxeTbDliKKvec2/arcgis/rest/services/LakeCounty_TaxDistricts/FeatureServer/13"}, "geometry": {"type": "Polygon", "coordinates": [[[-88.05231, 42.41799], [-88.05183, 42.41655], [-88.04506, 42.41722], [-88.04145, 42.41631], [-88.03835, 42.41432], [-88.03415, 42.4134], [-88.03404, 42.4124], [-88.02818, 42.40858], [-88.02852, 42.40803], [-88.02545, 42.40799], [-88.02547, 42.40476], [-88.02858, 42.40678], [-88.02859, 42.40592], [-88.02931, 42.40592], [-88.02918, 42.40716], [-88.03102, 42.40839], [-88.03102, 42.4078], [-88.03246, 42.40781], [-88.03143, 42.40866], [-88.03266, 42.40946], [-88.03346, 42.40865], [-88.03567, 42.40945], [-88.03583, 42.41054], [-88.03501, 42.41098], [-88.04081, 42.41498], [-88.05757, 42.41531], [-88.05761, 42.41683], [-88.05474, 42.41684], [-88.05446, 42.41791], [-88.05231, 42.41799]]]}}, {"type": "Feature", "properties": {"tif_name": "FOX LAKE TIF #2", "municipality": "Fox Lake", "county": "Lake", "year_created": null, "year_expiry": null, "ordinance": null, "active": true, "source": "Lake County", "source_url": "https://services3.arcgis.com/HESxeTbDliKKvec2/arcgis/rest/services/LakeCounty_TaxDistricts/FeatureServer/13"}, "geometry": {"type": "Polygon", "coordinates": [[[-88.17896, 42.38944], [-88.17822, 42.38927], [-88.17821, 42.38675], [-88.18105, 42.38674], [-88.1825, 42.38766], [-88.18052, 42.39148], [-88.17896, 42.38944]]]}}, {"type": "Feature", "properties": {"tif_name": "FOX LAKE TIF #3", "municipality": "Fox Lake", "county": "Lake", "year_created": null, "year_expiry": null, "ordinance": null, "active": true, "source": "Lake County", "source_url": "https://services3.arcgis.com/HESxeTbDliKKvec2/arcgis/rest/services/LakeCounty_TaxDistricts/FeatureServer/13"}, "geometry": {"type": "Polygon", "coordinates": [[[-88.16842, 42.37042], [-88.16764, 42.36884], [-88.17401, 42.36881], [-88.17405, 42.37234], [-88.16984, 42.37236], [-88.1699, 42.37045], [-88.16842, 42.37042]]]}}, {"type": "Feature", "properties": {"tif_name": "FOX LAKE TIF #4", "municipality": "Fox Lake", "county": "Lake", "year_created": null, "year_expiry": null, "ordinance": null, "active": true, "source": "Lake County", "source_url": "https://services3.arcgis.com/HESxeTbDliKKvec2/arcgis/rest/services/LakeCounty_TaxDistricts/FeatureServer/13"}, "geometry": {"type": "Polygon", "coordinates": [[[-88.19013, 42.40572], [-88.18502, 42.40216], [-88.18658, 42.40161], [-88.18697, 42.40289], [-88.18692, 42.40171], [-88.1884, 42.40317], [-88.18852, 42.40441], [-88.19025, 42.40561], [-88.1917, 42.40422], [-88.19254, 42.40459], [-88.19278, 42.40546], [-88.19206, 42.40515], [-88.19106, 42.40637], [-88.19013, 42.40572]]]}}, {"type": "Feature", "properties": {"tif_name": "FOX LAKE TIF #5", "municipality": "Fox Lake", "county": "Lake", "year_created": null, "year_expiry": null, "ordinance": null, "active": true, "source": "Lake County", "source_url": "https://services3.arcgis.com/HESxeTbDliKKvec2/arcgis/rest/services/LakeCounty_TaxDistricts/FeatureServer/13"}, "geometry": {"type": "Polygon", "coordinates": [[[-88.18131, 42.40406], [-88.18069, 42.40353], [-88.18041, 42.4047], [-88.17902, 42.40376], [-88.17903, 42.40472], [-88.17761, 42.40473], [-88.17522, 42.40396], [-88.1755, 42.40302], [-88.17811, 42.40202], [-88.17901, 42.40224], [-88.17902, 42.40345], [-88.18012, 42.40413], [-88.17965, 42.40258], [-88.18144, 42.40297], [-88.18186, 42.40482], [-88.18131, 42.40406]]]}}, {"type": "Feature", "properties": {"tif_name": "LAKE ZURICH TI F #4 - INDUSTRAL CENTER", "municipality": "Lake Zurich", "county": "Lake", "year_created": null, "year_expiry": null, "ordinance": null, "active": true, "source": "Lake County", "source_url": "https://services3.arcgis.com/HESxeTbDliKKvec2/arcgis/rest/services/LakeCounty_TaxDistricts/FeatureServer/13"}, "geometry": {"type": "Polygon", "coordinates": [[[-88.0671, 42.21296], [-88.06754, 42.21196], [-88.06946, 42.21197], [-88.06951, 42.20707], [-88.06755, 42.20742], [-88.06754, 42.20114], [-88.06278, 42.20112], [-88.06278, 42.20214], [-88.06036, 42.20212], [-88.06056, 42.19763], [-88.07235, 42.19757], [-88.07241, 42.19926], [-88.07498, 42.19927], [-88.07498, 42.19764], [-88.07975, 42.19765], [-88.07974, 42.19929], [-88.08241, 42.1993], [-88.08227, 42.20235], [-88.07567, 42.20799], [-88.07535, 42.2101], [-88.07906, 42.2101], [-88.07665, 42.212], [-88.07382, 42.21199], [-88.07382, 42.20946], [-88.06802, 42.21367], [-88.0671, 42.21296]], [[-88.06522, 42.20013], [-88.06522, 42.19922], [-88.0629, 42.19921], [-88.0629, 42.20012], [-88.06522, 42.20013]]]}}, {"type": "Feature", "properties": {"tif_name": "DEERFIELD TIF #1 - DOWNTOWN VILLAGE CENTER", "municipality": "Deerfield", "county": "Lake", "year_created": null, "year_expiry": null, "ordinance": null, "active": true, "source": "Lake County", "source_url": "https://services3.arcgis.com/HESxeTbDliKKvec2/arcgis/rest/services/LakeCounty_TaxDistricts/FeatureServer/13"}, "geometry": {"type": "Polygon", "coordinates": [[[-87.84696, 42.17109], [-87.84615, 42.16924], [-87.84326, 42.16788], [-87.84324, 42.16714], [-87.84832, 42.16721], [-87.84848, 42.16634], [-87.85087, 42.16624], [-87.85131, 42.17105], [-87.84765, 42.17102], [-87.84741, 42.17182], [-87.84696, 42.17109]], [[-87.84919, 42.17035], [-87.84916, 42.17085], [-87.84937, 42.17085], [-87.84919, 42.17035]]]}}, {"type": "Feature", "properties": {"tif_name": "MUNDELEIN TIF #4", "municipality": "Mundelein", "county": "Lake", "year_created": null, "year_expiry": null, "ordinance": null, "active": true, "source": "Lake County", "source_url": "https://services3.arcgis.com/HESxeTbDliKKvec2/arcgis/rest/services/LakeCounty_TaxDistricts/FeatureServer/13"}, "geometry": {"type": "Polygon", "coordinates": [[[-87.9963, 42.24357], [-87.99386, 42.24289], [-87.9938, 42.2404], [-87.9853, 42.24078], [-87.98922, 42.23632], [-87.98986, 42.23706], [-87.99151, 42.23707], [-87.99239, 42.2353], [-87.99305, 42.23567], [-87.99321, 42.23831], [-87.99489, 42.23758], [-87.99577, 42.23912], [-87.99881, 42.23866], [-88.00308, 42.24084], [-87.99887, 42.24344], [-87.9963, 42.24357]], [[-87.99559, 42.24213], [-87.9943, 42.24148], [-87.99429, 42.24183], [-87.99559, 42.24213]], [[-87.99473, 42.24071], [-87.99515, 42.24027], [-87.99454, 42.24032], [-87.99473, 42.24071]], [[-87.9965, 42.24065], [-87.99715, 42.24066], [-87.9971, 42.24014], [-87.9965, 42.24065]], [[-87.99261, 42.24018], [-87.99371, 42.2401], [-87.99391, 42.23914], [-87.99261, 42.23913], [-87.99261, 42.24018]]]}}, {"type": "Feature", "properties": {"tif_name": "ANTIOCH MARKET PLACE TIF", "municipality": "Antioch", "county": "Lake", "year_created": null, "year_expiry": null, "ordinance": null, "active": true, "source": "Lake County", "source_url": "https://services3.arcgis.com/HESxeTbDliKKvec2/arcgis/rest/services/LakeCounty_TaxDistricts/FeatureServer/13"}, "geometry": {"type": "Polygon", "coordinates": [[[-88.07709, 42.47361], [-88.07713, 42.47028], [-88.07712, 42.47083], [-88.07505, 42.46998], [-88.07376, 42.47072], [-88.07219, 42.47016], [-88.07225, 42.46636], [-88.07637, 42.46635], [-88.07721, 42.46398], [-88.07947, 42.46397], [-88.07946, 42.46634], [-88.08518, 42.46727], [-88.08425, 42.4682], [-88.08507, 42.46865], [-88.08378, 42.46992], [-88.08207, 42.46992], [-88.08199, 42.47363], [-88.07709, 42.47361]], [[-88.07946, 42.46731], [-88.07947, 42.46634], [-88.07925, 42.46634], [-88.07946, 42.46731]]]}}, {"type": "Feature", "properties": {"tif_name": "BARRINGTON TIF #2 - LIBERTY & HOUGH", "municipality": "Barrington", "county": "Lake", "year_created": null, "year_expiry": null, "ordinance": null, "active": true, "source": "Lake County", "source_url": "https://services3.arcgis.com/HESxeTbDliKKvec2/arcgis/rest/services/LakeCounty_TaxDistricts/FeatureServer/13"}, "geometry": {"type": "Polygon", "coordinates": [[[-88.13671, 42.15784], [-88.13599, 42.15699], [-88.13736, 42.15653], [-88.136, 42.15653], [-88.13602, 42.1551], [-88.13947, 42.15688], [-88.13671, 42.15784]]]}}, {"type": "Feature", "properties": {"tif_name": "WAUCONDA TIF #2", "municipality": "Wauconda", "county": "Lake", "year_created": null, "year_expiry": null, "ordinance": null, "active": true, "source": "Lake County", "source_url": "https://services3.arcgis.com/HESxeTbDliKKvec2/arcgis/rest/services/LakeCounty_TaxDistricts/FeatureServer/13"}, "geometry": {"type": "Polygon", "coordinates": [[[-88.14458, 42.26344], [-88.14254, 42.2611], [-88.13992, 42.26295], [-88.13991, 42.26129], [-88.13926, 42.26127], [-88.13989, 42.26018], [-88.13585, 42.26115], [-88.13556, 42.26], [-88.13864, 42.25926], [-88.13695, 42.25849], [-88.13701, 42.25756], [-88.13801, 42.25714], [-88.13943, 42.2587], [-88.13991, 42.25782], [-88.14557, 42.26261], [-88.14559, 42.26415], [-88.1446, 42.26414], [-88.14458, 42.26344]]]}}, {"type": "Feature", "properties": {"tif_name": "VIL CRETE TIF 2", "municipality": "", "county": "Will", "year_created": null, "year_expiry": null, "ordinance": null, "active": true, "source": "Will County", "source_url": "https://gis.willcountyillinois.com/hosting/rest/services/TaxDistricts/TIFDistricts/MapServer/0"}, "geometry": {"type": "MultiPolygon", "coordinates": [[[[-87.63407, 41.46077], [-87.6371, 41.46052], [-87.63712, 41.45482], [-87.63604, 41.4487], [-87.63512, 41.44904], [-87.63451, 41.44837], [-87.63452, 41.44962], [-87.63378, 41.44963], [-87.63366, 41.44401], [-87.63194, 41.44392], [-87.63251, 41.44327], [-87.63178, 41.44328], [-87.63187, 41.44238], [-87.63445, 41.44293], [-87.63412, 41.43988], [-87.63238, 41.43989], [-87.63239, 41.44057], [-87.63105, 41.44076], [-87.63242, 41.44199], [-87.62994, 41.4424], [-87.62939, 41.44485], [-87.63003, 41.44538], [-87.62631, 41.44568], [-87.62632, 41.44783], [-87.62761, 41.44782], [-87.62769, 41.44655], [-87.63006, 41.44654], [-87.63004, 41.44566], [-87.63137, 41.44564], [-87.63062, 41.44707], [-87.63151, 41.44739], [-87.63219, 41.44739], [-87.63213, 41.44625], [-87.63359, 41.44622], [-87.63351, 41.44958], [-87.63179, 41.44942], [-87.63192, 41.45056], [-87.62766, 41.45059], [-87.62767, 41.45695], [-87.62914, 41.45694], [-87.62943, 41.4595], [-87.63248, 41.45958], [-87.63279, 41.46069], [-87.63407, 41.46077]], [[-87.63315, 41.44517], [-87.63317, 41.44592], [-87.63208, 41.44561], [-87.63315, 41.44517]]], [[[-87.634, 41.44451], [-87.63403, 41.44558], [-87.63439, 41.44468], [-87.63621, 41.44465], [-87.6344, 41.44403], [-87.634, 41.44451]]], [[[-87.63431, 41.44576], [-87.63404, 41.44621], [-87.63442, 41.44621], [-87.63431, 41.44576]]]]}}, {"type": "Feature", "properties": {"tif_name": "VILL STEGER TIF 2", "municipality": "", "county": "Will", "year_created": null, "year_expiry": null, "ordinance": null, "active": true, "source": "Will County", "source_url": "https://gis.willcountyillinois.com/hosting/rest/services/TaxDistricts/TIFDistricts/MapServer/0"}, "geometry": {"type": "Polygon", "coordinates": [[[-87.63447, 41.4617], [-87.6345, 41.46327], [-87.63678, 41.46286], [-87.63674, 41.46117], [-87.63447, 41.4617]]]}}, {"type": "Feature", "properties": {"tif_name": "VIL ROMEOVILLE TIF 2", "municipality": "", "county": "Will", "year_created": null, "year_expiry": null, "ordinance": null, "active": true, "source": "Will County", "source_url": "https://gis.willcountyillinois.com/hosting/rest/services/TaxDistricts/TIFDistricts/MapServer/0"}, "geometry": {"type": "Polygon", "coordinates": [[[-88.07915, 41.65646], [-88.08026, 41.65472], [-88.08845, 41.65443], [-88.08843, 41.65367], [-88.08613, 41.65307], [-88.08606, 41.65087], [-88.08051, 41.651], [-88.08049, 41.64493], [-88.08414, 41.64492], [-88.08409, 41.64365], [-88.08212, 41.6437], [-88.08207, 41.64007], [-88.08712, 41.63993], [-88.08708, 41.63884], [-88.08298, 41.63911], [-88.08106, 41.63803], [-88.08043, 41.63878], [-88.07874, 41.63883], [-88.07943, 41.64014], [-88.08045, 41.64011], [-88.08048, 41.64377], [-88.07833, 41.64382], [-88.07834, 41.64455], [-88.07938, 41.64453], [-88.07937, 41.64671], [-88.07801, 41.64674], [-88.07802, 41.64751], [-88.07941, 41.64751], [-88.07942, 41.65102], [-88.07803, 41.65106], [-88.07801, 41.64845], [-88.0769, 41.64851], [-88.07696, 41.64928], [-88.07432, 41.6494], [-88.07419, 41.64779], [-88.07625, 41.64758], [-88.07615, 41.64388], [-88.07423, 41.6439], [-88.07417, 41.6427], [-88.07367, 41.64395], [-88.07293, 41.64397], [-88.07351, 41.64031], [-88.07137, 41.64188], [-88.07167, 41.64036], [-88.06637, 41.64051], [-88.06678, 41.655], [-88.06812, 41.65497], [-88.0713, 41.65078], [-88.07094, 41.65176], [-88.07186, 41.65252], [-88.07353, 41.65244], [-88.07348, 41.65026], [-88.07439, 41.65024], [-88.07467, 41.65242], [-88.07637, 41.65239], [-88.07666, 41.65441], [-88.07902, 41.65458], [-88.07887, 41.65536], [-88.07771, 41.65541], [-88.07774, 41.65639], [-88.07915, 41.65646]]]}}, {"type": "Feature", "properties": {"tif_name": "ROMEOVILLE TIF 8", "municipality": "", "county": "Will", "year_created": null, "year_expiry": null, "ordinance": null, "active": true, "source": "Will County", "source_url": "https://gis.willcountyillinois.com/hosting/rest/services/TaxDistricts/TIFDistricts/MapServer/0"}, "geometry": {"type": "Polygon", "coordinates": [[[-88.12173, 41.65462], [-88.12253, 41.65462], [-88.12249, 41.65357], [-88.12345, 41.65355], [-88.12348, 41.65425], [-88.12528, 41.65374], [-88.12524, 41.65319], [-88.12271, 41.65327], [-88.12268, 41.65214], [-88.12185, 41.65216], [-88.12186, 41.65134], [-88.1236, 41.65094], [-88.1236, 41.65022], [-88.12448, 41.65021], [-88.12444, 41.65247], [-88.1259, 41.65244], [-88.12594, 41.6534], [-88.12715, 41.65379], [-88.12871, 41.65349], [-88.12747, 41.64966], [-88.12796, 41.64782], [-88.12507, 41.64838], [-88.12505, 41.64704], [-88.12391, 41.64711], [-88.12389, 41.64629], [-88.11981, 41.64636], [-88.12001, 41.65432], [-88.12173, 41.65462]]]}}, {"type": "Feature", "properties": {"tif_name": "ROMEOVILLE TIF 6", "municipality": "", "county": "Will", "year_created": null, "year_expiry": null, "ordinance": null, "active": true, "source": "Will County", "source_url": "https://gis.willcountyillinois.com/hosting/rest/services/TaxDistricts/TIFDistricts/MapServer/0"}, "geometry": {"type": "Polygon", "coordinates": [[[-88.05595, 41.67597], [-88.05535, 41.67685], [-88.05301, 41.6769], [-88.05276, 41.67871], [-88.05382, 41.67912], [-88.05328, 41.6799], [-88.05798, 41.6798], [-88.05789, 41.67698], [-88.05893, 41.67545], [-88.0578, 41.6744], [-88.06377, 41.66959], [-88.05765, 41.66973], [-88.05754, 41.6667], [-88.04797, 41.6699], [-88.04804, 41.67165], [-88.04395, 41.67293], [-88.04082, 41.67234], [-88.04106, 41.67733], [-88.05008, 41.67699], [-88.04988, 41.67186], [-88.05585, 41.671], [-88.05595, 41.67597]]]}}, {"type": "Feature", "properties": {"tif_name": "VIL MONEE TIF 3", "municipality": "", "county": "Will", "year_created": null, "year_expiry": null, "ordinance": null, "active": true, "source": "Will County", "source_url": "https://gis.willcountyillinois.com/hosting/rest/services/TaxDistricts/TIFDistricts/MapServer/0"}, "geometry": {"type": "Polygon", "coordinates": [[[-87.75728, 41.42305], [-87.75773, 41.42376], [-87.75963, 41.4237], [-87.75965, 41.42303], [-87.77656, 41.42264], [-87.77654, 41.41953], [-87.76684, 41.4196], [-87.76687, 41.42163], [-87.76206, 41.42167], [-87.76205, 41.42107], [-87.75981, 41.42109], [-87.75984, 41.41731], [-87.75722, 41.41732], [-87.75728, 41.42305]]]}}, {"type": "Feature", "properties": {"tif_name": "VIL ROMEOVILLE TIF 1", "municipality": "", "county": "Will", "year_created": null, "year_expiry": null, "ordinance": null, "active": true, "source": "Will County", "source_url": "https://gis.willcountyillinois.com/hosting/rest/services/TaxDistricts/TIFDistricts/MapServer/0"}, "geometry": {"type": "Polygon", "coordinates": [[[-88.06784, 41.66537], [-88.06913, 41.6644], [-88.07067, 41.66558], [-88.06901, 41.66724], [-88.06717, 41.66582], [-88.06527, 41.6678], [-88.06684, 41.67031], [-88.06743, 41.67316], [-88.07707, 41.67289], [-88.07694, 41.66927], [-88.08177, 41.66914], [-88.0817, 41.66686], [-88.07687, 41.66713], [-88.07669, 41.66201], [-88.07451, 41.66267], [-88.07289, 41.66143], [-88.06717, 41.66582], [-88.06784, 41.66537]]]}}, {"type": "Feature", "properties": {"tif_name": "VIL PLFLD TIF 1", "municipality": "", "county": "Will", "year_created": null, "year_expiry": null, "ordinance": null, "active": true, "source": "Will County", "source_url": "https://gis.willcountyillinois.com/hosting/rest/services/TaxDistricts/TIFDistricts/MapServer/0"}, "geometry": {"type": "MultiPolygon", "coordinates": [[[[-88.20516, 41.60924], [-88.20522, 41.61084], [-88.20853, 41.60885], [-88.2105, 41.6094], [-88.2109, 41.60848], [-88.20841, 41.60842], [-88.20786, 41.60754], [-88.20671, 41.60816], [-88.20653, 41.60747], [-88.20216, 41.60756], [-88.20228, 41.61048], [-88.20371, 41.6099], [-88.20369, 41.60905], [-88.20586, 41.609], [-88.20516, 41.60924]], [[-88.20543, 41.60795], [-88.2051, 41.60795], [-88.2051, 41.60774], [-88.20543, 41.60795]]], [[[-88.21186, 41.61018], [-88.21565, 41.61015], [-88.21558, 41.60825], [-88.21148, 41.60847], [-88.21186, 41.61018]]]]}}, {"type": "Feature", "properties": {"tif_name": "CITY LOCKPORT TIF 1", "municipality": "", "county": "Will", "year_created": null, "year_expiry": null, "ordinance": null, "active": true, "source": "Will County", "source_url": "https://gis.willcountyillinois.com/hosting/rest/services/TaxDistricts/TIFDistricts/MapServer/0"}, "geometry": {"type": "Polygon", "coordinates": [[[-88.05916, 41.62595], [-88.06107, 41.61145], [-88.06196, 41.61135], [-88.06162, 41.59694], [-88.06462, 41.59687], [-88.06307, 41.61141], [-88.06366, 41.6114], [-88.06477, 41.60157], [-88.06649, 41.59696], [-88.06469, 41.59686], [-88.0644, 41.5896], [-88.06503, 41.58958], [-88.06411, 41.58233], [-88.06184, 41.58237], [-88.06402, 41.57867], [-88.06361, 41.57932], [-88.06161, 41.57892], [-88.05875, 41.58493], [-88.05361, 41.58357], [-88.05304, 41.58483], [-88.05817, 41.58618], [-88.05719, 41.58825], [-88.05623, 41.58894], [-88.05471, 41.58853], [-88.05421, 41.58955], [-88.05621, 41.59031], [-88.05336, 41.59633], [-88.05496, 41.59709], [-88.05239, 41.60437], [-88.05081, 41.62242], [-88.0597, 41.62225], [-88.05916, 41.62595]], [[-88.05685, 41.59936], [-88.05744, 41.60063], [-88.05617, 41.60066], [-88.05685, 41.59936]], [[-88.06077, 41.59384], [-88.06121, 41.59489], [-88.06009, 41.59458], [-88.06077, 41.59384]]]}}, {"type": "Feature", "properties": {"tif_name": "VIL ROMEOVILLE TIF 4", "municipality": "", "county": "Will", "year_created": null, "year_expiry": null, "ordinance": null, "active": true, "source": "Will County", "source_url": "https://gis.willcountyillinois.com/hosting/rest/services/TaxDistricts/TIFDistricts/MapServer/0"}, "geometry": {"type": "Polygon", "coordinates": [[[-88.06543, 41.66231], [-88.06436, 41.66233], [-88.06302, 41.66508], [-88.06232, 41.6651], [-88.06247, 41.66962], [-88.06377, 41.66959], [-88.06626, 41.66667], [-88.06556, 41.66634], [-88.06607, 41.66506], [-88.06714, 41.66482], [-88.06706, 41.66227], [-88.06543, 41.66231]]]}}, {"type": "Feature", "properties": {"tif_name": "ROMEOVILLE TIF 7", "municipality": "", "county": "Will", "year_created": null, "year_expiry": null, "ordinance": null, "active": true, "source": "Will County", "source_url": "https://gis.willcountyillinois.com/hosting/rest/services/TaxDistricts/TIFDistricts/MapServer/0"}, "geometry": {"type": "Polygon", "coordinates": [[[-88.06704, 41.66176], [-88.06717, 41.6656], [-88.07289, 41.66143], [-88.07451, 41.66267], [-88.07691, 41.662], [-88.07683, 41.65986], [-88.07803, 41.65982], [-88.07722, 41.65864], [-88.07928, 41.65661], [-88.07774, 41.65639], [-88.07771, 41.65541], [-88.07887, 41.65536], [-88.07902, 41.65458], [-88.07666, 41.65441], [-88.07637, 41.65239], [-88.07193, 41.65257], [-88.07061, 41.65149], [-88.0669, 41.65806], [-88.06704, 41.66176]]]}}, {"type": "Feature", "properties": {"tif_name": "VIL OF BEECHER TIF 1", "municipality": "", "county": "Will", "year_created": null, "year_expiry": null, "ordinance": null, "active": true, "source": "Will County", "source_url": "https://gis.willcountyillinois.com/hosting/rest/services/TaxDistricts/TIFDistricts/MapServer/0"}, "geometry": {"type": "MultiPolygon", "coordinates": [[[[-87.62158, 41.35591], [-87.62053, 41.35593], [-87.62004, 41.35755], [-87.6199, 41.3636], [-87.62143, 41.36359], [-87.62139, 41.36072], [-87.62627, 41.3607], [-87.62624, 41.35533], [-87.62864, 41.35531], [-87.62868, 41.35888], [-87.62987, 41.35888], [-87.62988, 41.36048], [-87.6311, 41.36048], [-87.63062, 41.34794], [-87.64055, 41.34787], [-87.64054, 41.34616], [-87.63151, 41.3462], [-87.63149, 41.34418], [-87.63232, 41.34418], [-87.63229, 41.34057], [-87.63463, 41.34055], [-87.63462, 41.33879], [-87.62936, 41.33885], [-87.6291, 41.34077], [-87.62973, 41.34077], [-87.62974, 41.3442], [-87.63056, 41.34419], [-87.63056, 41.34619], [-87.62984, 41.34619], [-87.62984, 41.347], [-87.62669, 41.34701], [-87.62754, 41.34977], [-87.62628, 41.34978], [-87.62624, 41.35159], [-87.62154, 41.35161], [-87.62158, 41.35591]]], [[[-87.63357, 41.35509], [-87.63355, 41.35155], [-87.63124, 41.35156], [-87.63188, 41.36225], [-87.63251, 41.36225], [-87.63246, 41.3551], [-87.63357, 41.35509]]], [[[-87.63357, 41.35528], [-87.63357, 41.35518], [-87.63357, 41.35509], [-87.63357, 41.35528]]]]}}, {"type": "Feature", "properties": {"tif_name": "VILL OF CRETE TIF 4", "municipality": "", "county": "Will", "year_created": null, "year_expiry": null, "ordinance": null, "active": true, "source": "Will County", "source_url": "https://gis.willcountyillinois.com/hosting/rest/services/TaxDistricts/TIFDistricts/MapServer/0"}, "geometry": {"type": "Polygon", "coordinates": [[[-87.57964, 41.46985], [-87.5812, 41.46999], [-87.58115, 41.46943], [-87.57893, 41.4659], [-87.58033, 41.46505], [-87.58459, 41.46591], [-87.58449, 41.46106], [-87.57914, 41.46111], [-87.57911, 41.45866], [-87.57707, 41.45868], [-87.5772, 41.46835], [-87.57957, 41.46835], [-87.57964, 41.46985]]]}}, {"type": "Feature", "properties": {"tif_name": "VILL CRETE TIF 3", "municipality": "", "county": "Will", "year_created": null, "year_expiry": null, "ordinance": null, "active": true, "source": "Will County", "source_url": "https://gis.willcountyillinois.com/hosting/rest/services/TaxDistricts/TIFDistricts/MapServer/0"}, "geometry": {"type": "Polygon", "coordinates": [[[-87.61062, 41.4352], [-87.61614, 41.43537], [-87.61612, 41.43328], [-87.61736, 41.43329], [-87.61739, 41.43535], [-87.62079, 41.43532], [-87.62075, 41.43262], [-87.61299, 41.43166], [-87.61298, 41.43097], [-87.61715, 41.43111], [-87.62075, 41.43221], [-87.62072, 41.43061], [-87.6214, 41.4306], [-87.62141, 41.43159], [-87.62816, 41.43153], [-87.62809, 41.43034], [-87.63039, 41.43031], [-87.63026, 41.42605], [-87.62256, 41.42608], [-87.62255, 41.42517], [-87.61291, 41.42527], [-87.61287, 41.42069], [-87.60792, 41.42074], [-87.60808, 41.43446], [-87.61062, 41.43443], [-87.61062, 41.4352]]]}}, {"type": "Feature", "properties": {"tif_name": "CITY OF JOLIET TIF 2", "municipality": "", "county": "Will", "year_created": null, "year_expiry": null, "ordinance": null, "active": true, "source": "Will County", "source_url": "https://gis.willcountyillinois.com/hosting/rest/services/TaxDistricts/TIFDistricts/MapServer/0"}, "geometry": {"type": "Polygon", "coordinates": [[[-88.08095, 41.52852], [-88.08439, 41.52865], [-88.08436, 41.52767], [-88.08321, 41.5277], [-88.08379, 41.52692], [-88.08029, 41.52661], [-88.08095, 41.52852]]]}}, {"type": "Feature", "properties": {"tif_name": "VIL ROMEOVILLE TIF 3", "municipality": "", "county": "Will", "year_created": null, "year_expiry": null, "ordinance": null, "active": true, "source": "Will County", "source_url": "https://gis.willcountyillinois.com/hosting/rest/services/TaxDistricts/TIFDistricts/MapServer/0"}, "geometry": {"type": "Polygon", "coordinates": [[[-88.0792, 41.64106], [-88.08046, 41.64103], [-88.08045, 41.64011], [-88.07862, 41.64016], [-88.0792, 41.64106]]]}}, {"type": "Feature", "properties": {"tif_name": "VIL MONEE TIF 4", "municipality": "", "county": "Will", "year_created": null, "year_expiry": null, "ordinance": null, "active": true, "source": "Will County", "source_url": "https://gis.willcountyillinois.com/hosting/rest/services/TaxDistricts/TIFDistricts/MapServer/0"}, "geometry": {"type": "Polygon", "coordinates": [[[-87.74759, 41.41738], [-87.7476, 41.41805], [-87.75272, 41.41803], [-87.75265, 41.41543], [-87.74871, 41.41545], [-87.74759, 41.41738]]]}}, {"type": "Feature", "properties": {"tif_name": "VIL OF MOKENA TIF 1", "municipality": "", "county": "Will", "year_created": null, "year_expiry": null, "ordinance": null, "active": true, "source": "Will County", "source_url": "https://gis.willcountyillinois.com/hosting/rest/services/TaxDistricts/TIFDistricts/MapServer/0"}, "geometry": {"type": "Polygon", "coordinates": [[[-87.8797, 41.53423], [-87.88553, 41.53281], [-87.89037, 41.53056], [-87.89, 41.53008], [-87.89131, 41.52951], [-87.89113, 41.52896], [-87.88945, 41.52968], [-87.89041, 41.52863], [-87.89034, 41.52657], [-87.88907, 41.52646], [-87.8891, 41.5275], [-87.88758, 41.52752], [-87.88899, 41.52949], [-87.88591, 41.5308], [-87.88546, 41.5302], [-87.88449, 41.53063], [-87.87952, 41.53321], [-87.8797, 41.53423]]]}}, {"type": "Feature", "properties": {"tif_name": "CITY OF WILM TIF 2", "municipality": "", "county": "Will", "year_created": null, "year_expiry": null, "ordinance": null, "active": true, "source": "Will County", "source_url": "https://gis.willcountyillinois.com/hosting/rest/services/TaxDistricts/TIFDistricts/MapServer/0"}, "geometry": {"type": "MultiPolygon", "coordinates": [[[[-88.19009, 41.32345], [-88.19009, 41.32345], [-88.19002, 41.32183], [-88.19009, 41.32345]]], [[[-88.21233, 41.32621], [-88.21013, 41.32628], [-88.21036, 41.33231], [-88.21454, 41.33228], [-88.2146, 41.32695], [-88.21233, 41.32621]]], [[[-88.20549, 41.34704], [-88.21412, 41.34643], [-88.21478, 41.34368], [-88.215, 41.34683], [-88.21537, 41.34647], [-88.21568, 41.33371], [-88.21029, 41.33376], [-88.21025, 41.33261], [-88.20548, 41.33274], [-88.21023, 41.33216], [-88.21001, 41.32609], [-88.19933, 41.32612], [-88.19681, 41.32489], [-88.19624, 41.32097], [-88.19696, 41.32437], [-88.19848, 41.32558], [-88.20998, 41.32553], [-88.20974, 41.31828], [-88.20493, 41.3184], [-88.20471, 41.31337], [-88.19993, 41.31349], [-88.20016, 41.31853], [-88.19175, 41.31923], [-88.19146, 41.32497], [-88.19251, 41.32495], [-88.19255, 41.3259], [-88.1915, 41.32593], [-88.1918, 41.33338], [-88.19329, 41.33335], [-88.19344, 41.33941], [-88.1982, 41.34009], [-88.19799, 41.34611], [-88.20546, 41.34606], [-88.20549, 41.34704]], [[-88.2065, 41.3401], [-88.20564, 41.33986], [-88.20572, 41.33775], [-88.20645, 41.33774], [-88.2065, 41.3401]], [[-88.20645, 41.33752], [-88.20558, 41.33743], [-88.20568, 41.33558], [-88.2064, 41.33556], [-88.20645, 41.33752]], [[-88.20551, 41.33463], [-88.20553, 41.33527], [-88.19943, 41.33545], [-88.19682, 41.3318], [-88.19872, 41.33175], [-88.19878, 41.33298], [-88.20192, 41.33392], [-88.20549, 41.33382], [-88.20551, 41.33463]], [[-88.21031, 41.33457], [-88.21031, 41.33457], [-88.2102, 41.33458], [-88.21031, 41.33457]], [[-88.2068, 41.32207], [-88.20974, 41.32199], [-88.2068, 41.32207], [-88.2068, 41.32207]]]]}}, {"type": "Feature", "properties": {"tif_name": "JOLIET TIF 3", "municipality": "", "county": "Will", "year_created": null, "year_expiry": null, "ordinance": null, "active": true, "source": "Will County", "source_url": "https://gis.willcountyillinois.com/hosting/rest/services/TaxDistricts/TIFDistricts/MapServer/0"}, "geometry": {"type": "Polygon", "coordinates": [[[-88.05782, 41.53013], [-88.0637, 41.52995], [-88.06344, 41.529], [-88.06827, 41.52891], [-88.0696, 41.52821], [-88.07503, 41.52821], [-88.07499, 41.52891], [-88.07659, 41.52888], [-88.07656, 41.52781], [-88.07814, 41.52739], [-88.07507, 41.52699], [-88.07504, 41.52794], [-88.07261, 41.52791], [-88.07266, 41.52702], [-88.06895, 41.52669], [-88.06533, 41.52738], [-88.06401, 41.52693], [-88.06396, 41.52519], [-88.061, 41.52535], [-88.06047, 41.52626], [-88.06171, 41.52648], [-88.05918, 41.52645], [-88.05917, 41.52815], [-88.05679, 41.52872], [-88.05782, 41.53013]]]}}, {"type": "Feature", "properties": {"tif_name": "VILLAGE DIAMOND TIF 1", "municipality": "", "county": "Will", "year_created": null, "year_expiry": null, "ordinance": null, "active": true, "source": "Will County", "source_url": "https://gis.willcountyillinois.com/hosting/rest/services/TaxDistricts/TIFDistricts/MapServer/0"}, "geometry": {"type": "MultiPolygon", "coordinates": [[[[-88.24042, 41.2873], [-88.24045, 41.28872], [-88.24055, 41.28872], [-88.24042, 41.2873]]], [[[-88.24222, 41.28882], [-88.24227, 41.29066], [-88.24707, 41.29061], [-88.24691, 41.28561], [-88.24534, 41.2861], [-88.24434, 41.28514], [-88.24689, 41.28509], [-88.24658, 41.27616], [-88.24384, 41.27438], [-88.24211, 41.27442], [-88.23704, 41.28336], [-88.23345, 41.2873], [-88.23345, 41.28885], [-88.23506, 41.28882], [-88.23503, 41.288], [-88.23594, 41.28798], [-88.23597, 41.28881], [-88.23922, 41.28874], [-88.23889, 41.28625], [-88.23735, 41.28627], [-88.23706, 41.28408], [-88.24118, 41.28459], [-88.24078, 41.28871], [-88.24222, 41.28882]]]]}}, {"type": "Feature", "properties": {"tif_name": "VIL ROCKDALE TIF 1", "municipality": "", "county": "Will", "year_created": null, "year_expiry": null, "ordinance": null, "active": true, "source": "Will County", "source_url": "https://gis.willcountyillinois.com/hosting/rest/services/TaxDistricts/TIFDistricts/MapServer/0"}, "geometry": {"type": "Polygon", "coordinates": [[[-88.13774, 41.50296], [-88.13766, 41.5008], [-88.14149, 41.50087], [-88.14138, 41.49799], [-88.13974, 41.49865], [-88.1396, 41.49523], [-88.12964, 41.49776], [-88.12996, 41.49907], [-88.12805, 41.4995], [-88.1281, 41.50074], [-88.1266, 41.50078], [-88.12599, 41.49915], [-88.12436, 41.49962], [-88.12597, 41.49878], [-88.11918, 41.50102], [-88.11626, 41.5011], [-88.11261, 41.50267], [-88.10553, 41.50396], [-88.09848, 41.50885], [-88.10024, 41.50881], [-88.10059, 41.51023], [-88.10303, 41.50779], [-88.10497, 41.50719], [-88.10495, 41.50615], [-88.10632, 41.50588], [-88.10688, 41.50729], [-88.10859, 41.50726], [-88.10832, 41.50565], [-88.10965, 41.50537], [-88.11439, 41.50526], [-88.11447, 41.50748], [-88.11879, 41.50793], [-88.11817, 41.50683], [-88.11499, 41.50691], [-88.11493, 41.50523], [-88.12417, 41.50496], [-88.12428, 41.50812], [-88.12713, 41.51042], [-88.12914, 41.51061], [-88.12904, 41.50801], [-88.12536, 41.50746], [-88.12758, 41.50714], [-88.12715, 41.50605], [-88.12897, 41.50602], [-88.12903, 41.50758], [-88.13031, 41.50755], [-88.13042, 41.5106], [-88.13603, 41.51029], [-88.13777, 41.50997], [-88.13732, 41.50736], [-88.13456, 41.50838], [-88.13144, 41.50844], [-88.13141, 41.50752], [-88.13793, 41.50734], [-88.13785, 41.50568], [-88.14005, 41.50612], [-88.13336, 41.50512], [-88.13514, 41.50466], [-88.1351, 41.50362], [-88.13619, 41.5036], [-88.13623, 41.50463], [-88.13999, 41.50398], [-88.13999, 41.50293], [-88.13774, 41.50296]], [[-88.12878, 41.5012], [-88.12606, 41.50174], [-88.1246, 41.5009], [-88.13084, 41.50082], [-88.12878, 41.5012]], [[-88.1288, 41.50147], [-88.12994, 41.50126], [-88.13003, 41.50432], [-88.12888, 41.50371], [-88.1288, 41.50147]], [[-88.1289, 41.5041], [-88.12995, 41.5046], [-88.12891, 41.50462], [-88.1289, 41.5041]], [[-88.12557, 41.50176], [-88.11981, 41.50292], [-88.12369, 41.50134], [-88.12557, 41.50176]]]}}, {"type": "Feature", "properties": {"tif_name": "VIL UNIV PARK TIF 6", "municipality": "", "county": "Will", "year_created": null, "year_expiry": null, "ordinance": null, "active": true, "source": "Will County", "source_url": "https://gis.willcountyillinois.com/hosting/rest/services/TaxDistricts/TIFDistricts/MapServer/0"}, "geometry": {"type": "Polygon", "coordinates": [[[-87.68157, 41.44993], [-87.68357, 41.44992], [-87.68393, 41.44839], [-87.68505, 41.44838], [-87.68506, 41.44926], [-87.6917, 41.4493], [-87.69167, 41.44693], [-87.68929, 41.44678], [-87.68927, 41.4456], [-87.68665, 41.44562], [-87.68633, 41.44683], [-87.68, 41.44611], [-87.6796, 41.44938], [-87.68156, 41.44937], [-87.68157, 41.44993]]]}}, {"type": "Feature", "properties": {"tif_name": "VIL CHANNAHON TIF 1", "municipality": "", "county": "Will", "year_created": null, "year_expiry": null, "ordinance": null, "active": true, "source": "Will County", "source_url": "https://gis.willcountyillinois.com/hosting/rest/services/TaxDistricts/TIFDistricts/MapServer/0"}, "geometry": {"type": "MultiPolygon", "coordinates": [[[[-88.19593, 41.45645], [-88.19059, 41.45655], [-88.19268, 41.45897], [-88.19398, 41.45832], [-88.19461, 41.45928], [-88.19609, 41.45926], [-88.19614, 41.4603], [-88.19909, 41.46008], [-88.19895, 41.45671], [-88.19593, 41.45645]]], [[[-88.19767, 41.45643], [-88.20055, 41.45638], [-88.20039, 41.4522], [-88.19812, 41.45474], [-88.19746, 41.454], [-88.19583, 41.45431], [-88.19593, 41.45645], [-88.19767, 41.45643]]]]}}, {"type": "Feature", "properties": {"tif_name": "BRAIDWOOD TIF 3", "municipality": "", "county": "Will", "year_created": null, "year_expiry": null, "ordinance": null, "active": true, "source": "Will County", "source_url": "https://gis.willcountyillinois.com/hosting/rest/services/TaxDistricts/TIFDistricts/MapServer/0"}, "geometry": {"type": "MultiPolygon", "coordinates": [[[[-88.23673, 41.26727], [-88.23674, 41.2676], [-88.23708, 41.26759], [-88.23673, 41.26727]]], [[[-88.23675, 41.26779], [-88.23779, 41.26816], [-88.23778, 41.26777], [-88.23675, 41.26779]]], [[[-88.22774, 41.28726], [-88.22741, 41.28749], [-88.22824, 41.28749], [-88.22774, 41.28726]]], [[[-88.22746, 41.28888], [-88.22753, 41.29158], [-88.22863, 41.29229], [-88.23051, 41.29091], [-88.2339, 41.29006], [-88.23436, 41.28942], [-88.23345, 41.28885], [-88.23345, 41.2873], [-88.23704, 41.28336], [-88.24211, 41.27442], [-88.24653, 41.27431], [-88.2459, 41.25533], [-88.24408, 41.25813], [-88.24236, 41.25818], [-88.24277, 41.25943], [-88.24008, 41.25974], [-88.24005, 41.25889], [-88.23884, 41.25891], [-88.23887, 41.25977], [-88.23765, 41.25979], [-88.23758, 41.25802], [-88.2362, 41.25804], [-88.23623, 41.25926], [-88.23494, 41.25985], [-88.23455, 41.25762], [-88.23618, 41.25759], [-88.23604, 41.25267], [-88.22723, 41.25284], [-88.22609, 41.25249], [-88.22607, 41.25126], [-88.22167, 41.25294], [-88.22338, 41.25589], [-88.22655, 41.25338], [-88.22658, 41.25427], [-88.22746, 41.25444], [-88.2277, 41.25928], [-88.22661, 41.25931], [-88.22663, 41.2601], [-88.24127, 41.26086], [-88.24128, 41.26399], [-88.23866, 41.26348], [-88.23878, 41.26704], [-88.24027, 41.2672], [-88.24033, 41.26882], [-88.23653, 41.26891], [-88.23647, 41.26709], [-88.23168, 41.26719], [-88.23177, 41.27001], [-88.23658, 41.27031], [-88.23742, 41.2714], [-88.23859, 41.27138], [-88.23689, 41.27191], [-88.23975, 41.27248], [-88.23668, 41.27304], [-88.24074, 41.27296], [-88.23695, 41.27356], [-88.24099, 41.27385], [-88.22789, 41.27455], [-88.2286, 41.27754], [-88.23051, 41.27751], [-88.23059, 41.2798], [-88.22626, 41.28014], [-88.22621, 41.27832], [-88.22438, 41.27826], [-88.21875, 41.2798], [-88.21965, 41.28062], [-88.21782, 41.28097], [-88.21713, 41.2798], [-88.21555, 41.27983], [-88.21546, 41.27773], [-88.2165, 41.27771], [-88.21644, 41.27606], [-88.21539, 41.27608], [-88.21533, 41.27491], [-88.21273, 41.27504], [-88.21323, 41.2822], [-88.21625, 41.28214], [-88.2167, 41.28296], [-88.21684, 41.28571], [-88.21586, 41.28561], [-88.216, 41.28917], [-88.21819, 41.28911], [-88.21861, 41.28839], [-88.21864, 41.2891], [-88.22532, 41.28899], [-88.22523, 41.28611], [-88.21806, 41.28622], [-88.21793, 41.28344], [-88.21729, 41.28328], [-88.21792, 41.28326], [-88.21788, 41.28239], [-88.21724, 41.28212], [-88.22626, 41.2815], [-88.2272, 41.28149], [-88.22735, 41.28563], [-88.23364, 41.28552], [-88.23228, 41.28786], [-88.22841, 41.28739], [-88.22743, 41.28797], [-88.22746, 41.28888]], [[-88.23656, 41.28171], [-88.2341, 41.28177], [-88.23296, 41.28329], [-88.23381, 41.28146], [-88.23656, 41.28171]], [[-88.23697, 41.27944], [-88.2363, 41.27945], [-88.23629, 41.2789], [-88.23697, 41.27944]], [[-88.23706, 41.27909], [-88.23698, 41.27789], [-88.23901, 41.27793], [-88.2374, 41.2782], [-88.23706, 41.27909]], [[-88.23841, 41.27678], [-88.23802, 41.27769], [-88.23797, 41.27564], [-88.23924, 41.27626], [-88.23841, 41.27678]], [[-88.23779, 41.2777], [-88.23697, 41.27772], [-88.23692, 41.27535], [-88.23774, 41.27533], [-88.23779, 41.2777]], [[-88.23987, 41.27559], [-88.2403, 41.27565], [-88.24022, 41.2758], [-88.23987, 41.27559]], [[-88.23722, 41.27516], [-88.23697, 41.27453], [-88.23769, 41.27452], [-88.23722, 41.27516]], [[-88.24227, 41.27168], [-88.2418, 41.27244], [-88.24178, 41.27166], [-88.24227, 41.27168]], [[-88.24231, 41.2716], [-88.24175, 41.27081], [-88.24265, 41.2708], [-88.24231, 41.2716]], [[-88.24336, 41.26897], [-88.24307, 41.26975], [-88.24172, 41.26977], [-88.2417, 41.26898], [-88.24336, 41.26897]], [[-88.24376, 41.26588], [-88.24378, 41.26659], [-88.24271, 41.26661], [-88.24261, 41.26483], [-88.24372, 41.26481], [-88.24376, 41.26588]], [[-88.24407, 41.26543], [-88.24401, 41.26413], [-88.24486, 41.26411], [-88.24433, 41.26587], [-88.24407, 41.26543]], [[-88.24369, 41.26415], [-88.24372, 41.26476], [-88.24156, 41.2648], [-88.24153, 41.26417], [-88.24369, 41.26415]], [[-88.24283, 41.26044], [-88.24208, 41.2599], [-88.24281, 41.25988], [-88.24283, 41.26044]], [[-88.21712, 41.28816], [-88.2171, 41.28764], [-88.21798, 41.28762], [-88.21712, 41.28816]]]]}}, {"type": "Feature", "properties": {"tif_name": "STEGER TIF 3", "municipality": "", "county": "Will", "year_created": null, "year_expiry": null, "ordinance": null, "active": true, "source": "Will County", "source_url": "https://gis.willcountyillinois.com/hosting/rest/services/TaxDistricts/TIFDistricts/MapServer/0"}, "geometry": {"type": "Polygon", "coordinates": [[[-87.63243, 41.46934], [-87.63884, 41.46977], [-87.63646, 41.46877], [-87.63617, 41.46687], [-87.63477, 41.46689], [-87.63606, 41.46616], [-87.6356, 41.4633], [-87.6345, 41.46327], [-87.63461, 41.46082], [-87.63395, 41.46084], [-87.63288, 41.46421], [-87.63165, 41.46422], [-87.63243, 41.46934]]]}}, {"type": "Feature", "properties": {"tif_name": "VIL ROMEOVILLE TIF 5", "municipality": "", "county": "Will", "year_created": null, "year_expiry": null, "ordinance": null, "active": true, "source": "Will County", "source_url": "https://gis.willcountyillinois.com/hosting/rest/services/TaxDistricts/TIFDistricts/MapServer/0"}, "geometry": {"type": "Polygon", "coordinates": [[[-88.06223, 41.66238], [-88.0574, 41.66249], [-88.05749, 41.66521], [-88.0624, 41.66462], [-88.06375, 41.66234], [-88.06223, 41.66238]]]}}, {"type": "Feature", "properties": {"tif_name": "VIL MONEE TIF 5", "municipality": "", "county": "Will", "year_created": null, "year_expiry": null, "ordinance": null, "active": true, "source": "Will County", "source_url": "https://gis.willcountyillinois.com/hosting/rest/services/TaxDistricts/TIFDistricts/MapServer/0"}, "geometry": {"type": "Polygon", "coordinates": [[[-87.76702, 41.43237], [-87.76705, 41.43414], [-87.77248, 41.4341], [-87.77236, 41.42692], [-87.77659, 41.42689], [-87.77656, 41.42264], [-87.75965, 41.42303], [-87.75963, 41.4237], [-87.75399, 41.42426], [-87.754, 41.42515], [-87.75279, 41.42516], [-87.7528, 41.42598], [-87.74768, 41.42603], [-87.74759, 41.41738], [-87.74871, 41.41545], [-87.75265, 41.41543], [-87.75277, 41.41972], [-87.75725, 41.41968], [-87.75722, 41.41732], [-87.75984, 41.41731], [-87.75981, 41.42109], [-87.76687, 41.42163], [-87.76694, 41.41343], [-87.76536, 41.41344], [-87.76536, 41.41242], [-87.76694, 41.41243], [-87.76679, 41.41034], [-87.76442, 41.41037], [-87.76444, 41.41226], [-87.76203, 41.41228], [-87.76204, 41.41421], [-87.76106, 41.41422], [-87.76099, 41.41027], [-87.76277, 41.40508], [-87.76116, 41.40509], [-87.76115, 41.40298], [-87.75238, 41.40311], [-87.75154, 41.40468], [-87.74914, 41.40466], [-87.74892, 41.40658], [-87.74995, 41.40709], [-87.74898, 41.40812], [-87.74738, 41.40779], [-87.74746, 41.41273], [-87.74561, 41.41619], [-87.74396, 41.4162], [-87.74297, 41.41806], [-87.74157, 41.41808], [-87.74157, 41.41964], [-87.74091, 41.41964], [-87.74089, 41.41884], [-87.73888, 41.41966], [-87.73889, 41.41804], [-87.73799, 41.41805], [-87.73607, 41.41815], [-87.73608, 41.41942], [-87.73413, 41.41889], [-87.73415, 41.41944], [-87.71879, 41.42], [-87.7188, 41.42093], [-87.72513, 41.42177], [-87.72842, 41.42173], [-87.72841, 41.42078], [-87.73097, 41.42076], [-87.73096, 41.41997], [-87.73638, 41.41996], [-87.7364, 41.42167], [-87.74025, 41.42155], [-87.74031, 41.42039], [-87.74159, 41.41996], [-87.74226, 41.42019], [-87.74216, 41.42254], [-87.73992, 41.4271], [-87.74782, 41.42683], [-87.74924, 41.42713], [-87.75011, 41.42887], [-87.75009, 41.42713], [-87.75189, 41.42711], [-87.75191, 41.42879], [-87.75539, 41.42877], [-87.75536, 41.42686], [-87.75614, 41.42685], [-87.7561, 41.42781], [-87.75938, 41.42783], [-87.75923, 41.43058], [-87.767, 41.4305], [-87.76702, 41.43237]]]}}, {"type": "Feature", "properties": {"tif_name": "JOLIET TIF 4", "municipality": "", "county": "Will", "year_created": null, "year_expiry": null, "ordinance": null, "active": true, "source": "Will County", "source_url": "https://gis.willcountyillinois.com/hosting/rest/services/TaxDistricts/TIFDistricts/MapServer/0"}, "geometry": {"type": "Polygon", "coordinates": [[[-88.1307, 41.52775], [-88.1308, 41.52974], [-88.14102, 41.52949], [-88.14073, 41.52223], [-88.13814, 41.5223], [-88.13816, 41.52282], [-88.13441, 41.52239], [-88.13447, 41.52363], [-88.13752, 41.52373], [-88.13761, 41.52607], [-88.13595, 41.52575], [-88.13627, 41.52479], [-88.13452, 41.52484], [-88.13463, 41.52767], [-88.13331, 41.52769], [-88.13312, 41.52395], [-88.13389, 41.52312], [-88.13053, 41.52344], [-88.1307, 41.52775]]]}}, {"type": "Feature", "properties": {"tif_name": "VIL SHOREWOOD TIF 1", "municipality": "", "county": "Will", "year_created": null, "year_expiry": null, "ordinance": null, "active": true, "source": "Will County", "source_url": "https://gis.willcountyillinois.com/hosting/rest/services/TaxDistricts/TIFDistricts/MapServer/0"}, "geometry": {"type": "Polygon", "coordinates": [[[-88.18887, 41.52171], [-88.18418, 41.52175], [-88.18438, 41.52724], [-88.18921, 41.52699], [-88.18918, 41.52457], [-88.19028, 41.52295], [-88.19144, 41.52292], [-88.19283, 41.52165], [-88.19873, 41.52217], [-88.19887, 41.52502], [-88.20599, 41.52423], [-88.20586, 41.52151], [-88.20831, 41.52132], [-88.20824, 41.52007], [-88.20345, 41.52053], [-88.20128, 41.51975], [-88.20342, 41.51727], [-88.20536, 41.51668], [-88.20394, 41.5158], [-88.20229, 41.51722], [-88.19975, 41.51725], [-88.19939, 41.5116], [-88.19641, 41.51073], [-88.19332, 41.51436], [-88.19758, 41.51431], [-88.19763, 41.5157], [-88.19706, 41.51571], [-88.19757, 41.51895], [-88.19374, 41.51905], [-88.1938, 41.5207], [-88.19238, 41.52072], [-88.19241, 41.52156], [-88.19202, 41.52083], [-88.1895, 41.5208], [-88.18887, 41.52171]], [[-88.20177, 41.52063], [-88.20132, 41.52108], [-88.20043, 41.52042], [-88.20177, 41.52063]]]}}, {"type": "Feature", "properties": {"tif_name": "VIL MONEE TIF 6", "municipality": "", "county": "Will", "year_created": null, "year_expiry": null, "ordinance": null, "active": true, "source": "Will County", "source_url": "https://gis.willcountyillinois.com/hosting/rest/services/TaxDistricts/TIFDistricts/MapServer/0"}, "geometry": {"type": "Polygon", "coordinates": [[[-87.76689, 41.4305], [-87.75875, 41.43058], [-87.75858, 41.43421], [-87.76705, 41.43414], [-87.76689, 41.4305]]]}}, {"type": "Feature", "properties": {"tif_name": "CITY CREST HILL TIF 1", "municipality": "", "county": "Will", "year_created": null, "year_expiry": null, "ordinance": null, "active": true, "source": "Will County", "source_url": "https://gis.willcountyillinois.com/hosting/rest/services/TaxDistricts/TIFDistricts/MapServer/0"}, "geometry": {"type": "Polygon", "coordinates": [[[-88.12345, 41.55518], [-88.12493, 41.55632], [-88.12569, 41.55568], [-88.12618, 41.55217], [-88.12508, 41.55168], [-88.12333, 41.55319], [-88.12107, 41.55181], [-88.1212, 41.55528], [-88.12217, 41.55446], [-88.12345, 41.55518]]]}}, {"type": "Feature", "properties": {"tif_name": "PEOTONE TIF 1", "municipality": "", "county": "Will", "year_created": null, "year_expiry": null, "ordinance": null, "active": true, "source": "Will County", "source_url": "https://gis.willcountyillinois.com/hosting/rest/services/TaxDistricts/TIFDistricts/MapServer/0"}, "geometry": {"type": "Polygon", "coordinates": [[[-87.78944, 41.3339], [-87.78649, 41.33946], [-87.78736, 41.33944], [-87.78935, 41.33563], [-87.79248, 41.33556], [-87.79241, 41.33269], [-87.79386, 41.33268], [-87.79384, 41.33154], [-87.79237, 41.33106], [-87.79383, 41.33104], [-87.79379, 41.32974], [-87.79244, 41.32974], [-87.79514, 41.32473], [-87.79432, 41.32474], [-87.79164, 41.32975], [-87.7906, 41.32976], [-87.79064, 41.33153], [-87.78917, 41.33154], [-87.78944, 41.3339]]]}}, {"type": "Feature", "properties": {"tif_name": "CITY OF JOLIET TIF 6", "municipality": "", "county": "Will", "year_created": null, "year_expiry": null, "ordinance": null, "active": true, "source": "Will County", "source_url": "https://gis.willcountyillinois.com/hosting/rest/services/TaxDistricts/TIFDistricts/MapServer/0"}, "geometry": {"type": "Polygon", "coordinates": [[[-88.05131, 41.53979], [-88.05098, 41.53884], [-88.05501, 41.53634], [-88.05695, 41.53385], [-88.05352, 41.53446], [-88.05291, 41.53392], [-88.05292, 41.53473], [-88.05175, 41.53488], [-88.04937, 41.53453], [-88.04939, 41.53557], [-88.04768, 41.53561], [-88.04822, 41.53651], [-88.0434, 41.53656], [-88.04348, 41.53931], [-88.04911, 41.53923], [-88.04913, 41.54098], [-88.05082, 41.54095], [-88.05038, 41.53905], [-88.05131, 41.53979]], [[-88.04989, 41.53898], [-88.04919, 41.53914], [-88.04904, 41.5388], [-88.04989, 41.53898]]]}}, {"type": "Feature", "properties": {"tif_name": "PLAINFIELD TIF 2", "municipality": "", "county": "Will", "year_created": null, "year_expiry": null, "ordinance": null, "active": true, "source": "Will County", "source_url": "https://gis.willcountyillinois.com/hosting/rest/services/TaxDistricts/TIFDistricts/MapServer/0"}, "geometry": {"type": "Polygon", "coordinates": [[[-88.17228, 41.58715], [-88.16489, 41.58726], [-88.16411, 41.58843], [-88.17412, 41.59448], [-88.1774, 41.59443], [-88.17721, 41.58708], [-88.18205, 41.58968], [-88.18147, 41.59205], [-88.18354, 41.59269], [-88.18472, 41.59186], [-88.18704, 41.59325], [-88.18699, 41.59185], [-88.1803, 41.58686], [-88.18077, 41.58613], [-88.17891, 41.58538], [-88.17875, 41.58627], [-88.17531, 41.58508], [-88.17434, 41.58686], [-88.17228, 41.58715]], [[-88.17662, 41.58652], [-88.17577, 41.58621], [-88.17621, 41.5856], [-88.17702, 41.58591], [-88.17662, 41.58652]]]}}, {"type": "Feature", "properties": {"tif_name": "CITY OF JOLIET TIF 5", "municipality": "", "county": "Will", "year_created": null, "year_expiry": null, "ordinance": null, "active": true, "source": "Will County", "source_url": "https://gis.willcountyillinois.com/hosting/rest/services/TaxDistricts/TIFDistricts/MapServer/0"}, "geometry": {"type": "Polygon", "coordinates": [[[-88.08203, 41.53727], [-88.0859, 41.52764], [-88.08436, 41.52767], [-88.08439, 41.52865], [-88.08087, 41.5287], [-88.08029, 41.52661], [-88.08456, 41.5269], [-88.08451, 41.52482], [-88.08238, 41.52582], [-88.08085, 41.52549], [-88.08314, 41.52503], [-88.0831, 41.52391], [-88.08143, 41.5234], [-88.07936, 41.52397], [-88.07989, 41.51978], [-88.07819, 41.51981], [-88.07683, 41.52249], [-88.07429, 41.52237], [-88.0743, 41.5248], [-88.0762, 41.52518], [-88.07667, 41.52705], [-88.07814, 41.52739], [-88.07656, 41.52781], [-88.07658, 41.52895], [-88.07895, 41.52891], [-88.07977, 41.53349], [-88.08203, 41.53727]]]}}, {"type": "Feature", "properties": {"tif_name": "PEOTONE TIF 2", "municipality": "", "county": "Will", "year_created": null, "year_expiry": null, "ordinance": null, "active": true, "source": "Will County", "source_url": "https://gis.willcountyillinois.com/hosting/rest/services/TaxDistricts/TIFDistricts/MapServer/0"}, "geometry": {"type": "Polygon", "coordinates": [[[-87.81694, 41.32433], [-87.81414, 41.32444], [-87.81417, 41.32637], [-87.81951, 41.329], [-87.81969, 41.32808], [-87.82391, 41.32802], [-87.82377, 41.32083], [-87.81636, 41.32089], [-87.81694, 41.32433]]]}}, {"type": "Feature", "properties": {"tif_name": "VIL UNIV PARK TIF 7", "municipality": "", "county": "Will", "year_created": null, "year_expiry": null, "ordinance": null, "active": true, "source": "Will County", "source_url": "https://gis.willcountyillinois.com/hosting/rest/services/TaxDistricts/TIFDistricts/MapServer/0"}, "geometry": {"type": "Polygon", "coordinates": [[[-87.73203, 41.46716], [-87.73204, 41.46974], [-87.75189, 41.46975], [-87.75473, 41.4631], [-87.74272, 41.46344], [-87.74252, 41.46047], [-87.7483, 41.46097], [-87.74823, 41.45653], [-87.73845, 41.45635], [-87.73855, 41.46348], [-87.73194, 41.46354], [-87.73203, 41.46716]]]}}, {"type": "Feature", "properties": {"tif_name": "CITY OF JOLIET TIF 7", "municipality": "", "county": "Will", "year_created": null, "year_expiry": null, "ordinance": null, "active": true, "source": "Will County", "source_url": "https://gis.willcountyillinois.com/hosting/rest/services/TaxDistricts/TIFDistricts/MapServer/0"}, "geometry": {"type": "Polygon", "coordinates": [[[-88.18787, 41.4926], [-88.18823, 41.50263], [-88.19622, 41.50252], [-88.19742, 41.49795], [-88.19695, 41.48955], [-88.19627, 41.48956], [-88.19606, 41.48854], [-88.19175, 41.48715], [-88.18767, 41.48697], [-88.18787, 41.4926]]]}}, {"type": "Feature", "properties": {"tif_name": "ROMEOVILLE TIF 9", "municipality": "", "county": "Will", "year_created": null, "year_expiry": null, "ordinance": null, "active": true, "source": "Will County", "source_url": "https://gis.willcountyillinois.com/hosting/rest/services/TaxDistricts/TIFDistricts/MapServer/0"}, "geometry": {"type": "Polygon", "coordinates": [[[-88.11889, 41.61827], [-88.12539, 41.6176], [-88.12551, 41.61697], [-88.12464, 41.61699], [-88.12454, 41.61408], [-88.12782, 41.61278], [-88.1279, 41.61524], [-88.13308, 41.61533], [-88.13287, 41.60964], [-88.13575, 41.60584], [-88.13566, 41.60358], [-88.13029, 41.6037], [-88.13023, 41.60235], [-88.1233, 41.60368], [-88.12434, 41.60387], [-88.12435, 41.60596], [-88.12447, 41.60436], [-88.12727, 41.6043], [-88.12805, 41.6095], [-88.12694, 41.60953], [-88.12673, 41.61085], [-88.12302, 41.61159], [-88.12307, 41.61276], [-88.11979, 41.61311], [-88.11999, 41.61034], [-88.11838, 41.60988], [-88.11851, 41.61355], [-88.10877, 41.61377], [-88.10882, 41.61519], [-88.10537, 41.61598], [-88.10525, 41.61288], [-88.10407, 41.61289], [-88.10497, 41.61021], [-88.10105, 41.61031], [-88.1011, 41.61245], [-88.09906, 41.6125], [-88.09913, 41.6176], [-88.11377, 41.61724], [-88.1137, 41.61522], [-88.11856, 41.61511], [-88.11889, 41.61827]], [[-88.12318, 41.61608], [-88.1232, 41.61677], [-88.1224, 41.61679], [-88.12231, 41.61539], [-88.12315, 41.61536], [-88.12318, 41.61608]], [[-88.12217, 41.61534], [-88.12221, 41.6165], [-88.11962, 41.61649], [-88.1196, 41.61527], [-88.12217, 41.61534]], [[-88.1223, 41.61507], [-88.12227, 41.61387], [-88.12311, 41.61386], [-88.12314, 41.61508], [-88.1223, 41.61507]]]}}, {"type": "Feature", "properties": {"tif_name": "VIL CHANNAHON TIF 2", "municipality": "", "county": "Will", "year_created": null, "year_expiry": null, "ordinance": null, "active": true, "source": "Will County", "source_url": "https://gis.willcountyillinois.com/hosting/rest/services/TaxDistricts/TIFDistricts/MapServer/0"}, "geometry": {"type": "Polygon", "coordinates": [[[-88.21904, 41.43548], [-88.22069, 41.43763], [-88.22382, 41.43613], [-88.22283, 41.43472], [-88.22641, 41.43349], [-88.22639, 41.4324], [-88.22877, 41.43235], [-88.22879, 41.42989], [-88.23103, 41.42907], [-88.23047, 41.42794], [-88.228, 41.42897], [-88.22594, 41.42691], [-88.22443, 41.4275], [-88.2266, 41.42972], [-88.22577, 41.43043], [-88.22497, 41.42964], [-88.22376, 41.43032], [-88.22345, 41.43218], [-88.21791, 41.43485], [-88.21904, 41.43548]]]}}, {"type": "Feature", "properties": {"tif_name": "CITY CREST HILL TIF 3", "municipality": "", "county": "Will", "year_created": null, "year_expiry": null, "ordinance": null, "active": true, "source": "Will County", "source_url": "https://gis.willcountyillinois.com/hosting/rest/services/TaxDistricts/TIFDistricts/MapServer/0"}, "geometry": {"type": "Polygon", "coordinates": [[[-88.12305, 41.58732], [-88.12307, 41.58801], [-88.12729, 41.58791], [-88.12705, 41.58064], [-88.122, 41.58078], [-88.12227, 41.58733], [-88.12305, 41.58732]]]}}, {"type": "Feature", "properties": {"tif_name": "Algonquin TIF 4", "municipality": "", "county": "Kane", "year_created": null, "year_expiry": null, "ordinance": null, "active": true, "source": "Kane County", "source_url": "https://services1.arcgis.com/oRKmdBXD6EbdmVgJ/arcgis/rest/services/KaneCo_IL_Districts_TIF/FeatureServer/1"}, "geometry": {"type": "Polygon", "coordinates": [[[-88.33537, 42.14004], [-88.33553, 42.13255], [-88.34166, 42.13252], [-88.34167, 42.13325], [-88.34419, 42.13252], [-88.34508, 42.13346], [-88.34592, 42.13996], [-88.33537, 42.14004]]]}}, {"type": "Feature", "properties": {"tif_name": "Aurora TIF 1", "municipality": "", "county": "Kane", "year_created": null, "year_expiry": null, "ordinance": null, "active": true, "source": "Kane County", "source_url": "https://services1.arcgis.com/oRKmdBXD6EbdmVgJ/arcgis/rest/services/KaneCo_IL_Districts_TIF/FeatureServer/1"}, "geometry": {"type": "Polygon", "coordinates": [[[-88.31532, 41.76072], [-88.31577, 41.76016], [-88.31418, 41.75943], [-88.31474, 41.75901], [-88.31718, 41.75985], [-88.31532, 41.76072]]]}}, {"type": "Feature", "properties": {"tif_name": "Aurora TIF 10", "municipality": "", "county": "Kane", "year_created": null, "year_expiry": null, "ordinance": null, "active": true, "source": "Kane County", "source_url": "https://services1.arcgis.com/oRKmdBXD6EbdmVgJ/arcgis/rest/services/KaneCo_IL_Districts_TIF/FeatureServer/1"}, "geometry": {"type": "Polygon", "coordinates": [[[-88.31912, 41.7572], [-88.31809, 41.758], [-88.31744, 41.75766], [-88.31912, 41.7572]]]}}, {"type": "Feature", "properties": {"tif_name": "Aurora TIF 11", "municipality": "", "county": "Kane", "year_created": null, "year_expiry": null, "ordinance": null, "active": true, "source": "Kane County", "source_url": "https://services1.arcgis.com/oRKmdBXD6EbdmVgJ/arcgis/rest/services/KaneCo_IL_Districts_TIF/FeatureServer/1"}, "geometry": {"type": "Polygon", "coordinates": [[[-88.31256, 41.75634], [-88.31483, 41.75665], [-88.31274, 41.75839], [-88.31256, 41.75634]]]}}, {"type": "Feature", "properties": {"tif_name": "Aurora TIF 12", "municipality": "", "county": "Kane", "year_created": null, "year_expiry": null, "ordinance": null, "active": true, "source": "Kane County", "source_url": "https://services1.arcgis.com/oRKmdBXD6EbdmVgJ/arcgis/rest/services/KaneCo_IL_Districts_TIF/FeatureServer/1"}, "geometry": {"type": "Polygon", "coordinates": [[[-88.31707, 41.7597], [-88.31656, 41.75948], [-88.31765, 41.75907], [-88.31807, 41.75972], [-88.31737, 41.76029], [-88.31707, 41.7597]]]}}, {"type": "Feature", "properties": {"tif_name": "Aurora TIF 13", "municipality": "", "county": "Kane", "year_created": null, "year_expiry": null, "ordinance": null, "active": true, "source": "Kane County", "source_url": "https://services1.arcgis.com/oRKmdBXD6EbdmVgJ/arcgis/rest/services/KaneCo_IL_Districts_TIF/FeatureServer/1"}, "geometry": {"type": "Polygon", "coordinates": [[[-88.31585, 41.74649], [-88.31567, 41.74551], [-88.31949, 41.74615], [-88.31829, 41.74752], [-88.31585, 41.74649]]]}}, {"type": "Feature", "properties": {"tif_name": "Aurora TIF 16", "municipality": "", "county": "Kane", "year_created": null, "year_expiry": null, "ordinance": null, "active": true, "source": "Kane County", "source_url": "https://services1.arcgis.com/oRKmdBXD6EbdmVgJ/arcgis/rest/services/KaneCo_IL_Districts_TIF/FeatureServer/1"}, "geometry": {"type": "Polygon", "coordinates": [[[-88.31087, 41.7606], [-88.31021, 41.76022], [-88.31105, 41.75921], [-88.31212, 41.75981], [-88.31087, 41.7606]]]}}, {"type": "Feature", "properties": {"tif_name": "Aurora TIF 3", "municipality": "", "county": "Kane", "year_created": null, "year_expiry": null, "ordinance": null, "active": true, "source": "Kane County", "source_url": "https://services1.arcgis.com/oRKmdBXD6EbdmVgJ/arcgis/rest/services/KaneCo_IL_Districts_TIF/FeatureServer/1"}, "geometry": {"type": "Polygon", "coordinates": [[[-88.32344, 41.75484], [-88.32179, 41.75546], [-88.32301, 41.75452], [-88.32344, 41.75484]]]}}, {"type": "Feature", "properties": {"tif_name": "Aurora TIF 4", "municipality": "", "county": "Kane", "year_created": null, "year_expiry": null, "ordinance": null, "active": true, "source": "Kane County", "source_url": "https://services1.arcgis.com/oRKmdBXD6EbdmVgJ/arcgis/rest/services/KaneCo_IL_Districts_TIF/FeatureServer/1"}, "geometry": {"type": "Polygon", "coordinates": [[[-88.32818, 41.75728], [-88.3264, 41.75635], [-88.32974, 41.75451], [-88.33033, 41.75621], [-88.32959, 41.75624], [-88.32962, 41.75718], [-88.32818, 41.75728]]]}}, {"type": "Feature", "properties": {"tif_name": "Aurora TIF 5", "municipality": "", "county": "Kane", "year_created": null, "year_expiry": null, "ordinance": null, "active": true, "source": "Kane County", "source_url": "https://services1.arcgis.com/oRKmdBXD6EbdmVgJ/arcgis/rest/services/KaneCo_IL_Districts_TIF/FeatureServer/1"}, "geometry": {"type": "Polygon", "coordinates": [[[-88.31749, 41.78608], [-88.31067, 41.77403], [-88.31077, 41.77247], [-88.30984, 41.77248], [-88.31067, 41.76418], [-88.31418, 41.75943], [-88.31763, 41.76188], [-88.31467, 41.76396], [-88.31327, 41.76332], [-88.3115, 41.76559], [-88.31102, 41.76787], [-88.31291, 41.76785], [-88.31329, 41.76987], [-88.31433, 41.76986], [-88.31405, 41.7706], [-88.31169, 41.77114], [-88.31184, 41.77303], [-88.31261, 41.77351], [-88.31253, 41.77467], [-88.3145, 41.77467], [-88.31421, 41.77324], [-88.31809, 41.77408], [-88.31809, 41.77738], [-88.31679, 41.77738], [-88.31615, 41.7792], [-88.31791, 41.78144], [-88.32118, 41.78113], [-88.32125, 41.783], [-88.31775, 41.78255], [-88.3204, 41.78705], [-88.31829, 41.78778], [-88.31749, 41.78608]], [[-88.31784, 41.78546], [-88.31733, 41.78539], [-88.31743, 41.78559], [-88.31784, 41.78546]], [[-88.31432, 41.76262], [-88.31508, 41.76199], [-88.31452, 41.76173], [-88.31432, 41.76262]], [[-88.31565, 41.76166], [-88.31614, 41.76169], [-88.31576, 41.76152], [-88.31565, 41.76166]]]}}, {"type": "Feature", "properties": {"tif_name": "Aurora TIF 6", "municipality": "", "county": "Kane", "year_created": null, "year_expiry": null, "ordinance": null, "active": true, "source": "Kane County", "source_url": "https://services1.arcgis.com/oRKmdBXD6EbdmVgJ/arcgis/rest/services/KaneCo_IL_Districts_TIF/FeatureServer/1"}, "geometry": {"type": "Polygon", "coordinates": [[[-88.30967, 41.7896], [-88.31095, 41.79247], [-88.31099, 41.7961], [-88.30883, 41.79595], [-88.30703, 41.79433], [-88.30684, 41.79241], [-88.30861, 41.79244], [-88.3088, 41.7853], [-88.30697, 41.78472], [-88.30693, 41.78261], [-88.30472, 41.78263], [-88.30636, 41.78065], [-88.30378, 41.78072], [-88.3055, 41.77774], [-88.30546, 41.77615], [-88.30742, 41.77614], [-88.30519, 41.77138], [-88.30521, 41.76805], [-88.302, 41.76679], [-88.29898, 41.76764], [-88.29133, 41.76778], [-88.29144, 41.76702], [-88.29164, 41.76764], [-88.29515, 41.76701], [-88.29545, 41.76589], [-88.29892, 41.76617], [-88.30211, 41.76534], [-88.30652, 41.76145], [-88.30672, 41.76082], [-88.30566, 41.76134], [-88.30583, 41.76016], [-88.30699, 41.76026], [-88.30883, 41.75811], [-88.31008, 41.75876], [-88.30925, 41.75944], [-88.31109, 41.76069], [-88.31002, 41.76364], [-88.31074, 41.76405], [-88.30979, 41.77046], [-88.31033, 41.77452], [-88.30927, 41.77521], [-88.31101, 41.77839], [-88.30923, 41.77855], [-88.30959, 41.7792], [-88.31099, 41.77894], [-88.31227, 41.78204], [-88.31342, 41.78217], [-88.31235, 41.78216], [-88.31325, 41.78378], [-88.31558, 41.78655], [-88.31532, 41.78752], [-88.31425, 41.78755], [-88.31042, 41.78114], [-88.31765, 41.79605], [-88.3118, 41.79629], [-88.31175, 41.79248], [-88.30967, 41.7896]], [[-88.30849, 41.77921], [-88.30875, 41.77888], [-88.30825, 41.77903], [-88.30849, 41.77921]], [[-88.30822, 41.7778], [-88.30789, 41.77711], [-88.30664, 41.77712], [-88.30666, 41.77781], [-88.30822, 41.7778]], [[-88.30835, 41.77595], [-88.3077, 41.77538], [-88.30798, 41.77595], [-88.30835, 41.77595]], [[-88.30779, 41.77395], [-88.30701, 41.77395], [-88.30711, 41.77415], [-88.30779, 41.77395]], [[-88.30783, 41.77344], [-88.30672, 41.77336], [-88.3068, 41.77352], [-88.30783, 41.77344]]]}}, {"type": "Feature", "properties": {"tif_name": "Aurora TIF 7", "municipality": "", "county": "Kane", "year_created": null, "year_expiry": null, "ordinance": null, "active": true, "source": "Kane County", "source_url": "https://services1.arcgis.com/oRKmdBXD6EbdmVgJ/arcgis/rest/services/KaneCo_IL_Districts_TIF/FeatureServer/1"}, "geometry": {"type": "Polygon", "coordinates": [[[-88.28174, 41.80539], [-88.28268, 41.80071], [-88.28477, 41.79889], [-88.30105, 41.79773], [-88.30134, 41.80348], [-88.29737, 41.80202], [-88.29733, 41.79996], [-88.29132, 41.80033], [-88.28849, 41.8007], [-88.28467, 41.80665], [-88.28185, 41.80671], [-88.28174, 41.80539]]]}}, {"type": "Feature", "properties": {"tif_name": "Aurora TIF 8", "municipality": "", "county": "Kane", "year_created": null, "year_expiry": null, "ordinance": null, "active": true, "source": "Kane County", "source_url": "https://services1.arcgis.com/oRKmdBXD6EbdmVgJ/arcgis/rest/services/KaneCo_IL_Districts_TIF/FeatureServer/1"}, "geometry": {"type": "MultiPolygon", "coordinates": [[[[-88.26426, 41.80194], [-88.26422, 41.79991], [-88.27016, 41.79956], [-88.27021, 41.80289], [-88.26525, 41.80295], [-88.26426, 41.80194]]], [[[-88.26985, 41.80312], [-88.27024, 41.80453], [-88.26987, 41.80454], [-88.26985, 41.80312]]], [[[-88.26552, 41.80317], [-88.26614, 41.80316], [-88.26617, 41.80657], [-88.26555, 41.80658], [-88.26552, 41.80317]]]]}}, {"type": "Feature", "properties": {"tif_name": "Aurora TIF 9", "municipality": "", "county": "Kane", "year_created": null, "year_expiry": null, "ordinance": null, "active": true, "source": "Kane County", "source_url": "https://services1.arcgis.com/oRKmdBXD6EbdmVgJ/arcgis/rest/services/KaneCo_IL_Districts_TIF/FeatureServer/1"}, "geometry": {"type": "Polygon", "coordinates": [[[-88.31531, 41.75686], [-88.31596, 41.75739], [-88.31502, 41.75806], [-88.31425, 41.75766], [-88.31531, 41.75686]]]}}, {"type": "Feature", "properties": {"tif_name": "Bartlett TIF 1", "municipality": "", "county": "Kane", "year_created": null, "year_expiry": null, "ordinance": null, "active": true, "source": "Kane County", "source_url": "https://services1.arcgis.com/oRKmdBXD6EbdmVgJ/arcgis/rest/services/KaneCo_IL_Districts_TIF/FeatureServer/1"}, "geometry": {"type": "Polygon", "coordinates": [[[-88.26431, 41.99092], [-88.26796, 41.99036], [-88.26895, 42.00451], [-88.2631, 42.00503], [-88.26301, 41.99364], [-88.26434, 41.99362], [-88.26431, 41.99092]]]}}, {"type": "Feature", "properties": {"tif_name": "Batavia TIF 1", "municipality": "", "county": "Kane", "year_created": null, "year_expiry": null, "ordinance": null, "active": true, "source": "Kane County", "source_url": "https://services1.arcgis.com/oRKmdBXD6EbdmVgJ/arcgis/rest/services/KaneCo_IL_Districts_TIF/FeatureServer/1"}, "geometry": {"type": "MultiPolygon", "coordinates": [[[[-88.30284, 41.84834], [-88.30229, 41.84922], [-88.30068, 41.85037], [-88.30284, 41.84834]]], [[[-88.31107, 41.85179], [-88.31158, 41.85174], [-88.31165, 41.85229], [-88.31107, 41.85179]]], [[[-88.3109, 41.85339], [-88.31111, 41.85333], [-88.31123, 41.8536], [-88.3109, 41.85339]]], [[[-88.31096, 41.8537], [-88.31118, 41.85368], [-88.3112, 41.85396], [-88.31096, 41.8537]]], [[[-88.311, 41.8541], [-88.31124, 41.85404], [-88.31113, 41.85431], [-88.311, 41.8541]]], [[[-88.31095, 41.85438], [-88.31115, 41.85431], [-88.31129, 41.85457], [-88.31095, 41.85438]]], [[[-88.30778, 41.85673], [-88.30545, 41.85012], [-88.3059, 41.84885], [-88.30694, 41.84871], [-88.3069, 41.84753], [-88.30813, 41.84718], [-88.30737, 41.85125], [-88.31067, 41.85125], [-88.31161, 41.85599], [-88.30779, 41.85475], [-88.30778, 41.85673]]]]}}, {"type": "Feature", "properties": {"tif_name": "Batavia TIF 3", "municipality": "", "county": "Kane", "year_created": null, "year_expiry": null, "ordinance": null, "active": true, "source": "Kane County", "source_url": "https://services1.arcgis.com/oRKmdBXD6EbdmVgJ/arcgis/rest/services/KaneCo_IL_Districts_TIF/FeatureServer/1"}, "geometry": {"type": "MultiPolygon", "coordinates": [[[[-88.3065, 41.84399], [-88.30654, 41.84312], [-88.30683, 41.84312], [-88.3065, 41.84399]]], [[[-88.30049, 41.84969], [-88.30095, 41.85002], [-88.3006, 41.8501], [-88.30049, 41.84969]]], [[[-88.31128, 41.85176], [-88.30737, 41.85125], [-88.30813, 41.84718], [-88.30628, 41.84729], [-88.30591, 41.84922], [-88.30361, 41.84924], [-88.30322, 41.85062], [-88.30469, 41.85107], [-88.29978, 41.8505], [-88.30301, 41.84839], [-88.30152, 41.84964], [-88.3015, 41.84816], [-88.3059, 41.84853], [-88.30576, 41.84556], [-88.30416, 41.84557], [-88.30433, 41.84442], [-88.30673, 41.84441], [-88.30672, 41.84555], [-88.30899, 41.8444], [-88.3101, 41.84512], [-88.31014, 41.84711], [-88.31342, 41.84752], [-88.31319, 41.84891], [-88.3119, 41.84892], [-88.31183, 41.84828], [-88.31029, 41.84867], [-88.31038, 41.84989], [-88.31186, 41.85003], [-88.31202, 41.85154], [-88.31128, 41.85176]]]]}}, {"type": "Feature", "properties": {"tif_name": "Batavia TIF 4", "municipality": "", "county": "Kane", "year_created": null, "year_expiry": null, "ordinance": null, "active": true, "source": "Kane County", "source_url": "https://services1.arcgis.com/oRKmdBXD6EbdmVgJ/arcgis/rest/services/KaneCo_IL_Districts_TIF/FeatureServer/1"}, "geometry": {"type": "Polygon", "coordinates": [[[-88.32119, 41.84482], [-88.32107, 41.84625], [-88.32253, 41.8468], [-88.3215, 41.8468], [-88.32153, 41.8482], [-88.32021, 41.8482], [-88.31927, 41.8498], [-88.31948, 41.84384], [-88.32154, 41.84389], [-88.32119, 41.84482]]]}}, {"type": "Feature", "properties": {"tif_name": "Batavia TIF 6", "municipality": "", "county": "Kane", "year_created": null, "year_expiry": null, "ordinance": null, "active": true, "source": "Kane County", "source_url": "https://services1.arcgis.com/oRKmdBXD6EbdmVgJ/arcgis/rest/services/KaneCo_IL_Districts_TIF/FeatureServer/1"}, "geometry": {"type": "Polygon", "coordinates": [[[-88.30539, 41.85176], [-88.30462, 41.85069], [-88.30322, 41.85062], [-88.30361, 41.84924], [-88.30591, 41.84922], [-88.3055, 41.85062], [-88.30629, 41.85229], [-88.30539, 41.85176]]]}}, {"type": "Feature", "properties": {"tif_name": "Carpentersville TIF 3", "municipality": "", "county": "Kane", "year_created": null, "year_expiry": null, "ordinance": null, "active": true, "source": "Kane County", "source_url": "https://services1.arcgis.com/oRKmdBXD6EbdmVgJ/arcgis/rest/services/KaneCo_IL_Districts_TIF/FeatureServer/1"}, "geometry": {"type": "Polygon", "coordinates": [[[-88.2573, 42.12096], [-88.25691, 42.11937], [-88.25763, 42.11832], [-88.25646, 42.11624], [-88.2579, 42.11608], [-88.25776, 42.10928], [-88.25862, 42.10933], [-88.25865, 42.11319], [-88.26231, 42.11387], [-88.26208, 42.11449], [-88.26469, 42.11678], [-88.2675, 42.11672], [-88.26752, 42.11849], [-88.26459, 42.11849], [-88.263, 42.12064], [-88.26371, 42.12118], [-88.2622, 42.12141], [-88.2622, 42.12264], [-88.25618, 42.12209], [-88.2573, 42.12096]]]}}, {"type": "Feature", "properties": {"tif_name": "Carpentersville TIF 5", "municipality": "", "county": "Kane", "year_created": null, "year_expiry": null, "ordinance": null, "active": true, "source": "Kane County", "source_url": "https://services1.arcgis.com/oRKmdBXD6EbdmVgJ/arcgis/rest/services/KaneCo_IL_Districts_TIF/FeatureServer/1"}, "geometry": {"type": "Polygon", "coordinates": [[[-88.29446, 42.11563], [-88.2945, 42.11488], [-88.29539, 42.1148], [-88.29502, 42.11047], [-88.29433, 42.10973], [-88.29499, 42.10934], [-88.29412, 42.10954], [-88.29193, 42.10782], [-88.29142, 42.10805], [-88.29334, 42.11027], [-88.2919, 42.11046], [-88.28978, 42.10842], [-88.28741, 42.10941], [-88.28732, 42.10854], [-88.2842, 42.10865], [-88.28452, 42.11183], [-88.27826, 42.11229], [-88.27504, 42.115], [-88.2723, 42.11218], [-88.27258, 42.10659], [-88.27395, 42.10472], [-88.27644, 42.10468], [-88.27714, 42.10702], [-88.28165, 42.10697], [-88.28165, 42.1078], [-88.28245, 42.10778], [-88.28202, 42.10485], [-88.28639, 42.10321], [-88.29063, 42.10735], [-88.29118, 42.10696], [-88.29048, 42.10598], [-88.28737, 42.10375], [-88.29108, 42.10323], [-88.2906, 42.10405], [-88.29266, 42.10469], [-88.29167, 42.10529], [-88.29358, 42.10759], [-88.29593, 42.10707], [-88.2959, 42.10805], [-88.29514, 42.10803], [-88.29572, 42.10938], [-88.29646, 42.10938], [-88.29645, 42.11067], [-88.29795, 42.1103], [-88.29795, 42.1114], [-88.29654, 42.11188], [-88.29876, 42.11187], [-88.29878, 42.1132], [-88.29948, 42.11319], [-88.29657, 42.11366], [-88.29658, 42.11429], [-88.29952, 42.11424], [-88.29958, 42.11543], [-88.30178, 42.11539], [-88.30177, 42.11759], [-88.29774, 42.11765], [-88.30015, 42.12179], [-88.30034, 42.12259], [-88.29922, 42.12272], [-88.29749, 42.11834], [-88.29437, 42.11672], [-88.29446, 42.11563]], [[-88.28355, 42.10778], [-88.28355, 42.1076], [-88.283, 42.10762], [-88.28355, 42.10778]], [[-88.29159, 42.1058], [-88.29112, 42.10526], [-88.29048, 42.10556], [-88.29159, 42.1058]], [[-88.29023, 42.10529], [-88.29052, 42.10455], [-88.28976, 42.10491], [-88.29023, 42.10529]]]}}, {"type": "Feature", "properties": {"tif_name": "Carpentersville TIF 6", "municipality": "", "county": "Kane", "year_created": null, "year_expiry": null, "ordinance": null, "active": true, "source": "Kane County", "source_url": "https://services1.arcgis.com/oRKmdBXD6EbdmVgJ/arcgis/rest/services/KaneCo_IL_Districts_TIF/FeatureServer/1"}, "geometry": {"type": "Polygon", "coordinates": [[[-88.29572, 42.10938], [-88.29593, 42.10707], [-88.29358, 42.10759], [-88.2918, 42.10549], [-88.29277, 42.10478], [-88.29202, 42.1041], [-88.29108, 42.10467], [-88.29108, 42.10323], [-88.29019, 42.10355], [-88.2976, 42.1031], [-88.29741, 42.10799], [-88.30177, 42.10796], [-88.30177, 42.10867], [-88.29572, 42.10938]]]}}, {"type": "Feature", "properties": {"tif_name": "East Dundee TIF 1", "municipality": "", "county": "Kane", "year_created": null, "year_expiry": null, "ordinance": null, "active": true, "source": "Kane County", "source_url": "https://services1.arcgis.com/oRKmdBXD6EbdmVgJ/arcgis/rest/services/KaneCo_IL_Districts_TIF/FeatureServer/1"}, "geometry": {"type": "Polygon", "coordinates": [[[-88.23834, 42.11401], [-88.23832, 42.10851], [-88.23961, 42.10852], [-88.23961, 42.10644], [-88.23832, 42.10674], [-88.23832, 42.10446], [-88.24327, 42.10548], [-88.24278, 42.11409], [-88.23834, 42.11401]]]}}, {"type": "Feature", "properties": {"tif_name": "East Dundee TIF 2", "municipality": "", "county": "Kane", "year_created": null, "year_expiry": null, "ordinance": null, "active": true, "source": "Kane County", "source_url": "https://services1.arcgis.com/oRKmdBXD6EbdmVgJ/arcgis/rest/services/KaneCo_IL_Districts_TIF/FeatureServer/1"}, "geometry": {"type": "Polygon", "coordinates": [[[-88.25806, 42.10026], [-88.25806, 42.09594], [-88.24198, 42.09602], [-88.24189, 42.09139], [-88.24887, 42.09221], [-88.25016, 42.08999], [-88.25432, 42.09166], [-88.25559, 42.08545], [-88.25784, 42.08572], [-88.25785, 42.08701], [-88.26019, 42.08699], [-88.25949, 42.08828], [-88.25805, 42.08874], [-88.26136, 42.08869], [-88.26141, 42.09419], [-88.25929, 42.09389], [-88.26135, 42.09504], [-88.26142, 42.10011], [-88.25806, 42.10026]]]}}, {"type": "Feature", "properties": {"tif_name": "East Dundee TIF 3", "municipality": "", "county": "Kane", "year_created": null, "year_expiry": null, "ordinance": null, "active": true, "source": "Kane County", "source_url": "https://services1.arcgis.com/oRKmdBXD6EbdmVgJ/arcgis/rest/services/KaneCo_IL_Districts_TIF/FeatureServer/1"}, "geometry": {"type": "Polygon", "coordinates": [[[-88.23832, 42.10446], [-88.23831, 42.103], [-88.24348, 42.10307], [-88.24371, 42.09834], [-88.24109, 42.09836], [-88.24121, 42.09603], [-88.23831, 42.09605], [-88.2383, 42.09553], [-88.24077, 42.09551], [-88.24075, 42.09252], [-88.24194, 42.09295], [-88.24198, 42.09602], [-88.25395, 42.09591], [-88.25396, 42.09841], [-88.24432, 42.09804], [-88.24387, 42.10571], [-88.23832, 42.10446]]]}}, {"type": "Feature", "properties": {"tif_name": "East Dundee TIF 4", "municipality": "", "county": "Kane", "year_created": null, "year_expiry": null, "ordinance": null, "active": true, "source": "Kane County", "source_url": "https://services1.arcgis.com/oRKmdBXD6EbdmVgJ/arcgis/rest/services/KaneCo_IL_Districts_TIF/FeatureServer/1"}, "geometry": {"type": "Polygon", "coordinates": [[[-88.27395, 42.10472], [-88.27494, 42.10333], [-88.27475, 42.10198], [-88.2727, 42.10225], [-88.27256, 42.10167], [-88.27425, 42.10173], [-88.27403, 42.09888], [-88.26766, 42.09875], [-88.26764, 42.09808], [-88.26136, 42.09579], [-88.26135, 42.0951], [-88.26762, 42.09729], [-88.26831, 42.09612], [-88.27097, 42.09605], [-88.27127, 42.09859], [-88.27281, 42.09853], [-88.27257, 42.09739], [-88.27398, 42.09718], [-88.27248, 42.09707], [-88.27185, 42.09471], [-88.27274, 42.09467], [-88.27279, 42.09256], [-88.27352, 42.09263], [-88.27354, 42.09389], [-88.2756, 42.09606], [-88.27638, 42.09852], [-88.28369, 42.10316], [-88.28118, 42.1019], [-88.27984, 42.10206], [-88.27778, 42.10273], [-88.27778, 42.10339], [-88.27609, 42.10344], [-88.27644, 42.10468], [-88.27395, 42.10472]], [[-88.27991, 42.10199], [-88.28046, 42.10165], [-88.2798, 42.10136], [-88.27648, 42.10176], [-88.27666, 42.10237], [-88.27991, 42.10199]], [[-88.27843, 42.10075], [-88.27692, 42.10077], [-88.27818, 42.10116], [-88.27843, 42.10075]], [[-88.27671, 42.10062], [-88.27713, 42.10013], [-88.27578, 42.09997], [-88.27671, 42.10062]]]}}, {"type": "Feature", "properties": {"tif_name": "East Dundee TIF 5", "municipality": "", "county": "Kane", "year_created": null, "year_expiry": null, "ordinance": null, "active": true, "source": "Kane County", "source_url": "https://services1.arcgis.com/oRKmdBXD6EbdmVgJ/arcgis/rest/services/KaneCo_IL_Districts_TIF/FeatureServer/1"}, "geometry": {"type": "Polygon", "coordinates": [[[-88.23967, 42.09101], [-88.23826, 42.09057], [-88.23822, 42.08545], [-88.24183, 42.08706], [-88.24086, 42.08855], [-88.24332, 42.08962], [-88.24188, 42.09141], [-88.24182, 42.09272], [-88.23996, 42.09237], [-88.23967, 42.09101]]]}}, {"type": "Feature", "properties": {"tif_name": "East Dundee TIF 6", "municipality": "", "county": "Kane", "year_created": null, "year_expiry": null, "ordinance": null, "active": true, "source": "Kane County", "source_url": "https://services1.arcgis.com/oRKmdBXD6EbdmVgJ/arcgis/rest/services/KaneCo_IL_Districts_TIF/FeatureServer/1"}, "geometry": {"type": "Polygon", "coordinates": [[[-88.25784, 42.08572], [-88.25559, 42.08545], [-88.2559, 42.08175], [-88.2552, 42.08174], [-88.25544, 42.07983], [-88.25775, 42.0801], [-88.25738, 42.07819], [-88.25902, 42.07837], [-88.25784, 42.08572]]]}}, {"type": "Feature", "properties": {"tif_name": "East Dundee TIF 7", "municipality": "", "county": "Kane", "year_created": null, "year_expiry": null, "ordinance": null, "active": true, "source": "Kane County", "source_url": "https://services1.arcgis.com/oRKmdBXD6EbdmVgJ/arcgis/rest/services/KaneCo_IL_Districts_TIF/FeatureServer/1"}, "geometry": {"type": "Polygon", "coordinates": [[[-88.26945, 42.09969], [-88.26827, 42.09987], [-88.26896, 42.09884], [-88.2716, 42.09891], [-88.27, 42.09932], [-88.27037, 42.10011], [-88.26945, 42.09969]]]}}, {"type": "Feature", "properties": {"tif_name": "East Dundee TIF 8", "municipality": "", "county": "Kane", "year_created": null, "year_expiry": null, "ordinance": null, "active": true, "source": "Kane County", "source_url": "https://services1.arcgis.com/oRKmdBXD6EbdmVgJ/arcgis/rest/services/KaneCo_IL_Districts_TIF/FeatureServer/1"}, "geometry": {"type": "MultiPolygon", "coordinates": [[[[-88.26774, 42.09987], [-88.26866, 42.09993], [-88.26769, 42.1011], [-88.26774, 42.09987]]], [[[-88.26858, 42.10063], [-88.26946, 42.10073], [-88.26945, 42.10113], [-88.26858, 42.10063]]]]}}, {"type": "Feature", "properties": {"tif_name": "East Dundee TIF 9", "municipality": "", "county": "Kane", "year_created": null, "year_expiry": null, "ordinance": null, "active": true, "source": "Kane County", "source_url": "https://services1.arcgis.com/oRKmdBXD6EbdmVgJ/arcgis/rest/services/KaneCo_IL_Districts_TIF/FeatureServer/1"}, "geometry": {"type": "Polygon", "coordinates": [[[-88.25016, 42.08999], [-88.24772, 42.08889], [-88.24861, 42.08758], [-88.25161, 42.0889], [-88.25195, 42.08737], [-88.25512, 42.08775], [-88.25432, 42.09166], [-88.25016, 42.08999]]]}}, {"type": "Feature", "properties": {"tif_name": "Elgin TIF 3", "municipality": "", "county": "Kane", "year_created": null, "year_expiry": null, "ordinance": null, "active": true, "source": "Kane County", "source_url": "https://services1.arcgis.com/oRKmdBXD6EbdmVgJ/arcgis/rest/services/KaneCo_IL_Districts_TIF/FeatureServer/1"}, "geometry": {"type": "Polygon", "coordinates": [[[-88.29094, 42.05831], [-88.29106, 42.0575], [-88.29265, 42.05752], [-88.2928, 42.05653], [-88.2872, 42.05645], [-88.28585, 42.0574], [-88.28286, 42.05767], [-88.28804, 42.05379], [-88.28928, 42.05118], [-88.28896, 42.04807], [-88.28693, 42.04807], [-88.28693, 42.04642], [-88.27902, 42.04641], [-88.27903, 42.04506], [-88.27744, 42.04479], [-88.27597, 42.04641], [-88.27819, 42.04677], [-88.27708, 42.04708], [-88.27707, 42.04816], [-88.27546, 42.04817], [-88.27546, 42.04992], [-88.27422, 42.04993], [-88.27422, 42.05135], [-88.273, 42.05137], [-88.27299, 42.05337], [-88.27179, 42.05338], [-88.27179, 42.05502], [-88.26935, 42.05505], [-88.26935, 42.05688], [-88.26764, 42.05685], [-88.26771, 42.05222], [-88.27062, 42.05219], [-88.27055, 42.04382], [-88.26898, 42.04334], [-88.27054, 42.04285], [-88.27051, 42.04078], [-88.2737, 42.04078], [-88.27366, 42.03624], [-88.26974, 42.03625], [-88.26973, 42.03447], [-88.27366, 42.03444], [-88.27365, 42.032], [-88.27219, 42.03043], [-88.27526, 42.02934], [-88.27348, 42.02495], [-88.27409, 42.01965], [-88.27478, 42.02014], [-88.27539, 42.01934], [-88.28081, 42.02804], [-88.2841, 42.02745], [-88.28406, 42.02633], [-88.28528, 42.0263], [-88.28485, 42.02984], [-88.28623, 42.0298], [-88.28627, 42.0315], [-88.28871, 42.03202], [-88.28912, 42.03279], [-88.28662, 42.03358], [-88.29153, 42.04014], [-88.29291, 42.03955], [-88.29354, 42.04038], [-88.29194, 42.04117], [-88.29642, 42.05163], [-88.29498, 42.05485], [-88.29425, 42.05134], [-88.29324, 42.05133], [-88.29504, 42.05545], [-88.29461, 42.05805], [-88.29094, 42.05831]], [[-88.28422, 42.03602], [-88.28419, 42.03602], [-88.28418, 42.03612], [-88.28422, 42.03602]], [[-88.28191, 42.03232], [-88.27938, 42.02953], [-88.27861, 42.02982], [-88.27709, 42.0276], [-88.27521, 42.0286], [-88.27638, 42.03084], [-88.27534, 42.03123], [-88.27642, 42.03228], [-88.27731, 42.03178], [-88.28011, 42.03441], [-88.28357, 42.03415], [-88.28191, 42.03232]], [[-88.28196, 42.03066], [-88.28277, 42.03154], [-88.28276, 42.03097], [-88.28196, 42.03066]], [[-88.27447, 42.02002], [-88.27443, 42.01983], [-88.2744, 42.02003], [-88.27447, 42.02002]]]}}, {"type": "Feature", "properties": {"tif_name": "Elgin TIF 4", "municipality": "", "county": "Kane", "year_created": null, "year_expiry": null, "ordinance": null, "active": true, "source": "Kane County", "source_url": "https://services1.arcgis.com/oRKmdBXD6EbdmVgJ/arcgis/rest/services/KaneCo_IL_Districts_TIF/FeatureServer/1"}, "geometry": {"type": "MultiPolygon", "coordinates": [[[[-88.26789, 42.01894], [-88.26838, 42.01906], [-88.26789, 42.01907], [-88.26789, 42.01894]]], [[[-88.27298, 42.02049], [-88.27302, 42.02067], [-88.27253, 42.02067], [-88.27298, 42.02049]]], [[[-88.29241, 42.02218], [-88.28103, 42.02117], [-88.28089, 42.02198], [-88.27706, 42.02193], [-88.27539, 42.01934], [-88.27478, 42.02014], [-88.26792, 42.02], [-88.2708, 42.01833], [-88.2698, 42.01744], [-88.27105, 42.01634], [-88.26909, 42.0152], [-88.26948, 42.01258], [-88.27287, 42.01536], [-88.27933, 42.01519], [-88.27969, 42.01378], [-88.28462, 42.01378], [-88.2838, 42.01499], [-88.28274, 42.0151], [-88.28273, 42.01606], [-88.28514, 42.01617], [-88.2876, 42.01238], [-88.29513, 42.01232], [-88.29522, 42.0173], [-88.29244, 42.01731], [-88.29241, 42.02218]]]]}}, {"type": "Feature", "properties": {"tif_name": "Elgin TIF 5", "municipality": "", "county": "Kane", "year_created": null, "year_expiry": null, "ordinance": null, "active": true, "source": "Kane County", "source_url": "https://services1.arcgis.com/oRKmdBXD6EbdmVgJ/arcgis/rest/services/KaneCo_IL_Districts_TIF/FeatureServer/1"}, "geometry": {"type": "Polygon", "coordinates": [[[-88.26326, 42.02005], [-88.26326, 42.0194], [-88.26821, 42.01958], [-88.26326, 42.02005]]]}}, {"type": "Feature", "properties": {"tif_name": "Geneva TIF 2", "municipality": "", "county": "Kane", "year_created": null, "year_expiry": null, "ordinance": null, "active": true, "source": "Kane County", "source_url": "https://services1.arcgis.com/oRKmdBXD6EbdmVgJ/arcgis/rest/services/KaneCo_IL_Districts_TIF/FeatureServer/1"}, "geometry": {"type": "Polygon", "coordinates": [[[-88.28756, 41.88801], [-88.28872, 41.88781], [-88.28876, 41.88676], [-88.29355, 41.88605], [-88.29361, 41.88533], [-88.29608, 41.88582], [-88.29655, 41.88658], [-88.29175, 41.88738], [-88.29097, 41.88914], [-88.28756, 41.88801]]]}}, {"type": "Feature", "properties": {"tif_name": "Geneva TIF 3", "municipality": "", "county": "Kane", "year_created": null, "year_expiry": null, "ordinance": null, "active": true, "source": "Kane County", "source_url": "https://services1.arcgis.com/oRKmdBXD6EbdmVgJ/arcgis/rest/services/KaneCo_IL_Districts_TIF/FeatureServer/1"}, "geometry": {"type": "MultiPolygon", "coordinates": [[[[-88.30039, 41.88814], [-88.29646, 41.88698], [-88.2961, 41.88569], [-88.30065, 41.88613], [-88.30103, 41.88558], [-88.302, 41.88691], [-88.30089, 41.88865], [-88.30039, 41.88814]]], [[[-88.30141, 41.88383], [-88.29947, 41.88371], [-88.30033, 41.882], [-88.30326, 41.88198], [-88.30213, 41.88587], [-88.30138, 41.88555], [-88.30141, 41.88383]]], [[[-88.30254, 41.89143], [-88.30291, 41.88869], [-88.30199, 41.88857], [-88.30213, 41.88797], [-88.30296, 41.88807], [-88.30294, 41.88731], [-88.30513, 41.88757], [-88.30461, 41.88913], [-88.3034, 41.88866], [-88.30294, 41.89061], [-88.30422, 41.89078], [-88.30403, 41.89159], [-88.30275, 41.89142], [-88.30269, 41.8925], [-88.30254, 41.89143]]]]}}, {"type": "Feature", "properties": {"tif_name": "Gilberts TIF 1", "municipality": "", "county": "Kane", "year_created": null, "year_expiry": null, "ordinance": null, "active": true, "source": "Kane County", "source_url": "https://services1.arcgis.com/oRKmdBXD6EbdmVgJ/arcgis/rest/services/KaneCo_IL_Districts_TIF/FeatureServer/1"}, "geometry": {"type": "Polygon", "coordinates": [[[-88.376, 42.10836], [-88.37547, 42.10767], [-88.37434, 42.10807], [-88.37193, 42.10334], [-88.36391, 42.10334], [-88.36439, 42.10214], [-88.36576, 42.10163], [-88.36578, 42.10038], [-88.3641, 42.10038], [-88.36412, 42.09841], [-88.3658, 42.09845], [-88.36583, 42.09609], [-88.36936, 42.0961], [-88.38031, 42.1008], [-88.37705, 42.10286], [-88.37468, 42.10324], [-88.37542, 42.1044], [-88.37674, 42.1044], [-88.3779, 42.10622], [-88.376, 42.10836]]]}}, {"type": "Feature", "properties": {"tif_name": "Gilberts TIF 2", "municipality": "", "county": "Kane", "year_created": null, "year_expiry": null, "ordinance": null, "active": true, "source": "Kane County", "source_url": "https://services1.arcgis.com/oRKmdBXD6EbdmVgJ/arcgis/rest/services/KaneCo_IL_Districts_TIF/FeatureServer/1"}, "geometry": {"type": "Polygon", "coordinates": [[[-88.35979, 42.09608], [-88.36583, 42.09609], [-88.3658, 42.09845], [-88.36077, 42.09869], [-88.36077, 42.10038], [-88.36578, 42.10038], [-88.36576, 42.10163], [-88.36439, 42.10214], [-88.36393, 42.10325], [-88.35984, 42.10325], [-88.35979, 42.09608]]]}}, {"type": "Feature", "properties": {"tif_name": "Hampshire TIF 1", "municipality": "", "county": "Kane", "year_created": null, "year_expiry": null, "ordinance": null, "active": true, "source": "Kane County", "source_url": "https://services1.arcgis.com/oRKmdBXD6EbdmVgJ/arcgis/rest/services/KaneCo_IL_Districts_TIF/FeatureServer/1"}, "geometry": {"type": "Polygon", "coordinates": [[[-88.51933, 42.10154], [-88.51933, 42.10025], [-88.52034, 42.10024], [-88.52034, 42.09932], [-88.52749, 42.09905], [-88.52892, 42.09855], [-88.52956, 42.09701], [-88.5306, 42.09701], [-88.53199, 42.09892], [-88.53371, 42.09832], [-88.53371, 42.09898], [-88.54171, 42.09932], [-88.54172, 42.10019], [-88.53774, 42.10019], [-88.53774, 42.10106], [-88.53226, 42.101], [-88.53259, 42.09984], [-88.53118, 42.09933], [-88.5309, 42.10111], [-88.52757, 42.10135], [-88.52758, 42.10005], [-88.52523, 42.10005], [-88.52522, 42.10149], [-88.52316, 42.10148], [-88.52316, 42.10018], [-88.52173, 42.10018], [-88.52092, 42.10024], [-88.52092, 42.10153], [-88.51933, 42.10154]], [[-88.53649, 42.10017], [-88.53767, 42.10005], [-88.53649, 42.10005], [-88.53649, 42.10017]]]}}, {"type": "Feature", "properties": {"tif_name": "Maple Park TIF 1", "municipality": "", "county": "Kane", "year_created": null, "year_expiry": null, "ordinance": null, "active": true, "source": "Kane County", "source_url": "https://services1.arcgis.com/oRKmdBXD6EbdmVgJ/arcgis/rest/services/KaneCo_IL_Districts_TIF/FeatureServer/1"}, "geometry": {"type": "MultiPolygon", "coordinates": [[[[-88.59887, 41.91225], [-88.59887, 41.91085], [-88.59519, 41.91088], [-88.59511, 41.90744], [-88.59123, 41.90686], [-88.59198, 41.9042], [-88.59512, 41.9054], [-88.59729, 41.90496], [-88.59774, 41.90553], [-88.59887, 41.90473], [-88.59887, 41.90358], [-88.59739, 41.90363], [-88.59609, 41.90216], [-88.59323, 41.90218], [-88.59324, 41.90131], [-88.6014, 41.90124], [-88.60135, 41.91369], [-88.59887, 41.91369], [-88.59887, 41.91225]]], [[[-88.59924, 41.90717], [-88.59899, 41.90741], [-88.59953, 41.90749], [-88.59924, 41.90717]]], [[[-88.59859, 41.90736], [-88.59795, 41.90698], [-88.59787, 41.90725], [-88.59859, 41.90736]]], [[[-88.59748, 41.90719], [-88.59701, 41.90685], [-88.59694, 41.90711], [-88.59748, 41.90719]]], [[[-88.59636, 41.90703], [-88.59643, 41.90676], [-88.59589, 41.90668], [-88.59636, 41.90703]]], [[[-88.59489, 41.90682], [-88.5934, 41.90603], [-88.59337, 41.90659], [-88.59489, 41.90682]]], [[[-88.59601, 41.90625], [-88.59678, 41.90581], [-88.59615, 41.90571], [-88.59601, 41.90625]]], [[[-88.5955, 41.9059], [-88.59558, 41.90563], [-88.59537, 41.9056], [-88.5955, 41.9059]]], [[[-88.59345, 41.90587], [-88.59384, 41.90537], [-88.59312, 41.90527], [-88.59345, 41.90587]]], [[[-88.59727, 41.90588], [-88.59713, 41.90641], [-88.59749, 41.90647], [-88.59727, 41.90588]]], [[[-88.59821, 41.90601], [-88.59806, 41.90655], [-88.59878, 41.90666], [-88.59821, 41.90601]]], [[[-88.5995, 41.9062], [-88.59972, 41.90679], [-88.59986, 41.90625], [-88.5995, 41.9062]]], [[[-88.59984, 41.89791], [-88.60142, 41.89846], [-88.6014, 41.90048], [-88.59965, 41.8989], [-88.59984, 41.89791]]]]}}, {"type": "Feature", "properties": {"tif_name": "Montgomery TIF 1", "municipality": "", "county": "Kane", "year_created": null, "year_expiry": null, "ordinance": null, "active": true, "source": "Kane County", "source_url": "https://services1.arcgis.com/oRKmdBXD6EbdmVgJ/arcgis/rest/services/KaneCo_IL_Districts_TIF/FeatureServer/1"}, "geometry": {"type": "MultiPolygon", "coordinates": [[[[-88.30066, 41.72771], [-88.29587, 41.72711], [-88.29581, 41.72406], [-88.31409, 41.72373], [-88.31411, 41.72745], [-88.30066, 41.72771]]], [[[-88.31714, 41.7258], [-88.31713, 41.72376], [-88.31805, 41.72374], [-88.31792, 41.72579], [-88.31938, 41.72577], [-88.31939, 41.72656], [-88.31714, 41.7266], [-88.31714, 41.7258]]]]}}, {"type": "Feature", "properties": {"tif_name": "Montgomery TIF 2", "municipality": "", "county": "Kane", "year_created": null, "year_expiry": null, "ordinance": null, "active": true, "source": "Kane County", "source_url": "https://services1.arcgis.com/oRKmdBXD6EbdmVgJ/arcgis/rest/services/KaneCo_IL_Districts_TIF/FeatureServer/1"}, "geometry": {"type": "MultiPolygon", "coordinates": [[[[-88.35275, 41.72704], [-88.3542, 41.72702], [-88.35417, 41.73023], [-88.35077, 41.73027], [-88.35078, 41.72835], [-88.35277, 41.72833], [-88.35275, 41.72704]]], [[[-88.36777, 41.74311], [-88.36578, 41.74248], [-88.36573, 41.73738], [-88.35208, 41.73739], [-88.35209, 41.73043], [-88.35978, 41.73033], [-88.35977, 41.72822], [-88.36208, 41.72818], [-88.36151, 41.73385], [-88.37119, 41.7337], [-88.37117, 41.73017], [-88.36395, 41.73027], [-88.3639, 41.72797], [-88.36287, 41.72799], [-88.36199, 41.72648], [-88.36815, 41.72639], [-88.36815, 41.7255], [-88.37048, 41.72549], [-88.37049, 41.72736], [-88.37536, 41.72737], [-88.37544, 41.73858], [-88.37752, 41.73854], [-88.37828, 41.74179], [-88.37601, 41.74395], [-88.37528, 41.74179], [-88.37059, 41.7417], [-88.37004, 41.74371], [-88.36886, 41.74401], [-88.36772, 41.74402], [-88.36777, 41.74311]]]]}}, {"type": "Feature", "properties": {"tif_name": "North Aurora TIF 1", "municipality": "", "county": "Kane", "year_created": null, "year_expiry": null, "ordinance": null, "active": true, "source": "Kane County", "source_url": "https://services1.arcgis.com/oRKmdBXD6EbdmVgJ/arcgis/rest/services/KaneCo_IL_Districts_TIF/FeatureServer/1"}, "geometry": {"type": "Polygon", "coordinates": [[[-88.32736, 41.7963], [-88.31784, 41.79654], [-88.32062, 41.79615], [-88.32068, 41.79405], [-88.32182, 41.7958], [-88.31998, 41.79176], [-88.32061, 41.79175], [-88.32054, 41.78953], [-88.31886, 41.78912], [-88.32777, 41.78885], [-88.32779, 41.79065], [-88.33019, 41.7906], [-88.33015, 41.7887], [-88.33076, 41.7888], [-88.33066, 41.79606], [-88.32858, 41.79732], [-88.32736, 41.7963]]]}}, {"type": "Feature", "properties": {"tif_name": "North Aurora TIF 4", "municipality": "", "county": "Kane", "year_created": null, "year_expiry": null, "ordinance": null, "active": true, "source": "Kane County", "source_url": "https://services1.arcgis.com/oRKmdBXD6EbdmVgJ/arcgis/rest/services/KaneCo_IL_Districts_TIF/FeatureServer/1"}, "geometry": {"type": "Polygon", "coordinates": [[[-88.32608, 41.81146], [-88.32335, 41.81088], [-88.32279, 41.8118], [-88.32202, 41.81014], [-88.32044, 41.81017], [-88.32003, 41.80885], [-88.31945, 41.80896], [-88.31993, 41.80762], [-88.32239, 41.80797], [-88.32206, 41.80622], [-88.32453, 41.80635], [-88.3237, 41.80331], [-88.32445, 41.80327], [-88.32173, 41.7965], [-88.32554, 41.79632], [-88.32574, 41.79832], [-88.32648, 41.79811], [-88.32721, 41.79961], [-88.33264, 41.79955], [-88.33271, 41.79789], [-88.33731, 41.79766], [-88.33827, 41.79833], [-88.33828, 41.79947], [-88.34012, 41.79945], [-88.33979, 41.80258], [-88.33038, 41.80213], [-88.3304, 41.80354], [-88.32706, 41.80411], [-88.32816, 41.80784], [-88.32746, 41.80807], [-88.32787, 41.81167], [-88.3264, 41.81169], [-88.32626, 41.81258], [-88.32608, 41.81146]]]}}, {"type": "Feature", "properties": {"tif_name": "Pingree Grove TIF 1", "municipality": "", "county": "Kane", "year_created": null, "year_expiry": null, "ordinance": null, "active": true, "source": "Kane County", "source_url": "https://services1.arcgis.com/oRKmdBXD6EbdmVgJ/arcgis/rest/services/KaneCo_IL_Districts_TIF/FeatureServer/1"}, "geometry": {"type": "Polygon", "coordinates": [[[-88.43758, 42.07792], [-88.4376, 42.07419], [-88.44257, 42.07419], [-88.44445, 42.0757], [-88.44389, 42.07674], [-88.44483, 42.07601], [-88.44734, 42.07768], [-88.44734, 42.08139], [-88.43758, 42.07792]]]}}, {"type": "Feature", "properties": {"tif_name": "South Elgin TIF 1", "municipality": "", "county": "Kane", "year_created": null, "year_expiry": null, "ordinance": null, "active": true, "source": "Kane County", "source_url": "https://services1.arcgis.com/oRKmdBXD6EbdmVgJ/arcgis/rest/services/KaneCo_IL_Districts_TIF/FeatureServer/1"}, "geometry": {"type": "Polygon", "coordinates": [[[-88.29888, 42.0015], [-88.29995, 42.00143], [-88.29939, 42.00409], [-88.29886, 42.00328], [-88.29663, 42.00315], [-88.2951, 42.00516], [-88.29292, 42.00361], [-88.29441, 42.00311], [-88.29466, 42.00192], [-88.29704, 42.00205], [-88.29714, 41.99846], [-88.29, 41.99851], [-88.29011, 41.99389], [-88.28926, 41.99344], [-88.29302, 41.99333], [-88.2943, 41.99417], [-88.29375, 41.98971], [-88.29462, 41.98592], [-88.29562, 41.98582], [-88.29624, 41.98963], [-88.29719, 41.98996], [-88.29711, 41.99428], [-88.29796, 41.99427], [-88.29774, 41.99929], [-88.29886, 42.00038], [-88.29888, 42.00143], [-88.29779, 42.00151], [-88.29888, 42.0015]]]}}, {"type": "Feature", "properties": {"tif_name": "South Elgin TIF 2", "municipality": "", "county": "Kane", "year_created": null, "year_expiry": null, "ordinance": null, "active": true, "source": "Kane County", "source_url": "https://services1.arcgis.com/oRKmdBXD6EbdmVgJ/arcgis/rest/services/KaneCo_IL_Districts_TIF/FeatureServer/1"}, "geometry": {"type": "Polygon", "coordinates": [[[-88.28903, 42.01236], [-88.28904, 42.01102], [-88.2883, 42.01091], [-88.28875, 42.01029], [-88.28458, 42.0102], [-88.28419, 42.00943], [-88.28748, 42.0077], [-88.29219, 42.0077], [-88.29607, 42.00422], [-88.2974, 42.00412], [-88.29673, 42.00565], [-88.2978, 42.0065], [-88.29632, 42.00756], [-88.29629, 42.01029], [-88.30208, 42.0103], [-88.30212, 42.01227], [-88.28903, 42.01236]]]}}, {"type": "Feature", "properties": {"tif_name": "St Charles TIF 2", "municipality": "", "county": "Kane", "year_created": null, "year_expiry": null, "ordinance": null, "active": true, "source": "Kane County", "source_url": "https://services1.arcgis.com/oRKmdBXD6EbdmVgJ/arcgis/rest/services/KaneCo_IL_Districts_TIF/FeatureServer/1"}, "geometry": {"type": "Polygon", "coordinates": [[[-88.33037, 41.91826], [-88.33037, 41.91721], [-88.33567, 41.91728], [-88.33698, 41.91772], [-88.33706, 41.92008], [-88.33433, 41.92022], [-88.33432, 41.91962], [-88.33205, 41.91958], [-88.33207, 41.91828], [-88.33037, 41.91826]]]}}, {"type": "Feature", "properties": {"tif_name": "St Charles TIF 4", "municipality": "", "county": "Kane", "year_created": null, "year_expiry": null, "ordinance": null, "active": true, "source": "Kane County", "source_url": "https://services1.arcgis.com/oRKmdBXD6EbdmVgJ/arcgis/rest/services/KaneCo_IL_Districts_TIF/FeatureServer/1"}, "geometry": {"type": "Polygon", "coordinates": [[[-88.31436, 41.91344], [-88.31388, 41.91168], [-88.31439, 41.91139], [-88.31315, 41.90907], [-88.31234, 41.90918], [-88.31243, 41.90821], [-88.31441, 41.90958], [-88.31517, 41.91241], [-88.31648, 41.91275], [-88.31436, 41.91344]]]}}, {"type": "Feature", "properties": {"tif_name": "St Charles TIF 5", "municipality": "", "county": "Kane", "year_created": null, "year_expiry": null, "ordinance": null, "active": true, "source": "Kane County", "source_url": "https://services1.arcgis.com/oRKmdBXD6EbdmVgJ/arcgis/rest/services/KaneCo_IL_Districts_TIF/FeatureServer/1"}, "geometry": {"type": "Polygon", "coordinates": [[[-88.29248, 41.91653], [-88.29234, 41.91556], [-88.29654, 41.91589], [-88.2969, 41.91751], [-88.29295, 41.91814], [-88.29248, 41.91653]]]}}, {"type": "Feature", "properties": {"tif_name": "St Charles TIF 6", "municipality": "", "county": "Kane", "year_created": null, "year_expiry": null, "ordinance": null, "active": true, "source": "Kane County", "source_url": "https://services1.arcgis.com/oRKmdBXD6EbdmVgJ/arcgis/rest/services/KaneCo_IL_Districts_TIF/FeatureServer/1"}, "geometry": {"type": "Polygon", "coordinates": [[[-88.32776, 41.91718], [-88.32007, 41.91656], [-88.32141, 41.91656], [-88.32108, 41.91537], [-88.32278, 41.91458], [-88.32471, 41.91495], [-88.32422, 41.91434], [-88.32532, 41.91426], [-88.32891, 41.91544], [-88.32891, 41.91692], [-88.33038, 41.91694], [-88.32776, 41.91718]]]}}, {"type": "Feature", "properties": {"tif_name": "St Charles TIF 7", "municipality": "", "county": "Kane", "year_created": null, "year_expiry": null, "ordinance": null, "active": true, "source": "Kane County", "source_url": "https://services1.arcgis.com/oRKmdBXD6EbdmVgJ/arcgis/rest/services/KaneCo_IL_Districts_TIF/FeatureServer/1"}, "geometry": {"type": "Polygon", "coordinates": [[[-88.31096, 41.91222], [-88.3116, 41.91215], [-88.31094, 41.91122], [-88.31365, 41.9109], [-88.31383, 41.91021], [-88.31446, 41.91365], [-88.31095, 41.91491], [-88.31096, 41.91222]]]}}, {"type": "Feature", "properties": {"tif_name": "Sugar Grove TIF 1", "municipality": "", "county": "Kane", "year_created": null, "year_expiry": null, "ordinance": null, "active": true, "source": "Kane County", "source_url": "https://services1.arcgis.com/oRKmdBXD6EbdmVgJ/arcgis/rest/services/KaneCo_IL_Districts_TIF/FeatureServer/1"}, "geometry": {"type": "Polygon", "coordinates": [[[-88.48485, 41.77211], [-88.48484, 41.76773], [-88.47385, 41.76794], [-88.47377, 41.76509], [-88.48483, 41.76498], [-88.4848, 41.76212], [-88.48896, 41.7634], [-88.48276, 41.76116], [-88.48273, 41.76017], [-88.48897, 41.7601], [-88.48909, 41.75922], [-88.48912, 41.76281], [-88.49394, 41.7629], [-88.49399, 41.76761], [-88.48928, 41.76765], [-88.48932, 41.77208], [-88.48485, 41.77211]]]}}, {"type": "Feature", "properties": {"tif_name": "Sugar Grove TIF 2", "municipality": "", "county": "Kane", "year_created": null, "year_expiry": null, "ordinance": null, "active": true, "source": "Kane County", "source_url": "https://services1.arcgis.com/oRKmdBXD6EbdmVgJ/arcgis/rest/services/KaneCo_IL_Districts_TIF/FeatureServer/1"}, "geometry": {"type": "Polygon", "coordinates": [[[-88.46247, 41.79411], [-88.46202, 41.79335], [-88.46271, 41.79291], [-88.46044, 41.79132], [-88.46194, 41.78913], [-88.46129, 41.78827], [-88.46272, 41.78798], [-88.46341, 41.78697], [-88.46181, 41.78698], [-88.46172, 41.78116], [-88.45877, 41.78051], [-88.45876, 41.77984], [-88.45636, 41.77986], [-88.45627, 41.77613], [-88.45388, 41.77617], [-88.45383, 41.7737], [-88.4461, 41.77378], [-88.44609, 41.77261], [-88.44439, 41.77262], [-88.44438, 41.77171], [-88.44307, 41.77171], [-88.44315, 41.7678], [-88.44628, 41.76561], [-88.45367, 41.76547], [-88.45397, 41.76328], [-88.45472, 41.76328], [-88.45446, 41.76172], [-88.45643, 41.76186], [-88.4557, 41.76314], [-88.45733, 41.76337], [-88.46503, 41.76277], [-88.4643, 41.76105], [-88.46527, 41.75988], [-88.46331, 41.75958], [-88.46328, 41.75803], [-88.47747, 41.75995], [-88.4848, 41.76212], [-88.48483, 41.76498], [-88.47377, 41.76509], [-88.47376, 41.76459], [-88.45857, 41.76534], [-88.45872, 41.77247], [-88.45381, 41.77254], [-88.45413, 41.77404], [-88.46978, 41.7739], [-88.46988, 41.78066], [-88.47336, 41.78062], [-88.47335, 41.77961], [-88.47526, 41.7796], [-88.47527, 41.78624], [-88.47349, 41.78869], [-88.47346, 41.78689], [-88.46533, 41.78696], [-88.46345, 41.79382], [-88.46247, 41.79411]], [[-88.46655, 41.76333], [-88.46633, 41.76311], [-88.46597, 41.76331], [-88.46655, 41.76333]]]}}, {"type": "Feature", "properties": {"tif_name": "West Dundee TIF 2", "municipality": "", "county": "Kane", "year_created": null, "year_expiry": null, "ordinance": null, "active": true, "source": "Kane County", "source_url": "https://services1.arcgis.com/oRKmdBXD6EbdmVgJ/arcgis/rest/services/KaneCo_IL_Districts_TIF/FeatureServer/1"}, "geometry": {"type": "Polygon", "coordinates": [[[-88.28722, 42.09921], [-88.28623, 42.09863], [-88.28692, 42.09683], [-88.28791, 42.09682], [-88.28787, 42.09834], [-88.29147, 42.09876], [-88.29167, 42.10036], [-88.28898, 42.10218], [-88.28722, 42.09921]]]}}, {"type": "Feature", "properties": {"tif_name": "West Dundee TIF 4", "municipality": "", "county": "Kane", "year_created": null, "year_expiry": null, "ordinance": null, "active": true, "source": "Kane County", "source_url": "https://services1.arcgis.com/oRKmdBXD6EbdmVgJ/arcgis/rest/services/KaneCo_IL_Districts_TIF/FeatureServer/1"}, "geometry": {"type": "Polygon", "coordinates": [[[-88.27871, 42.09932], [-88.27699, 42.09864], [-88.27627, 42.09718], [-88.28657, 42.09716], [-88.28683, 42.08864], [-88.27983, 42.08862], [-88.27984, 42.08958], [-88.2774, 42.08958], [-88.27665, 42.08745], [-88.28029, 42.08582], [-88.28068, 42.08478], [-88.27848, 42.08317], [-88.27834, 42.08139], [-88.27552, 42.07802], [-88.27376, 42.07422], [-88.29013, 42.07561], [-88.28993, 42.0764], [-88.29173, 42.07666], [-88.29129, 42.07851], [-88.28914, 42.07915], [-88.28956, 42.08227], [-88.29516, 42.0794], [-88.29525, 42.08182], [-88.29189, 42.08292], [-88.29204, 42.0878], [-88.28986, 42.08779], [-88.28988, 42.08866], [-88.29192, 42.08883], [-88.29189, 42.09343], [-88.28792, 42.09432], [-88.28759, 42.09682], [-88.28692, 42.09683], [-88.28623, 42.09903], [-88.27981, 42.09864], [-88.27981, 42.09984], [-88.27871, 42.09932]], [[-88.27982, 42.08624], [-88.27716, 42.08741], [-88.27974, 42.08765], [-88.27982, 42.08624]], [[-88.28931, 42.07721], [-88.28945, 42.07667], [-88.28777, 42.07618], [-88.28752, 42.07711], [-88.28931, 42.07721]]]}}, {"type": "Feature", "properties": {"tif_name": "West Dundee TIF 5", "municipality": "", "county": "Kane", "year_created": null, "year_expiry": null, "ordinance": null, "active": true, "source": "Kane County", "source_url": "https://services1.arcgis.com/oRKmdBXD6EbdmVgJ/arcgis/rest/services/KaneCo_IL_Districts_TIF/FeatureServer/1"}, "geometry": {"type": "Polygon", "coordinates": [[[-88.29741, 42.10794], [-88.2976, 42.1031], [-88.28946, 42.10322], [-88.2887, 42.10231], [-88.29165, 42.10039], [-88.29077, 42.09788], [-88.29192, 42.098], [-88.29192, 42.09592], [-88.29258, 42.09562], [-88.29676, 42.09563], [-88.29673, 42.09903], [-88.30094, 42.09975], [-88.30087, 42.10493], [-88.30303, 42.10491], [-88.30415, 42.10697], [-88.30628, 42.10715], [-88.30574, 42.10818], [-88.29741, 42.10794]]]}}, {"type": "Feature", "properties": {"tif_name": "Garrison School", "municipality": "", "county": "Winnebago", "year_created": null, "year_expiry": 2029, "ordinance": " ", "active": true, "source": "Rockford / Winnebago Co.", "source_url": "https://rockgis.rockfordil.gov/arcgissvr/rest/services/Rockford_Parcel_Viewer/MapServer/125"}, "geometry": {"type": "Polygon", "coordinates": [[[-89.08498, 42.28555], [-89.08763, 42.28299], [-89.08539, 42.28156], [-89.08426, 42.28183], [-89.08258, 42.28408], [-89.08359, 42.28458], [-89.08362, 42.2861], [-89.08498, 42.28555]]]}}, {"type": "Feature", "properties": {"tif_name": "HOPE 6", "municipality": "", "county": "Winnebago", "year_created": null, "year_expiry": 2029, "ordinance": " ", "active": true, "source": "Rockford / Winnebago Co.", "source_url": "https://rockgis.rockfordil.gov/arcgissvr/rest/services/Rockford_Parcel_Viewer/MapServer/125"}, "geometry": {"type": "Polygon", "coordinates": [[[-89.13831, 42.27176], [-89.14233, 42.27186], [-89.14231, 42.27523], [-89.14542, 42.27461], [-89.1454, 42.27179], [-89.14402, 42.27179], [-89.14443, 42.27058], [-89.14379, 42.26881], [-89.14548, 42.26882], [-89.1455, 42.26635], [-89.13856, 42.26634], [-89.13713, 42.26715], [-89.13589, 42.26702], [-89.13695, 42.26645], [-89.13553, 42.26644], [-89.13563, 42.27175], [-89.13831, 42.27176]]]}}, {"type": "Feature", "properties": {"tif_name": "Kishwaukee St./Harrison Ave. #1", "municipality": "", "county": "Winnebago", "year_created": null, "year_expiry": 2029, "ordinance": " ", "active": true, "source": "Rockford / Winnebago Co.", "source_url": "https://rockgis.rockfordil.gov/arcgissvr/rest/services/Rockford_Parcel_Viewer/MapServer/125"}, "geometry": {"type": "Polygon", "coordinates": [[[-89.08676, 42.23947], [-89.08239, 42.23854], [-89.07726, 42.23858], [-89.07723, 42.24108], [-89.08942, 42.24151], [-89.08676, 42.23947]]]}}, {"type": "Feature", "properties": {"tif_name": "Lincolnwood Estates #2", "municipality": "", "county": "Winnebago", "year_created": null, "year_expiry": 2029, "ordinance": " ", "active": true, "source": "Rockford / Winnebago Co.", "source_url": "https://rockgis.rockfordil.gov/arcgissvr/rest/services/Rockford_Parcel_Viewer/MapServer/125"}, "geometry": {"type": "Polygon", "coordinates": [[[-89.13544, 42.27558], [-89.13545, 42.27369], [-89.13423, 42.2737], [-89.13421, 42.27559], [-89.13544, 42.27558]]]}}, {"type": "Feature", "properties": {"tif_name": "North Main / Eddy Ave.", "municipality": "", "county": "Winnebago", "year_created": null, "year_expiry": 2028, "ordinance": " ", "active": true, "source": "Rockford / Winnebago Co.", "source_url": "https://rockgis.rockfordil.gov/arcgissvr/rest/services/Rockford_Parcel_Viewer/MapServer/125"}, "geometry": {"type": "Polygon", "coordinates": [[[-89.0784, 42.30006], [-89.0772, 42.29954], [-89.07773, 42.29789], [-89.07617, 42.29791], [-89.07528, 42.30238], [-89.07918, 42.30146], [-89.07916, 42.30033], [-89.0784, 42.30006]]]}}, {"type": "Feature", "properties": {"tif_name": "River Oaks", "municipality": "", "county": "Winnebago", "year_created": null, "year_expiry": 2029, "ordinance": " ", "active": true, "source": "Rockford / Winnebago Co.", "source_url": "https://rockgis.rockfordil.gov/arcgissvr/rest/services/Rockford_Parcel_Viewer/MapServer/125"}, "geometry": {"type": "Polygon", "coordinates": [[[-89.10449, 42.24995], [-89.10747, 42.24702], [-89.10555, 42.2467], [-89.10449, 42.24995]]]}}, {"type": "Feature", "properties": {"tif_name": "Springfield Corners", "municipality": "", "county": "Winnebago", "year_created": null, "year_expiry": 2026, "ordinance": " ", "active": true, "source": "Rockford / Winnebago Co.", "source_url": "https://rockgis.rockfordil.gov/arcgissvr/rest/services/Rockford_Parcel_Viewer/MapServer/125"}, "geometry": {"type": "Polygon", "coordinates": [[[-89.14504, 42.285], [-89.1451, 42.27883], [-89.14718, 42.27883], [-89.14719, 42.27777], [-89.1357, 42.27673], [-89.13561, 42.28085], [-89.1441, 42.28076], [-89.14298, 42.28219], [-89.14038, 42.28341], [-89.14038, 42.28601], [-89.14504, 42.285]]]}}, {"type": "Feature", "properties": {"tif_name": "Jackson School", "municipality": "", "county": "Winnebago", "year_created": null, "year_expiry": 2031, "ordinance": " ", "active": true, "source": "Rockford / Winnebago Co.", "source_url": "https://rockgis.rockfordil.gov/arcgissvr/rest/services/Rockford_Parcel_Viewer/MapServer/125"}, "geometry": {"type": "Polygon", "coordinates": [[[-89.07282, 42.27202], [-89.08, 42.272], [-89.07967, 42.26692], [-89.069, 42.26688], [-89.0691, 42.26941], [-89.07145, 42.2694], [-89.07146, 42.27199], [-89.07282, 42.27202]]]}}, {"type": "Feature", "properties": {"tif_name": "North Main & Auburn", "municipality": "", "county": "Winnebago", "year_created": null, "year_expiry": 2030, "ordinance": " ", "active": true, "source": "Rockford / Winnebago Co.", "source_url": "https://rockgis.rockfordil.gov/arcgissvr/rest/services/Rockford_Parcel_Viewer/MapServer/125"}, "geometry": {"type": "Polygon", "coordinates": [[[-89.08005, 42.28884], [-89.07899, 42.29123], [-89.07988, 42.29121], [-89.08048, 42.2897], [-89.0819, 42.28968], [-89.08244, 42.28872], [-89.08242, 42.28718], [-89.08115, 42.28713], [-89.08147, 42.28631], [-89.07761, 42.28759], [-89.07763, 42.28877], [-89.08005, 42.28884]]]}}, {"type": "Feature", "properties": {"tif_name": "West State St. & Central Ave.", "municipality": "", "county": "Winnebago", "year_created": null, "year_expiry": 2031, "ordinance": " ", "active": true, "source": "Rockford / Winnebago Co.", "source_url": "https://rockgis.rockfordil.gov/arcgissvr/rest/services/Rockford_Parcel_Viewer/MapServer/125"}, "geometry": {"type": "Polygon", "coordinates": [[[-89.12848, 42.28106], [-89.13561, 42.28103], [-89.13571, 42.27577], [-89.13421, 42.27559], [-89.13364, 42.27447], [-89.13287, 42.27458], [-89.13285, 42.27579], [-89.12884, 42.27581], [-89.13006, 42.27359], [-89.1062, 42.27248], [-89.10621, 42.28124], [-89.11169, 42.28119], [-89.11171, 42.28318], [-89.11294, 42.28317], [-89.11251, 42.28118], [-89.12848, 42.28106]]]}}, {"type": "Feature", "properties": {"tif_name": "Global Trade Park #2", "municipality": "", "county": "Winnebago", "year_created": null, "year_expiry": 2031, "ordinance": " ", "active": true, "source": "Rockford / Winnebago Co.", "source_url": "https://rockgis.rockfordil.gov/arcgissvr/rest/services/Rockford_Parcel_Viewer/MapServer/125"}, "geometry": {"type": "Polygon", "coordinates": [[[-89.11383, 42.22698], [-89.11384, 42.22839], [-89.11935, 42.22833], [-89.11932, 42.22685], [-89.12196, 42.22684], [-89.12195, 42.22593], [-89.12493, 42.22536], [-89.12269, 42.22538], [-89.12308, 42.22193], [-89.11818, 42.21947], [-89.11586, 42.21914], [-89.11584, 42.21361], [-89.12148, 42.21356], [-89.12147, 42.21221], [-89.11222, 42.21226], [-89.11225, 42.21335], [-89.11063, 42.21335], [-89.11065, 42.21226], [-89.1085, 42.21226], [-89.10853, 42.21426], [-89.09979, 42.21433], [-89.09975, 42.21024], [-89.1036, 42.21022], [-89.10353, 42.20734], [-89.10059, 42.20709], [-89.09862, 42.20794], [-89.09717, 42.21091], [-89.09699, 42.21476], [-89.09873, 42.21822], [-89.098, 42.22034], [-89.09912, 42.22336], [-89.10094, 42.22335], [-89.10324, 42.22646], [-89.10503, 42.22697], [-89.10763, 42.22694], [-89.10915, 42.22643], [-89.10914, 42.2258], [-89.11378, 42.22575], [-89.11383, 42.22698]]]}}, {"type": "Feature", "properties": {"tif_name": "Preston St. & South Central Ave.", "municipality": "", "county": "Winnebago", "year_created": null, "year_expiry": 2031, "ordinance": " ", "active": true, "source": "Rockford / Winnebago Co.", "source_url": "https://rockgis.rockfordil.gov/arcgissvr/rest/services/Rockford_Parcel_Viewer/MapServer/125"}, "geometry": {"type": "Polygon", "coordinates": [[[-89.12568, 42.27068], [-89.12714, 42.26923], [-89.12959, 42.26921], [-89.12962, 42.26608], [-89.11518, 42.26641], [-89.11357, 42.26761], [-89.10927, 42.26803], [-89.10964, 42.26924], [-89.10773, 42.26914], [-89.10835, 42.27104], [-89.10955, 42.27124], [-89.10946, 42.27222], [-89.11897, 42.27243], [-89.11902, 42.27188], [-89.12447, 42.27144], [-89.12568, 42.27068]]]}}, {"type": "Feature", "properties": {"tif_name": "Main St. / Whitman St.", "municipality": "", "county": "Winnebago", "year_created": null, "year_expiry": 2032, "ordinance": " ", "active": true, "source": "Rockford / Winnebago Co.", "source_url": "https://rockgis.rockfordil.gov/arcgissvr/rest/services/Rockford_Parcel_Viewer/MapServer/125"}, "geometry": {"type": "Polygon", "coordinates": [[[-89.08657, 42.27803], [-89.08562, 42.2788], [-89.08669, 42.2795], [-89.0876, 42.27867], [-89.08657, 42.27803]]]}}, {"type": "Feature", "properties": {"tif_name": "Kishwaukee St./Harrison Ave. #2", "municipality": "", "county": "Winnebago", "year_created": null, "year_expiry": 2032, "ordinance": " ", "active": true, "source": "Rockford / Winnebago Co.", "source_url": "https://rockgis.rockfordil.gov/arcgissvr/rest/services/Rockford_Parcel_Viewer/MapServer/125"}, "geometry": {"type": "Polygon", "coordinates": [[[-89.06658, 42.23796], [-89.06195, 42.23799], [-89.06194, 42.24021], [-89.06347, 42.2418], [-89.06701, 42.2418], [-89.06658, 42.23796]]]}}, {"type": "Feature", "properties": {"tif_name": "Midtown", "municipality": "", "county": "Winnebago", "year_created": null, "year_expiry": 2032, "ordinance": " ", "active": true, "source": "Rockford / Winnebago Co.", "source_url": "https://rockgis.rockfordil.gov/arcgissvr/rest/services/Rockford_Parcel_Viewer/MapServer/125"}, "geometry": {"type": "Polygon", "coordinates": [[[-89.08242, 42.26098], [-89.08242, 42.25935], [-89.08672, 42.25944], [-89.08681, 42.25368], [-89.08163, 42.25566], [-89.07185, 42.25516], [-89.07179, 42.26165], [-89.07706, 42.26163], [-89.07708, 42.25746], [-89.08075, 42.25746], [-89.08073, 42.25836], [-89.08217, 42.25887], [-89.08073, 42.25855], [-89.07978, 42.25931], [-89.07903, 42.25873], [-89.08072, 42.26012], [-89.07878, 42.25943], [-89.07874, 42.26427], [-89.08068, 42.26416], [-89.07959, 42.26593], [-89.08178, 42.26649], [-89.08178, 42.26572], [-89.08092, 42.26555], [-89.08218, 42.26317], [-89.08021, 42.26291], [-89.08022, 42.26232], [-89.08157, 42.26087], [-89.08242, 42.26098]]]}}, {"type": "Feature", "properties": {"tif_name": "Global Trade Park #3", "municipality": "", "county": "Winnebago", "year_created": null, "year_expiry": 2032, "ordinance": " ", "active": true, "source": "Rockford / Winnebago Co.", "source_url": "https://rockgis.rockfordil.gov/arcgissvr/rest/services/Rockford_Parcel_Viewer/MapServer/125"}, "geometry": {"type": "Polygon", "coordinates": [[[-89.07281, 42.21192], [-89.06729, 42.21168], [-89.06738, 42.22327], [-89.09632, 42.22339], [-89.09501, 42.22218], [-89.09448, 42.22018], [-89.09525, 42.21736], [-89.09486, 42.21404], [-89.09306, 42.21241], [-89.08187, 42.21245], [-89.08183, 42.21783], [-89.07577, 42.21777], [-89.07592, 42.21383], [-89.07281, 42.21381], [-89.07281, 42.21192]]]}}, {"type": "Feature", "properties": {"tif_name": "River District North", "municipality": "", "county": "Winnebago", "year_created": null, "year_expiry": 2032, "ordinance": " ", "active": true, "source": "Rockford / Winnebago Co.", "source_url": "https://rockgis.rockfordil.gov/arcgissvr/rest/services/Rockford_Parcel_Viewer/MapServer/125"}, "geometry": {"type": "MultiPolygon", "coordinates": [[[[-89.08889, 42.27523], [-89.08659, 42.27801], [-89.09138, 42.28162], [-89.09442, 42.2818], [-89.09393, 42.28054], [-89.09452, 42.28053], [-89.09492, 42.27814], [-89.09592, 42.27827], [-89.09622, 42.27577], [-89.09758, 42.27634], [-89.09953, 42.2737], [-89.09909, 42.27322], [-89.0997, 42.27347], [-89.10041, 42.27251], [-89.09821, 42.27162], [-89.09787, 42.27208], [-89.09856, 42.27238], [-89.09762, 42.27365], [-89.09635, 42.27313], [-89.09492, 42.27503], [-89.09095, 42.27346], [-89.09221, 42.27291], [-89.09403, 42.27435], [-89.09541, 42.27338], [-89.09473, 42.27303], [-89.09615, 42.27244], [-89.09644, 42.27111], [-89.09566, 42.27079], [-89.09344, 42.27288], [-89.09493, 42.27049], [-89.0933, 42.26983], [-89.09008, 42.27421], [-89.09171, 42.27488], [-89.09119, 42.27555], [-89.08889, 42.27523]], [[-89.09303, 42.2718], [-89.0923, 42.2715], [-89.09296, 42.27061], [-89.09423, 42.27113], [-89.09303, 42.2718]]], [[[-89.08889, 42.27523], [-89.08889, 42.27522], [-89.08886, 42.27522], [-89.08889, 42.27523]]]]}}, {"type": "Feature", "properties": {"tif_name": "Broadway", "municipality": "", "county": "Winnebago", "year_created": null, "year_expiry": 2033, "ordinance": " ", "active": true, "source": "Rockford / Winnebago Co.", "source_url": "https://rockgis.rockfordil.gov/arcgissvr/rest/services/Rockford_Parcel_Viewer/MapServer/125"}, "geometry": {"type": "Polygon", "coordinates": [[[-89.06908, 42.25118], [-89.06908, 42.24999], [-89.06647, 42.25002], [-89.06647, 42.25119], [-89.06366, 42.25149], [-89.07173, 42.25564], [-89.07905, 42.25515], [-89.07905, 42.25567], [-89.08159, 42.25567], [-89.08843, 42.25355], [-89.09333, 42.25478], [-89.09563, 42.25646], [-89.10221, 42.2509], [-89.09915, 42.25093], [-89.09916, 42.25014], [-89.09538, 42.25096], [-89.06908, 42.25118]]]}}, {"type": "Feature", "properties": {"tif_name": "Global Trade Park #1", "municipality": "", "county": "Winnebago", "year_created": null, "year_expiry": 2028, "ordinance": " ", "active": true, "source": "Rockford / Winnebago Co.", "source_url": "https://rockgis.rockfordil.gov/arcgissvr/rest/services/Rockford_Parcel_Viewer/MapServer/125"}, "geometry": {"type": "Polygon", "coordinates": [[[-89.08647, 42.18141], [-89.08646, 42.19437], [-89.07323, 42.19444], [-89.07281, 42.21385], [-89.07595, 42.21384], [-89.07579, 42.21784], [-89.0819, 42.21781], [-89.08185, 42.21253], [-89.0932, 42.21249], [-89.0917, 42.21123], [-89.09168, 42.20826], [-89.09424, 42.20537], [-89.09917, 42.20404], [-89.11147, 42.20333], [-89.11777, 42.19994], [-89.11933, 42.19799], [-89.1205, 42.19321], [-89.12553, 42.1899], [-89.12709, 42.18665], [-89.13046, 42.18505], [-89.12976, 42.18405], [-89.12867, 42.18508], [-89.12617, 42.18498], [-89.12566, 42.18389], [-89.12758, 42.18303], [-89.12447, 42.18248], [-89.12417, 42.18109], [-89.12223, 42.17946], [-89.11976, 42.17936], [-89.11633, 42.18072], [-89.11348, 42.1798], [-89.11414, 42.17847], [-89.11315, 42.17764], [-89.10976, 42.17854], [-89.10919, 42.17694], [-89.1116, 42.17481], [-89.10758, 42.17523], [-89.10732, 42.1727], [-89.10616, 42.17185], [-89.10387, 42.17282], [-89.10101, 42.17244], [-89.10089, 42.1688], [-89.09627, 42.16899], [-89.09268, 42.16786], [-89.09126, 42.1679], [-89.09123, 42.16879], [-89.08723, 42.16822], [-89.08673, 42.17657], [-89.08965, 42.17826], [-89.08743, 42.17956], [-89.08664, 42.17915], [-89.08647, 42.18141]], [[-89.07899, 42.21195], [-89.07878, 42.21255], [-89.07712, 42.21231], [-89.07743, 42.20903], [-89.08113, 42.209], [-89.08109, 42.21195], [-89.07899, 42.21195]]]}}, {"type": "Feature", "properties": {"tif_name": "Global Trade Park South", "municipality": "", "county": "Winnebago", "year_created": null, "year_expiry": 2035, "ordinance": " ", "active": true, "source": "Rockford / Winnebago Co.", "source_url": "https://rockgis.rockfordil.gov/arcgissvr/rest/services/Rockford_Parcel_Viewer/MapServer/125"}, "geometry": {"type": "Polygon", "coordinates": [[[-89.11314, 42.16557], [-89.12063, 42.16724], [-89.12536, 42.16492], [-89.12799, 42.16501], [-89.12794, 42.15781], [-89.13018, 42.15773], [-89.13025, 42.15043], [-89.12046, 42.15035], [-89.12031, 42.14326], [-89.09639, 42.14329], [-89.09676, 42.15057], [-89.09209, 42.15075], [-89.08938, 42.16157], [-89.09549, 42.16261], [-89.09541, 42.15813], [-89.09931, 42.15791], [-89.09925, 42.15601], [-89.10091, 42.15593], [-89.1011, 42.15779], [-89.10591, 42.15794], [-89.10571, 42.16147], [-89.10206, 42.16158], [-89.10288, 42.16323], [-89.10959, 42.16473], [-89.10989, 42.16396], [-89.11343, 42.16447], [-89.11314, 42.16557]], [[-89.10058, 42.15059], [-89.10056, 42.14984], [-89.10179, 42.14984], [-89.10181, 42.15057], [-89.10058, 42.15059]]]}}, {"type": "Feature", "properties": {"tif_name": "Jefferson St. / North 3rd St.", "municipality": "", "county": "Winnebago", "year_created": null, "year_expiry": 2036, "ordinance": " ", "active": true, "source": "Rockford / Winnebago Co.", "source_url": "https://rockgis.rockfordil.gov/arcgissvr/rest/services/Rockford_Parcel_Viewer/MapServer/125"}, "geometry": {"type": "Polygon", "coordinates": [[[-89.08646, 42.2688], [-89.08536, 42.26805], [-89.08275, 42.27025], [-89.08427, 42.27043], [-89.08646, 42.2688]]]}}, {"type": "Feature", "properties": {"tif_name": "East River", "municipality": "", "county": "Winnebago", "year_created": null, "year_expiry": 2033, "ordinance": " ", "active": true, "source": "Rockford / Winnebago Co.", "source_url": "https://rockgis.rockfordil.gov/arcgissvr/rest/services/Rockford_Parcel_Viewer/MapServer/125"}, "geometry": {"type": "Polygon", "coordinates": [[[-89.09191, 42.26835], [-89.09271, 42.26852], [-89.09434, 42.26655], [-89.09452, 42.26395], [-89.09323, 42.25954], [-89.09562, 42.25648], [-89.09192, 42.2541], [-89.08677, 42.25368], [-89.0867, 42.26472], [-89.08365, 42.26571], [-89.08288, 42.26806], [-89.08349, 42.26836], [-89.08191, 42.27019], [-89.08623, 42.27225], [-89.08046, 42.27835], [-89.0828, 42.27716], [-89.08414, 42.27772], [-89.09112, 42.26956], [-89.08821, 42.26801], [-89.08723, 42.27025], [-89.086, 42.26966], [-89.0852, 42.27058], [-89.08295, 42.27042], [-89.08536, 42.26805], [-89.08433, 42.26756], [-89.08483, 42.26698], [-89.08799, 42.26737], [-89.08938, 42.26669], [-89.09012, 42.26774], [-89.08971, 42.26821], [-89.09087, 42.26887], [-89.09003, 42.26705], [-89.09165, 42.26718], [-89.09307, 42.26555], [-89.09316, 42.26664], [-89.09191, 42.26835]]]}}, {"type": "Feature", "properties": {"tif_name": "Auburn Street", "municipality": "", "county": "Winnebago", "year_created": null, "year_expiry": 2038, "ordinance": " ", "active": true, "source": "Rockford / Winnebago Co.", "source_url": "https://rockgis.rockfordil.gov/arcgissvr/rest/services/Rockford_Parcel_Viewer/MapServer/125"}, "geometry": {"type": "Polygon", "coordinates": [[[-89.12846, 42.28834], [-89.12846, 42.28712], [-89.12588, 42.28714], [-89.12563, 42.28799], [-89.11987, 42.28759], [-89.11712, 42.28821], [-89.11712, 42.28753], [-89.1162, 42.28754], [-89.11425, 42.28824], [-89.10846, 42.2883], [-89.10844, 42.28697], [-89.10725, 42.28735], [-89.10351, 42.28642], [-89.1026, 42.28394], [-89.10157, 42.28474], [-89.10204, 42.28582], [-89.10127, 42.28699], [-89.09874, 42.28701], [-89.09882, 42.28778], [-89.09599, 42.28803], [-89.09586, 42.2886], [-89.09618, 42.28927], [-89.10245, 42.2886], [-89.10355, 42.29072], [-89.10426, 42.28977], [-89.10707, 42.28975], [-89.10708, 42.28895], [-89.10929, 42.28926], [-89.11021, 42.29014], [-89.11224, 42.28977], [-89.11335, 42.29062], [-89.11432, 42.29009], [-89.11693, 42.29071], [-89.11807, 42.29188], [-89.12152, 42.29262], [-89.12212, 42.29257], [-89.12213, 42.28881], [-89.12846, 42.28834]]]}}, {"type": "Feature", "properties": {"tif_name": "East State & Alpine", "municipality": "", "county": "Winnebago", "year_created": null, "year_expiry": 2030, "ordinance": " ", "active": true, "source": "Rockford / Winnebago Co.", "source_url": "https://rockgis.rockfordil.gov/arcgissvr/rest/services/Rockford_Parcel_Viewer/MapServer/125"}, "geometry": {"type": "Polygon", "coordinates": [[[-89.03055, 42.26713], [-89.03389, 42.26686], [-89.03565, 42.26718], [-89.03389, 42.2674], [-89.03791, 42.26797], [-89.04209, 42.26799], [-89.0438, 42.26559], [-89.03877, 42.265], [-89.03877, 42.26339], [-89.03587, 42.26344], [-89.03587, 42.26429], [-89.03311, 42.26365], [-89.0331, 42.26466], [-89.0329, 42.26362], [-89.02879, 42.26281], [-89.02474, 42.26349], [-89.02555, 42.26447], [-89.02832, 42.26442], [-89.02924, 42.26835], [-89.03029, 42.26824], [-89.03055, 42.26713]]]}}, {"type": "Feature", "properties": {"tif_name": "East State & Mulford", "municipality": "", "county": "Winnebago", "year_created": null, "year_expiry": 2036, "ordinance": " ", "active": true, "source": "Rockford / Winnebago Co.", "source_url": "https://rockgis.rockfordil.gov/arcgissvr/rest/services/Rockford_Parcel_Viewer/MapServer/125"}, "geometry": {"type": "Polygon", "coordinates": [[[-89.00002, 42.27503], [-88.99985, 42.27558], [-89.00109, 42.27557], [-89.00106, 42.27491], [-89.00946, 42.27484], [-89.00947, 42.27215], [-89.01246, 42.27212], [-89.01238, 42.27122], [-89.01521, 42.27293], [-89.01927, 42.27288], [-89.01927, 42.27187], [-89.02259, 42.27105], [-89.02877, 42.2711], [-89.02887, 42.26595], [-89.02832, 42.26596], [-89.02832, 42.26442], [-89.02474, 42.26407], [-89.02474, 42.26349], [-89.02695, 42.2633], [-89.02606, 42.26223], [-89.02178, 42.26318], [-89.02082, 42.26145], [-89.01876, 42.26189], [-89.01875, 42.26076], [-89.01829, 42.26207], [-89.01644, 42.26284], [-89.01323, 42.26255], [-89.01302, 42.2611], [-89.01195, 42.26089], [-89.01195, 42.26365], [-89.0047, 42.26304], [-89.0047, 42.26394], [-88.99987, 42.26399], [-88.99987, 42.26598], [-88.99881, 42.26597], [-88.99879, 42.26709], [-88.99579, 42.26764], [-88.99714, 42.27064], [-88.9999, 42.27068], [-89.00002, 42.27503]]]}}, {"type": "Feature", "properties": {"tif_name": "Amerock Hotel", "municipality": "", "county": "Winnebago", "year_created": null, "year_expiry": 2041, "ordinance": " ", "active": true, "source": "Rockford / Winnebago Co.", "source_url": "https://rockgis.rockfordil.gov/arcgissvr/rest/services/Rockford_Parcel_Viewer/MapServer/125"}, "geometry": {"type": "Polygon", "coordinates": [[[-89.10256, 42.26703], [-89.1022, 42.26476], [-89.0999, 42.26398], [-89.09832, 42.26507], [-89.09955, 42.26608], [-89.09862, 42.2657], [-89.09776, 42.26681], [-89.0959, 42.26662], [-89.09422, 42.26895], [-89.09646, 42.26977], [-89.09681, 42.26929], [-89.09617, 42.26902], [-89.09722, 42.26759], [-89.10277, 42.26985], [-89.10308, 42.26944], [-89.10128, 42.26888], [-89.10256, 42.26703]]]}}, {"type": "Feature", "properties": {"tif_name": "Barber Colman", "municipality": "", "county": "Winnebago", "year_created": null, "year_expiry": 2047, "ordinance": " ", "active": true, "source": "Rockford / Winnebago Co.", "source_url": "https://rockgis.rockfordil.gov/arcgissvr/rest/services/Rockford_Parcel_Viewer/MapServer/125"}, "geometry": {"type": "Polygon", "coordinates": [[[-89.0986, 42.25811], [-89.09885, 42.25722], [-89.09806, 42.25711], [-89.09622, 42.25846], [-89.09732, 42.26073], [-89.09977, 42.26093], [-89.09947, 42.26283], [-89.10098, 42.26304], [-89.10113, 42.26214], [-89.10024, 42.26207], [-89.10082, 42.25841], [-89.0986, 42.25811]]]}}, {"type": "Feature", "properties": {"tif_name": "Kishwaukee St./Harrison Ave", "municipality": "", "county": "Winnebago", "year_created": null, "year_expiry": 2045, "ordinance": " ", "active": true, "source": "Rockford / Winnebago Co.", "source_url": "https://rockgis.rockfordil.gov/arcgissvr/rest/services/Rockford_Parcel_Viewer/MapServer/125"}, "geometry": {"type": "Polygon", "coordinates": [[[-89.08715, 42.23828], [-89.08931, 42.23789], [-89.0871, 42.23731], [-89.08645, 42.23456], [-89.08235, 42.23073], [-89.08183, 42.23643], [-89.08477, 42.23615], [-89.08476, 42.23792], [-89.08715, 42.23828]]]}}, {"type": "Feature", "properties": {"tif_name": "Main & Mulberry", "municipality": "", "county": "Winnebago", "year_created": null, "year_expiry": 2048, "ordinance": " ", "active": true, "source": "Rockford / Winnebago Co.", "source_url": "https://rockgis.rockfordil.gov/arcgissvr/rest/services/Rockford_Parcel_Viewer/MapServer/125"}, "geometry": {"type": "Polygon", "coordinates": [[[-89.09544, 42.27109], [-89.09515, 42.27058], [-89.09344, 42.27288], [-89.09544, 42.27109]]]}}, {"type": "Feature", "properties": {"tif_name": "Madison & Oak", "municipality": "", "county": "Winnebago", "year_created": null, "year_expiry": 2048, "ordinance": " ", "active": true, "source": "Rockford / Winnebago Co.", "source_url": "https://rockgis.rockfordil.gov/arcgissvr/rest/services/Rockford_Parcel_Viewer/MapServer/125"}, "geometry": {"type": "Polygon", "coordinates": [[[-89.09007, 42.27142], [-89.0926, 42.26869], [-89.09148, 42.26839], [-89.09309, 42.2668], [-89.09307, 42.26555], [-89.09166, 42.26718], [-89.09003, 42.26705], [-89.09134, 42.26853], [-89.09007, 42.27142]]]}}, {"type": "Feature", "properties": {"tif_name": "2005 BELLEVUE TIF II (Dist # 985)", "municipality": "", "county": "Peoria", "year_created": null, "year_expiry": null, "ordinance": null, "active": true, "source": "Peoria County", "source_url": "https://services.arcgis.com/iPiPjILCMYxPZWTc/arcgis/rest/services/TIF_Districts/FeatureServer/0"}, "geometry": {"type": "MultiPolygon", "coordinates": [[[[-89.67318, 40.69399], [-89.6732, 40.6948], [-89.67471, 40.69481], [-89.67465, 40.70318], [-89.67573, 40.70322], [-89.67558, 40.70845], [-89.67066, 40.70836], [-89.67081, 40.70308], [-89.67269, 40.70313], [-89.67322, 40.6959], [-89.66868, 40.69576], [-89.66865, 40.6981], [-89.67056, 40.69861], [-89.66993, 40.69914], [-89.66736, 40.69855], [-89.66829, 40.69658], [-89.66798, 40.69574], [-89.66681, 40.6957], [-89.66684, 40.69397], [-89.67318, 40.69399]]], [[[-89.68323, 40.68817], [-89.68323, 40.68872], [-89.68973, 40.68916], [-89.68973, 40.69054], [-89.68668, 40.69055], [-89.68667, 40.68953], [-89.68595, 40.68953], [-89.68594, 40.69055], [-89.6866, 40.69089], [-89.68658, 40.69403], [-89.68971, 40.69404], [-89.68972, 40.69747], [-89.68956, 40.69597], [-89.68665, 40.696], [-89.68665, 40.69447], [-89.67891, 40.69469], [-89.6782, 40.694], [-89.6782, 40.69483], [-89.67556, 40.69481], [-89.67552, 40.68857], [-89.68323, 40.68817]]], [[[-89.68738, 40.68915], [-89.687, 40.68943], [-89.68783, 40.68942], [-89.68738, 40.68915]]], [[[-89.68541, 40.68931], [-89.68502, 40.69056], [-89.68574, 40.69055], [-89.68541, 40.68931]]], [[[-89.68272, 40.69011], [-89.68229, 40.69043], [-89.68272, 40.69043], [-89.68272, 40.69011]]], [[[-89.67944, 40.69282], [-89.67892, 40.69299], [-89.67944, 40.69299], [-89.67944, 40.69282]]]]}}, {"type": "Feature", "properties": {"tif_name": "BOSCH ROAD TIF (Dist # 971)", "municipality": "", "county": "Peoria", "year_created": null, "year_expiry": null, "ordinance": null, "active": true, "source": "Peoria County", "source_url": "https://services.arcgis.com/iPiPjILCMYxPZWTc/arcgis/rest/services/TIF_Districts/FeatureServer/0"}, "geometry": {"type": "Polygon", "coordinates": [[[-89.67842, 40.68034], [-89.67602, 40.68036], [-89.67545, 40.67418], [-89.68013, 40.67435], [-89.67978, 40.68041], [-89.67842, 40.68034]]]}}, {"type": "Feature", "properties": {"tif_name": "DOWNTOWN CONSERVATION TIF (Dist # 975)", "municipality": "", "county": "Peoria", "year_created": null, "year_expiry": null, "ordinance": null, "active": true, "source": "Peoria County", "source_url": "https://services.arcgis.com/iPiPjILCMYxPZWTc/arcgis/rest/services/TIF_Districts/FeatureServer/0"}, "geometry": {"type": "Polygon", "coordinates": [[[-89.58777, 40.69314], [-89.58482, 40.69148], [-89.5808, 40.69424], [-89.57991, 40.69345], [-89.58689, 40.68903], [-89.58853, 40.69061], [-89.58961, 40.68993], [-89.59083, 40.69104], [-89.59211, 40.69022], [-89.59314, 40.69119], [-89.59203, 40.69192], [-89.59338, 40.69262], [-89.59039, 40.69441], [-89.58777, 40.69314]]]}}, {"type": "Feature", "properties": {"tif_name": "EAGLE VIEW TIF DISTRICT (Dist # 984)", "municipality": "", "county": "Peoria", "year_created": null, "year_expiry": null, "ordinance": null, "active": true, "source": "Peoria County", "source_url": "https://services.arcgis.com/iPiPjILCMYxPZWTc/arcgis/rest/services/TIF_Districts/FeatureServer/0"}, "geometry": {"type": "Polygon", "coordinates": [[[-89.61697, 40.66866], [-89.61644, 40.66821], [-89.61535, 40.66893], [-89.61375, 40.66746], [-89.61595, 40.66336], [-89.61656, 40.66354], [-89.61833, 40.65849], [-89.61699, 40.65522], [-89.61267, 40.65233], [-89.6424, 40.65224], [-89.64241, 40.65968], [-89.64061, 40.65964], [-89.64241, 40.66043], [-89.64241, 40.6632], [-89.64014, 40.66318], [-89.64018, 40.66098], [-89.63626, 40.66109], [-89.63516, 40.66167], [-89.63516, 40.66314], [-89.63305, 40.6646], [-89.63303, 40.66694], [-89.63833, 40.66699], [-89.63832, 40.66863], [-89.63232, 40.66855], [-89.63261, 40.66634], [-89.6303, 40.66491], [-89.62982, 40.66563], [-89.63095, 40.66644], [-89.62679, 40.6667], [-89.6244, 40.66862], [-89.62334, 40.66675], [-89.62228, 40.66674], [-89.61797, 40.6695], [-89.61697, 40.66866]]]}}, {"type": "Feature", "properties": {"tif_name": "EAST VILLAGE TIF (Dist # 980)", "municipality": "", "county": "Peoria", "year_created": null, "year_expiry": null, "ordinance": null, "active": true, "source": "Peoria County", "source_url": "https://services.arcgis.com/iPiPjILCMYxPZWTc/arcgis/rest/services/TIF_Districts/FeatureServer/0"}, "geometry": {"type": "Polygon", "coordinates": [[[-89.58695, 40.71753], [-89.57708, 40.71743], [-89.57683, 40.71333], [-89.57618, 40.71332], [-89.5762, 40.71228], [-89.57476, 40.71226], [-89.57481, 40.71035], [-89.57757, 40.71038], [-89.57868, 40.7089], [-89.58232, 40.70836], [-89.58145, 40.70686], [-89.58701, 40.70413], [-89.58694, 40.70252], [-89.58124, 40.69714], [-89.58671, 40.69347], [-89.59206, 40.69823], [-89.59117, 40.69888], [-89.59251, 40.70018], [-89.59159, 40.70057], [-89.59404, 40.70044], [-89.594, 40.70637], [-89.59402, 40.70554], [-89.59499, 40.70597], [-89.5947, 40.71201], [-89.59544, 40.71202], [-89.59432, 40.7173], [-89.59531, 40.71757], [-89.58695, 40.71753]], [[-89.59348, 40.71028], [-89.59399, 40.70789], [-89.59221, 40.70774], [-89.59218, 40.71027], [-89.59348, 40.71028]]]}}, {"type": "Feature", "properties": {"tif_name": "ELMWOOD CENTRAL BUSINESS TIF (Dist # 978)", "municipality": "", "county": "Peoria", "year_created": null, "year_expiry": null, "ordinance": null, "active": true, "source": "Peoria County", "source_url": "https://services.arcgis.com/iPiPjILCMYxPZWTc/arcgis/rest/services/TIF_Districts/FeatureServer/0"}, "geometry": {"type": "Polygon", "coordinates": [[[-89.9649, 40.77865], [-89.9625, 40.77761], [-89.96462, 40.77734], [-89.96464, 40.77642], [-89.96601, 40.77643], [-89.966, 40.77713], [-89.96818, 40.77713], [-89.96876, 40.77647], [-89.96874, 40.7779], [-89.96776, 40.7779], [-89.96765, 40.77867], [-89.9649, 40.77865]]]}}, {"type": "Feature", "properties": {"tif_name": "ELMWOOD TIF NO. 1 (Dist # 990)", "municipality": "", "county": "Peoria", "year_created": null, "year_expiry": null, "ordinance": null, "active": true, "source": "Peoria County", "source_url": "https://services.arcgis.com/iPiPjILCMYxPZWTc/arcgis/rest/services/TIF_Districts/FeatureServer/0"}, "geometry": {"type": "Polygon", "coordinates": [[[-89.95641, 40.78674], [-89.95644, 40.78211], [-89.96098, 40.7826], [-89.96129, 40.78174], [-89.96126, 40.78373], [-89.96369, 40.7836], [-89.96392, 40.78174], [-89.963, 40.78174], [-89.9623, 40.77921], [-89.96339, 40.78152], [-89.96596, 40.78152], [-89.96591, 40.78545], [-89.96479, 40.78545], [-89.96477, 40.78723], [-89.96581, 40.78724], [-89.96579, 40.78832], [-89.96377, 40.78831], [-89.96312, 40.78676], [-89.95641, 40.78674]]]}}, {"type": "Feature", "properties": {"tif_name": "GALENA RD INDUSTRIAL PARK TIF (Dist # 963)", "municipality": "", "county": "Peoria", "year_created": null, "year_expiry": null, "ordinance": null, "active": true, "source": "Peoria County", "source_url": "https://services.arcgis.com/iPiPjILCMYxPZWTc/arcgis/rest/services/TIF_Districts/FeatureServer/0"}, "geometry": {"type": "MultiPolygon", "coordinates": [[[[-89.57497, 40.7723], [-89.57531, 40.77284], [-89.5745, 40.77313], [-89.57416, 40.7726], [-89.57497, 40.7723]]], [[[-89.55698, 40.76172], [-89.55814, 40.76174], [-89.5584, 40.76316], [-89.55719, 40.76315], [-89.55698, 40.76172]]], [[[-89.55714, 40.74673], [-89.56454, 40.75814], [-89.56634, 40.75767], [-89.56646, 40.7583], [-89.56744, 40.75819], [-89.56778, 40.75966], [-89.56905, 40.75968], [-89.56904, 40.76057], [-89.57298, 40.76062], [-89.57536, 40.76475], [-89.57809, 40.76534], [-89.57629, 40.76637], [-89.576, 40.76785], [-89.57067, 40.76783], [-89.57509, 40.77549], [-89.57096, 40.77554], [-89.56341, 40.77279], [-89.56358, 40.77208], [-89.56373, 40.77273], [-89.56725, 40.77229], [-89.56422, 40.77241], [-89.5661, 40.77191], [-89.56385, 40.77188], [-89.56244, 40.76943], [-89.56333, 40.76954], [-89.56247, 40.76896], [-89.56304, 40.76813], [-89.5606, 40.76539], [-89.56136, 40.76411], [-89.55908, 40.76408], [-89.55866, 40.76317], [-89.56146, 40.7632], [-89.55854, 40.75998], [-89.55879, 40.75871], [-89.56345, 40.757], [-89.55714, 40.74673]]], [[[-89.56586, 40.76324], [-89.56584, 40.76781], [-89.57027, 40.76783], [-89.56737, 40.76325], [-89.56586, 40.76324]]]]}}, {"type": "Feature", "properties": {"tif_name": "HANNA CITY TIF DISTRICT (Dist # 968)", "municipality": "", "county": "Peoria", "year_created": null, "year_expiry": null, "ordinance": null, "active": true, "source": "Peoria County", "source_url": "https://services.arcgis.com/iPiPjILCMYxPZWTc/arcgis/rest/services/TIF_Districts/FeatureServer/0"}, "geometry": {"type": "MultiPolygon", "coordinates": [[[[-89.79014, 40.69427], [-89.79094, 40.69451], [-89.78921, 40.69651], [-89.79014, 40.69427]]], [[[-89.79044, 40.68622], [-89.79045, 40.68852], [-89.79891, 40.68809], [-89.79891, 40.68716], [-89.79992, 40.68716], [-89.79991, 40.69007], [-89.81422, 40.69011], [-89.8142, 40.69352], [-89.82355, 40.6936], [-89.82358, 40.69012], [-89.83315, 40.69013], [-89.8331, 40.69567], [-89.83231, 40.69622], [-89.8331, 40.69622], [-89.83309, 40.69694], [-89.81831, 40.69715], [-89.81187, 40.69556], [-89.81102, 40.69731], [-89.80236, 40.6973], [-89.80238, 40.69524], [-89.80354, 40.6955], [-89.80355, 40.69439], [-89.80017, 40.69366], [-89.80036, 40.69756], [-89.79672, 40.69705], [-89.79661, 40.69914], [-89.79533, 40.69924], [-89.79527, 40.69775], [-89.79393, 40.69725], [-89.7939, 40.69855], [-89.79224, 40.69916], [-89.79153, 40.70114], [-89.7887, 40.70198], [-89.78842, 40.70119], [-89.78552, 40.70095], [-89.78552, 40.69985], [-89.79037, 40.70028], [-89.79042, 40.69597], [-89.79334, 40.69657], [-89.79334, 40.69227], [-89.79043, 40.69266], [-89.78976, 40.69491], [-89.78873, 40.69495], [-89.7896, 40.69544], [-89.78895, 40.69617], [-89.78799, 40.69592], [-89.78798, 40.69691], [-89.78552, 40.6969], [-89.78555, 40.69006], [-89.78851, 40.68989], [-89.78555, 40.68988], [-89.78553, 40.68623], [-89.79044, 40.68622]]], [[[-89.79149, 40.69007], [-89.79043, 40.69007], [-89.79042, 40.69177], [-89.79266, 40.6918], [-89.79266, 40.69019], [-89.79149, 40.69007]]], [[[-89.79012, 40.69177], [-89.78976, 40.69223], [-89.79012, 40.69223], [-89.79012, 40.69177]]], [[[-89.79517, 40.69103], [-89.79466, 40.69103], [-89.79465, 40.69118], [-89.79517, 40.69103]]], [[[-89.79803, 40.69163], [-89.79753, 40.69186], [-89.79803, 40.69186], [-89.79803, 40.69163]]], [[[-89.80612, 40.69427], [-89.80603, 40.69488], [-89.80687, 40.69489], [-89.80612, 40.69427]]], [[[-89.796, 40.69607], [-89.79596, 40.69635], [-89.7965, 40.69635], [-89.796, 40.69607]]], [[[-89.78871, 40.69232], [-89.78826, 40.69253], [-89.78871, 40.69253], [-89.78871, 40.69232]]], [[[-89.78561, 40.69366], [-89.78627, 40.69385], [-89.78627, 40.69366], [-89.78561, 40.69366]]]]}}, {"type": "Feature", "properties": {"tif_name": "HOSPITALITY TIF (Dist # 981)", "municipality": "", "county": "Peoria", "year_created": null, "year_expiry": null, "ordinance": null, "active": true, "source": "Peoria County", "source_url": "https://services.arcgis.com/iPiPjILCMYxPZWTc/arcgis/rest/services/TIF_Districts/FeatureServer/0"}, "geometry": {"type": "Polygon", "coordinates": [[[-89.59458, 40.69636], [-89.59229, 40.69419], [-89.59015, 40.6962], [-89.58728, 40.69345], [-89.58958, 40.69364], [-89.59039, 40.69441], [-89.593, 40.69285], [-89.59399, 40.69379], [-89.5954, 40.69347], [-89.59555, 40.6959], [-89.59458, 40.69636]], [[-89.59271, 40.69332], [-89.59295, 40.69381], [-89.59332, 40.69358], [-89.59271, 40.69332]]]}}, {"type": "Feature", "properties": {"tif_name": "LEISY-PABST TIF (Dist # 982)", "municipality": "", "county": "Peoria", "year_created": null, "year_expiry": null, "ordinance": null, "active": true, "source": "Peoria County", "source_url": "https://services.arcgis.com/iPiPjILCMYxPZWTc/arcgis/rest/services/TIF_Districts/FeatureServer/0"}, "geometry": {"type": "MultiPolygon", "coordinates": [[[[-89.57286, 40.73992], [-89.57308, 40.73984], [-89.57307, 40.7402], [-89.57286, 40.73992]]], [[[-89.57677, 40.74275], [-89.5752, 40.74141], [-89.57903, 40.74147], [-89.57955, 40.74272], [-89.57765, 40.74285], [-89.57764, 40.74345], [-89.57677, 40.74275]]]]}}, {"type": "Feature", "properties": {"tif_name": "PEORIA HEIGHTS TIF DISTRICT 1 (Dist # 973)", "municipality": "", "county": "Peoria", "year_created": null, "year_expiry": null, "ordinance": null, "active": true, "source": "Peoria County", "source_url": "https://services.arcgis.com/iPiPjILCMYxPZWTc/arcgis/rest/services/TIF_Districts/FeatureServer/0"}, "geometry": {"type": "Polygon", "coordinates": [[[-89.58056, 40.74644], [-89.57833, 40.74447], [-89.5717, 40.74355], [-89.57164, 40.74052], [-89.56459, 40.73893], [-89.57165, 40.7402], [-89.57307, 40.7402], [-89.57309, 40.73918], [-89.57417, 40.73921], [-89.57416, 40.74038], [-89.57905, 40.74053], [-89.57903, 40.74147], [-89.57519, 40.74178], [-89.57764, 40.74345], [-89.57765, 40.74285], [-89.57954, 40.7428], [-89.57953, 40.74364], [-89.58298, 40.74371], [-89.58175, 40.74414], [-89.58172, 40.74634], [-89.5809, 40.74632], [-89.58445, 40.74945], [-89.58056, 40.74644]], [[-89.57347, 40.74136], [-89.57337, 40.7426], [-89.57619, 40.74272], [-89.57347, 40.74136]]]}}, {"type": "Feature", "properties": {"tif_name": "PEORIA HEIGHTS TIF DISTRICT 2 (Dist # 972)", "municipality": "", "county": "Peoria", "year_created": null, "year_expiry": null, "ordinance": null, "active": true, "source": "Peoria County", "source_url": "https://services.arcgis.com/iPiPjILCMYxPZWTc/arcgis/rest/services/TIF_Districts/FeatureServer/0"}, "geometry": {"type": "Polygon", "coordinates": [[[-89.57417, 40.73921], [-89.57449, 40.73085], [-89.58142, 40.73095], [-89.58144, 40.73002], [-89.58379, 40.73005], [-89.58383, 40.73388], [-89.57675, 40.73378], [-89.57667, 40.74049], [-89.57416, 40.74038], [-89.57417, 40.73921]], [[-89.5784, 40.73326], [-89.57793, 40.73333], [-89.5784, 40.73334], [-89.5784, 40.73326]]]}}, {"type": "Feature", "properties": {"tif_name": "PEORIA HEIGHTS TIF DISTRICT 3 (Dist # 970)", "municipality": "", "county": "Peoria", "year_created": null, "year_expiry": null, "ordinance": null, "active": true, "source": "Peoria County", "source_url": "https://services.arcgis.com/iPiPjILCMYxPZWTc/arcgis/rest/services/TIF_Districts/FeatureServer/0"}, "geometry": {"type": "Polygon", "coordinates": [[[-89.57399, 40.74635], [-89.56915, 40.74624], [-89.5692, 40.74352], [-89.57833, 40.74447], [-89.5804, 40.7463], [-89.58003, 40.74687], [-89.57613, 40.74634], [-89.57592, 40.74779], [-89.57397, 40.74724], [-89.57399, 40.74635]], [[-89.57069, 40.74579], [-89.57057, 40.74613], [-89.57079, 40.74614], [-89.57069, 40.74579]], [[-89.57134, 40.74542], [-89.57123, 40.74576], [-89.57134, 40.74576], [-89.57134, 40.74542]], [[-89.57538, 40.74498], [-89.57526, 40.74532], [-89.57548, 40.74532], [-89.57538, 40.74498]], [[-89.57179, 40.74437], [-89.57193, 40.74437], [-89.57194, 40.74402], [-89.57179, 40.74437]]]}}, {"type": "Feature", "properties": {"tif_name": "PEORIA MEDINA PLAINS ALLEN RD TIF (Dist # 966)", "municipality": "", "county": "Peoria", "year_created": null, "year_expiry": null, "ordinance": null, "active": true, "source": "Peoria County", "source_url": "https://services.arcgis.com/iPiPjILCMYxPZWTc/arcgis/rest/services/TIF_Districts/FeatureServer/0"}, "geometry": {"type": "MultiPolygon", "coordinates": [[[[-89.63083, 40.79379], [-89.63083, 40.79423], [-89.62975, 40.79422], [-89.63083, 40.79379]]], [[[-89.61195, 40.78354], [-89.61677, 40.78356], [-89.61676, 40.78439], [-89.61824, 40.7844], [-89.61824, 40.78494], [-89.62304, 40.78442], [-89.62303, 40.7858], [-89.62474, 40.78581], [-89.62481, 40.78404], [-89.62593, 40.78406], [-89.62646, 40.78939], [-89.62896, 40.78952], [-89.62895, 40.79062], [-89.63546, 40.79068], [-89.63547, 40.78975], [-89.63403, 40.78974], [-89.63404, 40.78856], [-89.63131, 40.78808], [-89.63132, 40.78716], [-89.64076, 40.78724], [-89.64071, 40.79063], [-89.65298, 40.79065], [-89.65478, 40.78976], [-89.65532, 40.78818], [-89.65611, 40.79314], [-89.6543, 40.79122], [-89.65033, 40.79096], [-89.6502, 40.79811], [-89.65276, 40.79812], [-89.65274, 40.79905], [-89.65032, 40.7992], [-89.65273, 40.79921], [-89.65268, 40.80074], [-89.63576, 40.80176], [-89.6369, 40.79872], [-89.6355, 40.79777], [-89.63554, 40.79459], [-89.63101, 40.7947], [-89.63102, 40.79079], [-89.63085, 40.79236], [-89.62868, 40.79244], [-89.62868, 40.79189], [-89.62621, 40.79187], [-89.62622, 40.79077], [-89.61512, 40.7907], [-89.61753, 40.79576], [-89.62139, 40.80078], [-89.61675, 40.79512], [-89.61195, 40.78354]]], [[[-89.61211, 40.78439], [-89.61245, 40.78497], [-89.61319, 40.78478], [-89.61211, 40.78439]]]]}}, {"type": "Feature", "properties": {"tif_name": "PEORIA STADIUM TIF (Dist # 987)", "municipality": "", "county": "Peoria", "year_created": null, "year_expiry": null, "ordinance": null, "active": true, "source": "Peoria County", "source_url": "https://services.arcgis.com/iPiPjILCMYxPZWTc/arcgis/rest/services/TIF_Districts/FeatureServer/0"}, "geometry": {"type": "Polygon", "coordinates": [[[-89.59916, 40.68727], [-89.59732, 40.68847], [-89.59634, 40.68766], [-89.59826, 40.68645], [-89.59916, 40.68727]]]}}, {"type": "Feature", "properties": {"tif_name": "PRINCEVILLE-BROCKWAY TIF (Dist # 999)", "municipality": "", "county": "Peoria", "year_created": null, "year_expiry": null, "ordinance": null, "active": true, "source": "Peoria County", "source_url": "https://services.arcgis.com/iPiPjILCMYxPZWTc/arcgis/rest/services/TIF_Districts/FeatureServer/0"}, "geometry": {"type": "Polygon", "coordinates": [[[-89.74529, 40.95186], [-89.74536, 40.94455], [-89.7525, 40.94457], [-89.75251, 40.94276], [-89.7549, 40.94276], [-89.75486, 40.94678], [-89.75367, 40.94678], [-89.75365, 40.94823], [-89.75485, 40.94823], [-89.75467, 40.95189], [-89.74529, 40.95186]]]}}, {"type": "Feature", "properties": {"tif_name": "PRINCEVILLE TIF (Dist # 989)", "municipality": "", "county": "Peoria", "year_created": null, "year_expiry": null, "ordinance": null, "active": true, "source": "Peoria County", "source_url": "https://services.arcgis.com/iPiPjILCMYxPZWTc/arcgis/rest/services/TIF_Districts/FeatureServer/0"}, "geometry": {"type": "MultiPolygon", "coordinates": [[[[-89.76675, 40.92908], [-89.76702, 40.92929], [-89.76675, 40.92929], [-89.76675, 40.92908]]], [[[-89.75021, 40.92284], [-89.76313, 40.92312], [-89.76172, 40.9251], [-89.76262, 40.92509], [-89.76173, 40.92655], [-89.76289, 40.92689], [-89.76275, 40.92917], [-89.76433, 40.92931], [-89.76433, 40.93035], [-89.76092, 40.93093], [-89.76092, 40.9303], [-89.75704, 40.93047], [-89.75712, 40.92947], [-89.7538, 40.92934], [-89.75378, 40.93191], [-89.75842, 40.93274], [-89.75838, 40.9372], [-89.75727, 40.9372], [-89.75722, 40.9391], [-89.75726, 40.94048], [-89.75833, 40.94103], [-89.75572, 40.9411], [-89.75571, 40.94243], [-89.7549, 40.94242], [-89.75491, 40.94043], [-89.75426, 40.94042], [-89.75492, 40.94004], [-89.75494, 40.93733], [-89.75389, 40.93732], [-89.75389, 40.93837], [-89.75101, 40.93835], [-89.7504, 40.9373], [-89.75135, 40.93639], [-89.7561, 40.93532], [-89.75496, 40.93488], [-89.74964, 40.93487], [-89.7496, 40.93729], [-89.74757, 40.93728], [-89.74756, 40.93882], [-89.74652, 40.93953], [-89.74681, 40.94088], [-89.74461, 40.94091], [-89.74537, 40.93811], [-89.74535, 40.9299], [-89.75023, 40.92947], [-89.75021, 40.92284]]], [[[-89.75851, 40.92639], [-89.758, 40.92639], [-89.758, 40.92652], [-89.75851, 40.92639]]], [[[-89.7572, 40.92728], [-89.75652, 40.92796], [-89.7572, 40.92796], [-89.7572, 40.92728]]], [[[-89.75896, 40.92866], [-89.75863, 40.92897], [-89.75916, 40.92929], [-89.75896, 40.92866]]], [[[-89.75839, 40.92897], [-89.75815, 40.92929], [-89.75839, 40.92929], [-89.75839, 40.92897]]], [[[-89.756, 40.93372], [-89.75537, 40.93397], [-89.756, 40.93397], [-89.756, 40.93372]]], [[[-89.75785, 40.93616], [-89.75784, 40.93646], [-89.75811, 40.93646], [-89.75785, 40.93616]]]]}}, {"type": "Feature", "properties": {"tif_name": "PRINCEVILLE TIF III (Dist # 977)", "municipality": "", "county": "Peoria", "year_created": null, "year_expiry": null, "ordinance": null, "active": true, "source": "Peoria County", "source_url": "https://services.arcgis.com/iPiPjILCMYxPZWTc/arcgis/rest/services/TIF_Districts/FeatureServer/0"}, "geometry": {"type": "Polygon", "coordinates": [[[-89.74767, 40.94277], [-89.74767, 40.9418], [-89.74674, 40.9418], [-89.74652, 40.93953], [-89.74756, 40.93882], [-89.74757, 40.93728], [-89.7496, 40.93729], [-89.74964, 40.93487], [-89.75176, 40.93539], [-89.75496, 40.93488], [-89.75495, 40.93576], [-89.7504, 40.93721], [-89.75057, 40.94457], [-89.74751, 40.94456], [-89.74767, 40.94277]], [[-89.75231, 40.93553], [-89.75274, 40.93575], [-89.75274, 40.93553], [-89.75231, 40.93553]]]}}, {"type": "Feature", "properties": {"tif_name": "PRINCEVILLE TIF IV (Dist # 965)", "municipality": "", "county": "Peoria", "year_created": null, "year_expiry": null, "ordinance": null, "active": true, "source": "Peoria County", "source_url": "https://services.arcgis.com/iPiPjILCMYxPZWTc/arcgis/rest/services/TIF_Districts/FeatureServer/0"}, "geometry": {"type": "Polygon", "coordinates": [[[-89.75724, 40.94111], [-89.75833, 40.94103], [-89.75726, 40.94048], [-89.75722, 40.9391], [-89.75727, 40.9372], [-89.75838, 40.9372], [-89.75842, 40.93274], [-89.75378, 40.93191], [-89.7538, 40.92934], [-89.75712, 40.92947], [-89.75704, 40.93047], [-89.76424, 40.93075], [-89.76433, 40.92931], [-89.76275, 40.92917], [-89.76289, 40.92689], [-89.76173, 40.92655], [-89.76262, 40.92509], [-89.76172, 40.9251], [-89.76312, 40.92321], [-89.76226, 40.9229], [-89.76733, 40.92302], [-89.76732, 40.93104], [-89.76424, 40.93183], [-89.76424, 40.93419], [-89.76328, 40.9343], [-89.76464, 40.93526], [-89.76463, 40.93758], [-89.75978, 40.9375], [-89.75974, 40.94377], [-89.75715, 40.94375], [-89.75724, 40.94111]], [[-89.76186, 40.93237], [-89.76186, 40.93192], [-89.76098, 40.93193], [-89.76186, 40.93237]], [[-89.76703, 40.92909], [-89.76675, 40.92908], [-89.76675, 40.92929], [-89.76703, 40.92909]]]}}, {"type": "Feature", "properties": {"tif_name": "SOUTH VILLAGE TIF (Dist # 976)", "municipality": "", "county": "Peoria", "year_created": null, "year_expiry": null, "ordinance": null, "active": true, "source": "Peoria County", "source_url": "https://services.arcgis.com/iPiPjILCMYxPZWTc/arcgis/rest/services/TIF_Districts/FeatureServer/0"}, "geometry": {"type": "Polygon", "coordinates": [[[-89.60792, 40.68545], [-89.60795, 40.68421], [-89.6092, 40.68415], [-89.6087, 40.6837], [-89.60953, 40.68317], [-89.60763, 40.68379], [-89.60706, 40.68327], [-89.6086, 40.6822], [-89.60703, 40.68056], [-89.60893, 40.67918], [-89.60842, 40.67875], [-89.6185, 40.67183], [-89.61744, 40.67094], [-89.62333, 40.6672], [-89.62449, 40.66867], [-89.6237, 40.68037], [-89.62589, 40.68091], [-89.62581, 40.68277], [-89.62365, 40.68274], [-89.62388, 40.68749], [-89.60924, 40.69404], [-89.60777, 40.69214], [-89.60792, 40.68545]]]}}, {"type": "Feature", "properties": {"tif_name": "UNIVERSITY WAR MEMORIAL TIF (Dist # 967)", "municipality": "", "county": "Peoria", "year_created": null, "year_expiry": null, "ordinance": null, "active": true, "source": "Peoria County", "source_url": "https://services.arcgis.com/iPiPjILCMYxPZWTc/arcgis/rest/services/TIF_Districts/FeatureServer/0"}, "geometry": {"type": "Polygon", "coordinates": [[[-89.60901, 40.73123], [-89.60902, 40.73062], [-89.61256, 40.73068], [-89.61155, 40.73124], [-89.6125, 40.73253], [-89.60898, 40.73243], [-89.60901, 40.73123]]]}}, {"type": "Feature", "properties": {"tif_name": "WAREHOUSE DISTRICT TIF (Dist # 983)", "municipality": "", "county": "Peoria", "year_created": null, "year_expiry": null, "ordinance": null, "active": true, "source": "Peoria County", "source_url": "https://services.arcgis.com/iPiPjILCMYxPZWTc/arcgis/rest/services/TIF_Districts/FeatureServer/0"}, "geometry": {"type": "Polygon", "coordinates": [[[-89.59211, 40.69022], [-89.59106, 40.68923], [-89.59345, 40.68774], [-89.59256, 40.6869], [-89.59155, 40.68752], [-89.59046, 40.68684], [-89.60109, 40.67841], [-89.60242, 40.67948], [-89.60403, 40.67826], [-89.60318, 40.67907], [-89.60401, 40.67972], [-89.6049, 40.67896], [-89.60569, 40.6797], [-89.60782, 40.67824], [-89.60893, 40.67918], [-89.60703, 40.68056], [-89.6086, 40.6822], [-89.6069, 40.68329], [-89.60636, 40.68277], [-89.59916, 40.68727], [-89.59826, 40.68645], [-89.59634, 40.68766], [-89.59732, 40.68847], [-89.59314, 40.69119], [-89.59211, 40.69022]]]}}, {"type": "Feature", "properties": {"tif_name": "WEST PEORIA 2005 TIF (Dist # 986)", "municipality": "", "county": "Peoria", "year_created": null, "year_expiry": null, "ordinance": null, "active": true, "source": "Peoria County", "source_url": "https://services.arcgis.com/iPiPjILCMYxPZWTc/arcgis/rest/services/TIF_Districts/FeatureServer/0"}, "geometry": {"type": "MultiPolygon", "coordinates": [[[[-89.63299, 40.69518], [-89.63347, 40.69592], [-89.63252, 40.69592], [-89.63253, 40.69931], [-89.6356, 40.69945], [-89.63556, 40.70317], [-89.63489, 40.70312], [-89.63489, 40.70397], [-89.63814, 40.70427], [-89.63712, 40.70478], [-89.6371, 40.70628], [-89.63465, 40.70576], [-89.63463, 40.70447], [-89.63051, 40.70325], [-89.62761, 40.70282], [-89.62727, 40.70461], [-89.62547, 40.70443], [-89.62666, 40.70269], [-89.62526, 40.70217], [-89.62693, 40.70234], [-89.62767, 40.69984], [-89.63006, 40.69986], [-89.63011, 40.6961], [-89.63299, 40.69518]]], [[[-89.63425, 40.69974], [-89.63253, 40.69987], [-89.63427, 40.70257], [-89.63425, 40.69974]]], [[[-89.63199, 40.69467], [-89.63234, 40.69467], [-89.63232, 40.69554], [-89.63199, 40.69467]]], [[[-89.63217, 40.69428], [-89.63235, 40.69428], [-89.63234, 40.69463], [-89.63217, 40.69428]]], [[[-89.62784, 40.69333], [-89.63236, 40.69336], [-89.63235, 40.6941], [-89.62784, 40.69333]]], [[[-89.64206, 40.69239], [-89.64203, 40.69421], [-89.6372, 40.69412], [-89.63718, 40.69593], [-89.63512, 40.69592], [-89.63511, 40.6942], [-89.63247, 40.69419], [-89.6325, 40.69236], [-89.64206, 40.69239]]], [[[-89.62731, 40.68629], [-89.62781, 40.68867], [-89.62715, 40.68867], [-89.62713, 40.69049], [-89.62538, 40.6905], [-89.62531, 40.69323], [-89.62767, 40.69372], [-89.62531, 40.69405], [-89.62523, 40.69982], [-89.62279, 40.69981], [-89.62282, 40.69693], [-89.62362, 40.69685], [-89.62386, 40.69513], [-89.62286, 40.69543], [-89.62353, 40.69422], [-89.62288, 40.69421], [-89.62294, 40.69039], [-89.6247, 40.6901], [-89.62471, 40.68928], [-89.62294, 40.68873], [-89.62293, 40.68794], [-89.62731, 40.68629]]], [[[-89.62389, 40.69459], [-89.62386, 40.69496], [-89.62406, 40.69496], [-89.62389, 40.69459]]], [[[-89.62403, 40.69839], [-89.62425, 40.69876], [-89.62425, 40.69839], [-89.62403, 40.69839]]]]}}, {"type": "Feature", "properties": {"tif_name": "WEST PEORIA TIF II (Dist # 979)", "municipality": "", "county": "Peoria", "year_created": null, "year_expiry": null, "ordinance": null, "active": true, "source": "Peoria County", "source_url": "https://services.arcgis.com/iPiPjILCMYxPZWTc/arcgis/rest/services/TIF_Districts/FeatureServer/0"}, "geometry": {"type": "MultiPolygon", "coordinates": [[[[-89.64873, 40.69654], [-89.65156, 40.70188], [-89.6496, 40.70256], [-89.65005, 40.7034], [-89.65123, 40.70313], [-89.65125, 40.70408], [-89.64966, 40.70438], [-89.64859, 40.70289], [-89.6479, 40.70311], [-89.64873, 40.69654]]], [[[-89.66119, 40.68835], [-89.6611, 40.69763], [-89.65815, 40.69925], [-89.65383, 40.6994], [-89.65415, 40.69793], [-89.65214, 40.69812], [-89.65013, 40.69632], [-89.65055, 40.6959], [-89.6479, 40.69597], [-89.6484, 40.69327], [-89.64443, 40.69335], [-89.64441, 40.69422], [-89.64209, 40.69429], [-89.6421, 40.68873], [-89.66119, 40.68835]]], [[[-89.65404, 40.6885], [-89.65334, 40.68891], [-89.65367, 40.68946], [-89.65445, 40.68913], [-89.65404, 40.6885]]], [[[-89.6526, 40.68939], [-89.65164, 40.68978], [-89.65194, 40.69024], [-89.6529, 40.68986], [-89.6526, 40.68939]]], [[[-89.65183, 40.69317], [-89.65103, 40.69326], [-89.65125, 40.69376], [-89.65183, 40.69317]]]]}}, {"type": "Feature", "properties": {"tif_name": "WEST PEORIA TIF III (Dist # 969)", "municipality": "", "county": "Peoria", "year_created": null, "year_expiry": null, "ordinance": null, "active": true, "source": "Peoria County", "source_url": "https://services.arcgis.com/iPiPjILCMYxPZWTc/arcgis/rest/services/TIF_Districts/FeatureServer/0"}, "geometry": {"type": "MultiPolygon", "coordinates": [[[[-89.64195, 40.70219], [-89.64192, 40.70489], [-89.63489, 40.70397], [-89.63489, 40.70312], [-89.6375, 40.70227], [-89.64195, 40.70219]]], [[[-89.64133, 40.70284], [-89.64089, 40.70355], [-89.64174, 40.70322], [-89.64133, 40.70284]]], [[[-89.64322, 40.70154], [-89.64318, 40.70332], [-89.64204, 40.7034], [-89.64214, 40.70209], [-89.64322, 40.70154]]]]}}, {"type": "Feature", "properties": {"tif_name": "EAST VILLAGE TIF", "municipality": "", "county": "Peoria", "year_created": null, "year_expiry": null, "ordinance": null, "active": true, "source": "City of Peoria", "source_url": "https://gis.peoriagov.org/copgis/rest/services/ED/CivicServ/MapServer/0"}, "geometry": {"type": "Polygon", "coordinates": [[[-89.58445, 40.71763], [-89.59531, 40.71757], [-89.59426, 40.71715], [-89.59542, 40.71258], [-89.5947, 40.71201], [-89.59499, 40.70597], [-89.5938, 40.7053], [-89.59373, 40.70356], [-89.59282, 40.70172], [-89.59212, 40.70168], [-89.59275, 40.70052], [-89.59099, 40.69858], [-89.59204, 40.69801], [-89.58728, 40.69345], [-89.58118, 40.6973], [-89.58673, 40.70242], [-89.58702, 40.70414], [-89.58122, 40.707], [-89.58232, 40.70836], [-89.57846, 40.70904], [-89.57758, 40.7102], [-89.57481, 40.71017], [-89.57476, 40.71244], [-89.57596, 40.71246], [-89.57593, 40.71351], [-89.57682, 40.71351], [-89.57703, 40.71755], [-89.58445, 40.71763]], [[-89.59341, 40.70776], [-89.5941, 40.70787], [-89.59406, 40.71045], [-89.59218, 40.71043], [-89.59221, 40.70774], [-89.59341, 40.70776]]]}}, {"type": "Feature", "properties": {"tif_name": "EAGLE VIEW TIF", "municipality": "", "county": "Peoria", "year_created": null, "year_expiry": null, "ordinance": null, "active": true, "source": "City of Peoria", "source_url": "https://gis.peoriagov.org/copgis/rest/services/ED/CivicServ/MapServer/0"}, "geometry": {"type": "Polygon", "coordinates": [[[-89.64241, 40.6632], [-89.64241, 40.66043], [-89.63861, 40.65928], [-89.64055, 40.65781], [-89.64058, 40.65649], [-89.64166, 40.65566], [-89.63823, 40.65227], [-89.61267, 40.65233], [-89.61607, 40.65434], [-89.6178, 40.65668], [-89.61838, 40.65935], [-89.6172, 40.66211], [-89.62118, 40.66364], [-89.62338, 40.66365], [-89.61881, 40.66481], [-89.62095, 40.66377], [-89.61709, 40.66237], [-89.61375, 40.66746], [-89.61535, 40.66893], [-89.61644, 40.66821], [-89.61789, 40.66943], [-89.62243, 40.66657], [-89.62336, 40.66657], [-89.62332, 40.66771], [-89.6245, 40.66866], [-89.62823, 40.66637], [-89.63066, 40.66639], [-89.6298, 40.66565], [-89.63023, 40.6645], [-89.63261, 40.66634], [-89.63225, 40.66873], [-89.63855, 40.66879], [-89.63857, 40.66679], [-89.63291, 40.66674], [-89.6329, 40.66456], [-89.63516, 40.66322], [-89.63516, 40.66167], [-89.63626, 40.66109], [-89.64018, 40.66098], [-89.64014, 40.66318], [-89.64241, 40.6632]]]}}, {"type": "Feature", "properties": {"tif_name": "PEORIA STADIUM TIF", "municipality": "", "county": "Peoria", "year_created": null, "year_expiry": null, "ordinance": null, "active": true, "source": "City of Peoria", "source_url": "https://gis.peoriagov.org/copgis/rest/services/ED/CivicServ/MapServer/0"}, "geometry": {"type": "Polygon", "coordinates": [[[-89.59732, 40.68847], [-89.59916, 40.68727], [-89.59826, 40.68645], [-89.59634, 40.68766], [-89.59732, 40.68847]]]}}, {"type": "Feature", "properties": {"tif_name": "SOUTHTOWN TIF", "municipality": "", "county": "Peoria", "year_created": null, "year_expiry": null, "ordinance": null, "active": true, "source": "City of Peoria", "source_url": "https://gis.peoriagov.org/copgis/rest/services/ED/CivicServ/MapServer/0"}, "geometry": {"type": "Polygon", "coordinates": [[[-89.59771, 40.69935], [-89.6003, 40.6981], [-89.6012, 40.69729], [-89.60074, 40.69685], [-89.60179, 40.69715], [-89.60359, 40.69643], [-89.6036, 40.69565], [-89.6057, 40.69571], [-89.60914, 40.69423], [-89.6075, 40.69357], [-89.60783, 40.68435], [-89.60637, 40.68294], [-89.59597, 40.68953], [-89.59603, 40.69608], [-89.59497, 40.69674], [-89.59771, 40.69935]]]}}, {"type": "Feature", "properties": {"tif_name": "NORTHSIDE BUSINESS PARK TIF", "municipality": "", "county": "Peoria", "year_created": null, "year_expiry": null, "ordinance": null, "active": true, "source": "City of Peoria", "source_url": "https://gis.peoriagov.org/copgis/rest/services/ED/CivicServ/MapServer/0"}, "geometry": {"type": "Polygon", "coordinates": [[[-89.56027, 40.71367], [-89.56145, 40.71194], [-89.5629, 40.7124], [-89.56417, 40.70965], [-89.5679, 40.70732], [-89.56938, 40.70772], [-89.56857, 40.70661], [-89.57665, 40.7015], [-89.57687, 40.70065], [-89.57531, 40.70102], [-89.57211, 40.69828], [-89.5696, 40.69918], [-89.57243, 40.69864], [-89.57233, 40.69979], [-89.57051, 40.70148], [-89.56887, 40.70246], [-89.56741, 40.70175], [-89.56913, 40.69978], [-89.5647, 40.7041], [-89.56384, 40.7031], [-89.56123, 40.70242], [-89.56054, 40.70332], [-89.56575, 40.70631], [-89.56452, 40.70741], [-89.56273, 40.70689], [-89.56395, 40.70787], [-89.56027, 40.71367]]]}}, {"type": "Feature", "properties": {"tif_name": "MID-TOWN PLAZA TIF", "municipality": "", "county": "Peoria", "year_created": null, "year_expiry": null, "ordinance": null, "active": true, "source": "City of Peoria", "source_url": "https://gis.peoriagov.org/copgis/rest/services/ED/CivicServ/MapServer/0"}, "geometry": {"type": "Polygon", "coordinates": [[[-89.59218, 40.71027], [-89.59406, 40.71045], [-89.5941, 40.70787], [-89.59221, 40.70774], [-89.59218, 40.71027]]]}}, {"type": "Feature", "properties": {"tif_name": "SOUTH VILLAGE TIF", "municipality": "", "county": "Peoria", "year_created": null, "year_expiry": null, "ordinance": null, "active": true, "source": "City of Peoria", "source_url": "https://gis.peoriagov.org/copgis/rest/services/ED/CivicServ/MapServer/0"}, "geometry": {"type": "Polygon", "coordinates": [[[-89.62389, 40.68735], [-89.62365, 40.6827], [-89.62599, 40.68273], [-89.62613, 40.68091], [-89.6237, 40.68037], [-89.6245, 40.66866], [-89.62333, 40.6672], [-89.61752, 40.67088], [-89.61863, 40.67181], [-89.60842, 40.67875], [-89.60902, 40.67925], [-89.60711, 40.68061], [-89.60862, 40.68221], [-89.6069, 40.68328], [-89.60744, 40.68377], [-89.60915, 40.68268], [-89.60968, 40.68317], [-89.60873, 40.68377], [-89.60924, 40.68422], [-89.60794, 40.68456], [-89.60766, 40.69361], [-89.60914, 40.69423], [-89.62389, 40.68735]]]}}, {"type": "Feature", "properties": {"tif_name": "HOSPITALITY IMPROVEMENT ZONE TIF", "municipality": "", "county": "Peoria", "year_created": null, "year_expiry": null, "ordinance": null, "active": true, "source": "City of Peoria", "source_url": "https://gis.peoriagov.org/copgis/rest/services/ED/CivicServ/MapServer/0"}, "geometry": {"type": "Polygon", "coordinates": [[[-89.59597, 40.68955], [-89.59214, 40.69202], [-89.59338, 40.69262], [-89.59293, 40.69379], [-89.59034, 40.6948], [-89.58728, 40.69345], [-89.59076, 40.69678], [-89.59039, 40.69606], [-89.59204, 40.6944], [-89.59527, 40.69657], [-89.59603, 40.69607], [-89.59597, 40.68955]]]}}, {"type": "Feature", "properties": {"tif_name": "WAREHOUSE DISTRICT TIF", "municipality": "", "county": "Peoria", "year_created": null, "year_expiry": null, "ordinance": null, "active": true, "source": "City of Peoria", "source_url": "https://gis.peoriagov.org/copgis/rest/services/ED/CivicServ/MapServer/0"}, "geometry": {"type": "Polygon", "coordinates": [[[-89.60902, 40.67926], [-89.60782, 40.67824], [-89.6057, 40.6797], [-89.60489, 40.67895], [-89.60401, 40.67972], [-89.60156, 40.67811], [-89.59046, 40.68684], [-89.59133, 40.68748], [-89.59267, 40.68666], [-89.59376, 40.68772], [-89.59134, 40.68924], [-89.59342, 40.69122], [-89.59743, 40.68862], [-89.59618, 40.68748], [-89.59826, 40.68616], [-89.59932, 40.68713], [-89.60638, 40.68265], [-89.60699, 40.68323], [-89.60862, 40.68221], [-89.60711, 40.68061], [-89.60902, 40.67926]]]}}, {"type": "Feature", "properties": {"tif_name": "CENTRAL BUSINESS DISTRICT TIF", "municipality": "", "county": "Peoria", "year_created": null, "year_expiry": null, "ordinance": null, "active": true, "source": "City of Peoria", "source_url": "https://gis.peoriagov.org/copgis/rest/services/ED/CivicServ/MapServer/0"}, "geometry": {"type": "Polygon", "coordinates": [[[-89.58689, 40.68903], [-89.58853, 40.69061], [-89.5898, 40.68981], [-89.59083, 40.69085], [-89.59215, 40.69001], [-89.59134, 40.68924], [-89.59375, 40.68771], [-89.59267, 40.68666], [-89.59121, 40.68755], [-89.59046, 40.68684], [-89.58689, 40.68903]]]}}, {"type": "Feature", "properties": {"tif_name": "DOWNTOWN CONSERVATION TIF", "municipality": "", "county": "Peoria", "year_created": null, "year_expiry": null, "ordinance": null, "active": true, "source": "City of Peoria", "source_url": "https://gis.peoriagov.org/copgis/rest/services/ED/CivicServ/MapServer/0"}, "geometry": {"type": "Polygon", "coordinates": [[[-89.58285, 40.69289], [-89.58493, 40.69158], [-89.58705, 40.6936], [-89.58777, 40.69314], [-89.59034, 40.6948], [-89.59318, 40.69302], [-89.59214, 40.69202], [-89.59342, 40.69122], [-89.59215, 40.69001], [-89.59083, 40.69085], [-89.5898, 40.68981], [-89.58853, 40.69061], [-89.58689, 40.68903], [-89.57991, 40.69345], [-89.5808, 40.69424], [-89.58285, 40.69289]]]}}, {"type": "Feature", "properties": {"tif_name": "NORTHSIDE RIVERFRONT TIF", "municipality": "", "county": "Peoria", "year_created": null, "year_expiry": null, "ordinance": null, "active": true, "source": "City of Peoria", "source_url": "https://gis.peoriagov.org/copgis/rest/services/ED/CivicServ/MapServer/0"}, "geometry": {"type": "Polygon", "coordinates": [[[-89.57375, 40.69796], [-89.57251, 40.69845], [-89.57531, 40.70102], [-89.58589, 40.69433], [-89.58485, 40.69335], [-89.58487, 40.69162], [-89.57898, 40.69515], [-89.57637, 40.69846], [-89.57581, 40.69793], [-89.57402, 40.69953], [-89.57449, 40.69864], [-89.57375, 40.69796]]]}}, {"type": "Feature", "properties": {"tif_name": "RIVER TRAIL TIF", "municipality": "", "county": "Peoria", "year_created": null, "year_expiry": null, "ordinance": null, "active": true, "source": "City of Peoria", "source_url": "https://gis.peoriagov.org/copgis/rest/services/ED/CivicServ/MapServer/0"}, "geometry": {"type": "Polygon", "coordinates": [[[-89.57375, 40.69796], [-89.57449, 40.69864], [-89.57402, 40.69953], [-89.57581, 40.69793], [-89.57637, 40.69846], [-89.58061, 40.69407], [-89.57991, 40.69345], [-89.57375, 40.69796]]]}}, {"type": "Feature", "properties": {"tif_name": "Central Area", "municipality": "", "county": "Sangamon", "year_created": 1981, "year_expiry": 2016, "ordinance": null, "active": true, "source": "Springfield", "source_url": "https://maps.springfield.il.us/server/rest/services/OPED_Incentives/OPED_Incentives_View/FeatureServer/1"}, "geometry": {"type": "Polygon", "coordinates": [[[-89.65329, 39.80754], [-89.65332, 39.80641], [-89.65482, 39.80643], [-89.65496, 39.80193], [-89.65568, 39.80194], [-89.65586, 39.8006], [-89.652, 39.80053], [-89.65209, 39.79717], [-89.64957, 39.79713], [-89.6496, 39.79602], [-89.64652, 39.79598], [-89.64646, 39.79824], [-89.64215, 39.79811], [-89.6421, 39.80037], [-89.64072, 39.80035], [-89.64068, 39.8017], [-89.64065, 39.80281], [-89.64203, 39.80283], [-89.64201, 39.80396], [-89.64767, 39.80405], [-89.64762, 39.80609], [-89.64619, 39.80606], [-89.64615, 39.80741], [-89.65329, 39.80754]], [[-89.64909, 39.80385], [-89.65076, 39.80388], [-89.65073, 39.80542], [-89.64989, 39.80542], [-89.64909, 39.80385]]]}}, {"type": "Feature", "properties": {"tif_name": "Enos Park", "municipality": "", "county": "Sangamon", "year_created": 1997, "year_expiry": 2020, "ordinance": null, "active": true, "source": "Springfield", "source_url": "https://maps.springfield.il.us/server/rest/services/OPED_Incentives/OPED_Incentives_View/FeatureServer/1"}, "geometry": {"type": "Polygon", "coordinates": [[[-89.65329, 39.80754], [-89.64192, 39.80734], [-89.6417, 39.81645], [-89.64306, 39.81711], [-89.64301, 39.819], [-89.64488, 39.81907], [-89.64698, 39.81676], [-89.65338, 39.8168], [-89.65329, 39.80754]], [[-89.64909, 39.81614], [-89.64763, 39.81616], [-89.64907, 39.81445], [-89.64909, 39.81614]]]}}, {"type": "Feature", "properties": {"tif_name": "Northeast", "municipality": "", "county": "Sangamon", "year_created": 2003, "year_expiry": 2026, "ordinance": null, "active": true, "source": "Springfield", "source_url": "https://maps.springfield.il.us/server/rest/services/OPED_Incentives/OPED_Incentives_View/FeatureServer/1"}, "geometry": {"type": "Polygon", "coordinates": [[[-89.61001, 39.83714], [-89.60867, 39.83679], [-89.60838, 39.83593], [-89.60585, 39.83556], [-89.60606, 39.83345], [-89.60494, 39.83346], [-89.60484, 39.83504], [-89.60578, 39.83509], [-89.60484, 39.8351], [-89.6047, 39.83845], [-89.60617, 39.83847], [-89.60619, 39.84012], [-89.6099, 39.84017], [-89.61001, 39.83714]]]}}, {"type": "Feature", "properties": {"tif_name": "Jefferson Crossing", "municipality": "", "county": "Sangamon", "year_created": 2007, "year_expiry": 2030, "ordinance": null, "active": true, "source": "Springfield", "source_url": "https://maps.springfield.il.us/server/rest/services/OPED_Incentives/OPED_Incentives_View/FeatureServer/1"}, "geometry": {"type": "Polygon", "coordinates": [[[-89.69683, 39.82184], [-89.70169, 39.82152], [-89.70178, 39.81883], [-89.70309, 39.81645], [-89.70057, 39.8154], [-89.69677, 39.81836], [-89.69683, 39.82184]]]}}, {"type": "Feature", "properties": {"tif_name": "MacArthur", "municipality": "", "county": "Sangamon", "year_created": 2012, "year_expiry": 2035, "ordinance": null, "active": true, "source": "Springfield", "source_url": "https://maps.springfield.il.us/server/rest/services/OPED_Incentives/OPED_Incentives_View/FeatureServer/1"}, "geometry": {"type": "Polygon", "coordinates": [[[-89.66923, 39.78704], [-89.66912, 39.78264], [-89.67001, 39.78263], [-89.66999, 39.78141], [-89.66909, 39.78141], [-89.66903, 39.77715], [-89.67116, 39.77713], [-89.67093, 39.77569], [-89.67179, 39.77514], [-89.67095, 39.77446], [-89.67092, 39.77157], [-89.66826, 39.77102], [-89.66968, 39.77057], [-89.66967, 39.76983], [-89.66825, 39.76984], [-89.66942, 39.76975], [-89.6694, 39.76875], [-89.66748, 39.76878], [-89.6675, 39.77026], [-89.6668, 39.77028], [-89.66681, 39.77165], [-89.66744, 39.77164], [-89.66762, 39.78255], [-89.66684, 39.78257], [-89.66768, 39.78533], [-89.66631, 39.78607], [-89.66633, 39.78706], [-89.66923, 39.78704]]]}}, {"type": "Feature", "properties": {"tif_name": "Dirksen Parkway Commercial", "municipality": "", "county": "Sangamon", "year_created": null, "year_expiry": null, "ordinance": null, "active": true, "source": "Springfield", "source_url": "https://maps.springfield.il.us/server/rest/services/OPED_Incentives/OPED_Incentives_View/FeatureServer/1"}, "geometry": {"type": "Polygon", "coordinates": [[[-89.6048, 39.7844], [-89.60382, 39.78585], [-89.60442, 39.78874], [-89.60263, 39.78818], [-89.60115, 39.78877], [-89.6005, 39.79062], [-89.60265, 39.79181], [-89.60229, 39.79226], [-89.60572, 39.79225], [-89.60483, 39.79289], [-89.60573, 39.79323], [-89.60445, 39.793], [-89.60448, 39.79371], [-89.60351, 39.79312], [-89.60353, 39.79488], [-89.60575, 39.79547], [-89.60575, 39.7961], [-89.60831, 39.79603], [-89.6083, 39.7949], [-89.61274, 39.79491], [-89.61199, 39.7939], [-89.60914, 39.79398], [-89.60969, 39.79343], [-89.60908, 39.79305], [-89.6095, 39.78733], [-89.61181, 39.78731], [-89.61229, 39.78617], [-89.61354, 39.78675], [-89.61353, 39.78588], [-89.61472, 39.78585], [-89.61532, 39.78753], [-89.6154, 39.78619], [-89.61742, 39.78615], [-89.61834, 39.78643], [-89.61836, 39.78749], [-89.62214, 39.78747], [-89.62213, 39.78603], [-89.61987, 39.78586], [-89.61993, 39.7849], [-89.6154, 39.7857], [-89.61537, 39.78381], [-89.61236, 39.7839], [-89.61239, 39.78524], [-89.61108, 39.78464], [-89.61063, 39.78657], [-89.6048, 39.7844]]]}}, {"type": "Feature", "properties": {"tif_name": "Peoria Road Redevelopment Project Area", "municipality": "", "county": "Sangamon", "year_created": null, "year_expiry": null, "ordinance": null, "active": true, "source": "Springfield", "source_url": "https://maps.springfield.il.us/server/rest/services/OPED_Incentives/OPED_Incentives_View/FeatureServer/1"}, "geometry": {"type": "Polygon", "coordinates": [[[-89.64942, 39.81878], [-89.64745, 39.81881], [-89.64748, 39.82082], [-89.64612, 39.82084], [-89.64609, 39.81884], [-89.64301, 39.81904], [-89.64306, 39.81711], [-89.64226, 39.81644], [-89.63542, 39.8163], [-89.63493, 39.81879], [-89.64027, 39.8189], [-89.64027, 39.82092], [-89.63477, 39.82091], [-89.63455, 39.82707], [-89.63382, 39.82708], [-89.63384, 39.82873], [-89.63464, 39.82926], [-89.6301, 39.8293], [-89.63013, 39.83096], [-89.62902, 39.83097], [-89.62902, 39.83335], [-89.63033, 39.83405], [-89.63217, 39.83202], [-89.63184, 39.83122], [-89.63387, 39.83118], [-89.63404, 39.83212], [-89.63431, 39.83117], [-89.63705, 39.83047], [-89.63997, 39.83093], [-89.63992, 39.82738], [-89.64113, 39.82706], [-89.64147, 39.82576], [-89.6426, 39.82575], [-89.64333, 39.82371], [-89.64468, 39.8237], [-89.64469, 39.82132], [-89.6475, 39.8216], [-89.64747, 39.82348], [-89.64824, 39.82231], [-89.64949, 39.82229], [-89.64942, 39.81878]]]}}, {"type": "Feature", "properties": {"tif_name": "Lumber Lane", "municipality": "", "county": "Sangamon", "year_created": null, "year_expiry": null, "ordinance": null, "active": true, "source": "Springfield", "source_url": "https://maps.springfield.il.us/server/rest/services/OPED_Incentives/OPED_Incentives_View/FeatureServer/1"}, "geometry": {"type": "Polygon", "coordinates": [[[-89.58841, 39.8312], [-89.58983, 39.83121], [-89.58999, 39.82917], [-89.58837, 39.82886], [-89.58841, 39.8312]]]}}, {"type": "Feature", "properties": {"tif_name": "Far East", "municipality": "", "county": "Sangamon", "year_created": null, "year_expiry": null, "ordinance": null, "active": true, "source": "Springfield", "source_url": "https://maps.springfield.il.us/server/rest/services/OPED_Incentives/OPED_Incentives_View/FeatureServer/1"}, "geometry": {"type": "Polygon", "coordinates": [[[-89.64072, 39.80035], [-89.63819, 39.80031], [-89.63822, 39.7994], [-89.6396, 39.79942], [-89.63962, 39.79829], [-89.641, 39.79831], [-89.64265, 39.78601], [-89.6365, 39.78607], [-89.63653, 39.78734], [-89.61914, 39.78746], [-89.61916, 39.78897], [-89.62018, 39.78952], [-89.61631, 39.78779], [-89.61536, 39.79031], [-89.61502, 39.78758], [-89.60951, 39.78763], [-89.60957, 39.79226], [-89.61331, 39.79458], [-89.63663, 39.79464], [-89.63659, 39.79603], [-89.63802, 39.79606], [-89.63797, 39.79805], [-89.63654, 39.79802], [-89.63648, 39.80028], [-89.63221, 39.79973], [-89.63198, 39.79748], [-89.62732, 39.79794], [-89.62734, 39.80041], [-89.63106, 39.80041], [-89.63158, 39.80133], [-89.63389, 39.80137], [-89.63306, 39.80044], [-89.63463, 39.80047], [-89.63502, 39.80207], [-89.6359, 39.80208], [-89.63501, 39.80251], [-89.63526, 39.80369], [-89.63812, 39.80304], [-89.63672, 39.80254], [-89.63673, 39.80163], [-89.64068, 39.8017], [-89.64072, 39.80035]]]}}, {"type": "Feature", "properties": {"tif_name": "SHA", "municipality": "", "county": "Sangamon", "year_created": null, "year_expiry": null, "ordinance": null, "active": true, "source": "Springfield", "source_url": "https://maps.springfield.il.us/server/rest/services/OPED_Incentives/OPED_Incentives_View/FeatureServer/1"}, "geometry": {"type": "Polygon", "coordinates": [[[-89.64081, 39.80598], [-89.64087, 39.80372], [-89.63408, 39.8033], [-89.6341, 39.8061], [-89.6297, 39.80615], [-89.6291, 39.8093], [-89.62916, 39.81061], [-89.6298, 39.81061], [-89.62988, 39.81657], [-89.6417, 39.81623], [-89.64219, 39.806], [-89.64081, 39.80598]]]}}, {"type": "Feature", "properties": {"tif_name": "Adirondack", "municipality": "", "county": "Sangamon", "year_created": null, "year_expiry": null, "ordinance": null, "active": true, "source": "Springfield", "source_url": "https://maps.springfield.il.us/server/rest/services/OPED_Incentives/OPED_Incentives_View/FeatureServer/1"}, "geometry": {"type": "Polygon", "coordinates": [[[-89.65076, 39.8039], [-89.64909, 39.80385], [-89.64909, 39.80451], [-89.65073, 39.80542], [-89.65076, 39.8039]]]}}, {"type": "Feature", "properties": {"tif_name": "Main/Osage TIF", "municipality": "Town of Normal", "county": "McLean", "year_created": 2008, "year_expiry": 2031, "ordinance": " ", "active": true, "source": "Bloomington / Normal", "source_url": "https://www.mcgisweb.org/mcgc/rest/services/McGIS_Viewer/Layers/MapServer/15"}, "geometry": {"type": "Polygon", "coordinates": [[[-88.99471, 40.50803], [-88.9967, 40.508], [-88.99569, 40.50756], [-88.99669, 40.50754], [-88.99667, 40.50618], [-88.99484, 40.50576], [-88.99666, 40.50573], [-88.99664, 40.50501], [-88.9948, 40.50451], [-88.99663, 40.50464], [-88.99661, 40.50393], [-88.99477, 40.50396], [-88.9961, 40.50329], [-88.99475, 40.50324], [-88.99471, 40.5025], [-88.99057, 40.50539], [-88.99285, 40.5058], [-88.99291, 40.50718], [-88.99467, 40.50715], [-88.99471, 40.50803]]]}}, {"type": "Feature", "properties": {"tif_name": "Main/I-55 TIF", "municipality": "Town of Normal", "county": "McLean", "year_created": 2008, "year_expiry": 2031, "ordinance": " ", "active": true, "source": "Bloomington / Normal", "source_url": "https://www.mcgisweb.org/mcgc/rest/services/McGIS_Viewer/Layers/MapServer/15"}, "geometry": {"type": "Polygon", "coordinates": [[[-88.99938, 40.53843], [-88.99808, 40.53711], [-88.99803, 40.53523], [-88.99625, 40.53526], [-88.99699, 40.5374], [-88.99938, 40.53843]]]}}, {"type": "Feature", "properties": {"tif_name": "North Normal Warehouse TIF", "municipality": "Town of Normal", "county": "McLean", "year_created": 2013, "year_expiry": 2036, "ordinance": " ", "active": true, "source": "Bloomington / Normal", "source_url": "https://www.mcgisweb.org/mcgc/rest/services/McGIS_Viewer/Layers/MapServer/15"}, "geometry": {"type": "Polygon", "coordinates": [[[-88.99667, 40.55061], [-88.98792, 40.55074], [-88.98835, 40.55421], [-88.99746, 40.5541], [-88.99667, 40.55061]]]}}, {"type": "Feature", "properties": {"tif_name": "One Normal Plaza TIF", "municipality": "Town of Normal", "county": "McLean", "year_created": 2009, "year_expiry": 2032, "ordinance": " ", "active": true, "source": "Bloomington / Normal", "source_url": "https://www.mcgisweb.org/mcgc/rest/services/McGIS_Viewer/Layers/MapServer/15"}, "geometry": {"type": "Polygon", "coordinates": [[[-88.9735, 40.52164], [-88.97464, 40.52154], [-88.97465, 40.5223], [-88.97653, 40.52228], [-88.97652, 40.52152], [-88.97808, 40.52186], [-88.97798, 40.51787], [-88.98177, 40.51814], [-88.98175, 40.51763], [-88.97685, 40.51756], [-88.97624, 40.52038], [-88.97309, 40.52044], [-88.9735, 40.52164]]]}}, {"type": "Feature", "properties": {"tif_name": "Empire Street TIF", "municipality": "City of Bloomington", "county": "McLean", "year_created": 2016, "year_expiry": 2040, "ordinance": "2016-08, 2016-09, 2016-10", "active": true, "source": "Bloomington / Normal", "source_url": "https://www.mcgisweb.org/mcgc/rest/services/McGIS_Viewer/Layers/MapServer/15"}, "geometry": {"type": "Polygon", "coordinates": [[[-88.97789, 40.48842], [-88.97786, 40.48335], [-88.97299, 40.48342], [-88.9723, 40.48828], [-88.96134, 40.48819], [-88.96087, 40.4861], [-88.95852, 40.48606], [-88.95813, 40.48696], [-88.95889, 40.48696], [-88.95886, 40.48792], [-88.9509, 40.48786], [-88.95233, 40.48926], [-88.95235, 40.49036], [-88.95106, 40.49065], [-88.95069, 40.49192], [-88.95238, 40.4919], [-88.95241, 40.49318], [-88.95438, 40.49316], [-88.95435, 40.49116], [-88.95951, 40.49097], [-88.95942, 40.48917], [-88.96128, 40.48865], [-88.96129, 40.48916], [-88.96395, 40.48915], [-88.96695, 40.49126], [-88.96751, 40.4907], [-88.97203, 40.491], [-88.97111, 40.49062], [-88.97104, 40.48889], [-88.97311, 40.48946], [-88.97308, 40.48846], [-88.97789, 40.48842]]]}}, {"type": "Feature", "properties": {"tif_name": "Downtown East Washington Street TIF", "municipality": "City of Bloomington", "county": "McLean", "year_created": 2018, "year_expiry": 2042, "ordinance": "2018-50, 2018-51, 2018-52", "active": true, "source": "Bloomington / Normal", "source_url": "https://www.mcgisweb.org/mcgc/rest/services/McGIS_Viewer/Layers/MapServer/15"}, "geometry": {"type": "Polygon", "coordinates": [[[-88.98824, 40.48113], [-88.99018, 40.48095], [-88.99013, 40.47866], [-88.98702, 40.47961], [-88.98707, 40.48067], [-88.98824, 40.48113]], [[-88.98898, 40.48012], [-88.98866, 40.48046], [-88.98865, 40.47979], [-88.98898, 40.48012]]]}}, {"type": "Feature", "properties": {"tif_name": "Downtown TIF", "municipality": "City of Bloomington", "county": "McLean", "year_created": 2024, "year_expiry": 2048, "ordinance": "2024-055, 2024-056, 2024-057", "active": true, "source": "Bloomington / Normal", "source_url": "https://www.mcgisweb.org/mcgc/rest/services/McGIS_Viewer/Layers/MapServer/15"}, "geometry": {"type": "Polygon", "coordinates": [[[-88.9925, 40.48567], [-88.99178, 40.48568], [-88.99183, 40.48676], [-88.99395, 40.48673], [-88.99312, 40.48456], [-88.99673, 40.48449], [-88.99658, 40.48123], [-88.99861, 40.48163], [-88.99853, 40.48026], [-88.99963, 40.48024], [-88.99959, 40.47947], [-88.99745, 40.47951], [-88.99727, 40.47595], [-88.99452, 40.47517], [-88.99435, 40.47134], [-88.99314, 40.47137], [-88.99327, 40.47486], [-88.98983, 40.47361], [-88.99011, 40.48213], [-88.99097, 40.48212], [-88.99105, 40.48459], [-88.99246, 40.48457], [-88.9925, 40.48567]]]}}, {"type": "Feature", "properties": {"tif_name": "Uptown Normal TIF", "municipality": "Town of Normal", "county": "McLean", "year_created": 2003, "year_expiry": 2026, "ordinance": " ", "active": true, "source": "Bloomington / Normal", "source_url": "https://www.mcgisweb.org/mcgc/rest/services/McGIS_Viewer/Layers/MapServer/15"}, "geometry": {"type": "MultiPolygon", "coordinates": [[[[-88.98114, 40.51183], [-88.98187, 40.51236], [-88.98379, 40.51141], [-88.98739, 40.51134], [-88.98729, 40.50775], [-88.99139, 40.50485], [-88.99058, 40.50428], [-88.98396, 40.50446], [-88.98391, 40.50386], [-88.98105, 40.50503], [-88.98098, 40.50776], [-88.98226, 40.50772], [-88.98229, 40.50847], [-88.97987, 40.50947], [-88.98114, 40.51183]], [[-88.9846, 40.51121], [-88.98395, 40.51123], [-88.98393, 40.5105], [-88.9846, 40.51121]], [[-88.98599, 40.51066], [-88.98617, 40.51045], [-88.98618, 40.51071], [-88.98599, 40.51066]], [[-88.98568, 40.51028], [-88.98309, 40.51019], [-88.984, 40.5095], [-88.98568, 40.51028]], [[-88.98603, 40.51007], [-88.98658, 40.51026], [-88.98604, 40.51027], [-88.98603, 40.51007]]], [[[-88.98771, 40.50697], [-88.98725, 40.50739], [-88.99018, 40.50567], [-88.98771, 40.50697]]]]}}, {"type": "Feature", "properties": {"tif_name": "Uptown North TIF", "municipality": "Town of Normal", "county": "McLean", "year_created": null, "year_expiry": null, "ordinance": null, "active": true, "source": "Bloomington / Normal", "source_url": "https://www.mcgisweb.org/mcgc/rest/services/McGIS_Viewer/Layers/MapServer/15"}, "geometry": {"type": "Polygon", "coordinates": [[[-88.98486, 40.50958], [-88.98379, 40.50954], [-88.98312, 40.51052], [-88.98393, 40.5105], [-88.98381, 40.51214], [-88.98598, 40.51227], [-88.98462, 40.51048], [-88.98618, 40.51071], [-88.98657, 40.51006], [-88.98486, 40.50958]]]}}, {"type": "Feature", "properties": {"tif_name": "EASTGATE COMMONS REDEVELOPMENT PROJECT AREA", "municipality": "", "county": "Macon", "year_created": null, "year_expiry": null, "ordinance": null, "active": true, "source": "Decatur", "source_url": "https://maps.decaturil.gov/arcgis/rest/services/Public/tif_districts/FeatureServer/0"}, "geometry": {"type": "Polygon", "coordinates": [[[-88.87462, 39.8164], [-88.87346, 39.81642], [-88.87356, 39.81978], [-88.87811, 39.82067], [-88.87802, 39.81635], [-88.87517, 39.8164], [-88.87466, 39.81813], [-88.87462, 39.8164]]]}}, {"type": "Feature", "properties": {"tif_name": "NEAR NORTH REDEVELOPMENT AREA", "municipality": "", "county": "Macon", "year_created": null, "year_expiry": null, "ordinance": null, "active": true, "source": "Decatur", "source_url": "https://maps.decaturil.gov/arcgis/rest/services/Public/tif_districts/FeatureServer/0"}, "geometry": {"type": "Polygon", "coordinates": [[[-88.95611, 39.8548], [-88.95602, 39.84755], [-88.94967, 39.8476], [-88.94973, 39.8506], [-88.94525, 39.8507], [-88.9454, 39.85505], [-88.95611, 39.8548]]]}}, {"type": "Feature", "properties": {"tif_name": "SOUTHEAST PLAZA", "municipality": "", "county": "Macon", "year_created": null, "year_expiry": null, "ordinance": null, "active": true, "source": "Decatur", "source_url": "https://maps.decaturil.gov/arcgis/rest/services/Public/tif_districts/FeatureServer/0"}, "geometry": {"type": "Polygon", "coordinates": [[[-88.87802, 39.81635], [-88.87795, 39.8119], [-88.87333, 39.81195], [-88.87346, 39.81642], [-88.87802, 39.81635]]]}}, {"type": "Feature", "properties": {"tif_name": "PINES", "municipality": "", "county": "Macon", "year_created": null, "year_expiry": null, "ordinance": null, "active": true, "source": "Decatur", "source_url": "https://maps.decaturil.gov/arcgis/rest/services/Public/tif_districts/FeatureServer/0"}, "geometry": {"type": "Polygon", "coordinates": [[[-88.92581, 39.84483], [-88.9239, 39.84463], [-88.92392, 39.84558], [-88.92614, 39.8455], [-88.92581, 39.84483]]]}}, {"type": "Feature", "properties": {"tif_name": "GRAND AVENUE", "municipality": "", "county": "Macon", "year_created": null, "year_expiry": null, "ordinance": null, "active": true, "source": "Decatur", "source_url": "https://maps.decaturil.gov/arcgis/rest/services/Public/tif_districts/FeatureServer/0"}, "geometry": {"type": "Polygon", "coordinates": [[[-88.97299, 39.85337], [-88.97223, 39.85642], [-88.97306, 39.85641], [-88.97591, 39.8533], [-88.97299, 39.85337]]]}}, {"type": "Feature", "properties": {"tif_name": "SOUTHSIDE", "municipality": "", "county": "Macon", "year_created": null, "year_expiry": null, "ordinance": null, "active": true, "source": "Decatur", "source_url": "https://maps.decaturil.gov/arcgis/rest/services/Public/tif_districts/FeatureServer/0"}, "geometry": {"type": "Polygon", "coordinates": [[[-88.96159, 39.8236], [-88.97247, 39.82388], [-88.97239, 39.81831], [-88.96982, 39.81837], [-88.96903, 39.81945], [-88.96731, 39.81874], [-88.96678, 39.8196], [-88.96487, 39.81879], [-88.96159, 39.8236]]]}}, {"type": "Feature", "properties": {"tif_name": "CENTRAL TIF", "municipality": "", "county": "Macon", "year_created": null, "year_expiry": null, "ordinance": null, "active": true, "source": "Decatur", "source_url": "https://maps.decaturil.gov/arcgis/rest/services/Public/tif_districts/FeatureServer/0"}, "geometry": {"type": "Polygon", "coordinates": [[[-88.95297, 39.84038], [-88.95274, 39.8371], [-88.95214, 39.83702], [-88.94973, 39.84042], [-88.95139, 39.84042], [-88.95146, 39.84163], [-88.94819, 39.84267], [-88.94581, 39.8466], [-88.94519, 39.85069], [-88.94974, 39.8506], [-88.94967, 39.8476], [-88.95602, 39.84755], [-88.95605, 39.84987], [-88.95677, 39.84986], [-88.95744, 39.84755], [-88.96061, 39.84751], [-88.9607, 39.85478], [-88.95683, 39.8548], [-88.95678, 39.85116], [-88.95607, 39.85117], [-88.95614, 39.85594], [-88.97221, 39.85576], [-88.97287, 39.85344], [-88.9756, 39.85338], [-88.97288, 39.8565], [-88.97742, 39.85592], [-88.97758, 39.84919], [-88.98228, 39.84899], [-88.98226, 39.84731], [-88.97503, 39.84737], [-88.97501, 39.84564], [-88.96869, 39.84559], [-88.96833, 39.84505], [-88.97357, 39.84078], [-88.9761, 39.83449], [-88.97262, 39.83519], [-88.97266, 39.83802], [-88.96951, 39.83805], [-88.9696, 39.84335], [-88.96847, 39.84337], [-88.96847, 39.84447], [-88.96154, 39.84499], [-88.95901, 39.84462], [-88.95898, 39.84353], [-88.95734, 39.84355], [-88.95739, 39.84576], [-88.95598, 39.84578], [-88.95593, 39.84467], [-88.9538, 39.84471], [-88.95376, 39.84361], [-88.95449, 39.84359], [-88.95444, 39.84252], [-88.95731, 39.84247], [-88.95725, 39.84032], [-88.95441, 39.84035], [-88.95443, 39.84217], [-88.95303, 39.84219], [-88.95297, 39.84038]], [[-88.96382, 39.85474], [-88.96381, 39.85361], [-88.96606, 39.85359], [-88.96607, 39.85473], [-88.96382, 39.85474]]]}}, {"type": "Feature", "properties": {"tif_name": "New Near North Boundary", "municipality": "", "county": "Macon", "year_created": null, "year_expiry": null, "ordinance": null, "active": true, "source": "Decatur", "source_url": "https://maps.decaturil.gov/arcgis/rest/services/Public/tif_districts/FeatureServer/0"}, "geometry": {"type": "Polygon", "coordinates": [[[-88.95244, 39.86216], [-88.95768, 39.8621], [-88.95758, 39.85594], [-88.95614, 39.85594], [-88.95602, 39.84755], [-88.94967, 39.8476], [-88.94973, 39.8506], [-88.94519, 39.85069], [-88.94652, 39.84492], [-88.93125, 39.84539], [-88.93109, 39.847], [-88.94054, 39.84668], [-88.94056, 39.84779], [-88.93603, 39.84922], [-88.93604, 39.84983], [-88.93885, 39.84976], [-88.93916, 39.85626], [-88.94078, 39.85622], [-88.94077, 39.85516], [-88.95224, 39.85489], [-88.95244, 39.86216]]]}}, {"type": "Feature", "properties": {"tif_name": "East Pershing TIF", "municipality": "", "county": "Macon", "year_created": null, "year_expiry": null, "ordinance": null, "active": true, "source": "Decatur", "source_url": "https://maps.decaturil.gov/arcgis/rest/services/Public/tif_districts/FeatureServer/0"}, "geometry": {"type": "Polygon", "coordinates": [[[-88.94575, 39.87335], [-88.93182, 39.87365], [-88.93327, 39.87106], [-88.93131, 39.86847], [-88.9313, 39.85334], [-88.92623, 39.85347], [-88.92641, 39.85661], [-88.92563, 39.85663], [-88.92579, 39.85953], [-88.92645, 39.85956], [-88.92655, 39.86058], [-88.92658, 39.87102], [-88.922, 39.88174], [-88.92285, 39.88226], [-88.92391, 39.88119], [-88.94097, 39.88078], [-88.94096, 39.8793], [-88.94344, 39.87927], [-88.94351, 39.8768], [-88.94584, 39.87667], [-88.94575, 39.87335]]]}}, {"type": "Feature", "properties": {"tif_name": "North Mattis Avenue", "municipality": "", "county": "Champaign", "year_created": null, "year_expiry": null, "ordinance": null, "active": true, "source": "City of Champaign", "source_url": "https://gisportal.champaignil.gov/ms/rest/services/Open_Data/Open_Data/MapServer/5"}, "geometry": {"type": "Polygon", "coordinates": [[[-88.27709, 40.12088], [-88.27706, 40.11925], [-88.27314, 40.11925], [-88.27305, 40.12135], [-88.27673, 40.12093], [-88.27674, 40.12216], [-88.27617, 40.1225], [-88.2754, 40.12164], [-88.27217, 40.12228], [-88.27132, 40.12437], [-88.27678, 40.12475], [-88.27618, 40.12754], [-88.27683, 40.12794], [-88.27764, 40.12755], [-88.27709, 40.12088]]]}}, {"type": "Feature", "properties": {"tif_name": "Bristol Park", "municipality": "", "county": "Champaign", "year_created": null, "year_expiry": null, "ordinance": null, "active": true, "source": "City of Champaign", "source_url": "https://gisportal.champaignil.gov/ms/rest/services/Open_Data/Open_Data/MapServer/5"}, "geometry": {"type": "Polygon", "coordinates": [[[-88.24512, 40.12652], [-88.24245, 40.1261], [-88.24246, 40.12712], [-88.23681, 40.12661], [-88.2349, 40.13094], [-88.23875, 40.13092], [-88.23903, 40.13438], [-88.24155, 40.13422], [-88.24346, 40.13214], [-88.24602, 40.13303], [-88.24508, 40.1315], [-88.2442, 40.1314], [-88.24443, 40.12837], [-88.24567, 40.12837], [-88.24512, 40.12652]]]}}, {"type": "Feature", "properties": {"tif_name": "Downtown Fringe", "municipality": "", "county": "Champaign", "year_created": null, "year_expiry": null, "ordinance": null, "active": true, "source": "City of Champaign", "source_url": "https://gisportal.champaignil.gov/ms/rest/services/Open_Data/Open_Data/MapServer/5"}, "geometry": {"type": "Polygon", "coordinates": [[[-88.24346, 40.12627], [-88.24368, 40.12352], [-88.2451, 40.12352], [-88.24508, 40.1213], [-88.24413, 40.1213], [-88.24401, 40.12031], [-88.24531, 40.12031], [-88.24531, 40.11932], [-88.24696, 40.11931], [-88.24644, 40.11817], [-88.24693, 40.11428], [-88.24528, 40.11429], [-88.24527, 40.11249], [-88.24163, 40.11253], [-88.24045, 40.11594], [-88.24363, 40.1162], [-88.24363, 40.11543], [-88.24505, 40.11543], [-88.24505, 40.11642], [-88.24363, 40.11643], [-88.24507, 40.11872], [-88.24365, 40.11914], [-88.24365, 40.11818], [-88.24258, 40.11864], [-88.2429, 40.11788], [-88.24172, 40.11759], [-88.2421, 40.11664], [-88.24053, 40.11642], [-88.23885, 40.12194], [-88.24239, 40.1228], [-88.24346, 40.12627]]]}}, {"type": "Feature", "properties": {"tif_name": "Garden Hills", "municipality": "", "county": "Champaign", "year_created": null, "year_expiry": null, "ordinance": null, "active": true, "source": "City of Champaign", "source_url": "https://gisportal.champaignil.gov/ms/rest/services/Open_Data/Open_Data/MapServer/5"}, "geometry": {"type": "Polygon", "coordinates": [[[-88.27711, 40.12389], [-88.27712, 40.12792], [-88.27632, 40.12732], [-88.25855, 40.1271], [-88.25783, 40.12594], [-88.25651, 40.12708], [-88.25305, 40.12589], [-88.25307, 40.13017], [-88.25836, 40.13265], [-88.25851, 40.13384], [-88.26682, 40.13591], [-88.27476, 40.13903], [-88.27659, 40.13903], [-88.27724, 40.13819], [-88.27706, 40.13174], [-88.28004, 40.1317], [-88.28074, 40.13063], [-88.27882, 40.13047], [-88.27896, 40.12499], [-88.27818, 40.12498], [-88.27817, 40.12389], [-88.27711, 40.12389]]]}}, {"type": "Feature", "properties": {"tif_name": "North Campustown", "municipality": "", "county": "Champaign", "year_created": null, "year_expiry": null, "ordinance": null, "active": true, "source": "City of Champaign", "source_url": "https://gisportal.champaignil.gov/ms/rest/services/Open_Data/Open_Data/MapServer/5"}, "geometry": {"type": "Polygon", "coordinates": [[[-88.23985, 40.11889], [-88.24163, 40.11253], [-88.23719, 40.11257], [-88.23718, 40.11136], [-88.23528, 40.11138], [-88.23529, 40.11258], [-88.23197, 40.11297], [-88.23198, 40.11548], [-88.23672, 40.11546], [-88.23648, 40.11623], [-88.23341, 40.11584], [-88.23366, 40.11747], [-88.23602, 40.11745], [-88.23698, 40.11936], [-88.23769, 40.11935], [-88.2369, 40.12104], [-88.23492, 40.12084], [-88.23878, 40.12177], [-88.23985, 40.11889]]]}}, {"type": "Feature", "properties": {"tif_name": "Springfield and Mattis", "municipality": "", "county": "Champaign", "year_created": null, "year_expiry": null, "ordinance": null, "active": true, "source": "City of Champaign", "source_url": "https://gisportal.champaignil.gov/ms/rest/services/Open_Data/Open_Data/MapServer/5"}, "geometry": {"type": "Polygon", "coordinates": [[[-88.27668, 40.11794], [-88.27709, 40.12088], [-88.28188, 40.12031], [-88.2818, 40.11521], [-88.28372, 40.11523], [-88.28372, 40.11595], [-88.28518, 40.11596], [-88.28496, 40.11658], [-88.28625, 40.11705], [-88.28936, 40.11279], [-88.28618, 40.11246], [-88.28614, 40.10921], [-88.28121, 40.10914], [-88.28123, 40.1105], [-88.27659, 40.11102], [-88.2766, 40.11181], [-88.27417, 40.11178], [-88.27417, 40.11235], [-88.27141, 40.11232], [-88.27141, 40.11288], [-88.27657, 40.11304], [-88.27668, 40.11794]]]}}, {"type": "Feature", "properties": {"tif_name": "Western Gateway", "municipality": "", "county": "Vermilion", "year_created": null, "year_expiry": null, "ordinance": null, "active": true, "source": "Danville", "source_url": "https://gis.cityofdanville.org/arcgis/rest/services/Administrative/TIF_Districts/FeatureServer/0"}, "geometry": {"type": "Polygon", "coordinates": [[[-87.63455, 40.1232], [-87.63448, 40.12269], [-87.63112, 40.12303], [-87.63131, 40.12445], [-87.62699, 40.12447], [-87.627, 40.12543], [-87.62999, 40.12498], [-87.63199, 40.1254], [-87.63264, 40.12633], [-87.63755, 40.12579], [-87.6365, 40.12507], [-87.63712, 40.12506], [-87.63673, 40.12441], [-87.63557, 40.12443], [-87.63563, 40.12319], [-87.63455, 40.1232]]]}}, {"type": "Feature", "properties": {"tif_name": "Midtown", "municipality": "", "county": "Vermilion", "year_created": null, "year_expiry": null, "ordinance": null, "active": true, "source": "Danville", "source_url": "https://gis.cityofdanville.org/arcgis/rest/services/Administrative/TIF_Districts/FeatureServer/0"}, "geometry": {"type": "Polygon", "coordinates": [[[-87.6368, 40.13423], [-87.6368, 40.13337], [-87.63847, 40.13338], [-87.63847, 40.13228], [-87.6368, 40.13228], [-87.6368, 40.13135], [-87.63558, 40.13135], [-87.63559, 40.13045], [-87.63482, 40.13045], [-87.63483, 40.13278], [-87.63145, 40.1329], [-87.63141, 40.13041], [-87.62865, 40.13036], [-87.62873, 40.13522], [-87.62736, 40.13482], [-87.62738, 40.13618], [-87.62596, 40.13671], [-87.62599, 40.13873], [-87.62878, 40.13864], [-87.62947, 40.13965], [-87.63418, 40.13872], [-87.63418, 40.14036], [-87.63554, 40.14035], [-87.63553, 40.1392], [-87.63845, 40.13924], [-87.63845, 40.13833], [-87.63616, 40.13783], [-87.63617, 40.13592], [-87.63679, 40.13593], [-87.63621, 40.13441], [-87.6368, 40.13423]], [[-87.63149, 40.13588], [-87.63413, 40.13591], [-87.63484, 40.1378], [-87.63153, 40.13779], [-87.63149, 40.13588]]]}}, {"type": "Feature", "properties": {"tif_name": "Campus Corridor", "municipality": "", "county": "Vermilion", "year_created": null, "year_expiry": null, "ordinance": null, "active": true, "source": "Danville", "source_url": "https://gis.cityofdanville.org/arcgis/rest/services/Administrative/TIF_Districts/FeatureServer/0"}, "geometry": {"type": "Polygon", "coordinates": [[[-87.59279, 40.1317], [-87.59096, 40.13177], [-87.59015, 40.13017], [-87.58911, 40.13018], [-87.58915, 40.13184], [-87.58645, 40.13193], [-87.58646, 40.13258], [-87.59519, 40.13219], [-87.59507, 40.13124], [-87.59279, 40.1317]]]}}, {"type": "Feature", "properties": {"tif_name": "East Voorhees", "municipality": "", "county": "Vermilion", "year_created": null, "year_expiry": null, "ordinance": null, "active": true, "source": "Danville", "source_url": "https://gis.cityofdanville.org/arcgis/rest/services/Administrative/TIF_Districts/FeatureServer/0"}, "geometry": {"type": "Polygon", "coordinates": [[[-87.60755, 40.15104], [-87.6119, 40.14626], [-87.59604, 40.14663], [-87.59525, 40.14614], [-87.59523, 40.14483], [-87.58808, 40.14429], [-87.58805, 40.14621], [-87.58692, 40.14624], [-87.58691, 40.14551], [-87.58335, 40.14559], [-87.58337, 40.14696], [-87.58099, 40.147], [-87.58101, 40.14881], [-87.58329, 40.14878], [-87.58232, 40.14934], [-87.58233, 40.1506], [-87.58331, 40.15057], [-87.58334, 40.15363], [-87.59558, 40.15328], [-87.60553, 40.14649], [-87.60608, 40.14648], [-87.60238, 40.14901], [-87.60238, 40.15001], [-87.60476, 40.14996], [-87.60474, 40.15088], [-87.60755, 40.15104]]]}}, {"type": "Feature", "properties": {"tif_name": "Downtown", "municipality": "", "county": "Vermilion", "year_created": null, "year_expiry": null, "ordinance": null, "active": true, "source": "Danville", "source_url": "https://gis.cityofdanville.org/arcgis/rest/services/Administrative/TIF_Districts/FeatureServer/0"}, "geometry": {"type": "Polygon", "coordinates": [[[-87.63264, 40.12575], [-87.62999, 40.12498], [-87.627, 40.12543], [-87.62699, 40.12447], [-87.62602, 40.12448], [-87.62609, 40.12904], [-87.62863, 40.12904], [-87.62865, 40.13036], [-87.63272, 40.13042], [-87.63264, 40.12575]]]}}, {"type": "Feature", "properties": {"tif_name": "Proposed New TIF 2020", "municipality": "", "county": "Tazewell", "year_created": null, "year_expiry": null, "ordinance": null, "active": true, "source": "Pekin", "source_url": "https://gis.ci.pekin.il.us/arcgis/rest/services/Econ/TIFDistricts/FeatureServer/1"}, "geometry": {"type": "MultiPolygon", "coordinates": [[[[-89.64799, 40.56779], [-89.64758, 40.5684], [-89.64888, 40.56892], [-89.64927, 40.56833], [-89.64863, 40.56775], [-89.65138, 40.56767], [-89.65137, 40.56573], [-89.65207, 40.56573], [-89.65205, 40.56404], [-89.65333, 40.56215], [-89.65482, 40.5601], [-89.65579, 40.56011], [-89.65828, 40.5579], [-89.65736, 40.55748], [-89.65836, 40.55607], [-89.65544, 40.55605], [-89.65538, 40.553], [-89.65525, 40.55644], [-89.65392, 40.55643], [-89.65391, 40.55558], [-89.6363, 40.55562], [-89.6364, 40.55095], [-89.63958, 40.55096], [-89.63957, 40.55005], [-89.63829, 40.5501], [-89.63826, 40.54825], [-89.63954, 40.54824], [-89.6395, 40.54565], [-89.63112, 40.54558], [-89.63117, 40.55301], [-89.63487, 40.55328], [-89.63489, 40.55561], [-89.63084, 40.55558], [-89.63067, 40.557], [-89.63388, 40.5573], [-89.63388, 40.55857], [-89.63331, 40.55856], [-89.63306, 40.56121], [-89.63125, 40.56122], [-89.63125, 40.56204], [-89.63062, 40.56204], [-89.62504, 40.55979], [-89.62569, 40.55914], [-89.61895, 40.55912], [-89.61894, 40.55841], [-89.61098, 40.55535], [-89.60976, 40.55158], [-89.61069, 40.55116], [-89.60894, 40.54784], [-89.60721, 40.54788], [-89.60647, 40.54659], [-89.60548, 40.54678], [-89.60177, 40.54466], [-89.60234, 40.53872], [-89.5971, 40.53886], [-89.59706, 40.53708], [-89.5923, 40.5371], [-89.59308, 40.5376], [-89.5931, 40.53911], [-89.59533, 40.54123], [-89.59224, 40.53947], [-89.59223, 40.53867], [-89.58937, 40.53868], [-89.58932, 40.53987], [-89.58751, 40.53896], [-89.58767, 40.54865], [-89.59732, 40.55115], [-89.60443, 40.55493], [-89.6069, 40.56092], [-89.61077, 40.56318], [-89.60738, 40.56375], [-89.61145, 40.56358], [-89.61769, 40.5661], [-89.61726, 40.56522], [-89.60756, 40.56119], [-89.60566, 40.55616], [-89.60697, 40.55521], [-89.60733, 40.55694], [-89.60989, 40.55688], [-89.61069, 40.55881], [-89.61246, 40.55876], [-89.61243, 40.55727], [-89.61301, 40.55754], [-89.61304, 40.55875], [-89.61443, 40.55892], [-89.6149, 40.56185], [-89.61661, 40.5618], [-89.61687, 40.56089], [-89.61827, 40.56034], [-89.62373, 40.56033], [-89.63105, 40.56317], [-89.63111, 40.56539], [-89.63195, 40.56463], [-89.63514, 40.56479], [-89.63621, 40.56521], [-89.63622, 40.56604], [-89.63754, 40.56554], [-89.63928, 40.56622], [-89.63927, 40.56567], [-89.64272, 40.56759], [-89.64799, 40.56779]], [[-89.65347, 40.56143], [-89.65201, 40.56144], [-89.65203, 40.56312], [-89.65024, 40.56313], [-89.65026, 40.56476], [-89.64094, 40.56482], [-89.64094, 40.564], [-89.63681, 40.56426], [-89.63681, 40.56347], [-89.63407, 40.56339], [-89.63426, 40.5607], [-89.63535, 40.55871], [-89.63672, 40.55833], [-89.6367, 40.55734], [-89.63832, 40.55699], [-89.65675, 40.55747], [-89.65672, 40.55817], [-89.65439, 40.5584], [-89.65441, 40.56011], [-89.65347, 40.56143]]], [[[-89.65444, 40.55287], [-89.65463, 40.55287], [-89.65463, 40.55287], [-89.65444, 40.55287]]], [[[-89.65835, 40.55558], [-89.6591, 40.55558], [-89.65835, 40.55557], [-89.65835, 40.55558]]], [[[-89.6545, 40.56462], [-89.65564, 40.56479], [-89.65419, 40.56408], [-89.6545, 40.56462]]], [[[-89.65281, 40.56481], [-89.65361, 40.56455], [-89.6528, 40.56446], [-89.65281, 40.56481]]], [[[-89.65715, 40.56708], [-89.65716, 40.56707], [-89.65717, 40.56706], [-89.65715, 40.56708]]], [[[-89.65704, 40.56715], [-89.65704, 40.56715], [-89.65705, 40.56714], [-89.65704, 40.56715]], [[-89.65701, 40.5672], [-89.65696, 40.56723], [-89.65702, 40.56719], [-89.65701, 40.5672]]], [[[-89.6569, 40.56724], [-89.65685, 40.56729], [-89.65691, 40.56724], [-89.6569, 40.56724]]], [[[-89.65691, 40.56738], [-89.65691, 40.56737], [-89.65687, 40.56732], [-89.65691, 40.56738]]], [[[-89.6569, 40.56742], [-89.65691, 40.56742], [-89.65691, 40.56738], [-89.6569, 40.56742]]], [[[-89.65688, 40.56745], [-89.65689, 40.56745], [-89.6569, 40.56742], [-89.65688, 40.56745]]], [[[-89.6568, 40.56748], [-89.65676, 40.56751], [-89.65673, 40.56757], [-89.6568, 40.56748]], [[-89.65672, 40.56762], [-89.65622, 40.56763], [-89.65672, 40.56762], [-89.65672, 40.56762]]], [[[-89.65214, 40.56766], [-89.65526, 40.56764], [-89.65444, 40.56764], [-89.65453, 40.56662], [-89.65565, 40.56607], [-89.65283, 40.56627], [-89.65214, 40.56766]]], [[[-89.62869, 40.60416], [-89.62866, 40.60105], [-89.63143, 40.60105], [-89.63168, 40.60415], [-89.63164, 40.6006], [-89.63269, 40.60059], [-89.63407, 40.60152], [-89.63331, 40.60189], [-89.63337, 40.60376], [-89.64573, 40.60404], [-89.64575, 40.58955], [-89.65761, 40.5895], [-89.65251, 40.57798], [-89.6534, 40.57613], [-89.65316, 40.5739], [-89.65447, 40.57362], [-89.65551, 40.57069], [-89.65801, 40.56761], [-89.65639, 40.56787], [-89.65283, 40.57327], [-89.65111, 40.57153], [-89.65047, 40.57241], [-89.64648, 40.57006], [-89.64574, 40.57117], [-89.64413, 40.57053], [-89.64511, 40.56906], [-89.64097, 40.5671], [-89.64083, 40.56786], [-89.63931, 40.56787], [-89.63928, 40.56681], [-89.6385, 40.56649], [-89.63778, 40.5665], [-89.6378, 40.56788], [-89.63607, 40.56789], [-89.63607, 40.56728], [-89.63036, 40.56677], [-89.62932, 40.56748], [-89.61726, 40.56522], [-89.61786, 40.56763], [-89.61486, 40.56785], [-89.61488, 40.56983], [-89.61228, 40.56914], [-89.61226, 40.56786], [-89.61071, 40.56787], [-89.61072, 40.56885], [-89.61005, 40.56885], [-89.61074, 40.57001], [-89.60755, 40.57033], [-89.60755, 40.57149], [-89.61602, 40.57147], [-89.616, 40.56976], [-89.61871, 40.57064], [-89.61868, 40.56852], [-89.62123, 40.5692], [-89.62121, 40.56791], [-89.62655, 40.56788], [-89.62656, 40.56935], [-89.62804, 40.56936], [-89.62807, 40.57091], [-89.62655, 40.57204], [-89.62666, 40.57337], [-89.62584, 40.57379], [-89.62492, 40.57649], [-89.62569, 40.58292], [-89.62512, 40.58339], [-89.62571, 40.58347], [-89.62629, 40.58664], [-89.62604, 40.59411], [-89.62557, 40.59348], [-89.6202, 40.59277], [-89.62037, 40.59178], [-89.61718, 40.59205], [-89.61718, 40.59375], [-89.62209, 40.59412], [-89.62216, 40.60285], [-89.62335, 40.60403], [-89.62869, 40.60416]], [[-89.63166, 40.59259], [-89.63165, 40.59262], [-89.63166, 40.59259], [-89.63166, 40.59259]], [[-89.63314, 40.59445], [-89.63311, 40.59444], [-89.63313, 40.59445], [-89.63314, 40.59445]]], [[[-89.63364, 40.59466], [-89.63368, 40.59467], [-89.63353, 40.59463], [-89.63364, 40.59466]], [[-89.63172, 40.59243], [-89.63172, 40.59244], [-89.63173, 40.59241], [-89.63172, 40.59243]], [[-89.63326, 40.59452], [-89.63321, 40.59449], [-89.63323, 40.5945], [-89.63326, 40.59452]], [[-89.62646, 40.58227], [-89.62632, 40.58227], [-89.6264, 40.58227], [-89.62646, 40.58227]], [[-89.63173, 40.59237], [-89.63173, 40.59238], [-89.63176, 40.59226], [-89.63173, 40.59237]], [[-89.62668, 40.59691], [-89.62646, 40.5969], [-89.6265, 40.5969], [-89.62668, 40.59691]], [[-89.63169, 40.59253], [-89.63168, 40.59255], [-89.63171, 40.59248], [-89.63169, 40.59253]], [[-89.62566, 40.58236], [-89.62557, 40.58236], [-89.62597, 40.58236], [-89.62566, 40.58236]], [[-89.62429, 40.5964], [-89.62611, 40.59597], [-89.62212, 40.59691], [-89.62429, 40.5964]], [[-89.63404, 40.59425], [-89.63466, 40.59494], [-89.63374, 40.59469], [-89.63404, 40.59425]], [[-89.63305, 40.5944], [-89.63134, 40.59377], [-89.63163, 40.59266], [-89.63305, 40.5944]], [[-89.62893, 40.59531], [-89.63433, 40.59495], [-89.63434, 40.59604], [-89.63171, 40.59606], [-89.63172, 40.59689], [-89.62686, 40.59691], [-89.62687, 40.59579], [-89.62893, 40.59531]], [[-89.63551, 40.60167], [-89.63614, 40.60039], [-89.63396, 40.59922], [-89.63434, 40.59688], [-89.63944, 40.59707], [-89.64077, 40.59165], [-89.63774, 40.59167], [-89.63774, 40.58979], [-89.63522, 40.5896], [-89.63659, 40.59012], [-89.63452, 40.59162], [-89.63423, 40.59006], [-89.63364, 40.59006], [-89.63368, 40.59095], [-89.63257, 40.59169], [-89.63356, 40.5927], [-89.63257, 40.59285], [-89.63189, 40.59157], [-89.63073, 40.59265], [-89.62998, 40.59235], [-89.6322, 40.58959], [-89.63274, 40.58978], [-89.63185, 40.59128], [-89.63252, 40.59148], [-89.63343, 40.58866], [-89.63468, 40.58866], [-89.63467, 40.58794], [-89.63161, 40.58836], [-89.63467, 40.58764], [-89.63464, 40.58595], [-89.63091, 40.58616], [-89.6309, 40.58472], [-89.62701, 40.58474], [-89.62631, 40.57735], [-89.62759, 40.57735], [-89.62704, 40.57454], [-89.62832, 40.57339], [-89.62999, 40.56867], [-89.63094, 40.56832], [-89.63133, 40.56889], [-89.63457, 40.56846], [-89.63457, 40.56903], [-89.63932, 40.56843], [-89.63933, 40.56982], [-89.64085, 40.57], [-89.64041, 40.57825], [-89.63937, 40.57858], [-89.63988, 40.58236], [-89.64169, 40.58239], [-89.64183, 40.57542], [-89.64321, 40.57512], [-89.64226, 40.57456], [-89.6441, 40.5715], [-89.65027, 40.57394], [-89.64709, 40.57948], [-89.64255, 40.59158], [-89.64125, 40.59161], [-89.63807, 40.60176], [-89.63551, 40.60167]]], [[[-89.65029, 40.56985], [-89.64991, 40.57054], [-89.65123, 40.57108], [-89.6523, 40.56952], [-89.65091, 40.56897], [-89.65029, 40.56985]]], [[[-89.65526, 40.56764], [-89.65343, 40.56765], [-89.65528, 40.56764], [-89.65526, 40.56764]]], [[[-89.65642, 40.56763], [-89.65638, 40.56763], [-89.65654, 40.56763], [-89.65642, 40.56763]]], [[[-89.652, 40.57254], [-89.65283, 40.57327], [-89.65673, 40.56763], [-89.65343, 40.56765], [-89.65223, 40.56946], [-89.65076, 40.5689], [-89.6495, 40.5708], [-89.65096, 40.57138], [-89.65028, 40.57234], [-89.64893, 40.5718], [-89.65047, 40.57241], [-89.65111, 40.57153], [-89.652, 40.57254]], [[-89.6523, 40.56952], [-89.65123, 40.57108], [-89.64991, 40.57054], [-89.65091, 40.56897], [-89.6523, 40.56952]]], [[[-89.65397, 40.55558], [-89.65392, 40.55643], [-89.65525, 40.55644], [-89.65538, 40.55289], [-89.65393, 40.55287], [-89.65397, 40.55558]]], [[[-89.65138, 40.56628], [-89.65139, 40.56767], [-89.65401, 40.5659], [-89.65566, 40.56607], [-89.65453, 40.56662], [-89.65444, 40.56764], [-89.65673, 40.56763], [-89.65622, 40.56763], [-89.6572, 40.56679], [-89.65521, 40.5658], [-89.65567, 40.56402], [-89.65421, 40.56384], [-89.66077, 40.55594], [-89.65835, 40.55558], [-89.65736, 40.55748], [-89.65828, 40.5579], [-89.65579, 40.56011], [-89.65482, 40.5601], [-89.65205, 40.56404], [-89.65207, 40.56573], [-89.65138, 40.56628]], [[-89.65345, 40.56481], [-89.6528, 40.56446], [-89.65361, 40.56455], [-89.65345, 40.56481]], [[-89.6545, 40.56444], [-89.65399, 40.56438], [-89.65494, 40.56407], [-89.65564, 40.56479], [-89.6545, 40.56444]]], [[[-89.64859, 40.56781], [-89.64927, 40.56833], [-89.64945, 40.56807], [-89.64859, 40.56781]]], [[[-89.65722, 40.56682], [-89.66454, 40.56088], [-89.66598, 40.55869], [-89.6746, 40.55319], [-89.67382, 40.55166], [-89.67361, 40.55306], [-89.67304, 40.55166], [-89.66406, 40.55176], [-89.6647, 40.54524], [-89.65515, 40.54544], [-89.65498, 40.53132], [-89.64052, 40.53141], [-89.64071, 40.54195], [-89.64546, 40.54197], [-89.64552, 40.54602], [-89.64729, 40.546], [-89.64735, 40.54948], [-89.65457, 40.54954], [-89.65464, 40.55287], [-89.66171, 40.55304], [-89.65911, 40.55558], [-89.66077, 40.55594], [-89.65421, 40.56384], [-89.65567, 40.56402], [-89.65521, 40.56579], [-89.65722, 40.56682]], [[-89.64524, 40.53581], [-89.64431, 40.53581], [-89.64429, 40.53471], [-89.64545, 40.53415], [-89.64711, 40.53468], [-89.64713, 40.53567], [-89.64524, 40.53581]], [[-89.657, 40.54923], [-89.65518, 40.548], [-89.65515, 40.54562], [-89.65843, 40.5456], [-89.65969, 40.54905], [-89.65699, 40.54847], [-89.657, 40.54923]]], [[[-89.65836, 40.55607], [-89.65835, 40.55558], [-89.65835, 40.55558], [-89.65836, 40.55607]]], [[[-89.65735, 40.56711], [-89.65734, 40.5671], [-89.65733, 40.56711], [-89.65735, 40.56711]]], [[[-89.65735, 40.56705], [-89.65734, 40.56704], [-89.65733, 40.56705], [-89.65735, 40.56705]]], [[[-89.65731, 40.56704], [-89.6573, 40.56704], [-89.6573, 40.56705], [-89.65731, 40.56704]]], [[[-89.65729, 40.56707], [-89.65729, 40.56706], [-89.65728, 40.56706], [-89.65729, 40.56707]]], [[[-89.65729, 40.56707], [-89.65729, 40.56705], [-89.65729, 40.56705], [-89.65729, 40.56707]]], [[[-89.65727, 40.56709], [-89.65726, 40.56708], [-89.65727, 40.56709], [-89.65727, 40.56709]]], [[[-89.65736, 40.56706], [-89.65736, 40.56705], [-89.65735, 40.56706], [-89.65736, 40.56706]]], [[[-89.65729, 40.56707], [-89.65729, 40.56705], [-89.65728, 40.56705], [-89.65729, 40.56707]]], [[[-89.65732, 40.56706], [-89.65731, 40.56706], [-89.65732, 40.56706], [-89.65732, 40.56706]]], [[[-89.65736, 40.56708], [-89.65734, 40.56709], [-89.65735, 40.56709], [-89.65736, 40.56708]]], [[[-89.65731, 40.56709], [-89.6573, 40.5671], [-89.65731, 40.5671], [-89.65731, 40.56709]]], [[[-89.65728, 40.56708], [-89.65727, 40.56708], [-89.65727, 40.56708], [-89.65728, 40.56708]]], [[[-89.65734, 40.56703], [-89.65733, 40.56704], [-89.65734, 40.56704], [-89.65734, 40.56703]]], [[[-89.65733, 40.56705], [-89.65733, 40.56704], [-89.65733, 40.56705], [-89.65733, 40.56705]]], [[[-89.65732, 40.5671], [-89.65732, 40.5671], [-89.65731, 40.5671], [-89.65732, 40.5671]]], [[[-89.65732, 40.56708], [-89.65731, 40.56708], [-89.65731, 40.56708], [-89.65732, 40.56708]]], [[[-89.65732, 40.56705], [-89.65731, 40.56705], [-89.65732, 40.56705], [-89.65732, 40.56705]]], [[[-89.65727, 40.56707], [-89.65726, 40.56707], [-89.65727, 40.56708], [-89.65727, 40.56707]]], [[[-89.65729, 40.56707], [-89.65729, 40.56708], [-89.65729, 40.56708], [-89.65729, 40.56707]]], [[[-89.65729, 40.56707], [-89.65728, 40.56707], [-89.65728, 40.56707], [-89.65729, 40.56707]]], [[[-89.6573, 40.56707], [-89.6573, 40.56706], [-89.65729, 40.56707], [-89.6573, 40.56707]]], [[[-89.65733, 40.56704], [-89.65733, 40.56704], [-89.65733, 40.56704], [-89.65733, 40.56704]]], [[[-89.65734, 40.56708], [-89.65733, 40.56708], [-89.65733, 40.56708], [-89.65734, 40.56708]]], [[[-89.65729, 40.56709], [-89.65729, 40.56709], [-89.65729, 40.56709], [-89.65729, 40.56709]]], [[[-89.65728, 40.56709], [-89.65728, 40.56709], [-89.65728, 40.56709], [-89.65728, 40.56709]]], [[[-89.65733, 40.56706], [-89.65733, 40.56706], [-89.65733, 40.56706], [-89.65733, 40.56706]]], [[[-89.6573, 40.56709], [-89.6573, 40.56709], [-89.65729, 40.5671], [-89.6573, 40.56709]]], [[[-89.65733, 40.56708], [-89.65732, 40.56708], [-89.65732, 40.56709], [-89.65733, 40.56708]]], [[[-89.65736, 40.56707], [-89.65735, 40.56707], [-89.65736, 40.56707], [-89.65736, 40.56707]]], [[[-89.65733, 40.56709], [-89.65734, 40.5671], [-89.65732, 40.56709], [-89.65733, 40.56709]]], [[[-89.65735, 40.56708], [-89.65734, 40.56708], [-89.65735, 40.56708], [-89.65735, 40.56708]]], [[[-89.65735, 40.56707], [-89.65734, 40.56707], [-89.65734, 40.56707], [-89.65735, 40.56707]]], [[[-89.65729, 40.56708], [-89.65729, 40.56708], [-89.65729, 40.56709], [-89.65729, 40.56708]]], [[[-89.65733, 40.56708], [-89.65733, 40.56708], [-89.65733, 40.56708], [-89.65733, 40.56708]]], [[[-89.65729, 40.56708], [-89.65728, 40.56708], [-89.65728, 40.56708], [-89.65729, 40.56708]]], [[[-89.65731, 40.56707], [-89.6573, 40.56708], [-89.65731, 40.56708], [-89.65731, 40.56707]]], [[[-89.65728, 40.56707], [-89.65727, 40.56707], [-89.65728, 40.56708], [-89.65728, 40.56707]]], [[[-89.65728, 40.56707], [-89.65727, 40.56707], [-89.65727, 40.56707], [-89.65728, 40.56707]]], [[[-89.65735, 40.56706], [-89.65735, 40.56706], [-89.65734, 40.56706], [-89.65735, 40.56706]]], [[[-89.65727, 40.56706], [-89.65727, 40.56706], [-89.65727, 40.56706], [-89.65727, 40.56706]]], [[[-89.65732, 40.56707], [-89.65732, 40.56707], [-89.65731, 40.56707], [-89.65732, 40.56707]]], [[[-89.65731, 40.56709], [-89.6573, 40.56709], [-89.6573, 40.56709], [-89.65731, 40.56709]]], [[[-89.65736, 40.56707], [-89.65735, 40.56708], [-89.65736, 40.56708], [-89.65736, 40.56707]]], [[[-89.6573, 40.56705], [-89.6573, 40.56705], [-89.6573, 40.56705], [-89.6573, 40.56705]]], [[[-89.65731, 40.56707], [-89.65731, 40.56706], [-89.65731, 40.56707], [-89.65731, 40.56707]]], [[[-89.6573, 40.56706], [-89.6573, 40.56706], [-89.6573, 40.56706], [-89.6573, 40.56706]]], [[[-89.65735, 40.56707], [-89.65734, 40.56707], [-89.65734, 40.56707], [-89.65735, 40.56707]]], [[[-89.65734, 40.56707], [-89.65734, 40.56707], [-89.65734, 40.56708], [-89.65734, 40.56707]]], [[[-89.65732, 40.56707], [-89.65731, 40.56706], [-89.65731, 40.56707], [-89.65732, 40.56707]]], [[[-89.65735, 40.56707], [-89.65734, 40.56707], [-89.65735, 40.56707], [-89.65735, 40.56707]]], [[[-89.65733, 40.56707], [-89.65732, 40.56706], [-89.65732, 40.56707], [-89.65733, 40.56707]]], [[[-89.65734, 40.56707], [-89.65733, 40.56707], [-89.65733, 40.56707], [-89.65734, 40.56707]]], [[[-89.65732, 40.56708], [-89.65732, 40.56708], [-89.65732, 40.56708], [-89.65732, 40.56708]]], [[[-89.65731, 40.56706], [-89.6573, 40.56706], [-89.6573, 40.56706], [-89.65731, 40.56706]]], [[[-89.6573, 40.56708], [-89.6573, 40.56708], [-89.6573, 40.56708], [-89.6573, 40.56708]]], [[[-89.65734, 40.56706], [-89.65734, 40.56706], [-89.65734, 40.56706], [-89.65734, 40.56706]]], [[[-89.65731, 40.56708], [-89.65731, 40.56708], [-89.65731, 40.56708], [-89.65731, 40.56708]]], [[[-89.65731, 40.56708], [-89.65731, 40.56707], [-89.65731, 40.56708], [-89.65731, 40.56708]]], [[[-89.65733, 40.56707], [-89.65732, 40.56707], [-89.65733, 40.56707], [-89.65733, 40.56707]]], [[[-89.6573, 40.56707], [-89.6573, 40.56707], [-89.6573, 40.56707], [-89.6573, 40.56707]]], [[[-89.65732, 40.56708], [-89.65731, 40.56707], [-89.65731, 40.56708], [-89.65732, 40.56708]]], [[[-89.65733, 40.56707], [-89.65733, 40.56707], [-89.65733, 40.56707], [-89.65733, 40.56707]]], [[[-89.65733, 40.56709], [-89.65733, 40.56709], [-89.65732, 40.56709], [-89.65733, 40.56709]]], [[[-89.65733, 40.56709], [-89.65733, 40.56709], [-89.65732, 40.56709], [-89.65733, 40.56709]]], [[[-89.65733, 40.56709], [-89.65732, 40.56709], [-89.65732, 40.56709], [-89.65733, 40.56709]]], [[[-89.65732, 40.56709], [-89.65732, 40.56708], [-89.65732, 40.56709], [-89.65732, 40.56709]]], [[[-89.65733, 40.56709], [-89.65733, 40.56709], [-89.65733, 40.56709], [-89.65733, 40.56709]]], [[[-89.65732, 40.56709], [-89.65732, 40.56709], [-89.65733, 40.5671], [-89.65732, 40.56709]]], [[[-89.65732, 40.56709], [-89.65732, 40.56709], [-89.65731, 40.56709], [-89.65732, 40.56709]]], [[[-89.65732, 40.56709], [-89.65732, 40.56709], [-89.65732, 40.56709], [-89.65732, 40.56709]]], [[[-89.65732, 40.56709], [-89.65732, 40.56709], [-89.65731, 40.56709], [-89.65732, 40.56709]]], [[[-89.65733, 40.56709], [-89.65733, 40.56709], [-89.65733, 40.5671], [-89.65733, 40.56709]]], [[[-89.65732, 40.56709], [-89.65732, 40.56709], [-89.65733, 40.5671], [-89.65732, 40.56709]]], [[[-89.65732, 40.56709], [-89.65731, 40.56708], [-89.65732, 40.56709], [-89.65732, 40.56709]]], [[[-89.65732, 40.56709], [-89.65732, 40.56709], [-89.65732, 40.56709], [-89.65732, 40.56709]], [[-89.65732, 40.56709], [-89.65732, 40.56709], [-89.65732, 40.56709], [-89.65732, 40.56709]]], [[[-89.65733, 40.56709], [-89.65734, 40.56709], [-89.65733, 40.56709], [-89.65733, 40.56709]]], [[[-89.65732, 40.56709], [-89.65734, 40.56709], [-89.65732, 40.56709], [-89.65732, 40.56709]]], [[[-89.65733, 40.56709], [-89.65732, 40.56709], [-89.65732, 40.56709], [-89.65733, 40.56709]]], [[[-89.65732, 40.56709], [-89.65732, 40.56709], [-89.65732, 40.56709], [-89.65732, 40.56709]]], [[[-89.65732, 40.56709], [-89.65732, 40.56709], [-89.65732, 40.56709], [-89.65732, 40.56709]]], [[[-89.65729, 40.56707], [-89.65729, 40.56707], [-89.65729, 40.56707], [-89.65729, 40.56707]]], [[[-89.65732, 40.56709], [-89.65731, 40.56708], [-89.65732, 40.56709], [-89.65732, 40.56709]]], [[[-89.65732, 40.56709], [-89.65734, 40.56709], [-89.65732, 40.56709], [-89.65732, 40.56709]]], [[[-89.65733, 40.56709], [-89.65734, 40.5671], [-89.65733, 40.56709], [-89.65733, 40.56709]]], [[[-89.65732, 40.56709], [-89.65732, 40.56709], [-89.65732, 40.56709], [-89.65732, 40.56709]]], [[[-89.65733, 40.56709], [-89.65732, 40.56709], [-89.65732, 40.56709], [-89.65733, 40.56709]]], [[[-89.65733, 40.56709], [-89.65734, 40.56708], [-89.65733, 40.56709], [-89.65733, 40.56709]]], [[[-89.65732, 40.56709], [-89.65732, 40.56709], [-89.65732, 40.56709], [-89.65732, 40.56709]]], [[[-89.65732, 40.56709], [-89.65731, 40.56709], [-89.65732, 40.56709], [-89.65732, 40.56709]]], [[[-89.65732, 40.56709], [-89.65734, 40.56709], [-89.65732, 40.56709], [-89.65732, 40.56709]]], [[[-89.65732, 40.56709], [-89.65732, 40.56709], [-89.65732, 40.56709], [-89.65732, 40.56709]]], [[[-89.65732, 40.56709], [-89.65732, 40.56709], [-89.65732, 40.56709], [-89.65732, 40.56709]]], [[[-89.65732, 40.56709], [-89.65732, 40.56709], [-89.65732, 40.56709], [-89.65732, 40.56709]]], [[[-89.65732, 40.56709], [-89.65732, 40.56709], [-89.65732, 40.5671], [-89.65732, 40.56709]]], [[[-89.65729, 40.56707], [-89.65729, 40.56707], [-89.65729, 40.56707], [-89.65729, 40.56707]]], [[[-89.65729, 40.56707], [-89.65729, 40.56707], [-89.65729, 40.56707], [-89.65729, 40.56707]]], [[[-89.65733, 40.56709], [-89.65734, 40.56708], [-89.65733, 40.56709], [-89.65733, 40.56709]]], [[[-89.65732, 40.56709], [-89.65732, 40.56709], [-89.65732, 40.56709], [-89.65732, 40.56709]]], [[[-89.65732, 40.56709], [-89.65732, 40.56709], [-89.65732, 40.56709], [-89.65732, 40.56709]]], [[[-89.65732, 40.56709], [-89.65732, 40.56709], [-89.65732, 40.56709], [-89.65732, 40.56709]]], [[[-89.65729, 40.56707], [-89.65729, 40.56707], [-89.65729, 40.56707], [-89.65729, 40.56707]]], [[[-89.65732, 40.56709], [-89.65732, 40.56709], [-89.65732, 40.56709], [-89.65732, 40.56709]]], [[[-89.65732, 40.56709], [-89.65732, 40.56709], [-89.65732, 40.56709], [-89.65732, 40.56709]]], [[[-89.65732, 40.56709], [-89.65732, 40.56709], [-89.65732, 40.56709], [-89.65732, 40.56709]]], [[[-89.65732, 40.56709], [-89.65732, 40.56709], [-89.65732, 40.56709], [-89.65732, 40.56709]]], [[[-89.65732, 40.56709], [-89.65732, 40.56709], [-89.65732, 40.56709], [-89.65732, 40.56709]]], [[[-89.65732, 40.56709], [-89.65732, 40.56709], [-89.65732, 40.56709], [-89.65732, 40.56709]]], [[[-89.65732, 40.56709], [-89.65732, 40.56709], [-89.65732, 40.56709], [-89.65732, 40.56709]]], [[[-89.65732, 40.56709], [-89.65731, 40.56709], [-89.65732, 40.56709], [-89.65732, 40.56709]]], [[[-89.65732, 40.56709], [-89.65732, 40.56709], [-89.65732, 40.56709], [-89.65732, 40.56709]]], [[[-89.65732, 40.56709], [-89.65732, 40.56709], [-89.65732, 40.56709], [-89.65732, 40.56709]]], [[[-89.65732, 40.56709], [-89.65732, 40.56709], [-89.65732, 40.56709], [-89.65732, 40.56709]]], [[[-89.65732, 40.56709], [-89.65732, 40.56709], [-89.65732, 40.56709], [-89.65732, 40.56709]]], [[[-89.65732, 40.56709], [-89.65732, 40.56709], [-89.65732, 40.56709], [-89.65732, 40.56709]]], [[[-89.65729, 40.56707], [-89.65729, 40.56707], [-89.65729, 40.56707], [-89.65729, 40.56707]]], [[[-89.65732, 40.56709], [-89.65732, 40.56709], [-89.65732, 40.56709], [-89.65732, 40.56709]]], [[[-89.65732, 40.56709], [-89.65732, 40.56709], [-89.65732, 40.56709], [-89.65732, 40.56709]]], [[[-89.65732, 40.56709], [-89.65732, 40.56709], [-89.65732, 40.56709], [-89.65732, 40.56709]]], [[[-89.65732, 40.56709], [-89.65732, 40.56709], [-89.65732, 40.56709], [-89.65732, 40.56709]]], [[[-89.65732, 40.56709], [-89.65732, 40.56709], [-89.65732, 40.56709], [-89.65732, 40.56709]]], [[[-89.65732, 40.56709], [-89.65732, 40.56709], [-89.65732, 40.56709], [-89.65732, 40.56709]]], [[[-89.65732, 40.56709], [-89.65732, 40.56709], [-89.65732, 40.56709], [-89.65732, 40.56709]]], [[[-89.65729, 40.56707], [-89.65729, 40.56707], [-89.65729, 40.56707], [-89.65729, 40.56707]]], [[[-89.65732, 40.56709], [-89.65732, 40.56709], [-89.65732, 40.56709], [-89.65732, 40.56709]]], [[[-89.65732, 40.56709], [-89.65732, 40.56709], [-89.65732, 40.56709], [-89.65732, 40.56709]]], [[[-89.65732, 40.56709], [-89.65732, 40.56709], [-89.65732, 40.56709], [-89.65732, 40.56709]]], [[[-89.65732, 40.56709], [-89.65732, 40.56709], [-89.65732, 40.56709], [-89.65732, 40.56709]]], [[[-89.65729, 40.56707], [-89.65729, 40.56707], [-89.65729, 40.56707], [-89.65729, 40.56707]]], [[[-89.65732, 40.56709], [-89.65732, 40.56709], [-89.65732, 40.56709], [-89.65732, 40.56709]]], [[[-89.65732, 40.56709], [-89.65732, 40.56709], [-89.65732, 40.56709], [-89.65732, 40.56709]]], [[[-89.65732, 40.56709], [-89.65732, 40.56709], [-89.65732, 40.56709], [-89.65732, 40.56709]]], [[[-89.65732, 40.56709], [-89.65732, 40.56709], [-89.65732, 40.56709], [-89.65732, 40.56709]]], [[[-89.65732, 40.56709], [-89.65732, 40.56709], [-89.65732, 40.56709], [-89.65732, 40.56709]]], [[[-89.65732, 40.56709], [-89.65732, 40.56709], [-89.65732, 40.56709], [-89.65732, 40.56709]]], [[[-89.65732, 40.56709], [-89.65732, 40.56709], [-89.65732, 40.56709], [-89.65732, 40.56709]]], [[[-89.65732, 40.56709], [-89.65732, 40.56709], [-89.65732, 40.56709], [-89.65732, 40.56709]]], [[[-89.65732, 40.56709], [-89.65732, 40.56709], [-89.65732, 40.56709], [-89.65732, 40.56709]]], [[[-89.65732, 40.56709], [-89.65732, 40.56709], [-89.65732, 40.56709], [-89.65732, 40.56709]]], [[[-89.65732, 40.56709], [-89.65732, 40.56709], [-89.65732, 40.56709], [-89.65732, 40.56709]]]]}}, {"type": "Feature", "properties": {"tif_name": "TIF district", "municipality": "", "county": "Tazewell", "year_created": null, "year_expiry": null, "ordinance": null, "active": true, "source": "Pekin", "source_url": "https://gis.ci.pekin.il.us/arcgis/rest/services/Econ/TIFDistricts/FeatureServer/1"}, "geometry": {"type": "MultiPolygon", "coordinates": [[[[-89.59364, 40.58979], [-89.59843, 40.5898], [-89.59854, 40.59764], [-89.59944, 40.59765], [-89.59943, 40.59957], [-89.60096, 40.60075], [-89.59853, 40.60207], [-89.59932, 40.60207], [-89.59932, 40.60431], [-89.60781, 40.60408], [-89.60759, 40.57874], [-89.60985, 40.57872], [-89.61052, 40.57747], [-89.61003, 40.57517], [-89.60874, 40.57518], [-89.60874, 40.57314], [-89.60654, 40.57285], [-89.60519, 40.57353], [-89.60679, 40.57625], [-89.60477, 40.57587], [-89.60539, 40.57565], [-89.60405, 40.57415], [-89.60341, 40.57455], [-89.6034, 40.56955], [-89.6055, 40.56953], [-89.60549, 40.56801], [-89.60187, 40.56815], [-89.60222, 40.56963], [-89.60298, 40.56968], [-89.60299, 40.57166], [-89.60113, 40.57106], [-89.60093, 40.5728], [-89.60174, 40.57302], [-89.60044, 40.57341], [-89.60115, 40.57391], [-89.59949, 40.5737], [-89.59951, 40.57446], [-89.59822, 40.57476], [-89.60062, 40.57297], [-89.59865, 40.57251], [-89.60074, 40.57279], [-89.60081, 40.57185], [-89.5967, 40.57244], [-89.5967, 40.57526], [-89.59753, 40.57526], [-89.59752, 40.57682], [-89.60302, 40.57678], [-89.60301, 40.57827], [-89.60436, 40.57945], [-89.60397, 40.5804], [-89.60545, 40.5804], [-89.60586, 40.58109], [-89.60506, 40.58128], [-89.60563, 40.58175], [-89.60445, 40.58249], [-89.5984, 40.58251], [-89.59842, 40.58615], [-89.59357, 40.58616], [-89.59364, 40.58979]]], [[[-89.57729, 40.57902], [-89.58077, 40.58988], [-89.5889, 40.58979], [-89.58892, 40.58616], [-89.58996, 40.58603], [-89.58865, 40.58478], [-89.58766, 40.5851], [-89.58804, 40.58451], [-89.58636, 40.5833], [-89.58697, 40.58272], [-89.58602, 40.58314], [-89.58449, 40.58228], [-89.58397, 40.58163], [-89.58469, 40.57995], [-89.58401, 40.5793], [-89.5838, 40.58154], [-89.5829, 40.5817], [-89.58364, 40.58078], [-89.58265, 40.58061], [-89.58235, 40.58147], [-89.58141, 40.57952], [-89.58016, 40.57971], [-89.58139, 40.57901], [-89.57729, 40.57902]]], [[[-89.57658, 40.57895], [-89.57456, 40.57897], [-89.57455, 40.58995], [-89.58009, 40.58989], [-89.57658, 40.57895]]], [[[-89.5847, 40.56782], [-89.58392, 40.56571], [-89.58624, 40.56602], [-89.58625, 40.56454], [-89.58756, 40.56454], [-89.58753, 40.56316], [-89.58356, 40.56318], [-89.58407, 40.56215], [-89.58351, 40.56111], [-89.58749, 40.56095], [-89.57893, 40.56099], [-89.57913, 40.56544], [-89.58029, 40.56561], [-89.58035, 40.56764], [-89.5847, 40.56782]]], [[[-89.57726, 40.57895], [-89.57659, 40.57743], [-89.57819, 40.57261], [-89.5785, 40.5681], [-89.57453, 40.56794], [-89.57456, 40.57821], [-89.57726, 40.57895]]], [[[-89.57951, 40.56847], [-89.57937, 40.57528], [-89.58372, 40.57524], [-89.58407, 40.56819], [-89.57951, 40.56847]]], [[[-89.59357, 40.58616], [-89.59359, 40.58037], [-89.58872, 40.58029], [-89.59027, 40.58079], [-89.58976, 40.58205], [-89.59104, 40.58204], [-89.59116, 40.58302], [-89.58758, 40.58311], [-89.58784, 40.58399], [-89.59177, 40.58627], [-89.59357, 40.58616]]], [[[-89.57719, 40.57876], [-89.57922, 40.57829], [-89.57924, 40.57209], [-89.57719, 40.57876]]], [[[-89.60694, 40.57266], [-89.60799, 40.57267], [-89.60754, 40.56874], [-89.60897, 40.56877], [-89.60899, 40.56798], [-89.60569, 40.56801], [-89.60593, 40.5702], [-89.60707, 40.5704], [-89.60694, 40.57266]]], [[[-89.6036, 40.57404], [-89.60489, 40.57347], [-89.60459, 40.56968], [-89.60358, 40.56969], [-89.6036, 40.57404]]], [[[-89.60528, 40.56968], [-89.60477, 40.56968], [-89.60506, 40.57339], [-89.60596, 40.57291], [-89.60528, 40.56968]]], [[[-89.60501, 40.57362], [-89.60421, 40.57407], [-89.60562, 40.57572], [-89.60659, 40.57575], [-89.60501, 40.57362]]], [[[-89.60155, 40.56812], [-89.59955, 40.56813], [-89.59951, 40.569], [-89.6017, 40.56899], [-89.60155, 40.56812]]], [[[-89.60599, 40.57034], [-89.60616, 40.57281], [-89.60676, 40.57266], [-89.60676, 40.57061], [-89.60599, 40.57034]]], [[[-89.61004, 40.56797], [-89.60926, 40.56849], [-89.61005, 40.56914], [-89.61071, 40.56797], [-89.61004, 40.56797]]], [[[-89.58299, 40.58008], [-89.58378, 40.58038], [-89.58324, 40.57957], [-89.58161, 40.57953], [-89.58226, 40.58035], [-89.58299, 40.58008]]], [[[-89.58848, 40.58087], [-89.58799, 40.58148], [-89.59009, 40.58148], [-89.59006, 40.58084], [-89.58848, 40.58087]]], [[[-89.59917, 40.56813], [-89.59742, 40.56814], [-89.59742, 40.56885], [-89.5993, 40.56872], [-89.59917, 40.56813]]], [[[-89.60172, 40.57026], [-89.60219, 40.57111], [-89.60223, 40.57011], [-89.60172, 40.57026]]], [[[-89.58167, 40.57937], [-89.58296, 40.57898], [-89.58159, 40.57901], [-89.58167, 40.57937]]], [[[-89.58798, 40.58189], [-89.58839, 40.58205], [-89.5884, 40.58164], [-89.58798, 40.58189]]], [[[-89.58824, 40.58061], [-89.58849, 40.58027], [-89.58804, 40.58025], [-89.58824, 40.58061]]], [[[-89.57824, 40.56313], [-89.57831, 40.56313], [-89.5783, 40.56231], [-89.57824, 40.56313]]], [[[-89.60684, 40.54756], [-89.60721, 40.54828], [-89.60716, 40.54295], [-89.60791, 40.54294], [-89.60775, 40.5413], [-89.60875, 40.54114], [-89.60847, 40.53998], [-89.61026, 40.53922], [-89.61147, 40.54004], [-89.61256, 40.53926], [-89.61454, 40.53976], [-89.61615, 40.53869], [-89.61585, 40.53628], [-89.61381, 40.53674], [-89.61446, 40.53766], [-89.61394, 40.53811], [-89.60676, 40.53863], [-89.60678, 40.54051], [-89.60201, 40.54031], [-89.60197, 40.54156], [-89.60679, 40.54151], [-89.60303, 40.54171], [-89.60308, 40.54395], [-89.60429, 40.54433], [-89.60458, 40.54303], [-89.60445, 40.54442], [-89.60683, 40.54578], [-89.60629, 40.54649], [-89.60684, 40.54756]]], [[[-89.62624, 40.53493], [-89.62625, 40.5354], [-89.62675, 40.5353], [-89.62624, 40.53493]]], [[[-89.62412, 40.53605], [-89.62415, 40.53668], [-89.62505, 40.53658], [-89.62501, 40.53477], [-89.62776, 40.53477], [-89.62791, 40.53406], [-89.62597, 40.53404], [-89.6279, 40.53362], [-89.62793, 40.53484], [-89.63078, 40.53495], [-89.63082, 40.53113], [-89.62761, 40.53129], [-89.62768, 40.53362], [-89.61666, 40.53388], [-89.61668, 40.53489], [-89.61511, 40.53494], [-89.61612, 40.5363], [-89.62011, 40.53617], [-89.6201, 40.53499], [-89.62247, 40.53493], [-89.62248, 40.53564], [-89.62412, 40.53605]]], [[[-89.62767, 40.53691], [-89.62852, 40.53706], [-89.62856, 40.53633], [-89.62767, 40.53691]]], [[[-89.63566, 40.53973], [-89.6385, 40.53981], [-89.63842, 40.53832], [-89.63119, 40.53875], [-89.63122, 40.53982], [-89.63375, 40.53909], [-89.63562, 40.53907], [-89.63566, 40.53973]]], [[[-89.63007, 40.53983], [-89.63099, 40.53981], [-89.63079, 40.5351], [-89.62924, 40.5351], [-89.62839, 40.53588], [-89.62926, 40.53577], [-89.6287, 40.53622], [-89.62929, 40.53753], [-89.62825, 40.53781], [-89.63002, 40.53829], [-89.63007, 40.53983]]], [[[-89.63052, 40.54225], [-89.63105, 40.54221], [-89.631, 40.53998], [-89.62941, 40.54016], [-89.62971, 40.54187], [-89.63052, 40.54225]]], [[[-89.61079, 40.54263], [-89.61293, 40.54231], [-89.6134, 40.54018], [-89.61271, 40.53988], [-89.61221, 40.5421], [-89.611, 40.54176], [-89.61079, 40.54263]]], [[[-89.61015, 40.54169], [-89.61059, 40.54268], [-89.61082, 40.54168], [-89.61201, 40.54164], [-89.61294, 40.53943], [-89.60993, 40.54117], [-89.61015, 40.54169]]], [[[-89.63461, 40.54211], [-89.63463, 40.54285], [-89.63506, 40.54284], [-89.63461, 40.54211]]], [[[-89.62639, 40.54223], [-89.62634, 40.54304], [-89.62727, 40.54299], [-89.6273, 40.54233], [-89.62882, 40.54188], [-89.62639, 40.54223]]], [[[-89.63134, 40.54338], [-89.63295, 40.54287], [-89.63288, 40.53995], [-89.63122, 40.53997], [-89.63125, 40.54114], [-89.63237, 40.5412], [-89.63125, 40.54129], [-89.63134, 40.54338]]], [[[-89.62915, 40.54379], [-89.63108, 40.54378], [-89.63105, 40.54243], [-89.62739, 40.54248], [-89.62747, 40.54354], [-89.62915, 40.54379]], [[-89.63101, 40.54376], [-89.63101, 40.54376], [-89.63101, 40.54376], [-89.63101, 40.54376]], [[-89.62813, 40.5428], [-89.62813, 40.5428], [-89.62813, 40.5428], [-89.62813, 40.5428]], [[-89.62815, 40.54279], [-89.62815, 40.54279], [-89.62815, 40.54279], [-89.62815, 40.54279]]], [[[-89.60226, 40.54172], [-89.60178, 40.54391], [-89.60287, 40.54454], [-89.60281, 40.54172], [-89.60226, 40.54172]]], [[[-89.62643, 40.54438], [-89.62639, 40.54465], [-89.627, 40.54464], [-89.62643, 40.54438]]], [[[-89.63524, 40.54219], [-89.6353, 40.54506], [-89.63604, 40.54505], [-89.63588, 40.54018], [-89.63478, 40.53993], [-89.63524, 40.54219]]], [[[-89.63581, 40.5452], [-89.63532, 40.54561], [-89.63605, 40.54562], [-89.63581, 40.5452]]], [[[-89.60308, 40.54412], [-89.60484, 40.54566], [-89.60537, 40.54511], [-89.60308, 40.54412]]], [[[-89.62308, 40.54583], [-89.62322, 40.54614], [-89.62361, 40.54598], [-89.62308, 40.54583]]], [[[-89.60177, 40.54431], [-89.60436, 40.54614], [-89.60471, 40.54579], [-89.60177, 40.54431]]], [[[-89.60538, 40.54538], [-89.60501, 40.54575], [-89.60612, 40.54639], [-89.60666, 40.54584], [-89.60538, 40.54538]]], [[[-89.60475, 40.54602], [-89.60549, 40.54678], [-89.60583, 40.54643], [-89.60475, 40.54602]]], [[[-89.61467, 40.54659], [-89.62081, 40.5469], [-89.61589, 40.54542], [-89.61467, 40.54659]]], [[[-89.62649, 40.54713], [-89.62649, 40.54765], [-89.63114, 40.54725], [-89.6298, 40.54655], [-89.62956, 40.54596], [-89.6304, 40.54558], [-89.62609, 40.54563], [-89.62567, 40.54214], [-89.62389, 40.54333], [-89.6248, 40.54373], [-89.62391, 40.54628], [-89.62166, 40.54646], [-89.6234, 40.54558], [-89.62371, 40.54323], [-89.62271, 40.54296], [-89.62215, 40.54363], [-89.62056, 40.54342], [-89.62167, 40.54431], [-89.61906, 40.5436], [-89.62034, 40.54497], [-89.61688, 40.54416], [-89.61598, 40.5453], [-89.62116, 40.54689], [-89.62649, 40.54713]]], [[[-89.6385, 40.5397], [-89.63588, 40.54018], [-89.63592, 40.54196], [-89.64071, 40.54195], [-89.64068, 40.53833], [-89.63842, 40.53832], [-89.6385, 40.5397]]], [[[-89.63291, 40.5412], [-89.63292, 40.54195], [-89.63483, 40.54196], [-89.63479, 40.54048], [-89.63392, 40.53994], [-89.63288, 40.53995], [-89.63291, 40.5412]]], [[[-89.63559, 40.53992], [-89.63669, 40.54017], [-89.63668, 40.53983], [-89.63559, 40.53992]]], [[[-89.62322, 40.54614], [-89.62269, 40.54654], [-89.62369, 40.54624], [-89.62322, 40.54614]]], [[[-89.62244, 40.54605], [-89.62166, 40.54646], [-89.62322, 40.54614], [-89.62244, 40.54605]]], [[[-89.62303, 40.54287], [-89.62276, 40.5434], [-89.6234, 40.54306], [-89.62303, 40.54287]]], [[[-89.64755, 40.57126], [-89.65028, 40.57234], [-89.65096, 40.57138], [-89.6495, 40.5708], [-89.65076, 40.5689], [-89.65223, 40.56946], [-89.65343, 40.56765], [-89.64959, 40.56768], [-89.64888, 40.56892], [-89.64758, 40.5684], [-89.64805, 40.56769], [-89.64272, 40.56759], [-89.63927, 40.56567], [-89.63928, 40.56622], [-89.63754, 40.56554], [-89.63605, 40.56604], [-89.63607, 40.56789], [-89.6378, 40.56788], [-89.63778, 40.5665], [-89.63928, 40.56681], [-89.63931, 40.56787], [-89.64083, 40.56786], [-89.64097, 40.5671], [-89.64511, 40.56906], [-89.64413, 40.57053], [-89.64574, 40.57117], [-89.64648, 40.57006], [-89.64796, 40.57064], [-89.64755, 40.57126]]], [[[-89.58888, 40.61175], [-89.58885, 40.61536], [-89.59838, 40.6154], [-89.59841, 40.61177], [-89.60785, 40.61177], [-89.60781, 40.60422], [-89.59846, 40.60444], [-89.59843, 40.6081], [-89.59365, 40.60813], [-89.59364, 40.61176], [-89.58888, 40.61175]]]]}}, {"type": "Feature", "properties": {"tif_name": "00", "municipality": "", "county": "Rock Island", "year_created": null, "year_expiry": null, "ordinance": null, "active": true, "source": "East Moline", "source_url": "https://services2.arcgis.com/AexCN3RZHA62zqjz/arcgis/rest/services/East_Moline_TIF_Polygon_Boundaries/FeatureServer/0"}, "geometry": {"type": "Polygon", "coordinates": [[[-90.44544, 41.51813], [-90.44669, 41.51618], [-90.45496, 41.51552], [-90.45518, 41.51729], [-90.45115, 41.51749], [-90.45059, 41.51951], [-90.44571, 41.51986], [-90.44544, 41.51813]]]}}, {"type": "Feature", "properties": {"tif_name": "TIF district", "municipality": "", "county": "Rock Island", "year_created": null, "year_expiry": null, "ordinance": null, "active": true, "source": "East Moline", "source_url": "https://services2.arcgis.com/AexCN3RZHA62zqjz/arcgis/rest/services/East_Moline_TIF_Polygon_Boundaries/FeatureServer/0"}, "geometry": {"type": "Polygon", "coordinates": [[[-90.43205, 41.51632], [-90.44257, 41.51552], [-90.44432, 41.51488], [-90.44416, 41.51369], [-90.44537, 41.51361], [-90.44546, 41.5153], [-90.4476, 41.51514], [-90.44772, 41.5161], [-90.43555, 41.51741], [-90.43325, 41.5174], [-90.433, 41.51645], [-90.43205, 41.51632]]]}}, {"type": "Feature", "properties": {"tif_name": "J I CASE CO/MARVIN F POER", "municipality": "", "county": "Rock Island", "year_created": null, "year_expiry": null, "ordinance": null, "active": true, "source": "East Moline", "source_url": "https://services2.arcgis.com/AexCN3RZHA62zqjz/arcgis/rest/services/East_Moline_TIF_Polygon_Boundaries/FeatureServer/0"}, "geometry": {"type": "Polygon", "coordinates": [[[-90.43521, 41.5312], [-90.43684, 41.52932], [-90.44089, 41.52771], [-90.44255, 41.52579], [-90.44216, 41.52122], [-90.44345, 41.51943], [-90.44555, 41.51867], [-90.44571, 41.51986], [-90.45059, 41.51951], [-90.45115, 41.51749], [-90.45518, 41.51729], [-90.45501, 41.51589], [-90.46082, 41.51543], [-90.4608, 41.51855], [-90.4581, 41.52081], [-90.44797, 41.52628], [-90.44768, 41.52162], [-90.44534, 41.52281], [-90.44594, 41.52727], [-90.44081, 41.52995], [-90.43521, 41.5312]]]}}, {"type": "Feature", "properties": {"tif_name": "04", "municipality": "", "county": "Rock Island", "year_created": null, "year_expiry": null, "ordinance": null, "active": true, "source": "East Moline", "source_url": "https://services2.arcgis.com/AexCN3RZHA62zqjz/arcgis/rest/services/East_Moline_TIF_Polygon_Boundaries/FeatureServer/0"}, "geometry": {"type": "Polygon", "coordinates": [[[-90.46212, 41.4917], [-90.45615, 41.49206], [-90.45701, 41.49003], [-90.45623, 41.49002], [-90.45621, 41.48596], [-90.46001, 41.48604], [-90.45998, 41.48845], [-90.46089, 41.48846], [-90.46088, 41.48975], [-90.46214, 41.48976], [-90.46212, 41.4917]]]}}, {"type": "Feature", "properties": {"tif_name": "07", "municipality": "", "county": "Rock Island", "year_created": null, "year_expiry": null, "ordinance": null, "active": true, "source": "East Moline", "source_url": "https://services2.arcgis.com/AexCN3RZHA62zqjz/arcgis/rest/services/East_Moline_TIF_Polygon_Boundaries/FeatureServer/0"}, "geometry": {"type": "Polygon", "coordinates": [[[-90.44181, 41.48066], [-90.44183, 41.48246], [-90.43712, 41.48251], [-90.43714, 41.48072], [-90.44181, 41.48066]]]}}, {"type": "Feature", "properties": {"tif_name": "03", "municipality": "", "county": "Rock Island", "year_created": null, "year_expiry": null, "ordinance": null, "active": true, "source": "East Moline", "source_url": "https://services2.arcgis.com/AexCN3RZHA62zqjz/arcgis/rest/services/East_Moline_TIF_Polygon_Boundaries/FeatureServer/0"}, "geometry": {"type": "Polygon", "coordinates": [[[-90.42875, 41.52574], [-90.43322, 41.52057], [-90.43221, 41.51999], [-90.43915, 41.51861], [-90.43914, 41.51716], [-90.44669, 41.51618], [-90.44674, 41.5168], [-90.44537, 41.51734], [-90.44555, 41.51867], [-90.44232, 41.52067], [-90.44289, 41.52484], [-90.44237, 41.52601], [-90.43849, 41.52499], [-90.4396, 41.52369], [-90.43604, 41.52193], [-90.43462, 41.52364], [-90.43304, 41.52284], [-90.42992, 41.5263], [-90.42875, 41.52574]]]}}, {"type": "Feature", "properties": {"tif_name": "2", "municipality": "", "county": "Jackson", "year_created": null, "year_expiry": null, "ordinance": null, "active": true, "source": "Carbondale", "source_url": "https://services2.arcgis.com/lNrzIHYICuzkgTNM/arcgis/rest/services/TIF_Districts/FeatureServer/1"}, "geometry": {"type": "Polygon", "coordinates": [[[-89.21548, 37.72448], [-89.21617, 37.72443], [-89.21633, 37.72732], [-89.21133, 37.72778], [-89.21113, 37.72562], [-89.21353, 37.72467], [-89.21362, 37.72541], [-89.21461, 37.72533], [-89.21436, 37.72447], [-89.21548, 37.72448]]]}}, {"type": "Feature", "properties": {"tif_name": "1", "municipality": "", "county": "Jackson", "year_created": null, "year_expiry": null, "ordinance": null, "active": true, "source": "Carbondale", "source_url": "https://services2.arcgis.com/lNrzIHYICuzkgTNM/arcgis/rest/services/TIF_Districts/FeatureServer/1"}, "geometry": {"type": "Polygon", "coordinates": [[[-89.20921, 37.7347], [-89.20848, 37.73432], [-89.20857, 37.72785], [-89.2163, 37.72714], [-89.21616, 37.72443], [-89.21422, 37.72461], [-89.21412, 37.72383], [-89.21482, 37.72378], [-89.21457, 37.71348], [-89.21523, 37.71343], [-89.21616, 37.71932], [-89.21778, 37.71973], [-89.21791, 37.72079], [-89.21575, 37.72113], [-89.21792, 37.72089], [-89.21818, 37.72293], [-89.2239, 37.72248], [-89.22393, 37.72131], [-89.22537, 37.72083], [-89.22605, 37.72082], [-89.22667, 37.72272], [-89.22782, 37.72237], [-89.2274, 37.72693], [-89.22344, 37.72708], [-89.22195, 37.72585], [-89.21917, 37.72612], [-89.21987, 37.72708], [-89.21872, 37.72718], [-89.21906, 37.72985], [-89.22249, 37.72962], [-89.22258, 37.73053], [-89.22543, 37.73054], [-89.22538, 37.73423], [-89.20921, 37.7347]], [[-89.21284, 37.7343], [-89.21255, 37.734], [-89.21254, 37.7343], [-89.21284, 37.7343]]]}}, {"type": "Feature", "properties": {"tif_name": "3", "municipality": "", "county": "Jackson", "year_created": null, "year_expiry": null, "ordinance": null, "active": true, "source": "Carbondale", "source_url": "https://services2.arcgis.com/lNrzIHYICuzkgTNM/arcgis/rest/services/TIF_Districts/FeatureServer/1"}, "geometry": {"type": "Polygon", "coordinates": [[[-89.22732, 37.7296], [-89.22745, 37.7286], [-89.22479, 37.72846], [-89.22468, 37.72755], [-89.22792, 37.7273], [-89.22787, 37.73042], [-89.22947, 37.73042], [-89.23015, 37.73139], [-89.22765, 37.73141], [-89.22732, 37.7296]]]}}, {"type": "Feature", "properties": {"tif_name": "Green Mount Medical Campus TIF", "municipality": "", "county": "St. Clair", "year_created": null, "year_expiry": 2034, "ordinance": null, "active": true, "source": "O'Fallon", "source_url": "https://services.arcgis.com/K8hCj4l2z1EMabnx/arcgis/rest/services/TIF_Districts/FeatureServer/0"}, "geometry": {"type": "Polygon", "coordinates": [[[-89.93169, 38.57965], [-89.93155, 38.57796], [-89.93353, 38.57936], [-89.93789, 38.58514], [-89.93543, 38.58512], [-89.93544, 38.58821], [-89.93701, 38.58822], [-89.93699, 38.59084], [-89.93404, 38.59085], [-89.93411, 38.5929], [-89.93165, 38.59248], [-89.93142, 38.59134], [-89.93289, 38.59119], [-89.93297, 38.58692], [-89.92873, 38.58686], [-89.9288, 38.57943], [-89.93081, 38.57948], [-89.93119, 38.58135], [-89.9342, 38.58144], [-89.93169, 38.57965]]]}}, {"type": "Feature", "properties": {"tif_name": "Route 50/Scott-Troy Road TIF", "municipality": "", "county": "St. Clair", "year_created": null, "year_expiry": 2038, "ordinance": null, "active": true, "source": "O'Fallon", "source_url": "https://services.arcgis.com/K8hCj4l2z1EMabnx/arcgis/rest/services/TIF_Districts/FeatureServer/0"}, "geometry": {"type": "Polygon", "coordinates": [[[-89.87754, 38.58205], [-89.87928, 38.58148], [-89.8793, 38.5833], [-89.8785, 38.58325], [-89.87929, 38.58554], [-89.87389, 38.58627], [-89.8739, 38.58353], [-89.87754, 38.58205]]]}}, {"type": "Feature", "properties": {"tif_name": "Central City TIF", "municipality": "", "county": "St. Clair", "year_created": null, "year_expiry": 2038, "ordinance": null, "active": true, "source": "O'Fallon", "source_url": "https://services.arcgis.com/K8hCj4l2z1EMabnx/arcgis/rest/services/TIF_Districts/FeatureServer/0"}, "geometry": {"type": "Polygon", "coordinates": [[[-89.90762, 38.58474], [-89.90651, 38.58415], [-89.90815, 38.58331], [-89.91147, 38.58286], [-89.91172, 38.58395], [-89.91051, 38.58487], [-89.91181, 38.58544], [-89.91153, 38.59012], [-89.91262, 38.59017], [-89.91255, 38.59116], [-89.91432, 38.59124], [-89.91429, 38.59181], [-89.92044, 38.59225], [-89.92102, 38.59319], [-89.91656, 38.59341], [-89.91555, 38.59248], [-89.91549, 38.59335], [-89.91446, 38.59262], [-89.91169, 38.59277], [-89.91162, 38.59382], [-89.90794, 38.5933], [-89.90876, 38.59232], [-89.90726, 38.59194], [-89.9073, 38.59136], [-89.91005, 38.5906], [-89.91071, 38.58634], [-89.90999, 38.58539], [-89.90866, 38.58534], [-89.90949, 38.58426], [-89.90763, 38.58419], [-89.90762, 38.58474]], [[-89.90985, 38.59318], [-89.91055, 38.5928], [-89.90985, 38.59279], [-89.90985, 38.59318]]]}}, {"type": "Feature", "properties": {"tif_name": "Central Park TIF", "municipality": "", "county": "St. Clair", "year_created": null, "year_expiry": 2035, "ordinance": null, "active": true, "source": "O'Fallon", "source_url": "https://services.arcgis.com/K8hCj4l2z1EMabnx/arcgis/rest/services/TIF_Districts/FeatureServer/0"}, "geometry": {"type": "Polygon", "coordinates": [[[-89.94462, 38.5871], [-89.94369, 38.58713], [-89.94364, 38.5852], [-89.94013, 38.58424], [-89.93592, 38.57819], [-89.93431, 38.57894], [-89.93377, 38.57839], [-89.93466, 38.57694], [-89.93508, 38.57739], [-89.93774, 38.57615], [-89.93648, 38.57462], [-89.93421, 38.57618], [-89.9331, 38.57525], [-89.93186, 38.5762], [-89.93081, 38.57459], [-89.93171, 38.5738], [-89.93112, 38.57309], [-89.93033, 38.57264], [-89.93035, 38.57366], [-89.92946, 38.57366], [-89.92935, 38.57179], [-89.93019, 38.57179], [-89.93021, 38.57076], [-89.9333, 38.57083], [-89.93277, 38.57239], [-89.93661, 38.57459], [-89.93789, 38.57459], [-89.93815, 38.57179], [-89.9361, 38.57171], [-89.93612, 38.57076], [-89.93837, 38.57088], [-89.93836, 38.57672], [-89.94171, 38.58031], [-89.94171, 38.58347], [-89.94744, 38.58313], [-89.94744, 38.58523], [-89.94402, 38.5852], [-89.94406, 38.58644], [-89.94551, 38.58697], [-89.94539, 38.58753], [-89.94462, 38.5871]]]}}, {"type": "Feature", "properties": {"tif_name": "Howard and Ridge", "municipality": "", "county": "Cook", "year_created": null, "year_expiry": null, "ordinance": null, "active": true, "source": "Evanston", "source_url": "https://maps.cityofevanston.org/arcgis/rest/services/OpenData/ArcGISOpenData2Administrative/MapServer/6"}, "geometry": {"type": "Polygon", "coordinates": [[[-87.68873, 42.01991], [-87.69031, 42.02052], [-87.69275, 42.01948], [-87.67355, 42.0194], [-87.67654, 42.01978], [-87.67671, 42.02048], [-87.67672, 42.01951], [-87.68873, 42.01991]]]}}, {"type": "Feature", "properties": {"tif_name": "West Evanston", "municipality": "", "county": "Cook", "year_created": null, "year_expiry": null, "ordinance": null, "active": true, "source": "Evanston", "source_url": "https://maps.cityofevanston.org/arcgis/rest/services/OpenData/ArcGISOpenData2Administrative/MapServer/6"}, "geometry": {"type": "Polygon", "coordinates": [[[-87.69273, 42.05403], [-87.69217, 42.05486], [-87.69082, 42.05488], [-87.69158, 42.05586], [-87.69274, 42.05585], [-87.69364, 42.05402], [-87.69498, 42.05399], [-87.69475, 42.05225], [-87.69663, 42.05222], [-87.69669, 42.049], [-87.70027, 42.04884], [-87.69899, 42.04838], [-87.69907, 42.04476], [-87.69994, 42.04429], [-87.69995, 42.04327], [-87.70389, 42.04277], [-87.70461, 42.04113], [-87.70856, 42.04147], [-87.70857, 42.04088], [-87.70549, 42.04093], [-87.70396, 42.04013], [-87.70402, 42.03751], [-87.70533, 42.03749], [-87.70535, 42.03675], [-87.70001, 42.03654], [-87.69999, 42.0374], [-87.69908, 42.03742], [-87.69907, 42.03813], [-87.70153, 42.03844], [-87.70299, 42.03753], [-87.70103, 42.04101], [-87.69745, 42.04067], [-87.69743, 42.04166], [-87.699, 42.04162], [-87.69897, 42.04413], [-87.69703, 42.04617], [-87.69647, 42.04834], [-87.69435, 42.04838], [-87.6942, 42.05208], [-87.69273, 42.05403]], [[-87.69892, 42.04626], [-87.69888, 42.04788], [-87.6978, 42.04791], [-87.69892, 42.04626]]]}}, {"type": "Feature", "properties": {"tif_name": "Dempster Dodge", "municipality": "", "county": "Cook", "year_created": null, "year_expiry": null, "ordinance": null, "active": true, "source": "Evanston", "source_url": "https://maps.cityofevanston.org/arcgis/rest/services/OpenData/ArcGISOpenData2Administrative/MapServer/6"}, "geometry": {"type": "Polygon", "coordinates": [[[-87.69992, 42.03811], [-87.69907, 42.03813], [-87.69902, 42.04064], [-87.70103, 42.04101], [-87.70299, 42.03753], [-87.70236, 42.03844], [-87.69992, 42.03811]]]}}, {"type": "Feature", "properties": {"tif_name": "Chicago Main", "municipality": "", "county": "Cook", "year_created": null, "year_expiry": null, "ordinance": null, "active": true, "source": "Evanston", "source_url": "https://maps.cityofevanston.org/arcgis/rest/services/OpenData/ArcGISOpenData2Administrative/MapServer/6"}, "geometry": {"type": "Polygon", "coordinates": [[[-87.67929, 42.03288], [-87.67831, 42.03298], [-87.67851, 42.03403], [-87.67984, 42.03404], [-87.68008, 42.03686], [-87.68072, 42.03687], [-87.68208, 42.0412], [-87.68104, 42.03665], [-87.68158, 42.03666], [-87.68149, 42.03433], [-87.68274, 42.0339], [-87.68012, 42.03268], [-87.67838, 42.02668], [-87.67929, 42.03288]]]}}, {"type": "Feature", "properties": {"tif_name": "Five Fifths", "municipality": "", "county": "Cook", "year_created": null, "year_expiry": null, "ordinance": null, "active": true, "source": "Evanston", "source_url": "https://maps.cityofevanston.org/arcgis/rest/services/OpenData/ArcGISOpenData2Administrative/MapServer/6"}, "geometry": {"type": "Polygon", "coordinates": [[[-87.69756, 42.06267], [-87.69426, 42.05874], [-87.69496, 42.05771], [-87.6974, 42.05704], [-87.69742, 42.05576], [-87.69587, 42.05578], [-87.69659, 42.05378], [-87.69364, 42.05402], [-87.69274, 42.05585], [-87.69158, 42.05586], [-87.69082, 42.05488], [-87.69272, 42.05458], [-87.69368, 42.05209], [-87.68892, 42.05215], [-87.68826, 42.05141], [-87.68857, 42.04998], [-87.68769, 42.04997], [-87.68708, 42.05053], [-87.68849, 42.05303], [-87.6883, 42.05375], [-87.68733, 42.05375], [-87.68613, 42.05751], [-87.68963, 42.05757], [-87.68966, 42.05589], [-87.69132, 42.05607], [-87.6979, 42.06442], [-87.69903, 42.06443], [-87.69756, 42.06267]]]}}, {"type": "Feature", "properties": {"tif_name": "Marengo Eastern Corridor TIF", "municipality": "City of Marengo", "county": "McHenry", "year_created": 2011, "year_expiry": 2034, "ordinance": "11-3-7", "active": true, "source": "McHenry County", "source_url": "https://www.mchenrycountygis.org/arcgis/rest/services/TIF/TIF/MapServer/0"}, "geometry": {"type": "Polygon", "coordinates": [[[-88.58311, 42.23849], [-88.5874, 42.24028], [-88.58682, 42.24183], [-88.58797, 42.2413], [-88.58931, 42.24186], [-88.58904, 42.24248], [-88.58963, 42.24183], [-88.5916, 42.24263], [-88.5919, 42.24193], [-88.589, 42.24067], [-88.58901, 42.23928], [-88.58715, 42.23868], [-88.58739, 42.23802], [-88.58369, 42.23756], [-88.58311, 42.23849]]]}}, {"type": "Feature", "properties": {"tif_name": "Marengo Downtown TIF", "municipality": "City of Marengo", "county": "McHenry", "year_created": 2011, "year_expiry": 2034, "ordinance": "11-3-4", "active": true, "source": "McHenry County", "source_url": "https://www.mchenrycountygis.org/arcgis/rest/services/TIF/TIF/MapServer/0"}, "geometry": {"type": "Polygon", "coordinates": [[[-88.60914, 42.24793], [-88.60644, 42.24689], [-88.6055, 42.2481], [-88.60664, 42.24894], [-88.60652, 42.24983], [-88.60483, 42.25078], [-88.60483, 42.25137], [-88.6079, 42.25176], [-88.60788, 42.25418], [-88.60716, 42.25418], [-88.60716, 42.25558], [-88.60789, 42.25573], [-88.60862, 42.25573], [-88.60863, 42.25237], [-88.61084, 42.25198], [-88.60971, 42.2509], [-88.60985, 42.24855], [-88.61089, 42.2486], [-88.6109, 42.24764], [-88.60914, 42.24793]]]}}, {"type": "Feature", "properties": {"tif_name": "Harvard TIF 2004", "municipality": "City of Harvard", "county": "McHenry", "year_created": 2004, "year_expiry": 2027, "ordinance": "2004-158", "active": true, "source": "McHenry County", "source_url": "https://www.mchenrycountygis.org/arcgis/rest/services/TIF/TIF/MapServer/0"}, "geometry": {"type": "Polygon", "coordinates": [[[-88.63797, 42.42943], [-88.63798, 42.42576], [-88.64297, 42.42579], [-88.64296, 42.4251], [-88.63964, 42.42536], [-88.63798, 42.42433], [-88.63798, 42.42308], [-88.64271, 42.42311], [-88.64156, 42.42205], [-88.63525, 42.42202], [-88.63525, 42.42373], [-88.62712, 42.42368], [-88.62711, 42.42199], [-88.62526, 42.42197], [-88.62527, 42.42558], [-88.62308, 42.42421], [-88.62327, 42.42617], [-88.62497, 42.42645], [-88.62497, 42.42794], [-88.62733, 42.42794], [-88.62733, 42.42936], [-88.63797, 42.42943]]]}}, {"type": "Feature", "properties": {"tif_name": "Algonquin TIF", "municipality": "Village of Algonquin", "county": "McHenry", "year_created": 2014, "year_expiry": 2037, "ordinance": "2014-O-41", "active": true, "source": "McHenry County", "source_url": "https://www.mchenrycountygis.org/arcgis/rest/services/TIF/TIF/MapServer/0"}, "geometry": {"type": "Polygon", "coordinates": [[[-88.28766, 42.16661], [-88.28617, 42.16666], [-88.28778, 42.16915], [-88.28923, 42.16905], [-88.28748, 42.17128], [-88.28541, 42.1727], [-88.28454, 42.17083], [-88.28221, 42.17119], [-88.28411, 42.17248], [-88.28235, 42.17328], [-88.28354, 42.17495], [-88.28286, 42.17577], [-88.28343, 42.17656], [-88.28668, 42.17657], [-88.2867, 42.17872], [-88.28736, 42.17777], [-88.29414, 42.17591], [-88.29733, 42.17172], [-88.29904, 42.17173], [-88.2997, 42.17096], [-88.30158, 42.17155], [-88.30236, 42.17232], [-88.30196, 42.17467], [-88.3035, 42.17383], [-88.3041, 42.17453], [-88.3056, 42.17213], [-88.30141, 42.16844], [-88.29973, 42.16848], [-88.29816, 42.16636], [-88.29746, 42.16652], [-88.29698, 42.1657], [-88.29887, 42.16562], [-88.29802, 42.1645], [-88.2991, 42.1644], [-88.30046, 42.16136], [-88.29681, 42.16143], [-88.29593, 42.15947], [-88.29418, 42.15978], [-88.29353, 42.16137], [-88.28935, 42.16501], [-88.2873, 42.16428], [-88.28646, 42.16472], [-88.28873, 42.16587], [-88.28766, 42.16661]], [[-88.28948, 42.17046], [-88.29156, 42.17145], [-88.29153, 42.17471], [-88.28765, 42.17475], [-88.28722, 42.1735], [-88.28948, 42.17046]]]}}, {"type": "Feature", "properties": {"tif_name": "Crystal Lake Main St TIF", "municipality": "City of Crystal Lake", "county": "McHenry", "year_created": 2005, "year_expiry": 2028, "ordinance": "6011", "active": true, "source": "McHenry County", "source_url": "https://www.mchenrycountygis.org/arcgis/rest/services/TIF/TIF/MapServer/0"}, "geometry": {"type": "Polygon", "coordinates": [[[-88.31194, 42.24131], [-88.31596, 42.24339], [-88.31573, 42.24118], [-88.31785, 42.24107], [-88.31821, 42.24044], [-88.31819, 42.23946], [-88.31656, 42.23948], [-88.31638, 42.23344], [-88.31634, 42.23504], [-88.31486, 42.23689], [-88.31112, 42.23881], [-88.31115, 42.24056], [-88.31194, 42.24131]]]}}, {"type": "Feature", "properties": {"tif_name": "Crystal Lake Vulcan TIF", "municipality": "City of Crystal Lake", "county": "McHenry", "year_created": 2006, "year_expiry": 2029, "ordinance": "6026", "active": true, "source": "McHenry County", "source_url": "https://www.mchenrycountygis.org/arcgis/rest/services/TIF/TIF/MapServer/0"}, "geometry": {"type": "Polygon", "coordinates": [[[-88.30608, 42.22259], [-88.31554, 42.22261], [-88.31571, 42.21676], [-88.31457, 42.21676], [-88.31395, 42.21531], [-88.31086, 42.21531], [-88.31085, 42.21211], [-88.31017, 42.21179], [-88.29647, 42.21185], [-88.29646, 42.22631], [-88.30614, 42.22635], [-88.30608, 42.22259]]]}}, {"type": "Feature", "properties": {"tif_name": "Crystal Lake VA St TIF", "municipality": "City of Crystal Lake", "county": "McHenry", "year_created": 2005, "year_expiry": 2029, "ordinance": "5952", "active": true, "source": "McHenry County", "source_url": "https://www.mchenrycountygis.org/arcgis/rest/services/TIF/TIF/MapServer/0"}, "geometry": {"type": "Polygon", "coordinates": [[[-88.3396, 42.23789], [-88.34092, 42.23794], [-88.33677, 42.23323], [-88.33219, 42.22956], [-88.33018, 42.22981], [-88.3396, 42.23789]]]}}, {"type": "Feature", "properties": {"tif_name": "Huntley TIF", "municipality": "Village of Huntley", "county": "McHenry", "year_created": 2013, "year_expiry": 2036, "ordinance": "2013-01.05", "active": true, "source": "McHenry County", "source_url": "https://www.mchenrycountygis.org/arcgis/rest/services/TIF/TIF/MapServer/0"}, "geometry": {"type": "Polygon", "coordinates": [[[-88.42603, 42.17895], [-88.43004, 42.17841], [-88.43003, 42.17567], [-88.43118, 42.17568], [-88.43092, 42.17325], [-88.43458, 42.17314], [-88.43007, 42.16992], [-88.42971, 42.16844], [-88.4306, 42.16664], [-88.43133, 42.16665], [-88.43136, 42.16469], [-88.42786, 42.16463], [-88.427, 42.16642], [-88.42594, 42.1656], [-88.42543, 42.16373], [-88.42247, 42.16264], [-88.42324, 42.16451], [-88.42233, 42.16455], [-88.42232, 42.16539], [-88.42473, 42.16605], [-88.42407, 42.16643], [-88.42482, 42.168], [-88.42077, 42.16769], [-88.4205, 42.16915], [-88.42245, 42.16894], [-88.42245, 42.17012], [-88.42728, 42.16926], [-88.42691, 42.1742], [-88.42561, 42.1742], [-88.42549, 42.17673], [-88.42645, 42.17673], [-88.42566, 42.17702], [-88.42603, 42.17895]], [[-88.42954, 42.17487], [-88.42955, 42.17544], [-88.428, 42.17541], [-88.4281, 42.17427], [-88.42954, 42.17425], [-88.42954, 42.17487]]]}}, {"type": "Feature", "properties": {"tif_name": "Fox River Grove TIF 2", "municipality": "Village of Fox River Grove", "county": "McHenry", "year_created": 2015, "year_expiry": 2038, "ordinance": "2015-18", "active": true, "source": "McHenry County", "source_url": "https://www.mchenrycountygis.org/arcgis/rest/services/TIF/TIF/MapServer/0"}, "geometry": {"type": "Polygon", "coordinates": [[[-88.22258, 42.20113], [-88.22409, 42.20191], [-88.22467, 42.20091], [-88.22106, 42.19845], [-88.22198, 42.19819], [-88.22052, 42.19598], [-88.21444, 42.19605], [-88.21858, 42.19813], [-88.2179, 42.19926], [-88.22037, 42.19987], [-88.22061, 42.20107], [-88.22258, 42.20113]], [[-88.22024, 42.19742], [-88.22068, 42.19765], [-88.2194, 42.19723], [-88.22024, 42.19742]]]}}, {"type": "Feature", "properties": {"tif_name": "Woodstock TIF 2", "municipality": "Woodstock", "county": "McHenry", "year_created": 2019, "year_expiry": 2038, "ordinance": "19-0-15", "active": true, "source": "McHenry County", "source_url": "https://www.mchenrycountygis.org/arcgis/rest/services/TIF/TIF/MapServer/0"}, "geometry": {"type": "Polygon", "coordinates": [[[-88.43079, 42.30698], [-88.4314, 42.30827], [-88.4324, 42.30827], [-88.43185, 42.30916], [-88.43334, 42.30914], [-88.4326, 42.31035], [-88.4341, 42.31288], [-88.43581, 42.31288], [-88.43584, 42.3138], [-88.43647, 42.31379], [-88.43635, 42.31585], [-88.43812, 42.31618], [-88.43813, 42.32003], [-88.44008, 42.32121], [-88.44123, 42.32058], [-88.4418, 42.32117], [-88.44571, 42.32074], [-88.44572, 42.32161], [-88.44677, 42.32161], [-88.44676, 42.32053], [-88.45041, 42.32037], [-88.45298, 42.32214], [-88.45193, 42.32089], [-88.45297, 42.32053], [-88.45296, 42.31979], [-88.45083, 42.31846], [-88.45117, 42.31775], [-88.44923, 42.31746], [-88.44943, 42.31641], [-88.44673, 42.31644], [-88.44675, 42.31891], [-88.44809, 42.31902], [-88.44653, 42.3193], [-88.44654, 42.32038], [-88.44324, 42.32034], [-88.44303, 42.31893], [-88.44122, 42.31751], [-88.44126, 42.31643], [-88.44554, 42.317], [-88.44687, 42.31537], [-88.44887, 42.31609], [-88.44951, 42.31567], [-88.44928, 42.31369], [-88.44816, 42.31434], [-88.44794, 42.31319], [-88.44727, 42.31327], [-88.44663, 42.31437], [-88.44481, 42.31373], [-88.44481, 42.31279], [-88.4399, 42.30898], [-88.43498, 42.30632], [-88.43703, 42.30566], [-88.43496, 42.30412], [-88.43638, 42.30321], [-88.43191, 42.30251], [-88.43065, 42.30332], [-88.4289, 42.3025], [-88.43099, 42.30033], [-88.43342, 42.30032], [-88.43342, 42.29969], [-88.43165, 42.29969], [-88.43173, 42.29873], [-88.43053, 42.29873], [-88.43158, 42.29791], [-88.43054, 42.29636], [-88.42881, 42.29575], [-88.42869, 42.29477], [-88.42504, 42.29454], [-88.42406, 42.29615], [-88.42657, 42.29833], [-88.42146, 42.29834], [-88.42143, 42.29584], [-88.42346, 42.29496], [-88.42243, 42.29422], [-88.42238, 42.29252], [-88.41767, 42.29033], [-88.4168, 42.29101], [-88.41365, 42.29113], [-88.41368, 42.2954], [-88.42767, 42.3028], [-88.42798, 42.30564], [-88.43158, 42.30565], [-88.43079, 42.30698]], [[-88.43823, 42.31278], [-88.44308, 42.31295], [-88.4431, 42.31555], [-88.43992, 42.31558], [-88.43992, 42.31377], [-88.43737, 42.31379], [-88.43738, 42.31287], [-88.43823, 42.31278]], [[-88.44618, 42.31493], [-88.44664, 42.31478], [-88.44664, 42.31502], [-88.44618, 42.31493]]]}}, {"type": "Feature", "properties": {"tif_name": "Bush School TIF", "municipality": "Johnsburg", "county": "McHenry", "year_created": 2019, "year_expiry": 2043, "ordinance": "19-20-24, 19-20-25, 19-20-26", "active": true, "source": "McHenry County", "source_url": "https://www.mchenrycountygis.org/arcgis/rest/services/TIF/TIF/MapServer/0"}, "geometry": {"type": "Polygon", "coordinates": [[[-88.24005, 42.3828], [-88.24008, 42.38042], [-88.2387, 42.38063], [-88.23866, 42.38281], [-88.24005, 42.3828]]]}}, {"type": "Feature", "properties": {"tif_name": "Crystal Lake Waters Edge TIF", "municipality": "City of Crystal Lake", "county": "McHenry", "year_created": 2022, "year_expiry": 2045, "ordinance": "7836, 7837, 7838", "active": true, "source": "McHenry County", "source_url": "https://www.mchenrycountygis.org/arcgis/rest/services/TIF/TIF/MapServer/0"}, "geometry": {"type": "Polygon", "coordinates": [[[-88.31283, 42.22472], [-88.31317, 42.22416], [-88.31213, 42.22416], [-88.31211, 42.22309], [-88.31443, 42.22261], [-88.30608, 42.22259], [-88.30614, 42.22635], [-88.30992, 42.22635], [-88.30995, 42.22492], [-88.31283, 42.22472]]]}}, {"type": "Feature", "properties": {"tif_name": "Central Cary TIF 3", "municipality": "Village of Cary", "county": "McHenry", "year_created": 2023, "year_expiry": 2046, "ordinance": "O23-08-05", "active": true, "source": "McHenry County", "source_url": "https://www.mchenrycountygis.org/arcgis/rest/services/TIF/TIF/MapServer/0"}, "geometry": {"type": "Polygon", "coordinates": [[[-88.24876, 42.2141], [-88.25032, 42.21587], [-88.25392, 42.21226], [-88.25304, 42.21179], [-88.25286, 42.21239], [-88.2495, 42.21258], [-88.24892, 42.20936], [-88.24486, 42.21007], [-88.24482, 42.20767], [-88.24336, 42.20772], [-88.24302, 42.20677], [-88.2406, 42.20702], [-88.24048, 42.20557], [-88.23937, 42.20561], [-88.24016, 42.20454], [-88.24018, 42.20218], [-88.23507, 42.20161], [-88.23434, 42.205], [-88.22553, 42.20113], [-88.22522, 42.20313], [-88.22383, 42.20429], [-88.22382, 42.20597], [-88.22762, 42.20598], [-88.22871, 42.20519], [-88.2287, 42.206], [-88.23055, 42.2052], [-88.23216, 42.2073], [-88.23132, 42.20786], [-88.23146, 42.20891], [-88.23627, 42.20925], [-88.237, 42.21072], [-88.23837, 42.21071], [-88.23843, 42.20968], [-88.24275, 42.21189], [-88.2428, 42.21378], [-88.24785, 42.21339], [-88.24876, 42.2141]], [[-88.23455, 42.20835], [-88.23485, 42.20599], [-88.23895, 42.20813], [-88.23455, 42.20835]], [[-88.24139, 42.20805], [-88.24164, 42.20824], [-88.2414, 42.20825], [-88.24139, 42.20805]]]}}, {"type": "Feature", "properties": {"tif_name": "McHenry TIF", "municipality": "City of McHenry", "county": "McHenry", "year_created": 2002, "year_expiry": 2037, "ordinance": "ORD-02-1068", "active": true, "source": "McHenry County", "source_url": "https://www.mchenrycountygis.org/arcgis/rest/services/TIF/TIF/MapServer/0"}, "geometry": {"type": "Polygon", "coordinates": [[[-88.2623, 42.34749], [-88.26321, 42.34635], [-88.2675, 42.34767], [-88.26769, 42.34619], [-88.27092, 42.34607], [-88.26999, 42.34531], [-88.27034, 42.34359], [-88.26746, 42.34289], [-88.26744, 42.34114], [-88.26455, 42.34058], [-88.26426, 42.34127], [-88.25708, 42.34113], [-88.26012, 42.3439], [-88.25937, 42.34658], [-88.2623, 42.34749]]]}}]}